Unnamed: 0,medio,fecha,titulo,nivel,estado,chars,segundos,url_final,error,texto
0,Mural,30/12/2025,Descuidan ciclovía de Avenida Patria,trafilatura,trafilatura,631,0.77,https://www.mural.com.mx/descuidan-ciclovia-de-avenida-patria/ar3128748?v=2,,"Descuidan ciclovía de Avenida Patria
02 MIN 00 SEG
Abraham Acosta
Guadalajara, México (30 diciembre 2025) .-05:00 hrs
Entre basura, hojas secas y piedras es como se encuentra la ciclovía de la Avenida Patria que conecta con la Central Nueva y la Avenida Río Nilo. Crédito: Abraham Acosta
Reportan vecinos que hay algunos puntos donde los bolardos están destruidos. Además, es invadida por vehículos. Crédito: Abraham Acosta
Entre basura, hojas secas y piedras es como se encuentra la ciclovía de la Avenida Patria que conecta con la Central Nueva y la Avenida Río Nilo, por lo que vecinos denuncian que se encuentra en el abandono."
3,El Occidental,28/12/2025,La VíaRecreativa de Tabachines es más segura para las niñas y los niños,trafilatura,trafilatura,405,0.46,https://oem.com.mx/eloccidental/local/la-viarecreativa-de-tabachines-es-mas-segura-para-las-ninas-y-los-ninos-27435236,,"Localdomingo, 28 de diciembre de 2025
Las familias salen a disfrutar el último domingo 2025 a una de las rutas más tranquilas de Zapopan
LOCAL
En el Segundo Informe de la presidenta de Tlaquepaque, Laura Imelda Pérez no se habló de los homicidios cometidos en lo que va del año
Le encontraron el dispositivo oculto entre sus prendas de vestir
Estiman que al centro de Guadalajara asistirán 92 mil personas"
4,Notigram,21/12/2025,Reconocen Copenhague y Unión Europea a Guadalajara como la ciudad mexicana más biciamigable de Latinoamérica,trafilatura,trafilatura,3412,0.53,https://notigram.com/jalisco-estado/local/reconocen-copenhague-y-union-europea-a-guadalajara-como-la-ciudad-mexicana-mas-biciamigable-de-latinoamerica-20251221-1617053,,"Guadalajara fue reconocida como la ciudad mexicana más biciamigable de Latinoamérica en la edición 2025 del Índice de Copenhague, uno de los rankings globales más relevantes en materia de planeación ciclista, impulsado por el Gobierno de Copenhague, la Unión Europea y el Instituto Europeo de Innovación y Tecnología (EIT Urban Mobility).
Este reconocimiento posiciona a la capital de Jalisco dentro del top cinco de ciudades más biciamigables de la región, siendo la única ciudad mexicana incluida en este grupo, junto con urbes de Brasil, Colombia y Argentina.
La distinción es resultado de una visión metropolitana sostenida, basada en instrumentos técnicos, coordinación intermunicipal y políticas públicas de largo plazo en materia de movilidad. La evaluación destaca el trabajo coordinado entre el Instituto de Planeación y Gestión del Desarrollo del Área Metropolitana de Guadalajara (Imeplan), los nueve municipios del Área Metropolitana de Guadalajara (AMG) y las instancias estatales responsables de la política de movilidad.
El Índice de Copenhague analiza el desempeño de las ciudades a partir de 13 indicadores, agrupados en tres pilares: infraestructura ciclista segura y conectada, uso y adopción social de la bicicleta, y apoyo político e institucional sostenido.
En este contexto, la existencia del Plan Integral de Movilidad Urbana Sustentable (PIMUS) y del Plan Maestro MiBici fue determinante para que Guadalajara obtuviera una evaluación positiva en aspectos relacionados con planeación, gobernanza, inversión continua y capacidad institucional.
El PIMUS, como instrumento rector de la movilidad metropolitana, establece una visión de largo plazo para el AMG y proyecta la ampliación de la infraestructura ciclista durante los próximos 15 años, con la meta de alcanzar 793 kilómetros de ciclovías metropolitanas, fortaleciendo la conectividad, la seguridad vial y el acceso equitativo a la movilidad no motorizada.
Por su parte, el Plan Maestro MiBici, desarrollado por el Imeplan con asistencia técnica de la Fundación Internacional y para Iberoamérica de Administración y Políticas Públicas (FIAP) y financiamiento de la Unión Europea, define una hoja de ruta para la evolución del sistema de bicicletas públicas. Entre sus ejes se encuentran la ampliación de la cobertura territorial, el inicio de la electrificación de la flota y la implementación del programa MiBici+, diseñado para llevar el sistema a zonas más alejadas del polígono central.
MiBici+ contempla un programa piloto con 34 bicicletas, algunas de ellas con la posibilidad de incorporar sillas porta infantes, ampliando el uso cotidiano de la bicicleta para traslados familiares, tareas de cuidado y recorridos de mayor distancia, bajo criterios de inclusión, equidad y perspectiva de género.
A la calificación positiva también se suma la operación del sistema MiBici Pública, que actualmente cuenta con más de 360 estaciones y cerca de 4 mil bicicletas en el Área Metropolitana de Guadalajara, así como la integración de datos, monitoreo, participación social y continuidad de las políticas públicas en movilidad ciclista.
El reconocimiento internacional refuerza la relevancia de contar con instituciones metropolitanas sólidas y políticas públicas que trascienden administraciones y límites municipales, posicionando al AMG como un referente regional en movilidad sostenible y planeación urbana centrada en las personas."
6,Notisistema,15/12/2025,Recuperación de bicicletas MiBici aumenta 73 por ciento en dos meses,trafilatura,trafilatura,545,0.32,https://www.notisistema.com/noticias/recuperacion-de-bicicletas-mibici-aumenta-73-en-dos-meses/,,"La Agencia Metropolitana de Infraestructura para la Movilidad informó que la recuperación de bicicletas robadas del sistema MiBici aumentó 73 por ciento durante octubre y noviembre, periodo en el que fueron aseguradas 109 unidades.
El organismo atribuyó el incremento a la coordinación con Policías Municipales, a la videovigilancia y la colaboración ciudadana.
El administrador Antonio Martín del Campo detalló que cada bici recuperada pasa por un proceso legal y revisión en taller para reemplazo de piezas antes de reincorporarse al servicio."
7,Animal politico,14/12/2025,"¿Qué tan ciclista es tu ciudad? Guadalajara, León y CDMX tienen el mayor kilometraje de ciclovías, aunque no todas son seguras",trafilatura,trafilatura,6511,1.01,https://grupoanimal.mx/estados/ciclovias-seguras-infraestructura-guadalajara-leon-cdmx,,"Redacción Animal Político · 14 de diciembre de 2025
El Monitor Ciclociudades, herramienta que analiza y mide el avance de la promoción del uso de la bicicleta en 26 ciudades de 8 países en América Latina, destacó el uso de este medio de transporte en países como México, Chile, Argentina y Colombia al cierre de 2025.
De acuerdo con el índice presentado por el Institute for Transportation and Development Policy (ITDP), las ciudades con más kilómetros totales de infraestructura ciclista fueron Santiago de Chile, Buenos Aires, Guadalajara, León y Ciudad de México.
Sin embargo, al evaluar el porcentaje de vías ciclistas que cumplen con criterios de diseño adecuados (según los usuarios, quienes evaluaron el ancho de vías y velocidad máxima permitida para garantizar la circulación segura), las ciudades mejor evaluadas fueron Cancún (88%), Monterrey (87%), Tulancingo (74%), Oaxaca (74%) y León (66%).
Acerca de la inversión en infraestructura ciclista per cápita, en la que se considera el presupuesto destinado a la ampliación o mantenimiento de la red, ya sea en confinadores, pavimentación o señalización, destacaron Ahome (124.16), Cartagena (30.88), Querétaro (30.35), Torreón (27.18) y León (18.67).
En comparación con el 2024, el ITDP encontró que hubo un 3.39% de crecimiento de la red vial ciclista, principalmente en San Pedro Garza (36.8%), Monterrey (25.7%), Querétaro (8.3%), Puebla (4.6%) y León (2.7%).
Los ciclistas encuestados por la organización respondieron que las urbes donde usan más días a la semana la bicicleta en promedio son León (5.62), Ciudad de México (5.03), Guadalajara (4.84), Bogotá (4.75) y Ciudad Juárez (4.72).
Entre las razones por las que las personas dijeron que empezaron a utilizar la bicicleta es porque es un medio de transporte más económico, destacando las ciudades de Guadalajara (57%), León (52%), Bogotá (48%), Zamora (44%) y Querétaro (42%).
Algunos mencionaron que utilizan bicicleta porque es más rápido y práctico, principalmente en la Ciudad de México (76%), Guadalajara (74%), Cali (71%), Querétaro (66%) y Bogotá (64%).
Lee: *4 cosas que faltan para que la Ciclovía Insurgentes* sea realmente segura para ciclistas
Otro motivo que mencionaron fue el que usan bici porque es más seguro, con mayor porcentaje en León (9%), Cali (7%), Tacna (6%), Ciudad de México (5%), Puebla (5%) y Bogotá (4%).
Como un incentivo al uso de este transporte, se contabilizaron las sesiones de biciescuelas realizadas durante el año de evaluación: la Ciudad de México encabezó la lista con 8 mil 502, seguida de Guadalajara con 106, Querétaro con 67, Zapopan con 66 y Oaxaca con 60.
Pese a este tipo de herramientas de educación, se documentó que Guadalajara fue la ciudad con más siniestros que involucran a ciclistas, con 62.09 por cada 100 mil habitantes. Le siguió Buenos Aires con 26.59, Ciudad de México con 23.05, San Pedro Garza con 21.97 y Mérida con 21.2.
Al presentar los resultados del Monitor Ciclociudades 2025, Jesús Sánchez Romero, director de Civita, explicó que en la década de los 90 hubo una serie de iniciativas incipientes en todo México, que por mucho tiempo consistió en la existencia de infraestructura ciclista, aunque ""no había elementos considerados en los manuales internacionales para guiar cómo debería de ser"".
""Se tenía la idea de que todo el tema de la bicicleta era hacer ciclovías y nada más, todas las metas que proponían los gobiernos en ese entonces era esa, y bajo esas primeras experiencias de diseño es que el ITDP dió asistencia técnica a la Ciudad de México, Guadalajara y Monterrey, pues veíamos necesario tener un manual que permitiera unificar criterios, tener un modelo de infraestructura y que eso nos permitiera cómo promover de mejor forma esta movilidad"", agregó.
Ahora, con la existencia de un manual y la evolución de la evaluación de las distintas ciudades en esta materia, el ITDP presentó un listado de espacios con prácticas destacables, con el que busca reconocer y visibilizar iniciativas existentes en América Latina y brindar una posible guía para que otras urbes puedan replicar estos ejemplos.
Lee más: Video: Policía de Puebla invade ciclovía elevada con su moto y retira mantas contra violencia vial
En infraestructura ciclista, las mejores prácticas se encontraron en la Ciudad Autónoma de Buenos Aires, Querétaro, Zapopan y la Ciudad de México.
Querétaro destacó por su crecimiento de 29.4 kilómetros de nuevos carriles ciclistas en 2024, los cuales incluyen espacios protegidos, no protegidos y compartidos. Además, se consideró la socialización que realiza cada proyecto, con sesiones en las que hay diálogo con la ciudadanía para identificar problemáticas y posibles soluciones.
Zapopan fue considerada gracias a sus 5 mil 232 estacionamientos para bicicletas en el espacio público, lo que busca atender la necesidad de ofrecer opciones seguras a medida que su red ciclista se ha extendido.
La Ciudad de México resaltó gracias al sistema de bicicletas compartidas Ecobici, que registró 22 millones de viajes realizados, con una duración promedio de 17 minutos cada uno.
Te podría interesar: ¡Saca tu bici! *El mapa ciclista CDMX* te dice todo lo que necesitas para pedalear
En cuanto a educación y promoción, las ciudades con buenas prácticas fueron Cartagena, Querétaro y Santiago de Chile. En el caso de la única urbe mexicana que calificó en este rubro, se consideró el que llevó a cabo 67 sesiones de biciescuelas dirigidas a infancias, además de que realizó rodadas para promover poco a poco la movilidad.
También se consideró como buena práctica el modelo de monitoreo y gobernanza, aspecto en el que se mencionó a la ciudad de Buenos Aires y Guadalajara. La capital de Jalisco y su área metropolitana fueron reconocidas por sus datos completos e interactivos de siniestralidad, que ha permitido utilizar la información para identificar puntos de alto riesgo para ciclistas.
El estudio concluyó que aunque existen avances considerables en el impulso a la bicicleta como medio de transporte, persisten brechas en cuanto a la infraestructura segura, accesible, directa y que conecte con otros sistemas.
A pesar de los retos, ciclistas encuestados mencionaron que han dejado o disminuido el uso del automóvil por este medio de transporte, sobre todo en León (72.8%), Ciudad Juárez (64%), Ciudad de México (61.5%), Ensenada (60%) y Pachuca (57.4%).
Actualmente, la mayoría de viajes en bicicleta se realizan por ocio, por trabajo, por entrenamiento, para regresar al hogar o para visitar a alguien."
9,Crónica Jalisco,09/12/2025,"Diputados piden reasignaciones para contratar médicos, apoyos al campo y ciclovías, en el gasto 2026",trafilatura,trafilatura,3399,1.06,https://www.cronica.com.mx/jalisco/guadalajara/2025/12/09/diputados-piden-reasignaciones-para-contratar-medicos-apoyos-al-campo-y-ciclovias-en-el-gasto-2026/,,"Para 2026, el gobierno de Jalisco pretende ejercer un gasto de 181 mil 548 millones de pesos, equivalente a un incremento de 4.06%, respecto del presupuesto de este año.
El secretario de Hacienda Pública, Luis García Sotelo, explicó cuáles son las prioridades y los proyectos para el año próximo, al participar en una mesa de trabajo con diputados de la Comisión de Hacienda. Dijo que seguridad, educación, salud, carreteras estatales y transporte público absorberán la mayor parte del gasto.
Los legisladores pidieron reasignaciones para participaciones a municipios, apoyos para productores del campo (maíz y lecheros), pensiones para personas con discapacidad y prevención para reducir casos de cáncer de mama.
García Sotelo dijo que existe un margen de alrededor de 600 millones de pesos que pueden reasignarse a los temas solicitados por los legisladores. Añadió que la movilidad y el transporte público son una de las prioridades.
""Habrá subsidio a usuarios del transporte público, nuevas unidades para el transporte público, 11 nuevos trenes para Línea 1 y Línea 2 del tren Ligero, 20 autobuses para Mi Macro Periférico, 41 autobuses eléctricos para la Línea 5, 102 autobuses para Mi Transporte Tren Ligero, 19 autobuses eléctricos para Puerto Vallarta. Es lo que tenemos proyectado tener en términos de transporte"", indicó.
La legisladora Tonantzin Cárdenas, lamentó que el programa de Seguridad Vial incluya una reducción, de 218 millones -que tiene este año- a solo seis millones de pesos, siendo que Jalisco es líder nacional en siniestros viales. Además, pidió más ciclovías al ampliarse el programa Mi Bici.
""Estoy hablando de la infraestructura ciclista o vías para movilidad no motorizada y ponía el ejemplo de esta compra que se hizo desde el gobierno del estado de 960 bicicletas eléctricas -que lo veo muy bien y lo voy a aplaudir siempre- pero me cuesta trabajo creer y entender que, si desde 2023 no se ha hecho un kilómetro mas de ciclovías, y le reducimos además a seguridad vial, con que seguridad van a transitar estas 960 bicicletas"", subrayó la legisladora.
El legislador de Hagamos, Tonatiuh Bravo Padilla, señaló que debe reducirse el aparato burocrático, específicamente las coordinaciones del gabinete estatal y pidió que se basifique a personal médico de los hospitales civiles.
""Le hago esta pregunta concreta ¿por qué el Hospital Civil de Guadalajara tiene el mismo presupuesto que el año pasado? y aquí lo que solicitaríamos es que hubiera un incremento a la partida número 1000 de servicios personales, por la cantidad de médicos que requiere su crecimiento y su gasto de operación"", indicó.
El secretario de Hacienda dijo que está de acuerdo en que se aplique un programa anual de austeridad para ahorrar recursos y destinarlos a proyectos específicos, pero defendió las coordinaciones del gabinete estatal.
""Yo creo que sería conveniente que además de aprobar el presupuesto, el propio presupuesto ordene un programa anual de austeridad, que se publique y que sea evaluado y que se le de seguimiento. Yo estoy de acuerdo"", dijo el funcionario, ante el tema que le planteó Bravo Padilla.
Los diputados del PRI, del PAN, de Morena y del PT, Cuquis Camarena, Julio Hurtado, Miguel de la Rosa y Sergio Martín, respectivamente, coincidieron en que se debe asignar mayor presupuesto al campo jalisciense, acorde a que Jalisco es el ""gigante agroalimentario de México""."
10,Crónica Jalisco,05/12/2025,Presenta Imeplan el Plan Maestro MiBici para ampliar cobertura y electrificar la flota,trafilatura,trafilatura,2861,0.92,https://www.cronica.com.mx/jalisco/guadalajara/2025/12/05/presenta-imeplan-el-plan-maestro-mibici-para-ampliar-cobertura-y-electrificar-la-flota/,,"El Instituto de Planeación y Gestión del Desarrollo (Imeplan) presentó el Plan Maestro MiBici, un documento integral que marca la nueva etapa del sistema de bicicletas públicas del Área Metropolitana de Guadalajara (AMG). La propuesta contempla duplicar la cobertura hacia 2030, electrificar la mitad de la flota y extender el servicio a municipios alejados del polígono central, con una visión proyectada hasta 2040.
El plan, elaborado con apoyo del programa Euroclima de la Unión Europea y la Fundación para la Internacionalización de las Administraciones Públicas (FIAP), reúne diagnósticos y estudios sobre demanda, valor de marca, análisis costo-beneficio y modelos financieros para garantizar la sostenibilidad del sistema. Patricia Martínez Barba, directora del Imeplan, destacó que el documento es una hoja de ruta basada en evidencia y aprendizajes acumulados en una década de operación.
Las propuestas principales incluyen alcanzar 215 kilómetros cuadrados de cobertura en 2040 y consolidar la expansión hacia colonias como San Andrés, Del Fresno, La Calma, Minerva, Providencia y Santa Margarita. Karina Hermosillo, representante del Gobierno de Jalisco, subrayó que el plan es un hito para la movilidad metropolitana y una apuesta por la justicia territorial.
En el mismo acto se presentó MiBici+, estrategia piloto que iniciará en Tlajomulco en 2026 con 34 bicicletas eléctricas, algunas equipadas con sillas porta-infantes y espacio para cargas. El programa permitirá rentas semanales y funcionará sin anclaje, mediante GPS y candados inteligentes. René Caro Gómez, coordinador de Gestión del Territorio y Obras Públicas de Tlajomulco, señaló que el proyecto atenderá necesidades de transporte escolar y familiar.
Antonio Martín del Campo, administrador de la Agencia de Infraestructura para la Movilidad (AMIM), aseguró que el objetivo es consolidar uno de los mejores sistemas de micromovilidad de Latinoamérica. El Plan Maestro MiBici, alineado con el Plan Integral de Movilidad Urbana Sustentable (PIMUS), se perfila como insumo clave para que las autoridades destinen recursos y fortalezcan la movilidad no motorizada en el AMG.
Con esta estrategia, Guadalajara busca posicionarse como referente regional en movilidad sustentable, integrando criterios de equidad de género y justicia territorial en la planeación. El Plan Maestro MiBici no solo plantea infraestructura, sino también un cambio cultural hacia el uso cotidiano de la bicicleta como medio de transporte seguro, eficiente y accesible.
Además, el documento abre la puerta a nuevas formas de financiamiento y cooperación internacional, lo que permitirá que el sistema evolucione con estabilidad y visión de largo plazo. La apuesta es que MiBici se convierta en un modelo replicable en otras ciudades mexicanas, consolidando al AMG como pionero en políticas de movilidad sustentable."
11,NTR Guadalajara,04/12/2025,Establecen ruta para MiBici con Plan Maestro,trafilatura,trafilatura,1940,0.41,https://www.ntrguadalajara.com/post.php?id_nota=237830,,"El Instituto de Planeación y Gestión del Desarrollo del Área Metropolitana de Guadalajara (Imeplan) presentó ayer el Plan Maestro MiBici, un instrumento técnico que establece la ruta de crecimiento y modernización del sistema de bicicleta pública hacia 2030 y 2040.
El documento es resultado de dos años de trabajo con financiamiento de la Unión Europea y la cooperación alemana. Entre los productos desarrollados se incluyen el Plan Maestro de Bicicleta Pública con perspectiva de género e inclusión, un estudio de demanda para la ampliación del sistema, un análisis de valor de marca, un estudio costo–beneficio y un modelo financiero que orientará futuras inversiones.
Estos insumos buscan garantizar que la expansión del sistema sea sostenible, eficiente y alineada con las necesidades reales de movilidad de la población.
Según el diagnóstico, la valoración ciudadana del sistema se mantiene alta: tras una encuesta aplicada, 90 por ciento dijo estar de acuerdo con que el gobierno invierta en el sistema de bicicleta pública, aun sin ser usuarias. Además, 90 por ciento se declaró satisfecha con el servicio y 85 por ciento respaldó a MiBici como un elemento positivo para la ciudad.
En cuanto a la expansión proyectada, el documento plantea duplicar la capacidad del sistema hacia 2030 e incorporar nuevas zonas como San Andrés, San Juan Bosco, Del Fresno, Plaza del Sol, La Calma, Providencia, Minerva, Puerta del Bosque y La Consti, entre otras. Para 2040 la propuesta contempla ampliar cobertura hacia áreas cercanas a Periférico y conectar con zonas como Bosque Los Colomos, Santa Cecilia, Rancho Nuevo y Parque Metropolitano.
A la par se anunció el piloto de MiBici+, que iniciará durante el primer cuatrimestre de 2026. Contempla más de 30 bicicletas que contarán con silla para infantes y algunas más diseñadas para carga. La prueba permitirá ajustar el modelo antes de escalarlo al resto de los municipios metropolitanos
jl/I"
13,El Informador,29/11/2025,Recuperan más bicicletas robadas,trafilatura,trafilatura,1686,0.74,https://www.informador.mx/jalisco/movilidad-recuperan-mas-bicicletas-robadas-20251129-0006.html,,"Recuperan más bicicletas robadas
En el último bimestre se localizaron 109 unidades: 65 en octubre y 44 en lo que va de noviembre
Personal de MiBici revisa y prepara para su reincorporación una de las bicicletas recuperadas durante los operativos recientes. EL INFORMADOR/ A. Navarro
La recuperación de bicicletas del sistema MiBici reportadas como robadas o desaparecidas aumentó 73% durante octubre y noviembre, informó la Agencia Metropolitana de Servicios de Infraestructura para la Movilidad. En ese periodo se localizaron 109 unidades: 65 en octubre y 44 en lo que va de noviembre. Todas se encuentran en proceso de reincorporarse al servicio, una vez que concluyan las revisiones mecánicas y los trámites administrativos correspondientes.
La Agencia explicó que este aumento responde a una coordinación más estrecha con el C5, corporaciones policíacas municipales y el operador del sistema, lo que ha permitido actuar con mayor rapidez ante los reportes ciudadanos.
Entre los casos más recientes destaca el del 20 de noviembre, cuando usuarios reportaron en redes sociales una bicicleta abandonada en el canal de avenida Patria; personal del sistema activó el protocolo de recuperación y envió la unidad a taller. Días después, el 25 de noviembre, otra bicicleta intervenida fue localizada en Zapopan con apoyo de la policía municipal.
El administrador general, Antonio Martín del Campo Sáenz, señaló que desde octubre reforzaron el monitoreo para detectar unidades faltantes y agilizar su regreso a operación.
CT
Recibe las últimas noticias en tu e-mail
Todo lo que necesitas saber para comenzar tu día
Registrarse implica aceptar los Términos y Condiciones"
15,Gaceta UDG,25/11/2025,Pedaleando ando: crónica de un trayecto hacia CUValles,trafilatura,trafilatura,5366,2.79,https://www.gaceta.udg.mx/pedaleando-ando-cronica-de-un-trayecto-en-bicicleta-hacia-cuvalles/,,"El recorrido de su casa hacia la universidad para JuanRo se convirtió en un ritual y la bici en una extensión de su cuerpo, un medio para explorar, conectar y vivir
- CORRESPONSAL GACETA UDEG
- Greta Ortiz
- noviembre 25, 2025
El día apenas comenzaba cuando nos encontramos en la banqueta fuera de mi casa. «JuanRo» se acomodaba su casco con calma, mientras su cuerpo, acostumbrado al movimiento constante, se preparaba para una rutina que hace a diario: recorrer en bicicleta 20 km (10 de ida y 10 vuelta) a la escuela. ""Lo importante es mantener un ritmo constante"", me dijo mientras bocanadas de aire denso salían de su boca por el frío. Lo acompañé, pedalada tras pedalada, mientras la ciudad, normalmente ruidosa, se sentía tranquila, como si esperara a que alguien marcara el ritmo para comenzar el día.
Juan Roberto Álvarez, amante del café y las artes marciales, estudia el séptimo de la Ingeniería en Instrumentación y Nanosensores en CUValles. Dueño de un gimnasio en Ameca e instructor de acondicionamiento físico, su viaje diario en bici hacia la universidad no nació únicamente por amor al ejercicio; comenzó en 2022, justo cuando las clases presenciales regresaron después de la pandemia. El encierro le dejó un cansancio acumulado en el cuerpo y en la mente, una necesidad urgente de recuperar libertad. Tomó su bici, ese corcel que había comprado para ayudar a un amigo, y pedaleó hacia el Centro Universitario de los Valles. Desde entonces no ha dejado de hacerlo.
Tenía coche, sí, pero pronto descubrió que gastaba mucha gasolina, que las filas, los semáforos y el tráfico lo retrasaban más que su propio pedaleo. ""Cuando me voy en carro llego más tarde que en bici"", me dice con la certeza de que ha hecho la comparación varias veces.
El inicio del recorrido fue amable, mientras avanzábamos hablaba con naturalidad sobre su rutina, los kilómetros que recorre a diario, la forma en que el movimiento lo conecta con la ciudad y con su propia disciplina. Cada palabra, cada pausa para respirar, parecía meditada y orquestada con el escenario donde nos detuvieramos.
Después de un buen tramo, abandonamos la ciudad y nos adentramos en caminos de cañeras. Cruzamos la carretera para entrar en rutas de tractores entre cañaverales; Ameca es tierra de caña y el paisaje lo recuerda a cada instante. Juan saludaba a los jornaleros que temprano iban a fumigar; todos ya lo conocían, y el saludo era mutuo y cálido. El camino seguía la dirección del río y un canal, y allí el sol se reflejaba con un brillo especial sobre el agua. El aire se sentía diferente, más fresco, más limpio, y el canto de los pájaros componían la banda sonora perfecta. Entre pedaleo y pedaleo, Juan compartía historias de su vida, anécdotas que iban desde sus primeras rutas en bicicleta hasta recuerdos de la infancia. La combinación de conversación y naturaleza hacía que el tiempo pareciera más lento, como si cada instante estuviera diseñado para disfrutarse.
Luego llegó la parte más intensa, el tramo en carretera. El acotamiento nos obligaba a pedalear con concentración, y la adrenalina se sentía en cada respiración. A la altura de El Quelite, unos perros comenzaron a corretearnos, Juan los saludó con una sonrisa, como si fueran conocidos de años, solo aumentó el ritmo para no perder el control. Cuando pasaban los tráiler, el aire impulsado por su velocidad nos llegaba con fuerza, recordándonos que esta disciplina exige atención y reflejos, donde cada segundo cuenta. A pesar del riesgo, Juan se veía como en casa, su confianza sobre la bicicleta era contagiosa, contrastaba con la intensidad del entorno.
Al llegar al centro, los guardias ya lo conocían. Aunque siempre saca su credencial, hay un guiño de familiaridad entre ellos. Estaciona la bicicleta, se quita el casco, se asea y entra al salón para tomar sus clases. Mientras lo observaba irse a su salón, comprendí que este recorrido no es solo ejercicio para él, es parte de su rutina.
El camino de regreso siguió la misma ruta, pero con un ritmo distinto ya que no se sentía la adrenalina ni la prisa de llegar temprano a clases, sino el alivio por llegar a casa y disfrutar del trayecto. El pedaleo se sentía más relajado, los cañaverales, el sol reflejándose en el canal, los queleles volando por encima de nosotros, que Juan no deja de admirar ya que son sus favoritos, eran elementos del paisaje que lo hacían ver vivo.
A lo largo de la mañana, acompañar a JuanRo Álvarez en bicicleta fue mucho más que seguir un recorrido: fue adentrarme en su forma de ver la vida. Cada saludo a los jornaleros, cada tramo por el cañaveral, cada encuentro con los perros y el aire que golpeaba al pasar un tráiler, todo formaba parte de un ritual. Incluso las clases se sintieron más llevaderas, me sentía más activa y con la mente despierta, el cerebro oxigenado. La bicicleta se convierte en una extensión de su cuerpo y de su personalidad, un medio para explorar, conectar y vivir.
Al final, mientras regresabamos a la ciudad, la ruta se volvió familiar. Cada árbol, cada reflejo en el canal, incluso cada pozo que parecía cráter de la luna contaba una historia, una anécdota. Y en medio de este recorrido cotidiano, quedó claro que la pasión de Juan por el movimiento, por la disciplina y por la vida misma se refleja en todo lo que hace, y que quien lo acompañe puede percibir.
MÁS NOTAS
				 Post Views: 1.538"
16,El Occidental,24/11/2025,Aprueban rehabilitar ciclovías de Vallarta,trafilatura,trafilatura,354,0.41,https://oem.com.mx/eloccidental/local/aprueban-rehabilitar-ciclovias-de-vallarta-26842721,,"Aprueban rehabilitar ciclovías de Vallarta
Será un beneficio directo para más de seis mil ciclistas para seguir con la movilidad sustentable en el municipio
Crys Benítez / Corresponsal
Locallunes, 24 de noviembre de 2025
LOCAL
Le encontraron el dispositivo oculto entre sus prendas de vestir
Estiman que al centro de Guadalajara asistirán 92 mil personas"
17,Crónica Jalisco,13/11/2025,Mujeres ciclistas sufren intimidación y agresiones de motociclistas,trafilatura,trafilatura,2433,0.9,https://www.cronica.com.mx/jalisco/guadalajara/2025/11/13/mujeres-ciclistas-sufren-intimidacion-y-agresiones-de-motociclistas/,,"En las calles de la ciudad, algunos motociclistas, automovilistas o peatones incurren en agresiones físicas, acoso sexual y hostigamiento en contra de ciclistas, sobre todo mujeres.
Por ello, la diputada de Futuro, Mariana Casillas Guerrero, presentó una iniciativa para atender y sancionar la intimidación vial en Guadalajara y Zapopan, acompañada por integrantes de la colectiva Rodando Seguras y con el respaldo de la diputada de Futuro, Tonantzin Cárdenas Méndez.
Mariana Casillas expuso el caso específico de un grupo de ciclistas que denunció las agresiones que han sufrido en semanas recientes.
""Hombres se estaban acercando a ellas, las tocaban sin consentimiento, las intimidaban, incluso, las seguían y las agredían físicamente. Los procesos de justicia han sido lentos, profundamente revictimizantes y esto ha dejando en claro algo que ya conocíamos, que el estado sigue sin tener políticas efectivas para proteger a las mujeres dentro del espacio público, pero el problema va más allá de los actos individuales de violencia que podamos sufrir las mujeres en la calle, tiene que ver en como se configura la ciudad"", explicó la legisladora.
Lo que permite este tipo de intimidación, tiene que ver con la falta de infraestructura adecuada, la ausencia de luminarias y la insuficiente vigilancia.
Angélica Rodríguez, integrante del colectivo Rodando Seguras, expuso las propuestas que buscan garantizar el derecho a moverse sin miedo.
Cristina, ciclista de la misma colectiva, presentó su testimonio tras sufrir agresiones: ""Es increíble la cantidad de hostigamiento que se sufre por parte sobre todo de hombres motociclistas que llegan hasta el contacto físico de dar una nalgada y que te avientan la moto. Los insultos con comentarios sexuales, humillantes, eso nos deja a nosotros indefensas, porque vamos en bicicleta y llega esa persona y te violenta y no puedes hacer básicamente nada, porque ellos hacen lo que les da la gana con una y se van"", expresó.
Ante estos hechos, la legisladora Mariana Casillas detalló que harán un acuerdo legislativo dirigido a los gobiernos de Guadalajara y de Zapopan, la Coordinación General Estratégica de Seguridad, la Secretaría de Transporte y la Fiscalía del Estado, para reforzar la vigilancia mediante patrullajes estratégicos.
Las ciclistas han hecho mapas colaborativos para identificar puntos de mayor riesgo y solicitaron que las cámaras del C5 vigilen también las ciclovías."
18,Meganoticias,07/11/2025,"Quieren en MIBici incorporar bicis y patines eléctricos, aun sin estar regulados",trafilatura,trafilatura,3367,0.36,https://www.meganoticias.mx/guadalajara/noticia/quieren-en-mibici-incorporar-bicis-y-patines-electricos-aun-sin-estar-regulados/679974,,"Movilidad
                                                                    
                                                Por:
                                                                    								Héctor Escamilla
                    							 
                    							
Guadalajara
Fecha: 07-11-2025
                                        Guadalajara
Fecha: 07-11-2025
A pesar que la regulación de vehículos eléctricos a nivel estatal está en la ""congeladora"" legislativa, mientras en las calles prolifera el uso de bicicletas y patines eléctricos, el sistema de transporte MiBici contempla ya incorporar este tipo de unidades a su catálogo, además de las bicicletas mecánicas.
En la propuesta de la Ley de Ingresos del Estado de Jalisco para 2026 contemplan un tabulador de precios para los viajes que se realicen a través de estos vehículos eléctricos.
Según el documento que se encuentra en estudio por los diputados locales, la suscripción anual del sistema tendrá un costo de 600 pesos, más un depósito de 2,500 pesos que se cobrará al usuario como garantía de pago en caso de daño.
La suscripción anual autoriza el uso de bicicletas mecánicas durante 30 minutos, con un cobro adicional de un peso por cada minuto excedido en su operación.
Sin embargo, por primera vez, el sistema incorporará el uso de bicicletas y patines eléctricos. Estos vehículos costarán 10 pesos por 10 minutos de viaje y dos pesos adicionales por cada minuto excedido en el tiempo.
Se exenta del cobro de la suscripción anual a la población inscrita en programas sociales; en tanto, los estudiantes mayores de 16 años y con credencial vigente podrán obtener un descuento del 50%. Las empresas, instituciones educativas, asociaciones civiles o grupos organizados de más de 50 personas podrán acceder a descuentos del 20% al 50%, previo convenio.
Además de la suscripción anual, las cuotas por uso diario será de 120 pesos por un día, 230 por tres días y 400 pesos por una semana.
Sin embargo, la incorporación de vehículos eléctricos se da en un contexto donde estas unidades carecen de regulación. Pese a tener motores y, en algunos casos, alcanzar velocidades superiores a los 25 kilómetros por hora, no existe una reglamentación que las controle y su operación se da en muchos casos de manera anárquica.
En 2024, Guadalajara fue el primer municipio en regular estas unidades, pero la complejidad de la norma municipal y la falta de personal para vigilar su cumplimiento hacen que su aplicación sea letra muerta. En mayo de 2025, las diputadas Mónica Magaña y Alejandra Giadans, del Congreso de Jalisco, presentaron una iniciativa para regular los vehículos eléctricos que circulen por arriba de los 25 kilómetros por hora, pero de momento la reforma permanece en la congeladora.
Expertos en la materia reconocen la necesidad de regular los diferentes aspectos de estos medios de transporte, pues no son motos, pero tampoco bicicletas y quedan en una laguna, no sólo para el uso de la infraestructura, sino incluso para la seguridad.
El sistema de MiBici nació en el año 2014 y después de alcanzar su pico máximo de suscripciones en 2019, con más de 27 mil suscriptores, también sufrió los efectos de la pandemia. Entre 2024 y 2025, el sistema mi bici reporta casi cuatro mil usuarios menos, por lo que se pretende reactivar con estos nuevos servicios, el uso del servicio."
19,Notisistema,04/11/2025,Suman 10 ciclistas muertos en percances viales en Jalisco durante 2025,trafilatura,trafilatura,1032,0.28,https://www.notisistema.com/noticias/suman-10-ciclistas-muertos-en-percances-viales-en-jalisco-durante-2025/,,"La cifra de ciclistas fallecidos en hechos de tránsito en Jalisco ascendió a 10 víctimas en lo que va de 2025, según datos del colectivo Bicicleta Blanca.
El caso más reciente ocurrió anoche sobre la avenida Washington, donde un hombre de aproximadamente 55 años murió al ser atropellado por un vehículo de carga pesada.
De acuerdo con el colectivo ciudadano, Zapopan encabeza la lista con cuatro muertes, seguido de Tlajomulco y Guadalajara con dos cada uno, mientras que Tonalá registra un caso. Además, tres de las víctimas eran adultos mayores.
El panorama resulta alarmante, ya que el estado está a solo seis muertes de igualar la cifra total de 2024, cuando se contabilizaron 16 ciclistas fallecidos. Desde 2019 a la fecha, 341 personas que se desplazaban en bicicleta han perdido la vida en hechos viales en la entidad.
El colectivo Bicicleta Blanca reiteró su llamado a las autoridades estatales y municipales para reforzar la infraestructura segura, señalización y campañas de respeto al ciclista. (Por Edgar Flores Maciel)"
20,El Occidental,01/11/2025,"Inicia oficialmente ""Bien de Noche"" Vía RecreActiva de sábados por la noche",trafilatura,trafilatura,342,0.33,https://oem.com.mx/eloccidental/local/inicia-oficialmente-bien-de-noche-via-recreactiva-de-sabados-por-la-noche-26599030,,"Localsábado, 1 de noviembre de 2025
Será el primer sábado de cada mes, tendrá un tema específico acorde a las festividades mensuales y se espera que cada vez acuda más gente para que se apropie de ese espacio
LOCAL
Le encontraron el dispositivo oculto entre sus prendas de vestir
Estiman que al centro de Guadalajara asistirán 92 mil personas"
21,El Informador,29/10/2025,"¿Cuándo será la Rodada ""Mi Bici del miedo y la tradición"" en Guadalajara?",trafilatura,trafilatura,2478,0.45,https://www.informador.mx/jalisco/Dia-de-Muertos-Cuando-sera-la-Rodada-Mi-Bici-del-miedo-y-la-tradicion-en-Guadalajara-20251029-0154.html,,"¿Cuándo será la Rodada ""Mi Bici del miedo y la tradición"" en Guadalajara?
Los asistentes podrán participar disfrazados y competir por premios especiales destinados a los atuendos más creativos
La Rodada del miedo y la tradición forma parte de las actividades culturales que buscan rescatar el espíritu del Día de Muertos. DALL-E/ X/@MiBiciPublica
Con motivo de celebrar el Día de Muertos, Guadalajara se prepara para un evento recreativo, deportivo con toques tradicionales y temáticos para conmemorar una fecha que es importante para todos los mexicanos.
A través de sus medios oficiales, el gobierno tapatío anunció que próximamente se llevará a cabo una rodada nocturna bajo el lema ""del miedo y la tradición""; el evento que está organizado por el programa Mi Bici, en coordinación con la Agencia de Infraestructura para la Movilidad, la Secretaría de Transporte y la Dirección de Juventudes de Jalisco, busca fomentar el uso de la bicicleta como medio de transporte sustentable mientras se celebra una de las festividades más emblemáticas de México.
-  PUEDES LEER: Este día inician las actividades gratuitas en el Panteón de Belén por el Día de Muertos
¿Cuándo será la Rodada ""Mi Bici del miedo y la tradición""?
La conmemoración del Día de Muertos sobre ruedas se llevará a cabo el próximo sábado 1 de noviembre de 2025, a partir de las 8:00 de la noche. El punto de partida será Los Arcos Vallarta, desde donde los ciclistas recorrerán diversas avenidas hasta llegar al Parque Rojo, en el corazón de la ciudad.
El evento está pensado como una convivencia familiar y comunitaria, en la que los asistentes podrán participar disfrazados y competir por premios especiales destinados a los atuendos más creativos. La invitación está abierta tanto a usuarios frecuentes del sistema Mi Bici como al público en general, con el objetivo de promover una movilidad divertida, segura y responsable.
La Rodada del miedo y la tradición forma parte de las actividades culturales que buscan rescatar el espíritu del Día de Muertos a través de expresiones urbanas contemporáneas. Con la participación de ciclistas caracterizados como catrinas, calaveras y personajes tradicionales, el recorrido se convierte en un desfile rodante que combina la memoria ancestral con la energía moderna de la ciudad.
YC
Recibe las últimas noticias en tu e-mail
Todo lo que necesitas saber para comenzar tu día
Registrarse implica aceptar los Términos y Condiciones"
22,Página 24 Jalisco,26/10/2025,Riesgo en la Ciclovía de la Calle 32,trafilatura,trafilatura,2184,0.78,https://pagina24jalisco.com.mx/2025/10/26/local/riesgo-en-la-ciclovia-de-la-calle-32/,,"Enorme Bache
""Son Cosas que Nada más Pasan en Guadalajara, y eso que se Supone que les Interesan Mucho la Ciclovías""
Por Rafael Hernández Guízar
Pésimas condiciones reportan de la ciclovía que se ubica sobre la Calle 32, al Oriente de Guadalajara.
Concretamente entre las calles Román morales y Francisco de Icaza, un enorme bache apareció en plena ciclovía, algo que causa muchos problemas por el riesgo que supone para los ciclistas que transitan por este lugar, quienes pueden caer y causarse algún tipo de lesión.
Se trata de un agujero de aproximadamente 50 centímetros de largo por un ancho de prácticamente todo el carril confinado para la bicicleta.
Ciclistas que a diario utilizan esta vía hicieron un llamado urgente a las autoridades para que tomen parte en el asunto, ya que hay quienes han sufrido ya accidentes por caer en este agujero.
""A poco no es el colmo, baches hasta en una ciclovía, son cosas que nada más pasan en Guadalajara, y eso que se supone que les interesan mucho la ciclovías y que invierten un montón de dinero, pues no vemos dónde está todo ese dinero"", criticó Rogelio Ulloa, un ciclista entrevistado por este reportero.
Desde hace varias semanas, el bache empezó a formarse, y aunque vecinos de la zona trataron de evitar que el mismo fuese más grande, luego de haber rellenado el mismo con escombros y ladrillos, no hay respuesta por parte del ayuntamiento tapatío.
""Ahora sí que le hacemos un llamado a nuestra presidenta municipal para que por favor venga y revisen esta situación, no sé, le gusta mucho hacer videos, sería bueno que vinieran hicieran un video de esto que ya hay varios en redes sociales que muestran el problemón que tenemos aquí porque quien viene por la ciclovía, si no se fija, se va con todo y bicicleta y está bien peligroso porque si no te fijas terminas partiéndote todo el queso"", agregó el molesto ciudadano.
El reclamo de los ciclistas y los vecinos es porque esta ciclovía, que se ubica al oriente de la ciudad, es poco atendida por parte de las autoridades.
Desde su instalación no ha recibido mantenimiento alguno, algo que ha ocasionado que dicha vía ciclista se encuentre no en malas sino, en pésimas condiciones."
23,Mural,03/10/2025,Lo detienen por robar unidad de Mi Bici en Tlaquepaque,trafilatura,trafilatura,316,0.78,https://www.mural.com.mx/lo-detienen-por-robar-unidad-de-mi-bici-en-tlaquepaque/ar3083112,,"JUSTICIA
01 MIN 00 SEG
Tania Casillas
Guadalajara, México (03 octubre 2025) .-11:21 hrs
El detenido dijo que la había comprado. Crédito: Cortesía.
Un hombre que viajaba en una bicicleta pública del programa Mi Bici en una zona donde no hay estaciones, fue detenido por robo en la Colonia Ojo de Agua, de Tlaquepaque."
25,El Occidental,23/09/2025,Vía recreativa nocturna para el Oriente de Guadalajara tendrá que esperar,trafilatura,trafilatura,306,0.31,https://oem.com.mx/eloccidental/local/via-recreativa-nocturna-para-el-oriente-de-guadalajara-tendra-que-esperar-25917390,,"Localmartes, 23 de septiembre de 2025
La organización del evento nocturno requiere de una logística cuidadosa, incluyendo la coordinación de voluntarios y personal de apoyo
LOCAL
Le encontraron el dispositivo oculto entre sus prendas de vestir
Estiman que al centro de Guadalajara asistirán 92 mil personas"
26,NTR Guadalajara,23/09/2025,Guadalajara tendrá vía recreativa nocturna a partir del 1 de noviembre,trafilatura,trafilatura,1034,0.36,https://www.ntrguadalajara.com/post.php?id_nota=234722,,"A partir del 1° de noviembre, Guadalajara estrenará su vía recreativa nocturna, que se realizará sobre avenida Javier Mina-Vallarta, desde la calle Maestranza hasta los Arcos de Guadalajara.
La presidenta municipal, Verónica Delgadillo, adelantó que los paseos podrían tener temáticas especiales para hacer más atractiva la actividad.
""Queremos que sean temáticas y, como vamos a arrancar en el Día de Muertos, vamos a hacer una invitación bonita por esa fecha. La idea es que ya arranque, que vayamos evaluando cómo la vamos consolidando, porque sí requiere de la participación de todas y todos"", señaló la alcaldesa.
Delgadillo reconoció que todavía se deben definir aspectos clave como transporte público, seguridad y la participación de voluntarios y personal del Ayuntamiento para operar durante el horario nocturno.
La vía recreativa diurna cuenta con 21 años de tradición, y la intención es replicar esa experiencia en un horario vespertino y nocturno, fomentando la corresponsabilidad ciudadana para su buen funcionamiento.
GR"
27,Heraldo,23/09/2025,La Vía RecreActiva nocturna será permanente en Guadalajara: ¿qué vehículos estarán prohibidos?,trafilatura,trafilatura,1766,0.32,https://heraldodemexico.com.mx/nacional/2025/9/23/la-via-recreactiva-nocturna-sera-permanente-en-guadalajara-que-vehiculos-estaran-prohibidos-732120.html,,"La Vía RecreActiva de Guadalajara comenzará a tener una emisión nocturna. Será el primer sábado de cada mes cuando se convoque a las personas que deseen formar parte de este recorrido a pie, en bicicleta, patines y patinetas.
De acuerdo con el gobierno de la ciudad, estas rutas comenzarán a ser efectivas a partir de noviembre. Será bienvenida cualquier persona que desee formar parte de estos trayectos, por lo que no hay ningún costo.
Esta decisión se toma después de que la primera edición de esta iniciativa llegara a unir a 90 mil personas que circularon por las calles de Guadalajara.
La Vía Recreactiva cumplió 21 años en Guadalajara
El pasado fin de semana la Vía RecreActiva cumplió 21 años de llevarse a cabo en la ciudad. En ella disfrutaron miles de personas que ocuparon el espacio que normalmente ocupan los autos y los vehículos automotores.
""Mantente al pendiente de nuestras redes para que no te pierdas la próxima edición. ¡Nos vemos bajo las estrellas!"", escribió el gobierno local.
Qué vehículos están prohibidos en la Vía Recreativa
La Vía RecreActiva tuvo uno de sus mayores cambios hace unos meses, ya que dejó de permitir el paso de los vehículos de asistencia eléctrica que son considerados como automotores. Dentro de estos se encuentran los siguientes:
- Scooters.
- Bicimotos.
- Motonetas.
- Patines eléctricos.
- Bicicletas eléctricas.
Para que estas unidades puedan ser parte de este tipo de actos, su motor debe alcanzar una velocidad máxima de 25 km/ h. Esto no significa que la Vía RecreActiva o las ciclovías (espacios donde no son permitidas estas unidades) cuentan con un límite de velocidad, sino que la prohibición es a estas herramientas de movilidad que pueden superar sin ayuda estas aceleraciones."
28,El Occidental,21/09/2025,Vía Recreativa Nocturna en Guadalajara a partir de noviembre,trafilatura,trafilatura,687,0.37,https://oem.com.mx/eloccidental/local/viarecreativa-nocturna-en-guadalajara-a-partir-de-noviembre-25888658,,"El ejercicio se realizará el viernes 18 de septiembre en toda la Red Universitaria; simulará un sismo de magnitud 7.7 con epicentro en Tehuacán, Puebla
El titular del SIAPA, Ismael Jáuregui reconoció la importancia del sector hotelero para la economía del estado al realizar inversiones y crear fuentes de empleo
El presidente de la AMHM, detalló que ellos tiene que pagar los servicios con tarifas comerciales y los inmuebles colocados en las plataformas tienen tarifas domésticas que son mucho más baratas
La víctima fue una mujer de 66 años, residente de Cocula; durante la última semana se sumaron 10 casos, por lo que Jalisco alcanzó un acumulado de 163 personas enfermas de dengue."
29,El Informador,19/09/2025,Vía RecreActiva: TODAS las actividades que habrá el domingo por su aniversario,trafilatura,trafilatura,3966,0.56,https://www.informador.mx/jalisco/Via-ReceActiva-Estas-son-TODAS-las-actividades-que-habra-el-domingo-por-su-aniversario-20250919-0108.html,,"Vía RecreActiva: TODAS las actividades que habrá el domingo por su aniversario
Las autoridades gubernamentales prepararon una agenda de actividades para que los residentes de la metrópoli puedan disfrutar de los 21 años de la Vía
Con estas actividades, la Comisión Municipal del Deporte (Comude) invita a la ciudadanía a unirse a la celebración. ESPECIAL/Gobierno de Guadalajara
La Vía RecreActiva de Guadalajara, el proyecto social que desde hace años transforma las principales calles de la ciudad en espacios de familiares de recreación y deporte, cumplirá 21 años de trayectoria. En este escenario, las autoridades gubernamentales prepararon una agenda de actividades para que chicos y grandes puedan disfrutar.
Te puede interesar: Cierres viales que habrá el sábado por la Vía RecreActiva nocturna
Agenda por el 21 aniversario de la Vía RecreActiva
Parque San Jacinto / Av. San Jacinto S/N Col. San Andrés
- Exhibición de Lucha Libre 11:00 a 12:30 hrs.
- Ping Pong suelo y dodge ball (quemados) 09:00 a 13:00 hrs.
- Punto de recreación 09:00 a 13:00 hrs.
- Colonia Activa 10:00 a 13:00 hrs.
- Pabellón mundial - Actividades futboleras 09:00 a 12:30 hrs.
- Clase de Yoga InMujeres 08:00 a 09:00 hrs.
Escenario / Parque San Jacinto Col. San Andrés
- Cumbia con la banda The Tropikal Yeah 10:00 a 12:00 hrs.
- Música Norteña con Antonio Oroz 12:00 a 13:00 hrs.
- Actívate Libre 10:00 a 11:00 hrs.
- Clase de Jumping 09:00 a 10:00 hrs.
Jardín del Carmen
- Veterinario por un día 11:00 a 13:00 hrs
Av. Chapultepec, esquina con Libertad
- Taller y enseñanza de patinaje 09:00 a 13:00 hrs.
- Roda brasileña 10:00 a 13:00 hrs.
- Baile social swing 12:00 a 13:30 hrs.
Av. Chapultepec, esquina con avenida Vallarta
- Clase de Entrenamiento Funcional 08:00 a 9:30 hrs.
- Punto de recreación 09:00 a 13:00 hrs.
- Talleres ambientales 09:00 a 13:00 hrs.
- Activación de DECATHLON 09:00 a 13:00 hrs.
Mira esto: Vía RecreActiva nocturna: Fecha, horario y TODO lo que debes saber para asistir
Explanada 18 de Marzo / Av. Javier Mina, esq. Sebastián Allende
- Punto de recreación, charlas y talleres ambientales 09:00 a 13:30 hrs.
- Feria deportiva inflable 10:00 a 12:00 hrs.
Boulevar / Vocacional
- Punto de recreación 09:00 a 13:00 hrs.
Parque Niño Artillero
- ""Punto de recreación 09:00 a 13:00 hrs.
Clemente Orozco / Av. Vallarta 3120, Col. Vallarta
- Clases de percusiones 10:00 a 12:00 hrs.
- Enseñanza de tejido 09:00 a 13:30 hrs.
- Activación de DECATHLON 09:00 a 13:00 hrs.
Ramba Cataluña / Av. Vallarta, andador Escorza
- Clase de ritmos latinos 10:00 a 12:00 hrs.
- Taller de hula hooping 09:00 a 13:30 hrs.
- Punto de recreación 09:00 a 13:00 hrs.
- A Dar el Rol 09:00 a 13:00 hrs.
No te pierdas: Pensión Bienestar: ¿Qué letras faltan por recibir su pago en septiembre?
Paseo Alcalde / Paseo Alcalde esq. Av. Juárez
- ""Fut tenis 09:00 a 13:30 hrs.
- Inflables interactivos 09:00 a 13:30 hrs.
- Tiro con arco 09:00 a 13:30 hrs.
- Basquetbol, voleibol y más 09:00 a 13:30 hrs.
Parque La Aurora
- Punto de recreación 09:00 a 13:00 hrs.
Plaza Universidad / Zona Centro
- Promoción del municipio de Tlajomulco 09:00 a 13:30 hrs.
Con estas actividades, la Comisión Municipal del Deporte (Comude) invita a la ciudadanía a unirse a esta celebración, ya sea con el uso de bicicletas, patines, o incluso caminando en compañía de sus mascotas.
De acuerdo con David Prado, director del Comude Guadalajara, la celebración principal por el aniversario de la Vía RecreActiva será en el Parque San Jacinto.
Cabe recordar que el horario de la vía es de 8:00 a 14:00 horas y no se permite el acceso con vehículos eléctricos.
Lee también: Liverpool: ¿Cuánto falta para la siguiente Venta Nocturna del 2025?
* * * Mantente al día con las noticias, únete a nuestro canal de WhatsApp * * *
MB
Recibe las últimas noticias en tu e-mail
Todo lo que necesitas saber para comenzar tu día
Registrarse implica aceptar los Términos y Condiciones"
30,El Informador,18/09/2025,Cierres viales que habrá el sábado por la Vía RecreActiva nocturna,trafilatura,trafilatura,2593,0.56,https://www.informador.mx/jalisco/Estos-son-los-cierres-viales-que-habra-el-sabado-por-la-Via-RecreActiva-nocturna-20250918-0138.html,,"Cierres viales que habrá el sábado por la Vía RecreActiva nocturna
La ruta de la primera jornada de la Vía RecreActiva nocturna abarcará 3 kilómetros de una de las principales vialidades de la ciudad
El sábado, agentes de Movilidad prestarán sus servicios para auxiliar a los automovilistas en las vías alternas. ESPECIAL/Vía RecreActiva
Este sábado 20 de septiembre se llevará a cabo en el municipio de Guadalajara la primera jornada nocturna de la Vía RecreActiva, un evento similar a las rodadas dominicanas habituales, pero ahora bajo las estrellas.
En este escenario, las autoridades del municipio anunciaron que se realizarán algunos cierres viales, con el objetivo de que algunas de las principales avenidas de la ciudad se conviertan en espacios de recreación y deporte.
Aquí te decimos cuáles son las calles que estarán cerradas y cuáles son las rutas alternas.
Revisa: Vía RecreActiva nocturna: Fecha, horario y TODO lo que debes saber para asistir
Cierres viales por Vía RecreActiva Nocturna
La primera jornada de la Vía RecreActiva nocturna se llevará a cabo de las 19:00 a las 23:00 horas de este sábado. La ruta abarcará 3 kilómetros de la avenida Juárez-Ignacio L. Vallarta, por lo que esta vialidad estará cerrada desde la avenida Federalismo (Parque Revolución) hasta los Arcos.
De este modo, se recomienda a los automovilistas optar por rutas alternas, por ejemplo, la Calzada del Federalismo, avenida La Paz, avenida Niños Héroes, Hidalgo y Chapultepec.
Mira esto: Siteur alerta sobre falsa promoción de tarjeta con viajes ilimitados
La Vía RecreActiva nocturna forma parte de la agenda de actividades que la Comisión Municipal del Deporte (Comude) ha preparado para celebrar el aniversario de este programa que desde hace más de 20 años transforma las calles principales de la ciudad en espacios públicos para la recreación y el deporte.
""La vía nocturna tiene la misma característica que la Vía Recreativa dominical, es para que podamos salir a caminar, a trotar, a correr, a andar en bicicleta, en patines, con la familia, con mascotas"", indicó David Prado, director del Comude Guadalajara.
De acuerdo con el funcionario municipal, el sábado agentes de Movilidad prestarán sus servicios para auxiliar a los automovilistas en las vías alternas.
Lee también: Brota nuevo socavón en la ZMG, ahora en Adolf Horn
* * * Mantente al día con las noticias, únete a nuestro canal de WhatsApp * * *
MB
Recibe las últimas noticias en tu e-mail
Todo lo que necesitas saber para comenzar tu día
Registrarse implica aceptar los Términos y Condiciones"
31,Publimetro,17/09/2025,"Semana de la Movilidad: Anuncian tres estaciones nuevas de ""Mi Bici"" y un día sin coches en Chapultepec",trafilatura,trafilatura,2138,1.37,https://www.publimetro.com.mx/jalisco/2025/09/17/semana-de-la-movilidad-anuncian-tres-estaciones-nuevas-de-mi-bici-y-un-dia-sin-coches-en-chapultepec/,,"El Gobierno de Jalisco anunció la instalación de tres nuevas estaciones de ""Mi Bici"" en Zapopan, además de la reubicación de otra en el sur de la ciudad, como parte de la estrategia para incentivar la movilidad no motorizada en la Área Metropolitana de Guadalajara (AMG).
Con estas acciones, el sistema alcanzará un total de 53 bici puertos y sumará 22 bicicletas nuevas para mejorar el servicio.
Nuevas estaciones cerca de Plaza del Sol
La coordinadora general de Gestión del Territorio, Karina Hermosillo, informó que dos de las estaciones estarán ubicadas en el cruce de avenida Nezahualcóyotl y avenida Moctezuma, así como en avenida Coyoacán y calle Chimalpopoca, puntos con alta demanda de usuarios alrededor de Plaza del Sol.
La tercera estación será reubicada en las calles de Anáhuac y Ahuizotl para ampliar la cobertura en el sur de la ciudad.
Semana de la Movilidad: ""Movilidad para todos""
Estas acciones se enmarcan dentro de la Semana de la Movilidad 2025, que se llevará a cabo del 22 al 28 de septiembre bajo el lema Movilidad para todos.
Durante estos días, habrá actividades pedagógicas, culturales y lúdicas que buscan promover un modelo de transporte más seguro, incluyente y sustentable, además de generar conciencia sobre el rescate del espacio público.
Día Mundial sin Auto: Chapultepec sin coches
El próximo lunes 22 de septiembre, en el marco del Día Mundial sin Auto, la avenida Chapultepec será cerrada al tránsito vehicular entre las calles Morelos e Hidalgo, de las 16:00 a las 22:00 horas.
En este tramo se instalará una bici escuela, además de talleres, encuentros ciudadanos y hasta clases de salsa, con el objetivo de recordar que las calles pertenecen principalmente a las personas y no solo a los automóviles.
Las autoridades estatales aseguraron que con estas iniciativas buscan garantizar traslados más seguros y dignos para toda la población, al mismo tiempo que promueve alternativas de transporte activo como la bicicleta, reforzando la cultura vial y la prevención de accidentes.
No olvides seguirnos a través de nuestro canal de WhatsApp para recibir la actualización de nuestras últimas noticias."
32,Lider 919,01/09/2025,"Con todo y Romería, el domingo 12 de octubre habrá Vía Recreactiva",trafilatura,trafilatura,1094,0.48,https://lider919.com/con-todo-y-romeria-el-domingo-12-de-octubre-habra-via-recreactiva/,,"Guadalajara, Jalisco, 19-Marzo-2018.- Hoy día de asueto miles de tapatíos salieron a disfrutar de la Vía Recreativa de Guadalajara, una costumbre ya cada día feriado.
FOTO: FERNANDO CARRANZA GARCIA / MILENIO DIARIO.
Por Haremy Reyes
Asegura la presidenta municipal de Guadalajara, Verónica Delgadillo García, que el gobierno tapatío tiene listo su operativo para la Romería 2025 que conservará su trayecto tradicional, dijo que esperan una mayor presencia de feligreses al ser domingo y que sí habrá Vía Recreactiva, aunque empezará dos horas más tarde.
""Es domingo, que además eso implica que la Vía Recreactiva se va a retrasar en su apertura un par de horas. Nosotros sí tenemos habilitada la Vía Recreactiva, Zapopan no la va a habilitar porque allá termina el recorrido de la Romería y tiene otras implicaciones. Nosotros vamos a habilitar la Vía Recreactiva más o menos a las 10 de la mañana. Hay que recordar que empezamos a caminar a las seis o se empieza a caminar a las seis y nosotros calculamos que a las 10 ya podemos estar en condiciones para recibir a todas y a todos en la vía""."
33,El Occidental,31/08/2025,La ViaRecreativa con más de 66 km es una ruta segura para el deporte y la recreación,trafilatura,trafilatura,309,0.36,https://oem.com.mx/eloccidental/local/la-viarecreativa-con-mas-de-66-km-es-una-ruta-segura-para-el-deporte-y-la-recreacion-25508897,,"Localdomingo, 31 de agosto de 2025
Familias acuden al trayecto recreativo previo al regreso de clases, mientras que atletas se preparan para sus próximas carreras
Isaura López
LOCAL
Le encontraron el dispositivo oculto entre sus prendas de vestir
Estiman que al centro de Guadalajara asistirán 92 mil personas"
34,Mural,25/08/2025,Invaden vehículos la Vía RecreActiva en Zapopan,trafilatura,trafilatura,500,0.79,https://www.mural.com.mx/invaden-vehiculos-la-via-recreactiva-en-zapopan/ar3061086,,"Invaden vehículos la Vía RecreActiva en Zapopan
02 MIN 30 SEG
Abraham Acosta
Guadalajara, México (25 agosto 2025) .-05:00 hrs
La invasión del espacio de la Vía RecreActiva por vehículos motorizados es algo común sobre la Avenida Tepeyac, en Zapopan. Crédito: Abraham Acosta
La invasión del espacio de la Vía RecreActiva por vehículos motorizados es algo común sobre la Avenida Tepeyac, en Zapopan, ya que automovilistas y motociclistas suelen ignorar la señalética correspondiente al paseo dominical."
35,Quadratin,20/08/2025,Registra Mi Bici más de 12 mil viajes por día en lo que va de 2025,trafilatura,trafilatura,2820,0.36,https://jalisco.quadratin.com.mx/sucesos/registra-mi-bici-mas-de-12-mil-viajes-por-dia-en-lo-que-va-de-2025/,,"Renovará Guadalajara espacios comunitarios de colonia Postes Cuates
                
                
Guadalajara, Jal. a 02 de septiembre de 2026            
        
              20 de agosto de 2025                  
            
 , 
             
              17:24 
            
          
            
            Diana Beas/Quadratín Jalisco             
          
        GUADALAJARA, Jal., 20 de agosto de 2025.- En una Zona Metropolitana (ZMG) donde el caos vial es todos los días y donde dejaron de existir las ""horas pico"", porque en todo momento hay tráfico, el uso de Mi Bici es más frecuente.
De acuerdo con datos del Instituto de Información Estadística y Geografía (IIEG) de Jalisco, por día, enero a junio de 2025 se realizaron en promedio 12 mil 576 viajes, para un total acumulado de dos millones 275 mil 288.
En el reporte se muestra que el martes 21 de enero el día con el mayor número de traslados con 16,796; en contra parte el 1 de enero es el que menor registro se tiene de uso con 2,782.
Este medio de transporte se ha incrementado por la facilidad de trayecto y uso; en las gráficas se muestra que las personas en edad productiva, de entre 25 y 34 años, son quienes más las utilizan, seguido de jóvenes de entre 16 y 24 años que realizaron el 11.7 por cierto y los grupos de personas de 35 a 44 años concentraron el 17.8 por ciento.
Son los hombres los que registran mayores viajes acaparando un millón 340 mil 844, lo que representa el 58.9 por ciento; mientras que 513,311 fueron realizados por mujeres (22.6 por ciento). Los 16 mil 197 restantes no se tiene identificado el género del usuario.
En el registro de usos por día martes, miércoles y jueves son los favoritos. Los traslados, en promedio, se distribuyeron de la siguiente manera: 13 mil 539 viajes en lunes; 14 mil 691 en martes, 14 mil 317 en miércoles; 13 mil 910 en jueves; 13 mil 441 en viernes; 9 mil 516 en sábado y 8 mil 699 en domingo.
El promedio de duración en los viajes es de 11 minutos y 7 segundos, aunque la mitad de los viajes se realizan en menos de 9 minutos y 43 segundos.
Son solo 1.5 por ciento quienes concluyeron en más de treinta minutos su trayecto, superando el límite establecido para no generar recargos.
Sin embargo, este tiempo se puede extender por 10 minutos si al llegar a una estación no hay puertos disponibles para anclar la bicicleta y el usuario debe trasladarse a otra estación.
Por último, el estudio revela que más estaciones del Centro de Guadalajara son las más usadas siendo el puerto de López Cotilla al cruce con Marcos Castellanos, de donde partieron más personas con 44 mil 101 viajes.
Dictan prisión preventiva a Julio César Chávez Jr.
              
                                  
                
                 Tormenta afecta 15 colonias de Guadalajara y 51 viviendas"
36,Publimetro,19/08/2025,Guadalajara: Estos son los avances y retos en la implementación de ciclovías hasta este 2025,trafilatura,trafilatura,3028,1.06,https://www.publimetro.com.mx/jalisco/2025/08/19/guadalajara-estos-son-los-avances-y-retos-en-la-implementacion-de-ciclovias-hasta-este-2025/,,"Las ciclovías en el Área Metropolitana de Guadalajara (AMG) se han convertido en una de las opciones favoritas de los ciudadanos gracias a la practicidad y promoción de la conciencia ambiental que estas generan con el uso de bicicletas y otros medios de transporte como patines y patinetas, ¿pero cuáles son los avances y retos reales a los que aún se enfrentan las metrópolis jaliscienses este 2025 con la implementación de estos espacios?
De acuerdo con un reporte de MIDE Jalisco compartido en 2024, la AMG cerró el año con más de 425 km de ciclovías, lo cual representó un crecimiento notable frente a los 178 km que existían en 2019. Sin embargo, gran parte de estas rutas siguen aisladas, con tramos cortos que no forman un circuito seguro ni práctico para quienes usan la bicicleta como transporte diario, como es el caso de la colocada alrededor del Parque Luis Quintanar (también conocido como ""Solidaridad"") en Tetlán o la que se encuentra sobre avenida Gigantes en la colonia San Andrés, mismas que, al no tener una continuidad segura y son constantemente invadidas.
Ciclovías mal implementadas aumentan el riesgo de accidentes
El aumento en kilómetros no siempre se traduce en seguridad. Hay ciclovías que se cruzan con paradas de autobuses, otras invadidas por autos estacionados y zonas con escasa señalización (como las ya referidas), lo que aumenta el riesgo de accidentes.
A esto se suma la presencia de patines eléctricos que circulan en ciclovías a más de 25 km por hora, situación que ha generado exigencias de regulación por parte de los usuarios, de los cuales se tienen noticias de reportes desde 2024.
¿Cuál es el uso real de las bicicletas en la AMG?
Aunque la red de las ciclovías continúa creciendo, solo el 1.9 % de los viajes diarios en Guadalajara se realizan en bicicleta, de un total de 2.5 millones, esto de acuerdo con datos revelados en la última Encuesta Origen Destino. La principal causa, resalta, es la inseguridad vial y falta de cultura de respeto entre conductores y ciclistas.
No obstante, de acuerdo con Plan Integral de Movilidad Urbana Sustentable (PIMUS), presentado apenas el pasado mes de junio de 2025 por el Imeplan, se plantea que en los próximos 15 años la red ciclista llegue a 793 km, con la construcción de 446 km adicionales en cinco etapas. La meta es conectar ciclovías con estaciones de transporte público y grandes avenidas para que dejen de ser sólo ""islas"" y funcionen como un verdadero sistema metropolitano.
Aunque la AMG continúa avanzando con la implementación de estrategias e infraestructura para la creación de ciclovías, lo cierto es que todavía está lejos de ser una ciudad ciclista por completo, siendo los puntos claves atender con urgencia para lograrlo el conectar, regular y proteger a los ciclistas para que las bicicletas dejen de ser una alternativa que se considere ""marginal"" y se convierta en un transporte seguro y confiable.
No olvides seguirnos a través de nuestro canal de WhatsApp para recibir la actualización de nuestras últimas noticias."
37,UDGTV,06/08/2025,Piden que Mi Bici amplíe su red de estaciones a las zonas Sur y Oriente de Guadalajara,trafilatura,trafilatura,2370,0.47,https://udgtv.com/noticias/piden-que-mi-bici-amplie-su-red-de-estaciones/279836,,"Guadalajara, Jalisco
La fracción de ediles de Morena en el Ayuntamiento de Guadalajara presentó una propuesta para que la Agencia Metropolitana de Infraestructura para la Movilidad (AMIM), amplíe la red de estaciones de Mi Bici en las zonas Oriente y Sur de la capital jalisciense.
El regidor Juan Alberto Salinas Macías, coordinador de la fracción de Morena en el Ayuntamiento de Guadalajara, presentó una iniciativa para exhortar a la AMIM, a realizar las gestiones necesarias para la instalación de ciclovías, ciclopuertos y estaciones del sistema Mi Bici en las colonias del Oriente y el Sur del municipio.
Esta propuesta parte del diagnóstico del Plan Integral de Movilidad Urbana Sustentable (PIMUS) 2024, que reconoce un grave déficit de ciclovías y estaciones de Mi Bici precisamente en las zonas donde más se necesita.
""Esta iniciativa surge a partir de una plática que tuve con Karen, una niña que vive en el sur de la ciudad y nos hacía una referencia muy básica, para llegar a mi escuela no hay bicicletas públicas y para poderme ir en bici a mi escuela me tiene que acompañar mi mamá o mi papá y tengo que llegar a un lugar donde puedan resguardar mi bicicleta de manera segura.
Entonces, necesitamos ampliar la infraestructura porque lo que ella nos pide es generar alternativas al vehículo y para todas las personas que viven en la ciudad, para las mujeres y las niñas tapatías"", expuso.
- Entre los principales argumentos de la iniciativa destacan garantizar el derecho a la movilidad digna y segura, incluido en la Ley General de Movilidad y Seguridad Vial; promover la equidad territorial, llevando infraestructura ciclista a colonias que históricamente han sido olvidadas por las políticas públicas y fomentar alternativas de transporte saludables, económicas y sostenibles, que reduzcan la dependencia del automóvil y contribuyan a enfrentar la crisis climática.
Con la iniciativa, también se busca que existan apoyos económicos, mediante suscripciones gratuitas a este sistema destinadas a menores que acuden a centros educativos en compañía de padres o madres de familia.
Salinas Macías enfatizó que esta propuesta no implica repercusiones presupuestales ni genera nuevas obligaciones directas para el Ayuntamiento, pues busca que se cumpla lo que ya establecen leyes federales, estatales y municipales: priorizar la movilidad activa y sustentable."
38,NTR Guadalajara,06/08/2025,Muerte de Ramírez no fue accidente: Bici Blanca,trafilatura,trafilatura,1489,0.27,https://www.ntrguadalajara.com/post.php?id_nota=232751,,"El colectivo Bicicleta Blanca emitió un pronunciamiento en el que señalan que la muerte de Carlos Ramírez Powell, ex director de Radio Universidad de Guadalajara, no fue accidente, dado que se debió al mal estado de las calles. El deceso se registró el 2 de agosto.
""Fue un hecho vial que se pudo evitar. El bache y las juntas entre el concreto trabaron la llanta delantera que lo hizo perder el control. Constatamos el mal mantenimiento de la vialidad que cobró la vida de Carlos, un aliado que apoyó el cambio de la movilidad urbana de esta ciudad. Es una víctima más de una infraestructura en mal estado y de la ausencia de una política integral de movilidad segura"".
El colectivo exigió que el gobierno municipal de Guadalajara realice de forma inmediata labores de mantenimiento correctivo en la zona del accidente y en otras vialidades; que se establezcan mecanismos de respuesta urgente y sistemática para la atención de reportes ciudadanos relacionados con el mal estado del pavimento, y que la Agencia Metropolitana de Infraestructura para la Movilidad (AMIM) incremente el mantenimiento de las ciclovías y calles especialmente durante el temporal de lluvias.
""La vida de Carlos no debía haberse perdido. Ninguna persona debería morir en las vialidades. No debería ser necesaria una tragedia para que las autoridades actúen. Nos solidarizamos con la familia, amistades y comunidad Universitaria por su pérdida. Exigimos la no repetición de hechos fatales en nuestras calles"".
jl/I"
39,EL Occidental,04/08/2025,Morena Guadalajara propone ampliar ciclovías y estaciones de MiBici en zonas olvidadas,trafilatura,trafilatura,271,0.35,https://oem.com.mx/eloccidental/local/morena-guadalajara-propone-ampliar-ciclovias-y-estaciones-de-mibici-en-zonas-olvidadas-25081308,,"Locallunes, 4 de agosto de 2025
La propuesta se sustenta en el diagnóstico del Plan Integral de Movilidad Urbana Sustentable (PIMUS) 2024
LOCAL
Le encontraron el dispositivo oculto entre sus prendas de vestir
Estiman que al centro de Guadalajara asistirán 92 mil personas"
40,Milenio,02/08/2025,Hay más ciclovías pero el riesgo es el mismo ,playwright,playwright,253,7.75,https://www.pressreader.com/mexico/milenio-jalisco/20250802/281681145940473,,"La red de ciclo­vías de la Zona Metro­po­li­tana de Gua­da­la­jara cre­ció en los últi­mos años. Sin embargo, el riesgo para los ciclis­tas no ha dis­mi­nuido. Así lo denun­cian inte­gran­tes del colec­tivo Bici Blanca, quie­nes afir­man que la falta..."
41,Quadratin,30/07/2025,Puente Amado Nervo incluirá ciclovía,trafilatura,trafilatura,2547,0.33,https://jalisco.quadratin.com.mx/sin-categoria/puente-amado-nervo-incluira-ciclovia/,,"Arranca el TSJ el ciclo escolar 2026-2027 con nuevas carreras
                
                
Guadalajara, Jal. a 27 de agosto de 2026            
        
              30 de julio de 2025                  
            
 , 
             
              15:47 
            
          
            
            Javier Frías/Quadratín Jalisco            
          
        BAHÍA DE BANDERAS, Nay., 30 de julio de 2025.- El gobernador de Jalisco, Pablo Lemus Navarro, solicitó públicamente que la obra de construcción del puente Amado Nervo incluya una ciclovía y espacios peatonales, como parte de una estrategia de movilidad sustentable en la zona metropolitana interestatal.
Esto, durante el banderazo de inicio de la construcción de la obra que conectará Puerto Vallarta, Jalisco, con Bahía de Banderas, Nayarit.
La petición fue dirigida al secretario de Infraestructura, Comunicaciones y Transportes (SICT), Antonio Esteva Medina, quien respondió afirmativamente, asegurando que el diseño del puente permite incorporar una ciclovía, por lo que se incluirá en el proyecto.
""Muchos trabajadores y trabajadoras cruzan diariamente entre Jalisco y Nayarit. No todos se trasladan en automóvil o en transporte público. Por eso propongo que se contemple una ciclovía, y si es posible, también infraestructura peatonal en el puente"", expresó Lemus Navarro.
El mandatario jalisciense destacó la importancia de que las características del puente -como el concreto hidráulico con una vida útil mínima de 30 años- se extiendan también a la vialidad de conexión en Puerto Vallarta, conocida hasta ahora como vialidad Federación, pero que propuso renombrar como vialidad Amado Nervo, en concordancia con el nombre del puente y en honor a la figura literaria nayarita, tal como lo propuso en su momento la presidenta de la República Claudia Sheinbaum Pardo.
Por su parte, el titular de la SICT confirmó que el proyecto sí tiene la factibilidad técnica para incluir estos elementos.
""La sección del puente permite considerar la ciclovía. Entonces, así lo haremos, así se estará planteando"", aseguró Esteva Medina.
La construcción del puente Amado Nervo contempla una inversión de 900 millones de pesos y beneficiará a más de 480 mil personas al reducir el tiempo de traslado entre ambos destinos turísticos en hasta 25 minutos, además de generar 2,700 empleos.
Jalisco supera promedio económico nacional en 2025
              
                                  
                
                 Analiza Ipejal comprar predio en Centro Histórico de Guadalajara"
43,Notisistema,25/07/2025,Ciclistas pelean con peatones sobre avenida Ávila Camacho,trafilatura,trafilatura,745,0.33,https://www.notisistema.com/noticias/ciclistas-pelean-con-peatones-sobre-avenida-avila-camacho/,,"¿Quién va primero? Ciclistas sobre avenida Ávila Camacho defienden su prioridad en el carril exclusivo, la ciclovía que corre por esta avenida, y que es invadida por los usuarios de transporte público, que al subirse al camión tapan, prácticamente todo el carril. Así lo denuncia Chava González.
""Te ha tocado que los peatones en la parada del camión se bajan a la ciclovía? – sí, un chingo de veces. Obstruyen en paso, les tenemos que estar gritando para que se hagan a un lado. – son ellos o está mal diseñada la parada? – yo creo que son ellos más es la gente que no entiende que es paso para las bicis"".
El conflicto entre ciclistas y usuarios de transporte público es a todas horas sobre la ciclovía de Ávila Camacho. (Por Gustavo Cárdenas)"
44,NTR Guadalajara,23/07/2025,"Trayecto Mercado del Mar–CUCEA, el más recorrido en sistema MiBici",trafilatura,trafilatura,1479,0.29,https://www.ntrguadalajara.com/post.php?id_nota=232277,,"De acuerdo con un análisis de datos que hizo el Instituto de Información Estadística y Geográfica (IIEG) sobre el uso del sistema MiBici, el trayecto que une al Mercado del Mar y el Centro Universitario de Ciencias Económico-Administrativas (CUCEA) y la Biblioteca Pública del Estado, ambos de la Universidad de Guadalajara (UdeG), fue el más recorrido en los primeros seis meses de 2025.
Los datos indican que de enero a junio de este año, entre la estación ubicada en Periférico y Parres Arias y la localizada en Parres Arias esquina con Prolongación López Cotilla, en Zapopan, se realizaron 3 mil 636 recorridos, siendo la mayor cantidad entre dos estaciones.
Sin embargo, al analizar por recorridos iniciados y terminados, la estación ubicada en el Parque Revolución, mejor conocido como Parque Rojo, específicamente la que se encuentra en los cruces de López Cotilla y Marcos Castellanos, fue la que estuvo en primer lugar con 44 mil 101 viajes iniciados y 58 mil 984 terminados, convirtiendo a esta estación en la más popular.
El IIEG especificó que durante los primeros seis meses de 2025 los usuarios de MiBici realizaron un total de 2 millones 275 mil 288 viajes en la parte de la ciudad que cuenta con el servicio. De ese total, 513 mil 311 viajes los realizaron mujeres, mientras que 1 millón 340 mil 844 fueron realizados por hombres; de 16 mil 197 no se tienen datos de sexo. Las personas de entre 25 a 34 años son las que más utilizan este medio de transporte.
jl/I"
45,Pasajero 7,23/07/2025,"ECOBICI, LIDERA EN MOVILIDAD SUSTENTABLE EN AMÉRICA LATINA",trafilatura,trafilatura,1786,0.65,https://www.pasajero7.com/ecobici-lider-en-movilidad-sustentable-en-america-latina/,,"A casi 15 años de su puesta en marcha, el sistema de bicicletas públicas ECOBICI se ha consolidado como uno de los más robustos y exitosos de América Latina, tanto por su número de usuarios como por la extensión de su cobertura.
De acuerdo con datos de la SEMOVI y reportes de otros sistemas de movilidad ciclista en la región, ECOBICI ocupa el primer lugar en cantidad de bicicletas activas, con 9 mil 308 unidades disponibles para la ciudadanía. Le siguen BikeSantiago (Chile) y BikeItaú SP (Brasil), con 3 mil 500 bicicletas cada uno, así como MiBici (Guadalajara) con 2 mil 800 y EnCicla (Medellín) con 2 mil 100.
La red también destaca por su amplia cobertura territorial: opera en un polígono de 75.1 kilómetros cuadrados y cuenta con 689 cicloestaciones, más del doble que otros sistemas como BikeSantiago o MiBici, que ofrecen 300 puntos de servicio.
Factores de éxito
Entre los elementos clave que explican el posicionamiento de ECOBICI se encuentran:
- Expansión constante de su área de cobertura
- Integración con la Red de Movilidad Integrada (Metro, Metrobús, Trolebuses)
- Tarifas accesibles y flexibles
- Modelo operativo eficiente, con énfasis en el mantenimiento continuo
- Promoción de la cultura ciclista, mediante campañas de educación vial
Estos factores han permitido generar una base sólida de más de 180 mil usuarios activos con membresía anual, quienes han realizado más de 11 millones de viajes en lo que va del año.
Un sistema con visión de futuro
Para la Secretaría de Movilidad de la Ciudad de México (SEMOVI), ECOBICI representa un pilar en la construcción de una movilidad más limpia, equitativa y sustentable. Su consolidación como modelo regional es también reflejo del compromiso institucional por fomentar alternativas eficientes de transporte urbano."
46,Mural,18/07/2025,Pide Congreso de Vía RecreActiva en Puerto Vallarta,trafilatura,trafilatura,485,0.77,https://www.mural.com.mx/pide-congreso-de-via-recreactiva-en-puerto-vallarta/ar3041296,,"COMUNIDAD
01 MIN 30 SEG
Martín Aquino
Guadalajara, México (18 julio 2025) .-14:23 hrs
Buscan que el programa sea similar al que se realiza cada domingo en el Área Metropolitana de Guadalajara. Crédito: Maricarmen Galindo
El Congreso de Jalisco acordó pedir al Ayuntamiento de Puerto Vallarta que, para fomentar actividades deportivas, recreativas y culturales, considere la creación de un programa dominical denominado Vía RecreActiva, similar al del Área Metropolitana de Guadalajara."
47,NTR Guadalajara,10/07/2025,Cercan el Teatro Degollado e inhabilitan ciclopuerto de Mi Bici,trafilatura,trafilatura,651,0.24,https://www.ntrguadalajara.com/post.php?id_nota=231819,,"Quedó inhabilitado el ciclo puerto GDL 032 del sistema Mi Bici, situado en la esquina de la avenida Hidalgo y Belén, uno de los de mayor uso por parte de los ciclistas.
Los usuarios ya no pueden dejar las bicis ni abordarlas en ese punto, porque ya quedó cercada esa banqueta frente al teatro Degollado, debido a las obras de remodelación que hará la SIOP y el Gobierno de Guadalajara, en la plaza de la Liberación y la plaza Fundadores, con vistas al Mundial de Futbol 2026.
El frente del teatro Degollado también quedó inutilizado por el enmallado, al que se le colocó una tela negra.
Las plazas estarán cerradas al paso peatonal hasta diciembre.
GR"
49,Meganoticias,10/07/2025,Realizan limpieza en ciclovía de 8 de Julio,trafilatura,trafilatura,1314,0.27,https://www.meganoticias.mx/guadalajara/noticia/realizan-limpieza-en-ciclovia-de-8-de-julio/641838,,"Servicios Públicos
                                                                    
                                                Por:
                                                                    								Israel Rangel
                    							 
                    							
Guadalajara
Fecha: 10-07-2025
                                        Guadalajara
Fecha: 10-07-2025
La Agencia Metropolitana de Infraestructura para la Movilidad del AMG (AMIM), informó que llevó a cabo tareas de limpieza en la ciclovía metropolitana de 8 de Julio y Jesús Michel González, que cruza por los municipios de Guadalajara y Tlaquepaque.
La intervención incluyó el retiro de pasto y tierra acumulada debido a las últimas lluvias, y que obstruía el paso para los ciclistas que utilizan esta vía; logrando retirar 8 toneladas de residuos acumulados.
En junio, realizaron labores de mantenimiento en 79.2 kilómetros de infraestructura ciclista, que incluyeron la limpieza y el retiro de escombro, así como la limpieza de bocas de tormenta ubicadas a lo largo de estas vías.
Desde la semana pasada, cuadrillas de mantenimiento a la infraestructura ciclista de AMIM liberaron la ciclovía metropolitana de 8 de Julio con el retiro de pasto, lodo, podas y limpieza en el tramo de Aldama a Periférico Sur en ambos sentidos."
52,Azteca Jalisco,01/07/2025,¡Con lodo y basura! Así se encuentra una de las ciclovías de Guadalajara tras las lluvias,trafilatura,trafilatura,465,1.67,https://www.aztecajalisco.com/local/ciclistas-exigen-limpieza-la-ciclovia-8-julio-esta-lodo-y-basura-lluvias-en-guadalajara/,,"Ciclistas denuncian que la ciclovía que conecta la avenida 8 de Julio con el Anillo Periférico, en Guadalajara, se encuentra en pésimas condiciones.
Agua estancada, lodo y basura, es lo que encuentran a su paso mientras pedalean, por lo que optan circular por el arroyo vehicular, poniéndose en riesgo.
Con información de Antonio Sánchez.
TE PUEDE INTERESAR: ¿Por la banqueta o por el carril? Así deben circular los ciclistas en caso de no haber ciclovía en Jalisco"
55,EL Occidental,19/06/2025,Rodada ciclista te permitirá aprender más acerca de los árboles que tenemos en Guadalajara: Todos los detalles,trafilatura,trafilatura,1551,0.39,https://oem.com.mx/eloccidental/tendencias/rodada-ciclista-te-permitira-aprender-mas-acerca-de-los-arboles-que-tenemos-en-guadalajara-todos-los-detalles-24339655,,"Tendenciasjueves, 19 de junio de 2025
Andar en bicicleta y conocer más sobre los árboles que hay en la ciudad ahora es posible
TENDENCIAS
Esta tendencia ha abierto nuevas oportunidades para los fabricantes mexicanos, que compiten en un mercado con una amplia variedad de materiales
El choque generacional y las estructuras empresarialestradicionales marcan el camino de las mujeres líderes
Todo lo que necesitas saber para disfrutar las Fiestas de Octubre 2026: cartelera, precios, accesos y hasta premios
Regalarán 25 mil tortas en el Paseo Alcalde, a unos pasos de la Catedral
María Vargas y Mariana Macías compartieron en Guadalajara sus experiencias dentro de los certámenes de belleza y los retos que enfrentaron para llegar al podio nacional
El diseño con el que la anfitriona de ""La Casa de los Famosos México"" sorprendió en la gala de eliminación fue un vestido de plumas confeccionado por el diseñador mexicano Iván Ávalos
A través de una carta, Carlos III recuerda que los duques de Sussex fueron quienes eligieron ""respeto por su independencia financiera y la protección de su intimidad y así continuará""
La abogada, esposa del actor George Clooney, está poniendo de cabeza a la prensa internacional y a las redes sociales en su paso por la alfombra roja de la 83 edición del Festival de Cine de Venecia
El creador de contenido saltó a la fama en redes sociales tras participar en distintos proyectos de la presentadora Martha Debayle
El cantante Jay de la Cueva lleva la conversación sobre sexualidad y protección al escenario de la música"
56,Azteca Jalisco,12/06/2025,Desde las redes: captan a automovilistas invadiendo ciclovía y banqueta,trafilatura,trafilatura,2717,1.55,https://www.aztecajalisco.com/local/captan-a-automovilistas-invadiendo-ciclovia-y-banqueta-en-zapopan/,,"Con información de Daniela Vázquez.
Tags relacionados
- Grito de Independencia en Guadalajara espera reunir a 10 mil personas en el CentroLa celebración reunirá a miles de personas en la zona Centro, por lo que autoridades preparan un operativo especial para la jornada.
- Vecinos de Tonalá denuncian calles en abandono; terracería y falta de luz complican el pasoHabitantes señalan que las lluvias han agravado las condiciones de las vialidades y piden atención de las autoridades.
- Advierten sobre nuevo modus operandi de extorsiones dirigido a estudiantes en GuadalajaraLa Comisaría de la Policía de Guadalajara detectó un nuevo modus operandi para estafar a estudiantes; aquí te decimos en qué consiste y cómo evitarlo
- ÚLTIMA HORA | Fuerte choque en inmediaciones del Mercado de Abastos deja severos dañosEl encontronazo ocurrió durante una hora de alta circulación y obligó a intervenir a agentes viales para agilizar el paso.
- ÚLTIMA HORA | ¡Se lo tragó la tierra! Vehículo cae dentro de un socavón en TonaláUn vehículo cayó dentro de un socavón de grandes dimensiones ubicado en la colonia Mirador de la Reyna, en Tonalá
- Emergencia en el Nevado de Colima: así fue el rescate de 5 personas extraviadas | FOTOSUn reporte movilizó a cuerpos de emergencia este domingo en una de las zonas naturales más visitadas de Jalisco. Esto fue lo que ocurrió.
- ¡AMENAZA CON ROMPER LA BARRERA! El dólar arranca la semana apretando al peso en Jalisco este 14 de septiembreEl precio del dólar hoy lunes 14 de septiembre de 2026 roza los 17 pesos en Jalisco; conoce el tipo de cambio en ventanillas de Guadalajara.
- Captan a lobo marino en playa de Puerto Vallarta; emiten recomendaciones a turistasUn lobo marino fue captado en la playa Camarones, en el municipio de Puerto Vallarta, Jalisco; emiten recomendaciones
- Árbol caído obstruye carril de avenida Mariano Otero tras lluvias en GuadalajaraEl tronco y varias ramas permanecen sobre la vialidad y el camellón, obligando a los conductores a maniobrar para evitar un accidente.
- Denuncian camino peligroso para llegar a escuela primaria en Los Pocitos, TonaláFamilias denuncian que el único acceso a una primaria carece de condiciones adecuadas y además enfrenta problemas de inseguridad.
- Reportan registros sin tapa en Lázaro Cárdenas y avenida Colón, GuadalajaraAl menos tres registros sin tapa fueron detectados en la lateral de Lázaro Cárdenas, lo que representa un riesgo para los conductores.
- Transferencias bancarias ya NO funcionarán igual; estos serán los NUEVOS CAMBIOS para finales de 2026El Banco de México (Banxico) dio a conocer que habrá cambios en las transferencias bancarias. Te compartimos cuáles serán y a partir de cuándo entran en vigor."
57,El Informador,11/06/2025,Ciclista es agredido por automovilista tras exigir respeto a las normas de tránsito en Guadalajara,trafilatura,trafilatura,2034,0.68,https://www.informador.mx/jalisco/Guadalajara-Ciclista-es-agredido-por-automovilista-tras-exigir-respeto-a-las-normas-de-transito-VIDEO-20250611-0171.html,,"Ciclista es agredido por automovilista tras exigir respeto a las normas de tránsito en Guadalajara
Un ciclista fue agredido físicamente por un automovilista luego de confrontarlo por haberse pasado un alto
El incidente ocurrió cuando el ciclista, al ver la actitud imprudente del automovilista, le pidió que respetara tanto las señales de tránsito como a los usuarios de la vía. ESPECIAL
La tarde de este miércoles, un ciclista fue agredido físicamente por un automovilista luego de confrontarlo por haberse pasado un alto en Avenida de las Américas, entre la calle Colomos y Regidores en la ciudad de Guadalajara.
De acuerdo con el testimonio de la víctima, el cual fue compartido a través de sus redes sociales, el conductor no solo ignoró las normas de tránsito, sino que respondió con violencia tras ser cuestionado.
LEE: Dan de alta a conductor de la ruta T11 agredido con un termo metálico
El incidente ocurrió cuando el ciclista, al ver la actitud imprudente del automovilista, le pidió que respetara tanto las señales de tránsito como a los usuarios de la vía. Ante el reclamo, el conductor descendió del vehículo visiblemente alterado y comenzó a insultar al ciclista, quien decidió grabar la situación como medida preventiva ante la agresividad mostrada.
Molesto por ser grabado, el automovilista exigió que se detuviera la grabación, amagando con golpearlo en diferentes ocasiones. Al negarse, el ciclista fue golpeado por el conductor provocándole heridas visibles en el rostro.
El conductor iba acompañado por otro hombre, quien se limitó a observar la agresión sin intervenir en ningún momento.
La víctima ha solicitado apoyo a la ciudadanía para identificar a los responsables y aportar cualquier información que permita dar con su paradero.
Hasta ahora, no se ha confirmado si el agresor ha sido identificado o detenido por las autoridades.
MF
Recibe las últimas noticias en tu e-mail
Todo lo que necesitas saber para comenzar tu día
Registrarse implica aceptar los Términos y Condiciones"
58,Meganoticias,10/06/2025,"Pese al bajo uso, apuestan por invertir en movilidad ciclista",trafilatura,trafilatura,3613,0.31,https://www.meganoticias.mx/guadalajara/noticia/pese-al-bajo-uso-apuestan-por-invertir-en-movilidad-ciclista/632202,,"Por:
                                                                    								Héctor Escamilla
                    							 
                    							
Guadalajara
Fecha: 10-06-2025
                                        Guadalajara
Fecha: 10-06-2025
Aunque sólo 1.9?% de los viajes diarios en la Zona Metropolitana de Guadalajara (ZMG) ocurre en bicicleta, las autoridades mantienen su apuesta por este medio de transporte. El Instituto Metropolitano de Planeación (Imeplan) presentó una estrategia que amplía la red ciclista a 793 kilómetros, como parte del Plan Integral de Movilidad Urbana Sustentable (PIMUS).
La intención del IMEPLAN es que la infraestructura ciclista del Área Metropolitana crezca con 446 kilómetros adicionales a los 347 ya existentes. Esta expansión representa un aumento del 121%.
La estrategia previa, hasta el momento, no ha dado resultados, sobre todo por inconexa, es decir, muchas ciclovías no llevan a ninguna parte y desembocan en avenidas peligrosas para este tipo de movilidad. Según la más reciente Encuesta Origen-Destino, uno de cada cuatro hogares en la ciudad tiene una bicicleta. En 2023, el uso de este medio alcanza apenas el 1.9?% de los viajes, cifra menor al 2.7?% que se reporta en 2021. Durante la pandemia de Covid-19, el uso de la bicicleta sube por la reducción del transporte público. En ese periodo, las personas realizan hasta 1.5 millones de viajes diarios. Actualmente, en condiciones normales, la ciudad registra 11.7 millones de viajes cada día.
Entre 2018 y 2023, el gobierno duplica la longitud de ciclovías, al pasar de 162 a 347 kilómetros y ahora buscan duplicarlo.
El plan de ciclovías establece cinco etapas. Primero, conecta y extiende ciclovías actuales para consolidar corredores. Luego, amplía la red en tramos viables. Después, integra tramos largos para formar una red primaria. En la cuarta etapa, interviene corredores metropolitanos de gran longitud. Finalmente, propone soluciones en vialidades con alta demanda y riesgos operativos.
Las vialidades consideradas para esta intervención incluyen la Avenida Prolongación Colón, en Tlaquepaque; Avenida Tonaltecas, en Tonalá; Carretera Guadalajara - El Salto, en El Salto; Avenida de las Américas y Avenida Tesistán, en Zapopan; y Avenida Federalismo y Avenida 8 de Julio (aunque estas tienen ciclovías en tramos). Además, la renovación de la Carretera a Chapala contempla más de 10 kilómetros de ciclovía dentro de su rediseño vial.
Imeplan y la Secretaría de Infraestructura y Obra Pública (SIOP) desarrollan el Índice de Dinamismo Ciclista. Esta herramienta considera datos como densidad poblacional y de empleo, conectividad vial, demanda potencial, barreras urbanas y cercanía al transporte público. Con este índice, las autoridades identifican los trayectos con mayor potencial para convertirse en corredores funcionales.
El 71.6?% de los viajes ciclistas corresponde a hombres entre 18 y 34 años. La mayoría se desplaza entre las 7:00 y las 9:00 horas. El tiempo promedio de viaje es de 20 minutos, aunque algunos casos superan los 120 minutos.
El Centro de Guadalajara genera el mayor número de viajes en bicicleta dentro del AMG. Le sigue la zona Constitución - Auditorio, con 13 mil 791 viajes diarios. Después están Tesistán y Oblatos, con 10 mil 100 viajes cada una. Estas zonas cuentan con ciclovías y estaciones de MiBici, lo que favorece su uso.
Las autoridades proyectan que el uso de la bicicleta crezca del 1.9?% actual al 8.9?% para 2040. Con esta meta, la bicicleta puede consolidarse como una opción cotidiana, segura, accesible y sustentable para miles de personas."
59,El Informador,07/06/2025,Realizan rodada para concientizar sobre la movilidad sustentable y medio ambiente,trafilatura,trafilatura,3542,0.54,https://www.informador.mx/jalisco/Guadalajara-Realizan-rodada-para-concientizar-sobre-la-movilidad-sustentable-y-el-cuidado-del-medio-ambiente-20250607-0071.html,,"Realizan rodada para concientizar sobre la movilidad sustentable y medio ambiente
Los usuarios de bicicleta se reunieron a un costado de la Concha Acústica, en el Parque Agua Azul
""Es complicado andar en bicicleta en la ciudad. Falta mucha cultura vial por parte de los automovilistas. A veces te echan el carro, aunque tú vengas en tu carril. Y faltan muchas zonas para las bicicletas"", declaró uno de los participantes. ESPECIAL / O. González
Con la intención de difundir la importancia del cuidado del medio ambiente y el arbolado para la sustentabilidad de la ciudad, así como para fomentar el uso de la bicicleta, esta mañana la Agencia Metropolitana de Infraestructura para la Movilidad (AMIM) y la Agencia Metropolitana de Bosques Urbanos (AMBU) llevaron a cabo una rodada que comenzó en el Parque Agua Azul y concluyó en el Parque Alcalde.
Alrededor de las 09:30 horas, los usuarios de bicicleta se reunieron a un costado de la Concha Acústica, en el Parque Agua Azul, donde se visitó la parota, un árbol con más de 100 años de antigüedad que es una de las 70 especies patrimoniales de Guadalajara. Una hora después, el contingente ""formado por alrededor de 20 personas"" partió del lugar, escalonados y organizados sobre la ciclovía de Paseo Alcalde.
Mira: Telcel: estos son los cambios en las recargas de 150 y 200 pesos
En tanto, en el Parque Alcalde se reflexionó acerca de un árbol notable por sus beneficios ambientales y por tratarse de un ejemplar endémico: el colorín. Jacqueline Echeverría, jefa de manejo forestal de AMBU, explicó que ésta rodada y todas las actividades en torno a los árboles de los bosques urbanos en la ciudad, se llevaron a cabo con el fin de conmemorar el Día Mundial de la Bicicleta, que fue el pasado 3 de junio, y el Día Mundial del Medio Ambiente, llevado a cabo el 5 de junio.
 
 ""Es una actividad muy bonita porque promueve la convivencia, promueve las prácticas de movilidad sustentable, de hacer notar que hay otras maneras de poder habitar la ciudad"".
""El realizarlo y poder vivir esta experiencia, pues cada quien se lleva algo para sus casas y para difundir, alrededor y a las personas que conozcan"", comentó Echeverría.
Por su parte, Lucía Páez, una usuaria frecuente de la bicicleta, señaló que la rodada sirve para crear mayor conciencia sobre los riesgos que enfrentan los ciclistas al transitar por la metrópoli, así como para sensibilizar a la población sobre el cuidado del medio ambiente y los bosques urbanos, en una ciudad ""cada vez más contaminada"".
Mira: Beca Benito Juárez y Rita Cetina: ¿Cómo checar si ya recibiste el pago de junio?
""Es complicado andar en bicicleta en la ciudad. Falta mucha cultura vial por parte de los automovilistas. A veces te echan el carro, aunque tú vengas en tu carril. Y faltan muchas zonas para las bicicletas"", declaró Páez.
Por último, Adrián López, administrador general de AMIM, recordó que las ciclovías son los espacios seguros para los ciclistas en la vialidad. Pese a que hay más de 300 kilómetros de ellas, se debe socializar y concientizar aún más a los conductores sobre los diferentes tipos de movilidad que confluyen en la vía pública.
""Ampliar las ciclovías es una tarea primordial. La apuesta es que sigan creciendo el sistema de ciclovías metropolitanas"", expresó.
*Mantente al día con las noticias, únete a nuestro canal de WhatsApp.
AO
Recibe las últimas noticias en tu e-mail
Todo lo que necesitas saber para comenzar tu día
Registrarse implica aceptar los Términos y Condiciones"
60,Pasajero 7,04/06/2025,Guadalajara proyecta duplicar su red de ciclovías en 15 años con el Plan PIMUS,trafilatura,trafilatura,2279,0.65,https://www.pasajero7.com/guadalajara-proyecta-duplicar-red-ciclovias-en-15-anos-plan-pimus/,,"El Instituto de Planeación y Gestión del Desarrollo del Área Metropolitana de Guadalajara (Imeplan) ha presentado una ambiciosa estrategia para expandir la infraestructura ciclista en la región. El Plan Integral de Movilidad Urbana Sustentable (PIMUS) contempla añadir 446 kilómetros de ciclovías a los 347 kilómetros existentes, alcanzando un total de 793 kilómetros en un periodo de 15 años.
La expansión se dividirá en cinco etapas, priorizando corredores estratégicos que mejoren la conectividad y faciliten los desplazamientos cotidianos en bicicleta. Entre las vialidades contempladas se encuentran:
- 
Avenida Federalismo y Avenida 8 de Julio en Guadalajara.
- 
Avenida de las Américas y Avenida Tesistán en Zapopan.
- 
Prolongación Colón en Tlaquepaque.
- 
Avenida Tonaltecas en Tonalá.
- 
Carretera Guadalajara – El Salto en El Salto.
La selección de estos corredores se basa en el Índice de Dinamismo Ciclista, una herramienta desarrollada por Imeplan y la Secretaría de Infraestructura y Obra Pública (SIOP). Este índice considera variables como densidad poblacional y de empleo, conectividad vial, cercanía a estaciones de transporte masivo y obstáculos urbanos.
Además de la construcción de nuevas ciclovías, el PIMUS propone acciones complementarias para fomentar el uso de la bicicleta
- 
Ampliación del sistema de bicicletas públicas MiBici.
- 
Instalación de biciestacionamientos en estaciones de transporte masivo.
- 
Implementación de racks portabicicletas en camiones y taxis.
- 
Establecimiento de biciescuelas para promover la educación vial y la cultura ciclista.
- 
Mantenimiento preventivo de toda la red ciclista metropolitana.
Como parte de los avances en infraestructura ciclista, se destaca la renovación de la Carretera a Chapala, que incluirá más de 10 kilómetros de ciclovía en su nuevo diseño vial.
Según estimaciones de Imeplan, estas acciones podrían incrementar el uso de la bicicleta en la metrópoli del 1.9% al 8.9% para el año 2040.
Te recomendamos leer más: Decadencia del Sistema de Bicicleta Pública en CDMX. Una crítica a la gestión y operatividad
Para más información sobre el PIMUS y los corredores ciclistas propuestos, la ciudadanía puede consultar el documento completo en bit.ly/PIMUS2024 o visitar las redes sociales del Imeplan."
62,UDGTV,03/06/2025,"Pese a críticas, Frangie mantendrá obras en ciclovía de Paseos del Sol",trafilatura,trafilatura,1455,0.46,https://udgtv.com/noticias/pese-a-criticas-frangie-mantendra-obras-en-ciclovia/272218,,"Guadalajara, Jalisco.
Para el alcalde de Zapopan, Juan José Frangie, la ciclovía de Paseos del Sol continuará con sus 3.5 kilómetros, una obra que comenzó con la adecuación de banquetas incluyentes. Justificó que fue una de las obras más votadas por las y los vecinos.
""Nosotros vamos a gobernar para la mayoría. No por 15 gentes vamos a dejar de hacer una obra. La verdad no ha causado problemas la primera parte que se inició y es una obra que quedo hermosa, tiene su ciclovía, pero en ningún momento está obstruyendo tráfico negocios ni nada de eso.
Es gente que no les gusta, pero yo prefiero escuchar a la mayoría que esa calle se continúe"".
Por otro lado, sin la participación del alcalde de Zapopan, Juan José Frangie, y con un alto nivel de abstencionismo ciudadano, las elecciones para elegir a juzgadores federales se llevaron a cabo con calma en el municipio.
- Para el alcalde, la forma en que se realizó este proceso no fue la adecuada, lo que explica la baja participación.
""Lo que tengo de información es que estuvo muy bajo, no llega al cinco o seis por ciento la participación en Zapopan. Esto quiere decir, que mucha gente no está de acuerdo en la forma a lo mejor en el fondo puede ser, pero yo creo que en la forma no es lo indicado.
Todo se mantuvo en orden, esto ya lo conocemos, jugar a la tómbola es muy difícil de jugar, bueno eso es una decisión federal, la verdad la respetamos. Pero la verdad yo en lo personal no fui a votar""."
63,Azteca Jalisco,03/06/2025,Día Mundial de la Bicicleta: ¿Cuántos kilómetros de ciclovía tiene el Área Metropolitana de Guadalajara?,trafilatura,trafilatura,1853,1.3,https://www.aztecajalisco.com/local/dia-mundial-la-bicicleta-objetivos-y-su-impacto-en-la-movilidad-urbana-guadalajara/,,"El 3 de junio se celebra el Día Mundial de la Bicicleta, jornada que busca reconocer la bicicleta como un medio de transporte sencillo, asequible, limpio y ecológico.
La fecha fue proclamada por la Asamblea General de las Naciones Unidas en 2018 con el objetivo de fomentar el uso de la bicicleta por sus beneficios a la salud física y mental, así como al medio ambiente.
Prevenir enfermedades, facilitar la inclusión social y la cultura de paz, así como reforzar la educación de los niños y jóvenes, forman parte de la conmemoración del Día Mundial de la Bicicleta.
TE PUEDE INTERESAR: La fascinante historia de la bicicleta: Pedaleando en el tiempo
¿Cuáles son las principales ciclovías del Área Metropolitana de Guadalajara?
En el Área Metropolitana de Guadalajara (AMG), la infraestructura ciclista ha experimentado un crecimiento significativo.
La red de ciclovías de la ciudad abarca 425 kilómetros, según reportes de MIDE Jalisco, actualizados a finales de 2024. Esto significa un aumento a comparación de los 178.15 kilómetros que había en 2019.
Entre las ciclovías más destacadas se encuentran:
- Calzada del Federalismo: esta ciclovía tiene una longitud de 8.85 kilómetros y recorre las zonas más céntricas de Guadalajara, de norte a sur.
- Javier Mina: creada en 2023, esta ciclovía de 7.1 kilómetros conecta el oriente de la ciudad con la zona Centro.
- Avenida Niños Héroes-Guadalupe: esta ciclovía conecta Guadalajara y Zapopan por más de 8 kilómetros.
- Paseo Alcalde: una de las rutas más transitadas de la ciudad, conecta diversos puntos clave de la zona Centro.
Estas ciclovías no solo promueven una movilidad más sostenible, sino que también contribuyen a la reducción de la congestión vehicular y mejoran la calidad del aire.
TE PUEDE INTERESAR: Calidad del aire en Jalisco: Estos son los daños que provoca la contaminación por ozono"
64,Quadratin,03/06/2025,Impulsan expansión de ciclovías en el AMG; agregarían 446 kilómetros,trafilatura,trafilatura,2748,0.24,https://jalisco.quadratin.com.mx/principal/impulsan-expansion-de-ciclovias-en-el-amg-agregarian-446-kilometros/,,"El museo del automóvil más grande de Jalisco abrirá sus puertas en octubre
                
                
Guadalajara, Jal. a 29 de agosto de 2026            
        
              03 de junio de 2025                  
            
 , 
             
              19:37 
            
          
            
            Redacción/Quadratín Jalisco            
          
        GUADALAJARA., 3 de junio de 2025.- El Instituto de Planeación y Gestión del Desarrollo del Área Metropolitana de Guadalajara (Imeplan) presentó una estrategia para ampliar la red de ciclovías en la metrópoli tapatía, con motivo del Día Mundial de la Bicicleta, que se conmemora cada 3 de junio.
La propuesta forma parte del Plan Integral de Movilidad Urbana Sustentable (PIMUS) y contempla la incorporación de 446 kilómetros adicionales de infraestructura para bicicletas y otros vehículos no motorizados, que se sumarán a los 347 kilómetros actualmente existentes. El objetivo es alcanzar un total de 793 kilómetros en un periodo de 15 años.
La red se desarrollará en cinco etapas, priorizando corredores estratégicos con alta conectividad, cercanía al transporte masivo y potencial para facilitar trayectos cotidianos en bicicleta. Entre las vialidades contempladas están Av. Federalismo, Av. 8 de Julio y Av. de las Américas, en Guadalajara y Zapopan; Av. Tonaltecas, en Tonalá; Prolongación Colón, en Tlaquepaque, y la carretera a El Salto.
La planificación se basa en el Índice de Dinamismo Ciclista, una herramienta desarrollada por Imeplan y la Secretaría de Infraestructura y Obra Pública (SIOP), que toma en cuenta factores como densidad poblacional y de empleo, conectividad vial, cercanía a estaciones de MiBici y obstáculos urbanos.
Además de las nuevas ciclovías, el PIMUS plantea acciones complementarias como ampliar la cobertura del sistema MiBici, construir bici estacionamientos en estaciones de transporte público, instalar racks portabicicletas en camiones y taxis, establecer bici escuelas y dar mantenimiento preventivo a toda la red.
Como ejemplo del avance en infraestructura ciclista, se destacó la renovación de la carretera a Chapala, que incluirá más de 10 kilómetros de ciclovía en su nuevo diseño vial.
Según estimaciones del propio Imeplan, estas acciones podrían aumentar el uso de la bicicleta en la ciudad del 1.9 al 8.9 por ciento para el año 2040.
Puede consultarse el contenido completo del PIMUS y los corredores ciclistas propuestos en bit.ly/PIMUS2024 o en las redes sociales del instituto (@imeplan).
Muere influencer serbia por quitarse el arnés durante vuelo de parapente
              
                                  
                
                 Inauguran InGenia, espacio único para creadores digitales y gamers"
65,Noticiaspv,30/05/2025,Transportistas de enormes camiones también invaden ciclovías,trafilatura,trafilatura,577,1.08,https://www.noticiaspv.com.mx/transportistas-de-enormes-camiones-tambien-invaden-ciclovias/,,"Obligan a los ciclistas exponerse al paso de las unidades vehiculares
Los transportistas de enormes camiones también invaden las ciclovías en calles y avenidas del municipio de Puerto Vallarta.
De esta manera, obligan a los ciclistas a exponerse al paso de todo tipo de unidades vehiculares.
Son escasas, pero existen las ciclovías para seguridad de muchos.
Lamentablemente, no todos las respetan y las invasiones son diario.
No bastan los señalamientos que indican la prohibición de invadir ciclovías y de dar preferencia al paso de las bicicletas o más claro No Estacionarse."
66,Notisistema,29/05/2025,Ciclovía y parque lineal de Av. Copérnico se construirá pese a oposición: Frangie,trafilatura,trafilatura,865,0.26,https://www.notisistema.com/noticias/ciclovia-y-parque-lineal-de-av-copernico-se-construira-pese-a-oposicion-frangie/,,"El presidente municipal de Zapopan Juan José Frangie informó que respecto a las manifestaciones de algunos vecinos de la colonia Paseos del Sol para que no se construya un parque lineal y una ciclovía en avenida Copérnico él no puede cancelar la obra pues son pocos los ciudadanos que lo exigen.
""Yo no puedo tomar decisiones por minoría ¿no? Son 15 gentes que desde la primera etapa que iniciamos, esta es una obra que ganó un concurso nacional, es una avenida y la pueden ver en la primera etapa que se hizo, en lo absoluto está obstruyendo el paso ni nada de eso, entonces son 15 gentes las que están inconformes no sé cuál sea la razón"".
El presidente, reitero que ya habían sostenido reuniones con los colonos desde la primera etapa del proyecto, igual que Cercanía Ciudadana, por lo que no hay un elemento conciso para detener la obra. (Por Usi Toledo Aguayo)"
68,UDGTV,12/05/2025,"Crear una ciclovía en avenida Patria y avalar un área natural, propone el Consejo Metropolitano",trafilatura,trafilatura,2932,0.36,https://udgtv.com/noticias/crear-una-ciclovia-en-avenida-patria-y-avalar-area-natural/269416,,"Guadalajara, Jalisco.
La apertura de una ciclovía en avenida Patria, un proyecto de agricultura urbana, la modernización de los ingresos carreteros a Guadalajara y dar reconocimiento como áreas naturales protegidos a Cerro del Tajo y el río Juanacatlán,
son algunos de los temas que se enlistaron para impulsarse en los siguientes tres años, entre el Congreso local y el Consejo Ciudadano Metropolitano.
Los proyectos se presentaron por parte de 17 consejeros ciudadanos que integran el Consejo Ciudadano Metropolitano, en una mesa de trabajo realizada en el Congreso local, con los diputados que integran la Comisión de Gestión Metropolitana y que preside la diputada del PRI, Alondra Fausto de León.
La reunión es un primer acercamiento entre las partes, quienes hicieron el compromiso de realizar un trabajo conjunto.
""Traen unos temas importantes para dar a conocer a los diputados, como son, la ciclovía de avenida Patria, como son los accesos carreteros y el sistema de agricultura urbana.
Sabemos que hay un desorden en el crecimiento urbano, la ciclovía si bien quita algo de movilidad a los automovilistas, tenemos problemas de movilidad graves, mas allá de que si son necesarias las ciclovías para impulsar su uso y mejorar los temas de calidad del aire"", precisó.
- La presidenta del Consejo Ciudadano Metropolitano (CCM), Alejandra Larios Villaseñor, refirió que apenas asumió el cargo hace dos meses.
""Soy consejera presidenta de este Consejo, a partir de la sesión del 10 de marzo, fui votada para ser la representante de este ente ciudadano y me honra representar a mis compañeros, ser la portavoz de este Consejo y les platicaremos sobre qué somos y que trabajos realizamos"", señaló.
Entre las propuestas planteadas por el CCM se encuentran la creación de una Agencia Metropolitana para el Manejo de Residuos Sólidos Urbanos; la protección de áreas naturales, como El Cerro del Tajo y El Bosque La Primavera; el reconocimiento del río Juanacatlán como área estatal protegida, y estrategias de prevención contra incendios forestales.
La diputada de Morena e integrante de la Comisión de Gestión Metropolitana, Marta Arizmendi, propuso que las sesiones de trabajo sean rotatorias en diversas zonas del Área Metropolitana de Guadalajara.
""Y propondría en esta mesa y con todo respeto a la presidenta y a los integrantes, que las próximas sesiones de la mesa la hagamos en sus zonas, en los diferentes municipios que integran este Consejo, para que conozcamos de manera directa
cuáles son las necesidades de sus zonas y que lo podamos trabajar -de una vez también- con nuestros presidentes municipales"", dijo.
La diputada Alondra Fausto aseguró que la voz ciudadana no solo será escuchada, sino incorporada activamente en la ejecución de la Agenda Metropolitana.
Acudieron consejeros de:
- Guadalajara
- Zapopan
- Tonalá
- Tlaquepaque
- Tlajomulco
- Zapotlanejo
- Juanacatlán
- El Salto
- Ixtlahuacaán de los Membrillos."
70,Publimetro,04/05/2025,Zapopan: Segunda etapa de ciclovía en Paseos del Sol comenzará en mayo,trafilatura,trafilatura,2069,0.92,https://www.publimetro.com.mx/jalisco/2025/05/04/zapopan-segunda-etapa-de-ciclovia-en-paseos-del-sol-comenzara-en-mayo/#google_vignette,,"La ciclovía de la colonia Paseos del Sol, de Zapopan, podría arrancar su segunda etapa este mes de mayo sobre la avenida Ladrón de Guevara con el objetivo de darle seguimiento a este proyecto que comenzó en noviembre de 2023 sobre la avenida Nicolás Copérnico.
El Gobierno de Zapopan tiene contemplado intervenir la continuación de la ciclovía de Ladrón de Guevara en el tramo que va de la calle Volcán Quinceo a Volcán Popocatépetl.
Ciclovía separada no disminuirá número de carriles
Con las nuevas obras de esta ciclovía separada se proyecta que esta se continúe como carril por el extremo derecho por cada sentido.
De la misma manera, esta ciclovía se continuará con 20 centímetros de espesor a base de concreto premezclado, además de que las banquetas se ensancharán y, en algunos puntos, habrá bolardos o postes.
Asimismo, se ha aclarado que se mantendrán tres carriles de circulación por sentido, además de que en el camellón central se construirán un parque lineal con bancas de concreto y duela de madera, barandal, así como un andador peatonal y arbolado.
Lanzan convocatoria con licitación de 800 mdp
El arranque de estas obras se tiene previsto para el próximo 15 de mayo, y se sabe que podrían extenderse por máximo 124 días, pues el término de esta segunda etapa se prevé para el mes de septiembre.
Cabe señalar que para la ejecución de este proyecto el Gobierno de Zapopan lanzó una licitación pública dentro de una convocatoria con una bolsa de 800 millones de pesos.
En el mismo proceso también se someten a concurso las etapas 2 y 3 del nodo vial de Avenida Patria y Universidad, cuyo arranque también lo contemplan el 15 de mayo para terminar el 30 de noviembre.
Recordemos que en 2024 las autoridades zapopanas compartieron que la meta es alcanzar la creación total de 43.4 km de ciclovías durante este 2025. Las mismas conectarán a Zapopan con el Área Metropolitana de Guadalajara (AMG) y así beneficiar a 25 millones de personas.
No olvides seguirnos a través de nuestro canal de WhatsApp para recibir la actualización de nuestras últimas noticias."
72,Pasajero 7,28/04/2025,Refuerzan mantenimiento de ciclovías en el Área Metropolitana de Guadalajara,trafilatura,trafilatura,3143,0.89,https://www.pasajero7.com/refuerzan-mantenimiento-ciclovias-en-area-metropolitana-guadalajara/,,"La Agencia Metropolitana de Infraestructura para la Movilidad (AMIM) implementó un programa intensivo de limpieza y mantenimiento en más de 20 ciclovías, con el objetivo de fortalecer la seguridad para los usuarios de bicicleta en la ciudad.
Durante el periodo vacacional de Semana Santa y Pascua, la AMIM desplegó cuadrillas de trabajadores para atender la infraestructura ciclista en el Área Metropolitana de Guadalajara (AMG), que cuenta actualmente con 342 kilómetros de ciclovías, de acuerdo con su último aforo y estudio. Según la agencia, en la red ciclista se registran diariamente un promedio de 52 mil viajes en bicicleta.
Limpieza y renovación de infraestructura ciclista
Entre las principales acciones realizadas se encuentran el retiro de escombros, basura y charcos, la poda de árboles que obstruían la visibilidad de los ciclistas y la renovación de señalamientos viales. Según el reporte oficial, la intervención alcanzó más de 20 tramos de ciclovía, incluyendo corredores como Javier Mina, Emilio Castelar, Paseo Alcalde, Revolución, López Cotilla, La Paz, Federalismo, Malecón y Arcos.
Las cuadrillas de mantenimiento, integradas por aproximadamente 30 personas, trabajaron en turnos matutinos y nocturnos para atender también los reportes ciudadanos, realizar podas menores y colocar nueva señalización horizontal en puntos críticos.
Manejo de residuos y composta
Los residuos vegetales y la hojarasca recolectados durante las jornadas de limpieza fueron trasladados al vivero municipal de Guadalajara para su procesamiento y conversión en composta, como parte de las políticas de aprovechamiento de residuos.
Renovación de señalización en escuelas
En paralelo, dentro del Programa de Educación en Seguridad Vial VÍA, la AMIM renovó la señalización horizontal en dos escuelas secundarias y una primaria ubicadas en la Zona Centro de Guadalajara. Estas acciones se llevaron a cabo en colaboración con la Cruz Roja Mexicana y con el apoyo de la fundación Total Energies México.
Los trabajos incluyeron la pinta de pasos peatonales, flechas de dirección, líneas amarillas, límites de velocidad y topes, con participación activa de estudiantes y personal educativo bajo la supervisión de las cuadrillas operativas.
Atención a reportes ciudadanos
La AMIM, responsable del señalamiento vertical y horizontal en las vialidades metropolitanas y avenidas de conexión regional, mantiene abiertos canales de atención para reportes sobre ciclovías. La ciudadanía puede comunicarse a través de las redes sociales oficiales @AgenciaAMIM en Facebook y X (antes Twitter), el chatbot de WhatsApp en el número 33-1514-5614 o mediante el enlace gobjal.mx/AMIMChat.
Te recomendamos leer más: LA FUERZA FEMENINA IMPULSA LA INDUSTRIA DEL AUTOTRANSPORTE
Desafíos en el mantenimiento de ciclovías
Aunque las acciones de limpieza representan un avance, el reto de garantizar una infraestructura ciclista segura y funcional en todo el AMG sigue vigente. El mantenimiento periódico y la atención a los reportes ciudadanos resultan esenciales para sostener la confianza de los usuarios y promover una movilidad activa y segura en el área metropolitana."
73,Lider 919,26/04/2025,Dan mantenimiento a infraestructura ciclista,trafilatura,trafilatura,1200,0.46,https://lider919.com/dan-mantenimiento-a-infraestructura-ciclista/,,"Con acciones como limpieza, retiro de escombros, podas menores y renovación del señalamiento, la Agencia Metropolitana de Infraestructura para la Movilidad del Área Metropolitana de Guadalajara (AMIM), puso en marcha un programa de mantenimiento permanente para la atención de la infraestructura ciclista.
Se informó que el Área Metropolitana de Guadalajara cuenta con 342 kilómetros de ciclovías, de acuerdo al último aforo y estudio ciclista realizado por AMIM, siendo que diariamente se realizan, en promedio, 52 mil viajes en bicicleta.
En total, dio mantenimiento a más de 20 ciclovías durante el periodo de Semana Santa y Pascua, entre éstas las ubicadas en Javier Mina, Emilio Castelar, Paseo Alcalde, Revolución, López Cotilla, La Paz, Federalismo, Malecón y Arcos.
En los sitios en los que el arbolado afectaba la visibilidad de las y los ciclistas, se realizaron podas menores para evitar que las ramas crezcan y obstaculicen el paso.
El despliegue de las cuadrillas de señalamientos de AMIM, conformadas por alrededor de 30 personas, se realizó sobre la infraestructura ciclista todos los días para llevar a cabo labores de mantenimiento, incluyendo el retiro de basura, hojas y escombros."
74,UDGTV,25/04/2025,Ciclistas de Guadalajara aprovechan vacaciones para usar vehículos con mayor confianza; demandan mayor educación vial a automovilistas y árboles,trafilatura,trafilatura,2660,0.45,https://udgtv.com/noticias/ciclistas-de-guadalajara-aprovechan-vacaciones-para-usar/267367,,"Guadalajara, Jalisco.
Aprovechando los últimos días de la Semana de Pascua, ciclistas de la Zona Metropolitana de Guadalajara se han animado a salir más a las calles, dado el poco flujo vehicular en comparación con otras épocas del año.
Sin embargo, estos han denunciado problemas de todo tipo, que van desde la falta de infraestructura hasta la de educación vial.
Luis Zurdo, ciclista por más de sesenta años, habló sobre los conflictos que estas personas mantienen con el resto de usuarios de las calles.
""Los automovilistas se han estacionado dentro de. No hay ninguna autoridad, salvo algunos quienes he visto que sí llaman la atención.
Recuerdo que en mi infancia nos daban educación vial, incluso Tránsito iba a las escuelas y nos decían [cosas] como ""procuren irse por las esquinas"". Se pasan por media calle"".
Con la temperatura ambiental creciendo en estas semanas, tanto peatones como ciclistas se ven más vulnerados ante problemas relacionados con el sol y la deshidratación.
Jonathan Ontiveros, ciclista quien usa dicho transporte para ir al trabajo, comentó sobre la calidad de las vías para ciclistas y de rus recomendaciones para cuidar su salud al aire libre.
""Vi que mejoró un tiempo, pero a partir de algunas administraciones las han dejado un poco en abandono.
Este abandono es en las señaléticas, en la limpieza y pues la falta de otras rutas para no exponer a los demás ciclistas"".
Además agregó que:
""Para evitar la deshidratación, trato de tomar agua antes de salir. Ya en el día, trato de usar protección solar para cuidar la piel. También usar electrolitos"".
Finalmente, Gleysis Camargo, usuaria del servicio MiBici, habló sobre su calidad en estos cuatro años que lleva usándolo.
""Es muy práctico. Por ejemplo, mi trabajo queda cerca de mi casa, y me voy en bicicleta. En camión, me tardaría el doble de tiempo en llegar a la casa"".
Y también dijo que:
""Siempre hay bicicletas, es muy raro que alguna esté dañada. El único inconveniente es que hay mucha gente quien no respeta la ciclovía"".
- De acuerdo con los usuarios consultados, la falta de árboles tanto en sus rutas como en el resto del Área Metropolitana de Guadalajara afecta negativamente su experiencia, dado que llega a limitar sus horarios de uso recreativo y contribuye al calentamiento de la ciudad.
Por: Emiliano Sedano
- Ciclistas de Guadalajara aprovechan vacaciones para usar vehículos con mayor confianza; demandan mayor educación vial a automovilistas y árboles- 24 abril, 2025
- Talent Land clausura su octava edición, anuncia expansión internacional y nacional - 24 abril, 2025
- Centro de Tlaquepaque, una opción turística para Semana de Pascua- 23 abril, 2025"
75,El Informador,25/04/2025,Fecha y ruta de la segunda rodada vía nocturna de Zapopan,trafilatura,trafilatura,3088,0.59,https://www.informador.mx/jalisco/Zapopan-Segunda-rodada-de-la-via-nocturna-esta-es-la-fecha-y-ruta-20250425-0099.html,,"Fecha y ruta de la segunda rodada vía nocturna de Zapopan
El gobierno de Zapopan y la Vía Recreactiva Zapopan organizan este año la segunda rodada de la Vía Nocturna Zapopan. A continuación, te contamos más detalles al respecto
Los registros para asistir a ""la segunda rodada vía nocturna de Zapopan estan abiertos. INSTAGRAM/ @viarecreactiva_zapopan
Por medio de redes oficiales de Vía Recreactiva de Zapopan y gobierno de Zapopan se invitó al público a asistir a ""la segunda rodada vía nocturna de Zapopan"". A pesar de que se trata de un evento de acceso libre, cabe resaltar que su cupo es limitado y se debe hacer un registro antes de participar.
Para registrarte a ""La segunda rodada de la Vía Nocturna Zapopan"", ingresa aquí.
Parte de las principales razones del registro es salvaguardar la seguridad de las y los participantes, teniendo información necesaria de ellas y ellos, además de tener el registro del número de personas que participarán y contar con un control efectivo en esta activación física.
¿Cuándo es la Segunda rodada de la vía nocturna Zapopan?
La cita será este miércoles 30 de abril en punto de las 8:30 p.m. en la explanada de los Arcos de Zapopan, con un recorrido de 9.3 kilómetros. El recorrido culminará a las 12:00 a.m.
Se trata de un recorrido especial, ya que está programado para el ""Día del Niño"". Es por eso que se invita a las y los participantes, especialmente niñas y niños, a asistir con un disfraz de su preferencia y convertir esta experiencia en algo único e inolvidable.
Lee también: Parque Rojo de Guadalajara está cerrado; ESTA es la razón
¿Cuál es la ruta de la Segunda rodada de la vía nocturna Zapopan?
El recorrido iniciará en la explanada de los Arcos de Zapopan; de ahí, se visitarán monumentos emblemáticos de la ciudad, tales como:
- El Pavo Real
- De esos polvos estos lodos
- Condición suspendida
- Y más
La rodada constará de una ruta especial con cierto orden, recorriendo:
- Av. de las Américas
- Av. Patria
- Retorno en Av. Patria
- Av. Patria
- Av. de las Américas
- Av. Obelisco
- Av. Manuel ívila Camacho
- írea Recreativa de estación Zapopan Centro
- Y finalmente, retorno a explanada de los Arcos de Zapopan
A continuación, te compartimos el mapa completo.
Entre las recomendaciones que puntualizaron en la publicación oficial, se especifica llevar bicicleta, casco y luces, ya que se tratará de una rodada nocturna.
También se recomienda llevar agua para su consumo o algún otro alimento energético.
Para más información sobre la segunda rodada nocturna, ingresa aquí
Haz este ""Día del Niño"" una fecha única y especial asistiendo a esta rodada nocturna, ocasión especial en donde chicos y grandes podrán divertirse de manera sana viviendo la segunda rodada vía nocturna de Zapopan.
Te puede interesar: Cineteca FICG: Cartelera de fin de semana
* * * Mantente al día con las noticias, únete a nuestro canal de WhatsApp * * *
AS
Recibe las últimas noticias en tu e-mail
Todo lo que necesitas saber para comenzar tu día
Registrarse implica aceptar los Términos y Condiciones"
76,El Informador,23/04/2025,Inauguran nueva conexión peatonal y ciclista en el Bosque Pedagógico del Agua,trafilatura,trafilatura,6555,0.6,https://www.informador.mx/jalisco/Inauguran-nueva-conexion-peatonal-y-ciclista-en-el-Bosque-Pedagogico-del-Agua-20250423-0111.html,,"Inauguran nueva conexión peatonal y ciclista en el Bosque Pedagógico del Agua
se impulsará una inversión de 250 millones de pesos para dotar de juegos unidades y espacios públicos para que las familias enteras puedan acudir a ellos.
El nuevo puente para fortalecer la conectividad dentro del Bosque Pedagógico del Agua contó con una inversión de 11.4 millones de pesos. ESPECIAL / Gobierno de Zapopan
Con una inversión de 11.4 millones de pesos, autoridades de Zapopan y del Gobierno del Estado pusieron en marcha un nuevo puente para fortalecer la conectividad dentro del Bosque Pedagógico del Agua, en la zona conocida como Colomos III. Se trata de un corredor peatonal y ciclista que une las casetas de Los Jales, Santa Cecilia y Acueducto, ""parte de un esfuerzo más amplio por consolidar este espacio como un referente ambiental y social del municipio"", según consideraron las autoridades.
Durante la inauguración de esta obra, el director de Obras Públicas de Zapopan, Ismael Jáuregui, destacó que este bosque urbano es un logro que ha costado años de trabajo. ""Nos ha costado mucho ponerlo en el estatus en el que se encuentra hoy. Con esto no quiere decir que terminamos: hay mucho por hacer, todavía mucha infraestructura, mucha atención al arbolado, muchos procedimientos medioambientales que atender"", subrayó.
Jáuregui también recordó otras acciones recientes, como la construcción de un sistema de regulación e infiltración de aguas pluviales que controla cerca de 70 mil metros cúbicos, mitigando inundaciones en la zona de Atemajac y favoreciendo la recarga de mantos acuíferos. Además, se ha trabajado en infraestructura social que bordea el bosque: desde el parque lineal Santa Cecilia, la unidad deportiva Tecolandia, hasta la conexión peatonal con el Centro Metropolitano del Adulto Mayor.
Para el alcalde de Zapopan, Juan José Frangie, este puente es más que una obra de conectividad: representa seguridad, inclusión y continuidad. ""Esta obra ya era esperada. El gobernador Pablo Lemus nos lo venía pidiendo para mejorar la conexión de este lado, y hoy quedó excelente. Es parte de una inversión global de más de 250 millones de pesos que se ha destinado al bosque, al jardín botánico y a toda esta zona que seguimos recuperando. Y claro que falta, pero esto es parte de un proceso continuo que no se detiene"", dijo.
Lee: Detienen a presunto ""moto-sicario"" con arma de fuego en Villa Hidalgo
""Queremos que vengan las familias completas, que los niños disfruten, que este lugar sea también un espacio lúdico, no solo educativo y ambiental"", destacó.
El presidente municipal reconoció a los actores clave que han impulsado la transformación del Bosque Pedagógico del Agua, como el propio gobernador Pablo Lemus, a quien se refirió como el iniciador del proyecto desde su etapa como presidente municipal, y a figuras sociales clave en el proceso de recuperación de este predio tras alrededor de 10 años de lucha con un particular.
El gobernador de Jalisco, Pablo Lemus, reafirmó su compromiso con los espacios públicos y el medio ambiente. ""Este bosque no solo es un pulmón para Zapopan, es también una escuela viva. Lo imaginamos como un espacio pedagógico donde niñas y niños aprendan del entorno y lo respeten. Y no ha sido fácil, pero cuando hay voluntad política y amor por la ciudad, se logran cosas como estas. Hoy celebramos un paso más, pero el bosque sigue creciendo, sigue enseñando y sigue uniendo"", dijo.
Respecto de este nuevo punto de conexión, destacó que se trata no solo de un tema recreativo, sino de impacto social, que beneficiará a toda aquella persona que busque desplazarse a zonas cercanas, como lo es, por ejemplo, Atemajac.
Te puede interesar: Lemus garantiza abasto de agua en la ZMG
""Imagínense un trabajador que tiene que ir a su chamba en Plaza Patria o en Atemajac, en el mercado. Anteriormente tenía que rodear e irse, ya fuera por avenida Santa Margarita y bajar, o irse por toda avenida Acueducto, conectar avenida Patria y bajar. Ahora ya no, en bicicleta o caminando, pasan por aquí, bajan hasta la zona del arroyo, vuelta a la izquierda, llegan a avenida Palmas, en avenida Palmas tienen caminamientos enormes, zonas para bicicletas, conectan con la calle de Miguel León Portilla, llegan a Los Polvorines y se suben al parque lineal de avenida Patria que hicimos, y llegan directamente hasta Atemajac. Tiene un sentido social que se ahorran las personas hasta una hora en sus traslados y además son traslados sustentables"", destacó el mandatario estatal.
Además, Lemus reiteró el llamado a la ciudadanía para proteger el bosque ante la amenaza de incendios: ""Nueve de cada diez incendios son provocados. Necesitamos que todos se conviertan en guardianes del bosque. Si lo cuidamos juntos, este espacio será eterno"".
Por otra parte, el gobernador de Jalisco dio a conocer que durante su administración se impulsará una inversión de 250 millones de pesos para dotar de juegos unidades y espacios públicos para que las familias enteras puedan acudir a ellos.
""Queremos que vengan más niñas y niños a los espacios públicos. Vamos a implementar juegos infantiles en todos los parques y los bosques urbanos que maneja la agencia, pero he dado la instrucción de que no sean juegos infantiles por cubrir el requisito. Por ejemplo, le he pedido a Jaime Loy que aquí, en el bosque pedagógico El Agua, encontremos un lugar sombreado, pero que los juegos infantiles que traigamos aquí sean completamente rústicos y sobre todo compatibles con el medio ambiente, es decir, hechos de madera que sean completamente sustentables en un área sombreada para que la gente de Santa Margarita y de Tecolandia, además de ir a la unidad deportiva, vengan aquí a convivir también"", dijo el mandatario estatal.
También lee: Cierra convocatoria de ""Yo Jalisco Apoyo para el Transporte"" con récord de solicitudes
""Lo mismo para Colomos uno, pero juegos distintos para el Parque Metropolitano, para el Parque González Gallo, para el Parque Agua Azul, para todos estos espacios públicos grandes áreas de juegos infantiles de primer mundo como los que instalamos en el Parque de las Niñas y los Niños y de ahí nos vamos a ir a todas las unidades deportivas de los 125 municipios del Estado"", finalizó Lemus Navarro.
* * * Mantente al día con las noticias, únete a nuestro canal de Whatsapp * * *
OB
Recibe las últimas noticias en tu e-mail
Todo lo que necesitas saber para comenzar tu día
Registrarse implica aceptar los Términos y Condiciones"
77,NTR Guadalajara,23/04/2025,Ciclovía obstruye acceso a banco del Bienestar,trafilatura,trafilatura,1538,0.41,https://www.ntrguadalajara.com/post.php?id_nota=228867,,"Toda una faena es la que hacen las personas que acuden al banco del Bienestar de la avenida Revolución, en la colonia Sutaj, en Guadalajara, pues la ciclovía instalada en la vialidad obstruye el acceso al estacionamiento de la sucursal.
Si bien es cierto que la vía ciclista está desde la administración de Aristóteles Sandoval Díaz –fue construida por la Secretaría de Infraestructura y Obra Pública (SIOP)–, una vez que se habilitó la sucursal bancaria, en el sexenio de López Obrador, todo indica que no hubo un estudio de campo, ya que ingresar al estacionamiento es complicado debido a que los machuelos de concreto impiden el acceso a los autos y éstos tienen que sortear un poste.
Ante la obstrucción, algunos vehículos de plano bajan a adultos mayores en el carril con el riesgo de que tropiecen o se genere un incidente vial por la falta de avance de los automotores.
""Es un poco difícil porque casi tenemos que cortar la circulación a la hora de intentar ingresar (…) y es necesario entrar al estacionamiento porque nuestros adultos apenas caminan en muchas ocasiones"", expresó Mónica Navarro, quien mes a mes lleva a su madre a dicho banco a retirar dinero.
María Zenaida, de más de 90 años, acudió ayer al banco. Apoyada de su bastón y de la mano de una persona, llamó a ""que planeen bien las obras"".
Además de los machuelos, la ciclovía de la avenida Revolución está descuidada, carece de señalética y postes de seguridad. Mide aproximadamente 6 4. kilómetros desde la calzada Independencia hasta la Glorieta del Charro.
jl/I"
79,EL Occidental,20/04/2025,Miles de personas fueron a la Vía Recreactiva este domingo de vacaciones,trafilatura,trafilatura,687,0.53,https://oem.com.mx/eloccidental/local/via-recreactiva-miles-de-personas-acudieron-a-ella-este-domingo-de-vacaciones-22885339.app.json,,"El ejercicio se realizará el viernes 18 de septiembre en toda la Red Universitaria; simulará un sismo de magnitud 7.7 con epicentro en Tehuacán, Puebla
El titular del SIAPA, Ismael Jáuregui reconoció la importancia del sector hotelero para la economía del estado al realizar inversiones y crear fuentes de empleo
El presidente de la AMHM, detalló que ellos tiene que pagar los servicios con tarifas comerciales y los inmuebles colocados en las plataformas tienen tarifas domésticas que son mucho más baratas
La víctima fue una mujer de 66 años, residente de Cocula; durante la última semana se sumaron 10 casos, por lo que Jalisco alcanzó un acumulado de 163 personas enfermas de dengue."
82,Trafico ZMG,25/03/2025,Rodada ciclista nocturna en Zapopan,trafilatura,trafilatura,1336,0.26,https://traficozmg.com/2025/03/rodada-ciclista-nocturna-en-zapopan/,,"Rodada ciclista nocturna en Zapopan
El ayuntamiento de Zapopan informó sobre la Primera Rodada de la Vía Nocturna, que se celebrará el 26 de marzo del 2025.
Fue mediante un comunicado en redes sociales que el gobierno municipal difundió que esta primer rodada ciclista partirá desde el Parque de las Niñas y los Niños a las 20:30 horas, sobre la avenida Juan Pablo II con dirección a Patria, retornando en el cruce con la avenida Aurelio Ortega hasta José Parres Arias.
Posteriormente tomarán Periférico Norte hasta la escultura «Dos monolitos de concreto», donde darán vuelta en Antonio Madrazo hacia Obreros de Cananea y posteriormente al Centro Cultural Constitución, sobre la avenida Venustiano Carranza, en la que regresarán a Parres Arias, para finalizar en el Parque de las Niñas y los Niños, a las 00:00 horas.
Se invitó a la ciudadanía en general; en cuando a los pequeños del hogar, recomienda que participen niños de 10 años en adelante, siempre acompañados de un adulto. Además de que las bicicletas deberán tener luces y los ciclistas deberán portar su casco de seguridad y ropa reflejante.
Quienes quieran participar tendrán que registrarse en: Formulario de Seguridad para Usuarios
Sofía Mendoza
Nota relacionada: Zapopan impulsa acciones para mejorar la vida de cuidadoras
Debe estar conectado para enviar un comentario."
83,EL Occidental,23/03/2025,Cada vez se reúnen más en la Vía Recreactiva de Guadalajara,bs4,bs4,127,0.33,https://oem.com.mx/eloccidental/local/cada-vez-se-reunen-mas-en-la-via-recreactiva-de-guadalajara-22317820,,"Se reúnen personas de todas las edades

¿Te quedas fuera de la conversación? Mandamos a tu correo el mejor resumen informativo."
85,El Informador,20/03/2025,Así puedes inscribirte a la primera rodada de la Vía Nocturna Zapopan,trafilatura,trafilatura,1987,0.6,https://www.informador.mx/jalisco/Asi-puedes-inscribirte-a-la-primera-rodada-de-la-Via-Nocturna-Zapopan-20250320-0178.html,,"Así puedes inscribirte a la primera rodada de la Vía Nocturna Zapopan
El evento busca que las familias puedan pasear por la ciudad en un recorrido de 10 kilómetros
Se trata de un evento para toda la familia en donde también pueden participar las infancias a partir de los 10 años de edad acompañados de una persona adulta. EL INFORMADOR/ ARCHIVO.
La Vía RecreActiva Zapopan y el Gobierno del municipio invitan a participar en la primera rodada de la Vía Nocturna de Zapopan el próximo miércoles 26 de marzo, es por cupo limitado, por ello aquí te compartimos cómo inscribirte y todo lo que necesitas saber al respecto.
La cita es en punto de las 8:30 de la noche en el Parque de las Niñas y los Niños, que se encuentra junto al edificio del CISZ, frente al estadio de béisbol de Los Charros; se trata de un evento para toda la familia en donde también pueden participar las infancias a partir de los 10 años de edad, acompañadas de una persona adulta.
Te recomendamos: Van por la creación de una fiscalía contra la tortura
De acuerdo con lo informado en las redes sociales de la Vía RecreActiva Zapopan puedes inscribirte a ti o a tu hijo a través del siguiente enlace: https://bit.ly/RegViaNocturnaZapopan, recuerda llevar tu bicicleta con luces, casco, ropa reflejante y agua para hidratarte.
La primera rodada de la Vía Nocturna de Zapopan tiene el objetivo de pasear por la ciudad en un recorrido de 10 kilómetros y visitar algunos de los puntos más bonitos cerca del municipio como: Luz, Piel del tiempo y Dos monolitos de concreto.
Finalmente, se prevé que la primera rodada de la Vía Nocturna Zapopan concluya alrededor de las 12:00 am del jueves, con su regreso también en el Parque de las Niñas y los Niños.
Lee también: Reclaman colectivos de búsqueda que recorrido en el rancho Izaguirre ""fue una burla""
NA
Recibe las últimas noticias en tu e-mail
Todo lo que necesitas saber para comenzar tu día
Registrarse implica aceptar los Términos y Condiciones"
86,El Informador,11/03/2025,¿Cómo sacar la tarjeta de MiBici?,trafilatura,trafilatura,3227,0.56,https://www.informador.mx/jalisco/MiBici-Como-sacar-la-tarjeta-20250310-0197.html,,"¿Cómo sacar la tarjeta de MiBici?
MiBici te permite acceder a más de 4 mil bicicletas distribuidas en distintas estaciones alrededor de la ciudad
Al elegir MiBici, no solo mejoras tu salud, sino que contribuyes al cuidado del medio ambiente. GOBIERNO DE JALISCO
Si te encuentras en Guadalajara y deseas usar el servicio de bicicletas públicas MiBici, obtener tu tarjeta es un proceso sencillo y rápido. Aquí te explicamos cómo hacerlo para que puedas disfrutar del sistema de movilidad más ecológico y conveniente de la ciudad.
Pasos para obtener la tarjeta de MiBici
1. Registrarse en línea
Lo primero que debes hacer es ingresar al sitio web oficial de MiBici: www.mibici.com.mx. En la sección de ""Registro"", tendrás que llenar un formulario con tus datos personales, como tu nombre completo, dirección de correo electrónico, teléfono y una dirección en Guadalajara.
2. Seleccionar el plan adecuado
MiBici ofrece diferentes modalidades dependiendo del uso que le des al servicio. Puedes optar por planes de suscripción mensual, anual o recargar saldo en una tarjeta para viajes más esporádicos.
Asegúrate de elegir la opción que mejor se adapte a tus necesidades de movilidad.
LEE: Aquí se encuentran las 8 nuevas estaciones de MiBici
3. Realizar el pago
Una vez que hayas completado el registro y seleccionado tu plan, se te pedirá que realices el pago correspondiente. Este pago se puede hacer mediante tarjeta de crédito o débito a través de una plataforma de pago segura.
También puedes consultar los diferentes precios y promociones disponibles en su página web.
4. Recoger tu tarjeta
Después de completar el registro y el pago, puedes ir a alguno de los puntos de recarga y venta de tarjetas que se encuentran en varios puntos de la ciudad, como en las estaciones de MiBici. Ahí te entregarán tu tarjeta física, que podrás utilizar para acceder al sistema de bicicletas.
5. Recargar tu tarjeta
La tarjeta MiBici puede recargarse en línea a través de la plataforma o en los puntos de recarga ubicados en estaciones y tiendas autorizadas. Asegúrate de tener saldo suficiente para utilizar las bicicletas cuando las necesites.
¿Cómo usar la tarjeta?
Una vez que tienes tu tarjeta, solo necesitas acercarla al lector en cualquier estación de MiBici, seleccionar una bicicleta disponible y empezar a pedalear. Recuerda que el sistema de bicicletas es ideal para trayectos cortos y te permite acceder a más de 4 mil bicicletas distribuidas en distintas estaciones alrededor de la ciudad.
Beneficios de MiBici:
- Movilidad ecológica: Al elegir MiBici, no solo mejoras tu salud, sino que contribuyes al cuidado del medio ambiente.
- Rápido y económico: Las tarifas son accesibles y es una excelente alternativa al transporte público o al automóvil.
- Facilidad de uso: Puedes usar MiBici para ir a tu trabajo, la universidad o simplemente disfrutar de un paseo por la ciudad.
Si aún no cuentas con la tarjeta de MiBici, ahora ya sabes cómo obtenerla. ¡ínete a la tendencia de moverse de manera más eficiente y saludable en Guadalajara!
EE
Recibe las últimas noticias en tu e-mail
Todo lo que necesitas saber para comenzar tu día
Registrarse implica aceptar los Términos y Condiciones"
87,El Informador,11/03/2025,Mejoran servicio y se suben más a MiBici,trafilatura,trafilatura,5699,0.49,https://www.informador.mx/jalisco/MiBici-Mejoran-servicio-y-suben-usuarios-20250311-0027.html,,"Mejoran servicio y se suben más a MiBici
Usuarios reconocen que se han eliminado fallas en el sistema, pero piden más estaciones hacia Tonalá, Tlaquepaque y Tlajomulco
De acuerdo con una encuesta, la mayoría de los usuarios utiliza el sistema de MiBici para trasladarse a sus centros de trabajo. EL INFORMADOR/A. Navarro
Los viajes realizados en el programa MiBici crecieron en el último año. Los usuarios destacan que mejoró el sistema de balanceo en las bicicletas y reportan más puertos libres para dejarlas cuando terminan sus recorridos, como el caso de Martha Sánchez, inscrita desde 2021. ""Había dejado de usarla por las fallas, pero regresé y me di cuenta de que ya están mejor los balanceos, por lo menos en las estaciones que uso, como en La Normal y sus alrededores"".
El balanceo se refiere a la redistribución de bicicletas entre las estaciones. Consiste en mover unidades desde estaciones saturadas hacia aquellas con poca disponibilidad, asegurando que los usuarios siempre encuentren bicicletas disponibles para tomar y espacios libres donde dejarlas al finalizar su recorrido.
La Agencia Metropolitana de Infraestructura para la Movilidad revela que en 2024 se realizaron 4.6 millones de viajes, un aumento de 360 mil recorridos en el comparativo con el año previo. ""Es una política pública muy práctica. Mi trayecto lo hago en bici, es una manera fácil de trasladarse y evito más contaminación"", dice Esmeralda, quien acentúa que, entre las mejoras, se incrementó el número de estaciones y hay un mayor mantenimiento a las bicicletas.
En años pasados, los usuarios reportaron varias fallas: el programa no tenía un balanceo de bicicletas, no había atención telefónica ni en las oficinas, no se contaba con espacios para dejar la bici al finalizar el recorrido, otras estaciones siempre estaban vacías y las unidades estaban sin mantenimiento. Eso mejoró y por eso hay más pedalistas: en 2022 tenían una suscripción anual 22 mil 558 pedalistas, mientras el año pasado cerró en 24 mil 196. Sin embargo, hay suscripciones por periodos más cortos. Y la mayoría de las personas que utilizan este sistema se movilizan a sus sitios de trabajo.
También destacan la accesibilidad y la facilidad con la que se pueden realizar los trayectos, como el caso de Guadalupe Luna, a quien le parece que el servicio de MiBici ""es muy bueno"". Facilita los tiempos de sus traslados y colabora con un medio ambiente más sano, mientras que a Misael le parece que es accesible y práctico para sus trayectos al trabajo o la universidad. ""Entre las mejoras sí he visto que han movido estaciones que no se usaban tanto y las cambian a lugares más estratégicos"".
Bruno considera que mejoró el servicio que se brinda desde la atención telefónica, al igual que en las redes sociales, ya que atienden las inquietudes de las personas de manera rápida. En los puntos a mejorar, señala, debería ampliarse el sistema ""más allá de la Calzada Independencia"", pues en esta zona de la ciudad se complica hacer uso de las bicicletas por la falta de estaciones.
Hoy están disponibles tres mil 972 bicicletas y 360 estaciones en Guadalajara, Zapopan y Tlaquepaque. El titular de la Agencia, Adrián López González, recordó que, en apuesta a la movilidad urbana, en este año se estará ampliando el programa para sumar 60 nuevas estaciones y 772 bicicletas para conectar hacia el oriente de la ciudad (la suscripción anual tiene un costo de 494 pesos).
Por otra parte, aunque en la ciudad se están incrementando los conductores de los patines eléctricos, no incide en menos uso de MiBici.
Piden más estaciones de MiBici
Expertos en movilidad consideraron que es necesario que haya más estaciones para que el programa MiBici sea más exitoso.
Vania Contreras Ortiz, coordinadora de Metropolitano en Bici, explicó que de haber más estaciones habría más usuarios.
""Yo me muevo mucho en bicicleta, es mi principal medio de transporte, pero no tengo estaciones cerca, entonces para mí es complejo. Cuando voy a un café o restaurante, me tengo que mover en Uber o transporte público, no tengo la seguridad de dejar mi bicicleta en un espacio seguro, pero sería magnífico poderme mover en MiBici; sin embargo, no tengo estaciones cerca"", explicó.
Yeriel Salcedo, académico del Iteso y coordinador del Programa de Movilidad Urbana Sustentable, comentó que el sistema de MiBici ha sido positivo porque fomentó el uso de la bicicleta en la ciudad. Además, impulsó la construcción de infraestructura para la movilidad de parte del Gobierno.
""También, al hacer más cotidiano ver a ciclistas en las calles, eso hizo que los automovilistas ya identifiquen que hay otro medio de movilidad en las calles y hay que compartir"", explicó.
Adicionalmente, dijo que tiene un impacto ambiental, ya que hay más viajes en bici y menos viajes en coche.
El entrevistado consideró que entre los retos del sistema se encuentran el que se debe tener un mayor crecimiento con más planeación y consistencia.
""Sí ha ido creciendo, y eso es bueno, pero creo que tenemos que tener un proyecto más definido de crecimiento y expansión más programado"".
Dijo que existen zonas como el Oriente y el Sur de la ciudad donde faltan más estaciones.
Comparativo desde el inicio hasta la fecha
- Inició en 2014 con 860 bicicletas y 86 estaciones en Guadalajara.
- Hoy cuenta con tres mil 972 bicicletas y 360 estaciones en Guadalajara, Zapopan y Tlaquepaque.
Atención
Teléfono: 33-3002-2424.
Centro de atención: Federalismo Sur 403, en Guadalajara.
Recibe las últimas noticias en tu e-mail
Todo lo que necesitas saber para comenzar tu día
Registrarse implica aceptar los Términos y Condiciones"
88,El Informador,11/03/2025,Ciclovías se duplican en Guadalajara en un sexenio,trafilatura,trafilatura,6107,0.49,https://www.informador.mx/jalisco/Ciclovias-se-duplican-en-Guadalajara-en-un-sexenio-20250311-0023.html,,"Ciclovías se duplican en Guadalajara en un sexenio
Nuevas vías como Mariano Otero, Javier Mina y Paseo Alcalde mejoran la conectividad

Zapopan y Guadalajara lideran la expansión de ciclorrutas; Tlajomulco también invierte. EL INFORMADOR/A. Navarro
Si bien el número de vehículos en la ciudad ha crecido aceleradamente en los últimos años, las autoridades municipales y estatales también han tratado de impulsar medidas que apuesten por la movilidad activa más allá del uso del automotor, siendo parte de ello el incremento de la infraestructura ciclista.
En la Zona Metropolitana de Guadalajara, durante los últimos seis años las ciclovías crecieron más del doble. Mientras en 2019 se reportaron apenas 178.15 kilómetros de infraestructura para el paso seguro de ciclistas, para el cierre de 2024 la cifra ascendió a 425 kilómetros, de acuerdo con cifras de MIDE Jalisco y de la Agencia Metropolitana de Infraestructura para la Movilidad (AMIM). Lo anterior representa un crecimiento del 139 % en los últimos seis años.
Entre las nuevas ciclovías impulsadas más recientemente se encuentra la instalada en prolongación Mariano Otero, en Zapopan; la ampliación de cuatro kilómetros de la ciclovía de paseo Alcalde hasta el parque Agua Azul, en Guadalajara, así como la ciclovía de la avenida Javier Mina, desde Tetlán y hasta la calzada Independencia, con 7.1 kilómetros.
Uno de los espacios destinados a la movilidad no motorizada, relativamente más recientes, es el Busbici de la avenida Hidalgo, que se inauguró en 2020 y se encuentra ubicado entre Victoriano Salado ílvarez y Contreras Medellín, contemplando kilómetros de vía compartida en un carril segregado exclusivo de 3.7 kilómetros.
De hecho, de acuerdo con los datos de la AMIM, fue precisamente la contingencia ocasionada por el COVID-19 la que impulsó el uso de la movilidad activa, sumándose así a la petición de la Organización Mundial de la Salud emitida desde el inicio de la pandemia ""para impulsar el uso de la bicicleta como un medio de transporte para disminuir la posibilidad de contagio del coronavirus"".
De los 425 kilómetros de infraestructura ciclista que existen actualmente, 253 se construyeron entre 2020 y 2024, refieren los datos reportados.
Uno de los espacios ciclistas impulsados, por ejemplo, por el Ayuntamiento de Zapopan, es la que se emprendió sobre la avenida Copérnico, en Paseos del Sol, que contemplaba 3.1 kilómetros de vía exclusiva; sin embargo, los vecinos se opusieron por el presunto tráfico vehicular que esto traería y se opusieron a la obra, misma que continúa frenada, tal como pasó en su momento con la ciclovía de la avenida Guadalupe, aunque esta sí se pudo concluir.
Pese a este tipo de situaciones, Zapopan ha sido uno de los municipios que más ha aumentado kilómetros de ciclorrutas a la ciudad, de acuerdo con el más reciente Informe de Movilidad Ciclista Metropolitana de la AMIM, presentado en 2024, con un 38.36 % más entre 2020 y 2023, solo por debajo de Guadalajara, que incrementó 38.9 %. Tlajomulco de Zúñiga también apostó por impulsar las vías ciclistas de la ciudad, incrementando el 14.87 % los kilómetros destinados a este fin, según dio a conocer el reporte.
Los municipios que no cuentan con ciclovías o no las reportaron a la AMIM fueron El Salto, Juanacatlán, Ixtlahuacán de los Membrillos y Zapotlanejo.
LA VOZ DEL EXPERTO
Todavía hay retos por cumplir
Silvina Razo, especialista en movilidad urbana e integrante de Bicicleta Blanca.
Silvina Razo, especialista en movilidad urbana e integrante de Bicicleta Blanca, consideró que es de reconocerse que ha incrementado la infraestructura ciclista en la ciudad, y que, de acuerdo con los análisis de Bicicleta Blanca, ha incidido en minimizar las fatalidades de ciclistas al interior de la Metrópoli, sin dejar de lado que ahora se ha extendido hacia las periferias, donde, puntualizó, falta infraestructura ciclista.
Por ejemplo, comentó que se ha identificado que en varios puntos del Periférico todavía falta terminar e interconectar la ciclovía que se proyectó, aunque se ha mencionado que ya fue entregada.
""Es necesario generar alianzas, con voluntad política, para incentivar medios alternos de transporte, en este caso, el uso de la bicicleta. Valdría la pena que, conforme van cambiando las administraciones, se vayan comprometiendo a establecer qué porcentaje de ciclovías y de infraestructura ciclista van a estar realizando en sus gobiernos, porque van y vienen sin un compromiso fehaciente al respecto, y muchas veces sólo se queda como promesas de campaña"", finalizó.
No sólo construir y segmentar
Génesis Díaz, integrante de Femibici
Génesis Díaz, integrante de Femibici, consideró que siempre será reconocido el que siga creciendo la infraestructura ciclista a fin de seguir impulsando la movilidad no motorizada. Sin embargo, señaló, es momento de retomar el tema para consideraciones respecto del cómo seguir mejorando la infraestructura ciclista, pues no solo se trata de segmentar y construir.
""Aún faltan políticas públicas que impulsen y sostengan los diferentes tipos de movilidad en cuestión de las ciclovías. Como bien lo mencionas, puede que haya habido un aumento, porque en sí la movilidad urbana es un acto necesario que tenemos que hacer todos los días, todos y todas, partiendo de que todos somos peatones en determinado momento del día. Partiendo de ahí, qué bueno que vaya en aumento, pero necesitamos más condiciones en cuestión de infraestructura y de seguridad pública, en cuanto al diseño del territorio y la infraestructura segura, por ejemplo, para que más mujeres, jóvenes y niñas se suban a la bicicleta y puedan realizar sus viajes de una manera segura"", comentó.
En este sentido, dijo, es necesario reforzar la seguridad de las ciclovías, no solo para proteger los espacios del paso de los vehículos, sino también que estén iluminadas y en buenas condiciones.
Recibe las últimas noticias en tu e-mail
Todo lo que necesitas saber para comenzar tu día
Registrarse implica aceptar los Términos y Condiciones"
89,El Informador,11/03/2025,Proponen 14 nuevas ciclovías para Guadalajara,trafilatura,trafilatura,3790,0.58,https://www.informador.mx/jalisco/Ciclovias-Proponen-14-nuevas-rutas-para-Guadalajara-20250310-0202.html,,"Proponen 14 nuevas ciclovías para Guadalajara
Con los nuevos trayectos, la ruta de avenida Patria estaría corriendo desde la Federalismo hasta Cruz del Sur, y habría un carril exclusivo en Lázaro Cárdenas
Existe la posibilidad de conectar la avenida Federalismo con una ciclovía desde ívila Camacho hasta avenida Las Torres. EL INFORMADOR/Archivo
De acuerdo con la Estrategia Metropolitana de Movilidad Emergente, impulsada por el Instituto Metropolitano de Planeación (Imeplan) y la Unión Europea, dada a conocer en 2022, se encuentran latentes al menos 14 nuevas ciclovías para la ciudad, según muestra el mapa de infraestructura ciclista presentado en el mismo.
Se trata de al menos siete ciclovías que estarían impulsando los municipios de la Zona Metropolitana de Guadalajara, y seis potenciales identificadas por el Programa de Ordenamiento Territorial (POTMet) del Imeplan y una que estarían impulsando en conjunto, siendo esta la ciclovía de la avenida Patria.
Según el proyecto preliminar, del cual no hay hasta el momento datos específicos, sino que solamente se trata de una proyección analizada de la mano de los ayuntamientos durante su construcción, la ciclovía de la avenida Patria estaría corriendo desde la avenida Federalismo y hasta la avenida Cruz del Sur.
En el caso de las ciclovías proyectadas por los municipios se encuentra, por ejemplo, la posibilidad de conectar la avenida Federalismo, desde ívila Camacho a avenida Las Torres, siendo esta ciclovía, precisamente, una de las más solicitadas por la comunidad ciclista, como consideraron, por ejemplo, Claudia Hurtado y Carlos Ibarra, quien especificó que esta ciclovía debería poder conectar tanto con el Periférico Norte como con el Periférico Sur, y así poder continuar los trayectos por esta vía.
""Deberíamos empezar a planear que las ciclovías conecten con todas las estaciones de transporte masivo si queremos un modelo de movilidad multimodal. También hay que recordar que hay un plan maestro de movilidad no motorizada y el Plan Integral de Movilidad Urbana Sustentable"", destacó por su parte Alberto Macías.
Para Phau Espinosa, entre las ciclovías más importantes por construir se encuentra alguna que pudiera correr hacia la Colón Industrial, pudiendo ser una de ellas, precisamente, la de Federalismo/avenida Colón, y otra sobre la calzada Independencia, ya que dijo ""mucha gente se transporta hacia el trabajo en bicicleta y se mete al carril del Macrobús, poniendo en riesgo su integridad física por el paso del vehículo articulado"".
Otra de las ciclovías que aparece dentro de las proyecciones es la que estaría corriendo por la avenida López Mateos, de Lázaro Cárdenas al Periférico Sur, así como la continuación de la ciclovía de Periférico, de Centro Sur a Las Liebres, que aún no aparecía como terminada debido a los trabajos complementarios que restan por emprender en las laterales del Periférico ante la llegada del Peribús.
Conectando con esta ciclovía estaría una que correría de Prolongación Colón, pasando por Camino Real a Colima, y llegando hasta La Tijera.
Mientras este tipo de proyectos se concluyen, uno de los que sí está en puerta e incluso ya ha comenzado es la construcción de la ciclovía que acompañará el nuevo nodo que, en Zapopan, conectará a la avenida Patria con la avenida Universidad.
Según dio a conocer el director de Obras Públicas del municipio, Ismael Jáuregui, a inicios de este 2025, durante la presentación del proyecto, la ciclovía comenzará en avenida Universidad, atravesará Juan Palomar y Arias y llegará hasta el Periférico, garantizando continuidad para los ciclistas.
Recibe las últimas noticias en tu e-mail
Todo lo que necesitas saber para comenzar tu día
Registrarse implica aceptar los Términos y Condiciones"
90,Pasajero 7,10/03/2025,MiBici expande su red con enfoque de género,trafilatura,trafilatura,3601,0.65,https://www.pasajero7.com/mibici-expande-red-enfoque-genero/,,"Con el objetivo de hacer el sistema de bicicletas públicas más accesible y seguro para todas las personas, especialmente para las mujeres, el Sistema MiBici Pública ha sumado ocho nuevas estaciones en Guadalajara y Zapopan. Esta ampliación, impulsada por la Agencia Metropolitana de Infraestructura para la Movilidad (AMIM) y el Instituto de Planeación y Gestión del Desarrollo del Área Metropolitana (Imeplan), sigue criterios de perspectiva de género para la selección de ubicaciones.
Un esfuerzo conjunto para una movilidad más equitativa
La expansión de MiBici se llevó a cabo en colaboración con BKT Bici Pública y el colectivo Transeúntas. Adrián López, Administrador de AMIM, destacó que este trabajo interinstitucional contribuye a mejorar la seguridad de quienes utilizan el sistema.
Las nuevas estaciones se instalaron en las colonias Americana, Obrera, Alcalde Barranquitas, Mezquitán Country, Moderna y Arcos Vallarta en Guadalajara, mientras que en Zapopan se añadieron estaciones en las colonias Patria y Tepeyac.
El proceso de selección comenzó con la evaluación de 38 posibles ubicaciones que cumplían con criterios operativos y de disponibilidad de uso. Equipos de trabajo realizaron visitas de campo para analizar la dinámica urbana y recopilar información clave.
Criterios de género en la selección de estaciones
Según Patricia Martínez Barba, Directora de Imeplan, la ubicación de las estaciones se basó en la ""Guía de Implementación con Perspectiva de Género de Sistemas de Bicicleta Pública"", elaborada por BKT y Transeúntas.
""La guía nos da los criterios para identificar lugares donde las mujeres nos podemos sentir más seguras"", explicó.
Gabriela Becerra, del Comité de Diversidad, Equidad, Inclusión y Pertenencia de NABSA y BKT, detalló que el proceso incluyó la participación de usuarias en recorridos exploratorios para identificar factores de seguridad en el entorno. Se utilizó la metodología de Entornos Habitables del Col.lectiu Punt 6 de Barcelona para definir los criterios de selección.
Los espacios fueron evaluados con base en 35 criterios como cercanía a alumbrado público, presencia de cámaras de seguridad, calidad de la infraestructura peatonal y conectividad con otros modos de transporte. La ciudadanía otorgó puntuaciones del 1 al 5, y a partir de estos resultados se realizaron recomendaciones para mejorar la seguridad en las estaciones.
¿Más estaciones, más seguridad?
La incorporación de estas ocho estaciones eleva el número total a 368 puntos de anclaje y más de 4,000 bicicletas disponibles en el sistema.
El impacto del programa en la movilidad de las mujeres es innegable. En 2024, MiBici alcanzó un récord histórico en el registro de usuarias, con 9,600 mujeres inscritas, lo que representa un incremento del 14.7% en comparación con 2023. Además, hasta febrero de 2024, se han contabilizado más de 8.2 millones de viajes realizados por mujeres.
Las autoridades han prometido seguir aplicando esta metodología en futuras ampliaciones de MiBici, pero el reto es mayor. De poco servirá una estación bien ubicada si el entorno sigue siendo hostil para las mujeres.
Ubicación de las nuevas estaciones
ZPN-077: Av. Dr. Luis Farah y Av. José Simeon de Urias (en instalación)
ZPN-078: Lago Constancia y San Jorge
GDL-276: Francisco de Quevedo y Miguel Lerdo de Tejada
GDL-277: 8 de Julio y Av. Alemania
GDL-278: Ignacio Ramírez y Calle del Istmo
GDL-279: Belén y Av. de los Maestros
GDL-280: Diagonal Golfo de Cortés y Fernando de Celada
GDL-281: Nevado de Toluca y Av. de los Maestros
Para conocer más sobre la red de estaciones, visita: Mapa de MiBici"
91,El Informador,09/03/2025,MiBici suma 368 estaciones y más de 4 mil bicicletas,trafilatura,trafilatura,4619,0.58,https://www.informador.mx/jalisco/MiBici-suma-368-estaciones-y-mas-de-4-mil-bicicletas-20250309-0073.html,,"MiBici suma 368 estaciones y más de 4 mil bicicletas
Inauguraron ocho estaciones de MiBici con perspectiva de género
Estas son las ubicaciones de las 8 nuevas estaciones de MiBici. ESPECIAL / IMEPLAN
Con el objetivo de ofrecer un servicio de bicicletas públicas más accesible, seguro e inclusivo para todas las personas, en especial para las mujeres, se realizó la instalación de ocho estaciones del Sistema MiBici Pública, considerando criterios con perspectiva de género para sus ubicaciones.
En un comunicado, el Gobierno de Jalisco informó que este trabajo se desarrolló por parte de la Agencia Metropolitana de Infraestructura para la Movilidad (AMIM) y el Instituto de Planeación y Gestión del Desarrollo del írea Metropolitana (Imeplan), en conjunto con BKT Bici Pública y el colectivo Transeúntas.
Adrián López, Administrador de AMIM, explicó que esta acción conjunta abona a la seguridad de quienes utilizan este sistema.
Las estaciones están ubicadas en las colonias Americana, Obrera, Alcalde Barranquitas, Mezquitán Country, Moderna y Arcos Vallarta en Guadalajara, así como dos estaciones más en las colonias Patria y Tepeyac en Zapopan.
LEE: Abarrotan la ciudad más de 15 mil distribuidores de Omnilife
El proceso inició con una preselección de 38 ubicaciones estratégicas. que cumplieran con uso y disponibilidad operativa; se visitaron todas en conjunto con los equipos de trabajo observando detalladamente las dinámicas de la zona y haciendo levantamientos de información en los alrededores.
Patricia Martínez Barba, Directora de Imeplan, mencionó que la ubicación de las ocho estaciones se basa en los criterios de la: ""Guía de Implementación con Perspectiva de Género de Sistemas de Bicicleta Pública"".
""Es una guía, realizada entre BKT y Transeúntas, que nos dan los criterios para identificar lugares más propicios para instalar las estaciones de MiBici donde las mujeres nos podemos sentir más seguras"", compartió.
La Directora adelantó que desde Imeplan y AMIM seguirán trabajando en esta metodología de planeación con perspectiva de género para futuras ampliaciones del sistema MiBici.
Gabriela Becerra, del Comité de Diversidad, Equidad, Inclusión y Pertenencia de NABSA y BKT, mencionó que la guía se trabajó con un modelo participativo.
""Se invitaron a usuarias a caminar y reconocer los alrededores de las estaciones y, con base en la metodología de Entornos Habitables del Col.lectiu Punt 6 de Barcelona, es que se crearon los criterios para la ubicación de las estaciones"", enfatizó.
A partir de 35 criterios generados para la guía, las ubicaciones fueron evaluadas y calificadas por la ciudadanía bajo una escala de puntuación del 1 al 5. Para ello, se consideran aspectos fundamentales como la cercanía con el alumbrado público, la seguridad vial, la conectividad y la calidad de la infraestructura en los alrededores.
 Se asignaron puntuaciones en áreas clave como el alumbrado público, la cercanía con cámaras del C5 y la calidad de las banquetas y otros elementos urbanos.
Te puede interesar: Aseguran taller para elaborar explosivos en Teocaltiche
Con base en esta evaluación, se realizaron recomendaciones para mejorar los espacios con el fin de ofrecer una mayor seguridad y comodidad para las y los usuarios.
La inclusión de estas nuevas estaciones eleva a 368 el número total de estaciones y más de 4 mil bicicletas disponibles en el sistema MiBici.
El año 2024 marcó un hito para el Sistema MiBici con un récord histórico en el número de mujeres registradas.
Con 9 mil 600 registros de usuarias, MiBici experimentó un incremento del 14.7 por ciento en comparación con 2023, cuando se registraron 8 mil 370 mujeres.
Hasta febrero de 2024 se han realizado más de 8.2 millones de viajes por parte de usuarias del sistema.
Ubicación de las 8 nuevas estaciones
ZPN-077: Av. Dr. Luis Farah y Av. José Simeon de Urias (en proceso de instalación).
 ZPN-078: Lago Constancia y San Jorge
 GDL-276: Francisco de Quevedo y Miguel Lerdo de Tejada
 GDL-277: 8 de Julio y Av. Alemania
 GDL-278: Ignacio Ramirez y Calle del Istmo
 GDL-279: Belén y Av de los Maestros 
 GDL-280: Diagonal Golfo de Cortés y Fernando de Celada
 GDL-281: Nevado de Toluca y Av. de los Maestros
Se pueden conocer las ubicaciones en el enlace https://mibici.net/es/mapa/
*Mantente al día con las noticias, únete a nuestro canal de WhatsApp aquí: https://whatsapp.com/channel/0029VaAf9Pu9hXF1EJ561i03
MV
Recibe las últimas noticias en tu e-mail
Todo lo que necesitas saber para comenzar tu día
Registrarse implica aceptar los Términos y Condiciones"
92,Mural,08/03/2025,Pedalean por atropellados en Guadalajara,trafilatura,trafilatura,579,0.88,https://www.mural.com.mx/pedalean-por-atropellados-en-guadalajara/ar2966833,,"Pedalean por atropellados en Guadalajara
01 MIN 30 SEG
Grupo REFORMA
Guadalajara, México (08 marzo 2025) .-21:56 hrs
Los colectivos señalaron su preocupación por el aumento de incidentes con las personas que usan la bicicleta como su medio de transporte o de forma recreativa. Crédito: Ismael Ramírez.
El recorrido comenzó en el Andador Palestina Libre (Escorza). Crédito: Ismael Ramírez.
Colectivos de ciclistas se unieron el viernes para hacer una rodada en protesta por la muerte de Rubén Darío Zavala, además de colocar una Bicicleta Blanca en el lugar donde fue atropellado."
93,Notisistema,04/03/2025,Limpian ciclovía de Periférico tras denuncias de usuarios,trafilatura,trafilatura,748,0.35,https://www.notisistema.com/noticias/limpian-ciclovia-de-periferico-tras-denuncias-de-usuarios/,,"Luego de diversas denuncias hechas por usuarios sobre la obstrucción de la ciclovía de Periférico oriente, esto derivado de las obras que se realizan para la construcción de Arena Guadalajara, el ayuntamiento tapatío informó a Notisistema que el carril confinado quedó libre de escombros y piedras.
Fue durante la tarde-noche de ayer que personal del ayuntamiento tapatío acudió para retirar los vestigios que impedían en libre y seguro tránsito de los ciclistas por este tramo del Anillo Metropolitano, donde desde 15 días atrás se comenzó a tapar el carril ciclista con parte de la tierra y los escombros que se dejan por parte de la construcción del recinto de espectáculos, el cual por cierto sigue sin ser inaugurado. (Por Edgar Flores Maciel)"
94,Notisistema,03/03/2025,Escombros de obra de Arena GDL obstruyen ciclovía de Periférico,trafilatura,trafilatura,810,0.14,https://www.notisistema.com/noticias/escombros-de-obra-de-arena-gdl-obstruyen-ciclovia-de-periferico/,,"Restos de tierra, grava y algunos otros materiales, mantienen parcialmente obstruida la ciclovía de Periférico Oriente a la altura de la calle Carlos Castillo Peraza, esto debido a las obras de Arena Guadalajara que siguen sin concluir.
Este lunes, aproximadamente un tramo de cinco metros se encontraba intransitable, por lo que ciclistas tenían que bajar al arroyo vehicular, o bien subir a la banqueta para no tener un percance con las piedras sueltas que cubren la vía confinada.
Actualmente también se construye la calle lateral a dicho reciento, lo que obliga al cierre total de la vialidad y la entrada y salida constante de vehículos de carga.
El problema según han evidenciado usuarios en redes sociales, tiene ya las de 15 días sin que se haga la limpieza de dicha ciclovía. (Por Edgar Flores Maciel)"
95,Meganoticias,03/03/2025,Dejan sin sanciones las faltas contra ciclistas,trafilatura,trafilatura,3197,0.24,https://www.meganoticias.mx/guadalajara/noticia/dejan-sin-sanciones-las-faltas-contra-ciclistas/600492,,"Movilidad
                                                                    
                                                Por:
                                                                    								Héctor Escamilla
                    							 
                    							
Guadalajara
Fecha: 03-03-2025
                                        Guadalajara
Fecha: 03-03-2025
A pesar de las políticas implementadas por las autoridades para impulsar la cultura ciclista, la realidad es que son aún muy pocos los viajes que se realizan en la ciudad a través de este medio de transporte. De los 2.5 millones de viajes diarios en la ciudad, apenas 1.9 por ciento son en bici.
Según datos de la Encuesta Origen Destino, uno de los principales motivos para que la gente no use la bicicleta, es la seguridad y ello tiene que ver tanto con la falta de infraestructura, según informó 38%, de los encuestados, pero también la falta de respeto hacia este sector por automovilistas y otros actores de la movilidad, según dijeron 29% de los encuestados. El 44% de los encuestados afirmó no usar la bicicleta por temor a su seguridad.
Datos del Observatorio Ciudadano de Movilidad, documentan 332 accidentes que derivaron en la muerte de ciclistas, desde el año 2009. Hubo 16 ciclistas muertos en 2024 y en lo que va de 2025 ya se reporta un fallecimiento.
Según datos del PIMUS, actualmente hay 346.95 kilómetros de ciclovías. De ellas, 43% se encuentran en el municipio de Zapopan, 38% en Guadalajara y el resto distribuido en otros municipios. A decir de las autoridades, cada vez se aumenta la interconexión entre ellas, pues aseguran que 88.2% conecta con otras ciclovías y 11.8% están inconexas o incompletas.
Mayor infraestructura en definitiva reduce la mortalidad. Sin embargo, la pregunta es, si la cifra de kilómetros de ciclovías pasó de 35.5 kilómetros en 2015 a 347 kilómetros en 2025, ¿por qué se siguen presentando accidentes? La falta de cultura vial podría ser una explicación.
Según muestran los datos de la Policía Vial, las acciones que afectan a los ciclistas se sancionan poco. Las multas son de 20 a 60 UMA, es decir de dos mil 262 a seis mil 788 pesos.
Lo que más se sanciona es invadir ciclovías: entre enero de 2019 y enero de 2025 suman dos mil 688 multas.
Multas por faltas contra ciclistas 2019 - 2025
- Circular o estacionarse en ciclovía 2,698 infracciones
- No respetar distancia con el ciclista 109 infracciones
- No respetar preferencia ciclista 29 infracciones
- Interferir o dividir en un grupo ciclista 59 infracciones
- Invadir zona de espera en semáforos 25 infracciones
Fuente: Policia Vial Art. 367 Ley de Movilidad, Seguridad Vial y Transporte de Jalisco (Art. 183 Bis Previo a la Reforma de 2022)
""Hace falta muchísima cultura vial y para el ciclista mucha protección. ¿Cuál avenida considera que es la más peligrosa ahora que ha manejado bicicleta? Periférico, pero hay muchos, Federalismo, López Mateos"", expresó Óscar Molina, ciclista
Aunque mucha gente comenzó a usar bicicletas durante la pandemia, el uso decayó en los años posteriores. Estudios de Movilidad del IMEPLAN muestran que en pandemia, 2.7% de los viajes se hacían en bicicleta y decayó a 1.9%."
98,Azteca Jalisco,13/02/2025,Lista OFICIAL de transportes que NO PODRÁN entrar a la Vía Recreactiva en Guadalajara a partir de febrero de 2025,trafilatura,trafilatura,1958,1.27,https://www.aztecajalisco.com/local/via-recreactiva-guadalajara-tipo-vehiculos-no-podran-entrar-febrero-2025/,,"Usuarios que frecuenten la Vía Recreactiva, cada domingo por calles de Guadalajara, deben conocer las disposiciones gubernamentales que se emplean este año a fin de evitar alguna molestia o que sean retirados de este paseo de más de 30 kilómetros.
El ayuntamiento de Guadalajara anunció que a partir del domingo 9 de febrero de 2025 se restringirá el uso de cierto tipo de vehículos que hasta entonces habían circulado por la vía sin ningún problema.
TE PUEDE INTERESAR: Cinco días habrá cierres viales en el Centro de Guadalajara por festival
¿Qué vehículos no podrán usar la Vía Recreactiva a partir de febrero de 2025?
Aunque desde su inicio, hace 20 años, el reglamento de la Vía Recreactiva ya establecía el tipo de vehículos que tenían prohibido circular por este paseo dominical, como motocicletas y automóviles, recientemente se agregó a esta lista a los scooters y bicicletas eléctricas.
Esta medida es por seguridad de los usuarios, ya que este tipo de vehículos pueden alcanzar altas velocidades y poner en riesgo la integridad de las personas si llegan a chocar.
En ese sentido, autoridades y voluntariado de este programa podrán apercibir a los usuarios de scooters y bicicletas eléctricas para que dejen de usarlos mientras transitan por la Vía Recreactiva.
TE PUEDE INTERESAR: ¿Aplicará en Jalisco? Esta es la FECHA Y HORA EXACTA del cambio de horario de verano en 2025
¿Qué tipo de vehículos sí están permitidos en la Vía Recreactiva de Guadalajara?
Pueden transitar por esta vía los usuarios de vehículos no motorizados, principalmente de tracción humana, como bicicleta, monociclo, triciclo y cuatriciclo; así como patines, patinetas y monopatines.
Los únicos vehículos motorizados que SÍ están permitidos son aquellos que utilizan las personas con discapacidad para su movilidad y que no alcanzan velocidades mayores a 25 kilómetros por hora.
TE PUEDE INTERESAR: Cuca GRATIS en Guadalajara: Posible setlist para el concierto del 1 de marzo"
99,NTR Guadalajara,12/02/2025,Muere primer ciclista del 2025 tras un accidente,trafilatura,trafilatura,1516,0.42,https://www.ntrguadalajara.com/post.php?id_nota=225995,,"La noche del lunes se registró la primera muerte de un ciclista por accidente en la ciudad. Ocurrió en la carretera libre a Zapotlanejo y Camino a Santa Rita, en Tonalá, donde la víctima fue impactada por la parte trasera por un motociclista y luego quedó bajo un camión recolector de basura.
Según el conteo que la organización Bici Blanca realiza de las muertes de ciclistas por accidentes y atropellamientos, en el 2024 se registraron 16 y desde el 2009 iban 332, pero ahora son 333.
Al respecto, Yeriel Salcedo Torres, integrante de Bici Blanca, exhortó a poner atención en la movilidad de los motoristas, pues cada vez es más frecuente la participación de estos conductores en accidentes viales.
""Empezamos con una muerte que muestra un reflejo de una problemática que se está gestando más fuerte, que es el tema de la movilidad motociclista"", dijo.
El activista también llamó a reforzar la supervisión a las motocicletas debido a que algunos de sus conductores usan infraestructura ciclista para circular sin que haya sanciones.
La muerte de este lunes, añadió, también evidenció que los accidentes de este tipo persisten en las periferias de la ciudad por la falta de infraestructura.
""Es urgente que tengamos infraestructura adecuada para todos estos lugares y más en este tipo de lugares como las carreteras, las carreteras entre comillas, porque son más ya vialidades urbanas dentro de la mancha urbana y son vialidades de altas velocidades y ahí es urgente que tengamos ciclovías segregadas"", afirmó.
jl/I"
100,NTR Guadalajara,09/02/2025,Vía RecreActiva celebra 20 años,trafilatura,trafilatura,3286,0.22,https://www.ntrguadalajara.com/post.php?id_nota=225866,,"El Gobierno de Guadalajara lanzó nuevas actividades en la Vía RecreActiva, las cuales fueron aprovechadas por padres de familia y dueños de mascotas, quienes aprovecharon para llevarlos al Parque 18 de Marzo, en la ex penal de Oblatos, uno de los puntos con más oferta.
Carlos Lara, habitante de Talpita, llevó a sus tres hijos a que dibujaran y conocieran la feria deportiva inflable. ""Me gusta mucho este tipo de actividades porque todos podemos participar. Cada domingo vengo con mis hijos a la Vía, principalmente en bicicleta. Hacemos recorridos a varios lugares, como al Centro"".
Dijo que ya había visitado el Parque 18 de Marzo y ahora hay más cosas que hacer. ""Me gusta lo que pusieron"".
Por otra parte, Ana García llevó a su gato, de tres años, a la unidad móvil de Bienestar Animal a que lo esterilizaran. Contó que llamó al Centro de Control Animal del Parque González Gallo y le hicieron la cita para que fuera a este nuevo espacio. Afirmó que no le iban a cobrar nada por este servicio.
""Hay una sobrepoblación de animales callejeros y esta es una oportunidad para reducir este problema. La esterilización ayuda a reducir situaciones hormonales, evitan comportamientos por ejemplo de que marquen tu casa, andar en la calle o pelearse con otros gatos"", comentó García.
Buscan aumentar asistentes
La presidenta municipal de Guadalajara, Verónica Delgadillo García, informó que con esta renovación buscan superar los 100 mil asistentes que cada domingo acuden a la ruta de 31 kilómetros.
""Comentaba el ex gobernador Emilio González Márquez, que cuando él comenzó hace 20 años tenían como el cálculo de 5000 personas y que, según registros de la Universidad de Guadalajara el primer domingo alcanzaron las 10 mil personas. Es decir, que ya tenemos 10 veces más lo que comenzó hace 20 años. Eso habla muy bien de la vía recreativa.
Sobre una meta, comentó que no adelantará estimaciones. ""Yo quisiera ver cómo reacciona esta primera semana y ya les estaremos diciendo y lo que más importa también es que el que venga la goce muchísimo y que tengas una diversión más integral"".
También remarcó que las actividades son permanentes. ""Cada domingo que vengan van a encontrar vehículos de apoyo, como los que están viendo aquí. Cada semana van a encontrar mucha oferta cultural, oferta deportiva"", compartió la alcaldesa.
La inversión este año pasó de cinco millones a una inversión de 14 millones 95 mil pesos para la Vía. Delgadillo García comentó que había alrededor de 300 y ahora trabajarán 624 personas. ""También más voluntarios y voluntarias, arreglamos sus uniformes y también tenemos más equipo que va a estar en diferentes puntos también para llevar a otras actividades deportivas. Es decir, que lo que queremos hacer es que sea un punto con mayor oferta para que ahora sí todas y todos vengan todavía a gozar más de la Vida RecreActiva"".
La Coordinadora General de Construcción de Comunidad, Erika Crystal Zavala, explicó que habrá cursos y talleres de concienciación, de tenencia responsable, talleres de medio ambiente, y servicios médicos municipales con protección civil
Además, desde la Dirección de Juventud tendrán propuestas y presentaciones, y por parte de la Dirección de Educación habrá talleres lúdicos recreativos y de cuentacuentos en diferentes espacios.
GR"
101,NTR Guadalajara,09/02/2025,Piden evitar patines eléctricos en Vía RecreActiva,trafilatura,trafilatura,1249,0.22,https://www.ntrguadalajara.com/post.php?id_nota=225867,,"La presidenta municipal de Guadalajara, Verónica Delgadillo García, informó que desde la Secretaría General de Gobierno se está trabajando para concientizar a la ciudadanía de que está prohibido circular con ""scooters"" o patines eléctricos en la Vía RecreActiva.
""El secretario general de gobierno (Manuel Romo) ya ha tenido acercamientos con algunos colectivos que venían aquí a participar en la Vía RecreActiva y vamos a estar de manera permanente con todo el personal recordándoles que este no es un espacio para vehículo motorizado"", dijo.
Sobre las sanciones, comentó que en esta primera etapa van a generar mucha conciencia con el personal de apoyo, pero no dio fecha para que comiencen las sanciones, sino que revisarán cómo funciona la socialización.
""Tendremos que dejarlo sólo en el tema de concientización y si así funciona, esperemos que se pueda quedar así. Hay que recordar que está restringido, que no pueden entrar los patines a la Vía Recreativa, porque pueden tomar velocidades de 40 kilómetros por hora y eso puede poner en riesgo la integridad de las niñas, niños o adultos mayores"", detalló la alcaldesa.
Sobre el crecimiento de la Vía, comentó que lo que se busca es fortalecer las actividades en el espacio que ya se tiene.
GR"
102,UDGTV,09/02/2025,Relanzan la Vía RecreActiva; vigilarán que no circulen ni bicis ni patines eléctricos,trafilatura,trafilatura,2598,0.61,https://udgtv.com/noticias/relanzan-la-via-recreactiva/256965,,"Guadalajara, Jalisco.
La Vía RecreActiva vivió una etapa de relanzamiento, con nuevas actividades, nueva imagen y mayor personal de vigilancia para darle mayor seguridad a los paseantes.
Este domingo se realizaron 28 actividades diferentes y se logró un récord de más de 100 mil asistentes a lo largo de 30 kilómetros del paseo dominical.
El banderazo de salida lo dio la presidenta municipal de Guadalajara, Verónica Delgadillo, en la explanada del parque de la Ex Penal, en Javier Mina y la calle 58.
En el acto se entregaron reconocimientos a los impulsores de la Vía RecreActiva hace más de 21 años, entre ellos José Palacios y Tomás López Miranda, de la asociación Guadalajara 500 y al ex alcalde Emilio González Márquez.
""Quiero decirles que este es el inicio de algo que va a permanecer en la Vía RecreActiva. Hicimos una inversión histórica, pasamos de 5 millones a casi 15 millones de pesos, con más personal, más actividades, más apoyo y también más infraestructura para que sea un lugar de más convivencia.
Ustedes saben que lo que pasa en la Vía RecreActiva, es algo que se tiene que multiplicar al resto de la ciudad"", explicó.
La Vía RecreActiva tiene ahora clases de batucada, asesorías nutricionales, conciertos al aire libre y puestos de vacunación para mascotas.
- También van a recorrer la Vía, cuatro bici contenedores para recoger la basura e invitar a los paseantes a no dejar residuos en la calle.
La presidenta municipal reconoció que se va reforzar la vigilancia a lo largo de la vía para retirar a quienes transiten en patines eléctricos y bicis eléctricas, ya que esta prohibido que circulen por el paseo.
""Ya se está trabajando, el secretario general de gobierno ya ha tenido acercamiento con algunos colectivos que venían aquí a participar en la Vía RecreActiva y vamos a estar de manera permanente con todo el personal recordándoles que este no es un espacio para vehículos motirizados.
Tienen que ser vehículos de tracción humana y es la mejor forma de convivir. Claro que sí vamos a seguir cuidando, para que no pasen ni en bicicleta eléctrica ni andando rápido ni en patín eléctrico"", aclaró. 3.07
David Prado, director del Comude Guadalajara, señaló que, ante el aumento de actividades, este domingo se estableció un récord de más de 100 mil visitantes.
- Relanzan la Vía RecreActiva; vigilarán que no circulen ni bicis ni patines eléctricos - 09 febrero, 2025
- Piden arreglar la escultura en bronce de Cuauhtémoc y restituir a Tenamaxtli, en Analco - 09 febrero, 2025
- El relevo de la alcaldesa de Santa María de los Ángeles, cumplió con la ley - 31 enero, 2025"
103,Notisistema,07/02/2025,Vía RecreActiva ofrecerá nuevas actividades culturales,trafilatura,trafilatura,315,0.2,https://www.notisistema.com/noticias/via-recreactiva-ofrecera-nuevas-actividades-culturales/,,"A partir de este domingo, la Vía RecreActiva de Guadalajara estrenará imagen y ofrecerá nuevas actividades culturales y de servicio para sus visitantes.
Entre las novedades destacan conciertos de la estudiantina municipal, jornadas de esterilización gratuita para mascotas y exhibiciones de acrobacias en bicicleta."
104,EL Occidental,06/02/2025,Renuevan la vía recreactiva; tendrá dos jornadas nocturnas al año,bs4,bs4,137,0.42,https://oem.com.mx/eloccidental/local/renuevan-la-via-recreactiva-tendra-dos-jornadas-nocturnas-al-ano-21562426,,"Quieren que sea patrimonio cultural de la ciudad

¿Te quedas fuera de la conversación? Mandamos a tu correo el mejor resumen informativo."
105,El Informador,06/02/2025,Renuevan imagen de Vía RecreActiva a 20 años de su inauguración,trafilatura,trafilatura,4092,0.66,https://www.informador.mx/jalisco/A-20-anos-de-su-inauguracion-Guadalajara-renueva-actividades-e-imagen-de-la-Via-RecreActiva-20250206-0139.html,,"Renuevan imagen de Vía RecreActiva a 20 años de su inauguración
Luego de 20 años de su inauguración, la Vía RecreActiva será renovada con nuevas actividades culturales y deportivas
Este año se tendrán 28 actividades nuevas, que comenzarán en la explanada del parque Ex Penal, en la colonia Oblatos a las 9:00 horas. EL INFORMADOR/O. GONZíLEZ HERNíNDEZ
Luego de 20 años de que se inauguró la Vía RecreActiva en Guadalajara, a partir del domingo 9 de febrero contará con más actividades culturales y deportivas, dos jornadas nocturnas y una nueva imagen para incentivar que más personas salgan a conocer la ciudad por algunas de las avenidas que, entre semana, suelen ser muy transitadas.
Este año se tendrán 28 actividades nuevas, que comenzarán en la explanada del parque Ex Penal, en la colonia Oblatos a las 9:00 horas. Se brindará esterilización gratuita para mascotas, así como vacunación y desparasitación. Además, en el parque Rojo habrá exposiciones de taekwondo y BMX, mientras que en el corredor Chapultepec se alistan campañas de vacunación contra la influenza, charlas y chequeos médicos gratuitos.
Te puede interesar: ¿Quiénes deben hacer cambio de placas en Jalisco este año?
También se plantean talleres de reciclaje y cuidado del medio ambiente, pláticas sobre terapia física, clases para andar en bicicleta por parte de la Dirección de Movilidad del Ayuntamiento de Guadalajara y un concierto de la Estudiantina en la Glorieta Minerva. Esta última actividad será el domingo 9, como parte de la inauguración de la nueva Vía RecreActiva, que este año contará con un presupuesto de 14 millones 895 mil pesos, casi el triple (cinco millones) de inversión que en años anteriores.
""Esta Vía RecreActiva que es tan importante, que también hay que decirlo con todas sus letras, en 20 años no había tenido una renovación. En 20 años no se la había vuelto a mirar con ojos de mejora y oportunidad [""¦]. La Vía se vive de manera diversa y es lo que tratamos de reflejar en esta nueva imagen. Los personajes son diversos y buscan expresar emociones y también buscan reflejar las historias que construimos todos los domingos cuando vamos a la Vía RecreActiva"", expresó Verónica Delgadillo, presidenta municipal de Guadalajara.
Mira esto: Pensión Bienestar: ¿quiénes recibirán pago doble en marzo y por qué?
Por su parte, David Prado Arredondo, director general del Consejo Municipal del Deporte (Comude) Guadalajara, adelantó que, además de las nuevas actividades, este año también se apostará por dos jornadas nocturnas para conocer la ciudad durante la noche. Aunque aún no se detallan las fechas, se espera que se realicen en septiembre, en el marco del aniversario de la Vía, y en diciembre.
""Queremos arrancar con dos fechas: una en el marco del aniversario de la Vía y otra en diciembre, pensando en que ya está la ciudad acondicionada con los adornos navideños. Queremos también tratar de disfrutar eso. Nuestro primer plan es tratar de hacerlo en (avenida) Juárez a la (glorieta) Minerva, pero estamos tratando de armar los estudios correspondientes con movilidad para ver hasta dónde lo podemos hacer"", mencionó.
Alrededor de 100 mil personas visitan la Vía RecreActiva todos los domingos, pero Prado Arrendo no descartó que con estas actividades crezca el número de usuarios hasta 110 o 120 mil.
""Los principales ejes de nuestro gobierno es poner al centro a la ciudadanía y generar acciones de corresponsabilidad, porque trabajamos de la mano de las agrupaciones, las asociaciones civiles y de la ciudadanía para integrar nuevos contenidos y llenar de contenidos y servicios la Vía RecreActiva"", comentó, por su parte, Erika Zavala López, coordinadora general de Construcción de Comunidad de Guadalajara.
No te pierdas: Pensión Bienestar: ¿En qué mes cae el próximo periodo de registro?
Mantente al día con las noticias, únete a nuestro canal de WhatsApp
MB
 
Recibe las últimas noticias en tu e-mail
Todo lo que necesitas saber para comenzar tu día
Registrarse implica aceptar los Términos y Condiciones"
106,NTR Guadalajara,05/02/2025,Muere ciclista por caída en Guadalajara,trafilatura,trafilatura,586,0.25,https://www.ntrguadalajara.com/post.php?id_nota=225683,,"Un ciclista que circulaba por la explanada del templo Talpita murió por una caída, en Guadalajara.
Según testigos, quiso subir una rampa y perdió el equilibrio pegando su cabeza contra el suelo.
El accidente ocurrió anoche en el cruce de las calles Juan de Dios Robledo y Santa Clemencia en la colonia San Martín.
Aunque llegaron los servicios médicos municipales no pudieron salvarle la vida.
Luego de escuchar a los testigos se descartó que haya sido producto de un hecho de violencia.
El Instituto Jalisciense de Ciencias Forenses (IJCF) estuvo en la escena para recabar indicios.
FR"
107,Notisistema,14/01/2025,Cierra 2024 con 16 ciclistas muertos por atropellamiento,trafilatura,trafilatura,911,0.11,https://www.notisistema.com/noticias/cierra-2024-con-16-ciclistas-muertos-por-atropellamiento/,,"En Jalisco, las muertes de ciclistas por atropellamiento no dieron tregua en 2024.
De acuerdo con el colectivo Bicicleta Blanca, que lleva un recuento puntual de las muertes de ciclistas en percances viales, el año que recién terminó acabó con un total de 16 fallecidos.
Lo anterior representa apenas un caso menos que lo registrado en 2017, año en el que 17 ciclistas murieron a causa de atropellamiento en diferentes calles de la Zona Metropolitana de Guadalajara (ZMG).
El municipio que más decesos de este tipo registró durante el año pasado fue Zapopan, con un total de cinco accidentes mortales, seguido de Tlajomulco que registró cuatro y que por cierto abrió la cuenta a tan solo cinco días de haber iniciado 2024.
Enero del año que apenas terminó fue el mes más complejo en muertes de ciclistas. De los 16 casos registrados, cinco ocurrieron en un periodo mayor a los 22 días. (Por Edgar Flores Maciel)"
109,NTR Guadalajara,07/01/2025,Cerró el 2024 con 16 ciclistas fallecidos,trafilatura,trafilatura,2124,0.24,https://www.ntrguadalajara.com/post.php?id_nota=224200,,"El año pasado cerró con 16 ciclistas muertos en la vía pública en el estado, según datos de la agrupación Bici Blanca; sin embargo, la cifra podría cambiar, pues prevalece la duda de dos usuarios de la bici que quedaron en estado grave tras un accidente y no se conoce su desenlace.
Así lo informó Yeriel Salcedo Torres, uno de sus voceros, quien apuntó que la cifra de 2024 es menor a la de 2023, cuando se documentaron 17 fallecimientos de ciclistas tras accidentes.
""El año pasado tuvimos dos (casos en los) que no pudimos confirmar qué pudo haber pasado con (ciclistas accidentados) a pesar de que las notas (periodísticas) decían que se habían ido muy graves, (pero) oficialmente que hayan muerto en el sitio, que nos hayan (confirmado), fueron 16"", aseveró.
En entrevista, Salcedo Torres mencionó que todos los días Bici Blanca está al pendiente de las noticias para poder llevar un conteo de los ciclistas atropellados y muertos en la entidad.
Durante todo el sexenio del ex gobernador Enrique Alfaro Ramírez ocurrieron 97 decesos de ciclistas en la entidad, lo que representó al menos una muerte mensual durante esa gestión, por lo que llamó a reducir la cifra hasta llegar a cero.
2019, primer año completo del ex mandatario, cerró con 20 muertes de este tipo; el 2020, con 13; 2021, con 15; 2022, con 16, y 2023, con 17.
""Empezó otra vez a subir y es lo que nos empezó a preocupar, del 2018 a la fecha, porque el 2020 es atípico, vino un aumento del 2018 para acá"", aseveró.
Consultado sobre las causas de los decesos, apuntó que el exceso de velocidad en el que incurren muchos automovilistas es un factor determinante.
Salcedo Torres afirmó que la construcción de ciclovías en el centro de la Zona Metropolitana de Guadalajara (ZMG) ha abonado a que las muertes disminuyan en dicha área; sin embargo, el peligro persiste en las periferias.
En ese sentido, el activista recordó que durante la pasada administración se presumió la construcción de la ciclovía de Periférico, pero apuntó que a la fecha sigue siendo una vialidad peligrosa para cruzar en intersecciones con avenidas como Vallarta y Acueducto.
FR-jl/I"
111,El Informador,05/01/2025,MiBici crece con 60 nuevas estaciones; piden ampliación a Tonalá y Tlajomulco,trafilatura,trafilatura,6353,0.52,https://www.informador.mx/jalisco/MiBici-crece-con-60-nuevas-estaciones-piden-ampliacion-a-Tonala-y-Tlajomulco-20250105-0021.html,,"MiBici crece con 60 nuevas estaciones; piden ampliación a Tonalá y Tlajomulco
La quinta etapa de bicicletas públicas tiene un avance de 70 %; beneficiará a 29 colonias del oriente de Guadalajara
Con los nuevos planes, habitantes de 29 colonias serán beneficiados con ciclopuertos en sus calles. EL INFORMADOR/A. Navarro
El programa MiBici tiene planteada la construcción de 60 nuevas estaciones, de las cuales ya se lleva un gran avance, pero usuarios de este transporte público y especialistas reconocieron la necesidad de extender el servicio al oriente del írea Metropolitana de Guadalajara, hacia colonias de Tonalá y también hacia Tlajomulco.
Actualmente MiBici cuenta con tres mil 972 bicicletas y 360 estaciones en Guadalajara, Zapopan y Tlaquepaque, pero la cifra está por modificarse.
""Mi novia y yo las utilizamos mucho para movernos en la ciudad, no tenemos carro. Son muy eficientes y seguras en las zonas donde nos movemos, pero a veces queremos ir con amigos a otras colonias y ya no podemos porque no hay bicis o no hay estaciones para dejar tu bici. Entonces hay veces que de plano tenemos que pedir un Uber"", dijo Luis íngel, usuario frecuente de MiBici en avenida ívila Camacho, en Zapopan.
MiBici arrancó el 1 de diciembre de 2014 con 860 bicicletas y 86 estaciones en Guadalajara. Un año después se extendió a Zapopan y se sumaron 300 unidades y 30 puertos. En 2016 llegó a Tlaquepaque con 120 estaciones nuevas y mil bicicletas, con lo que concluyó la segunda etapa de expansión. Desde entonces no ha aumentado la red a otros municipios metropolitanos, algo que está a punto de cambiar con 29 colonias que se agregarán a las beneficiadas por estos ciclopuertos.
""Buscamos modos de trasladarnos mucho más eficientes, amigables con el medio ambiente y decirte que hoy al día, en el sistema de MiBici se realizan 14 mil viajes diarios y el 70% de los usuarios utilizan la bicicleta del sistema para moverse al trabajo, entonces esto nos habla de que el automóvil no es la única opción y de que la gente está conviviendo en la ciudad de una manera distinta"", dijo Patricia Martínez Barba, directora del Instituto de Planeación y Gestión del Desarrollo.
La funcionaria explicó que el plan a mediano y largo plazo es impulsar un modelo de movilidad amigable con el medio ambiente, ordenado, accesible y seguro, así como crecer la red al oriente de Guadalajara.
MiBici tendrá 60 nuevas estaciones en la metrópoli
Para la quinta etapa del programa MiBici se plantea la instalación de 60 nuevas estaciones y 772 bicicletas para conectar hacia el oriente de Guadalajara, pero aún no se contemplan más expansiones hacia Tonalá o Tlajomulco.
Hasta el momento ya se han concluido 40 puertos y se han añadido 112 unidades nuevas para beneficiar a 98 mil personas, reforzando el corredor Tlaquepaque Centro y las nuevas ciclovías de las avenidas Javier Mina, Guadalupe y Gigantes. Cuenta con un 70 por ciento de avance, informó la pasada Administración estatal. Esto aumentará la cobertura a 29 colonias y tendrá un inversión total de 74.2 millones de pesos; sin embargo, no se han presentado avances de esta etapa a la fecha.
Para Rafael González Bravo, experto en movilidad y académico de la UdeG, MiBici es un programa exitoso que fomenta las actividades físicas y recreativas al aire libre y el cuidado del medio ambiente, pero aún falta mayor conectividad con otras zonas de ciudad para hablar de un modelo justo y accesible para todos.
También señaló que la disponibilidad de estaciones y bicicletas, así como el mantenimiento de las mismas han sido aspectos negativos que usuarios han reportado sobre MiBici. Comentó que con el crecimiento del programa se debería implementar un carril de micro movilidad, que también incluya a scooters y patines eléctricos.
Gabino Leyva, usuario frecuente en el primer cuadro de la ciudad, aseguró que la principal falla de MiBici es el balanceado, es decir, la poca disponibilidad de estaciones y el poco mantenimiento que tienen. El año pasado pagó mil 500 pesos en recargos porque no encontraba un lugar para dejar la bicicleta y, en el tiempo que se excedió buscando otra estación, fue subiendo la tarifa; además de que en más de una ocasión los puertos de recepción de las unidades no funcionaban, por lo que el sistema no concluyó el viaje y le siguieron cobrando.
Por su parte, Renata mencionó que en algunas zonas, sobre todo en Santa Margarita y Periférico, circular en bicicleta puede ser peligroso debido a que los conductores suelen invadir la ciclovía, los cruceros e, inclusive, no respetan los señalamientos y semáforos en rojo.
Yeriel Salcedo Torres, especialista en movilidad y académico del ITESO, acentuó que el gobierno estatal debe invertir más en el sistema para ampliar la cobertura y mejorar el estado de las bicicletas. Señaló que en la Ciudad de México las administraciones han apostado por este modelo de movilidad, incrementando la red y brindando más facilidades de intermovilidad con otros sistemas de transporte público de la capital.
Sergio, ciclista frecuente en el Centro de Guadalajara, dijo estar convencido que en el mediano y largo plazo MiBici abarcará algunas colonias de Tlajomulco y Tonalá gracias al impulso que han tenido las Líneas 4 y 5 del Tren Ligero, además de las acciones que en los últimos años se han destinado para el transporte público y ecológico. ""El sistema poco a poco ha ido creciendo, quizá para el final del sexenio de Lemus haya estaciones hasta Tonalá. Te aseguro que si las hay habrá gente que va a utilizar más las bicicletas"".
Salcedo Torres puntualizó que se debe realizar un diagnóstico de movilidad para identificar los puntos de mayor concurrencia de paradas del transporte público, como estaciones de tren o de camión en ambos municipios.
Además, acentuó que ""este sistema llegó para quedarse y traspasar las administraciones. Espero que el diagnóstico que se hizo sea una planeación a varios años, a una década o dos, en las que poco a poco se vaya viendo la inversión. Que se vaya planeando la inversión anual para ir viendo las fases: una de mantenimiento y otra de crecimiento del sistema"".
Recibe las últimas noticias en tu e-mail
Todo lo que necesitas saber para comenzar tu día
Registrarse implica aceptar los Términos y Condiciones"
112,El Informador,05/01/2025,MiBici crece con 60 nuevas estaciones; piden ampliación a Tonalá y Tlajomulco,trafilatura,trafilatura,6353,0.07,https://www.informador.mx/jalisco/MiBici-crece-con-60-nuevas-estaciones-piden-ampliacion-a-Tonala-y-Tlajomulco-20250105-0021.html,,"MiBici crece con 60 nuevas estaciones; piden ampliación a Tonalá y Tlajomulco
La quinta etapa de bicicletas públicas tiene un avance de 70 %; beneficiará a 29 colonias del oriente de Guadalajara
Con los nuevos planes, habitantes de 29 colonias serán beneficiados con ciclopuertos en sus calles. EL INFORMADOR/A. Navarro
El programa MiBici tiene planteada la construcción de 60 nuevas estaciones, de las cuales ya se lleva un gran avance, pero usuarios de este transporte público y especialistas reconocieron la necesidad de extender el servicio al oriente del írea Metropolitana de Guadalajara, hacia colonias de Tonalá y también hacia Tlajomulco.
Actualmente MiBici cuenta con tres mil 972 bicicletas y 360 estaciones en Guadalajara, Zapopan y Tlaquepaque, pero la cifra está por modificarse.
""Mi novia y yo las utilizamos mucho para movernos en la ciudad, no tenemos carro. Son muy eficientes y seguras en las zonas donde nos movemos, pero a veces queremos ir con amigos a otras colonias y ya no podemos porque no hay bicis o no hay estaciones para dejar tu bici. Entonces hay veces que de plano tenemos que pedir un Uber"", dijo Luis íngel, usuario frecuente de MiBici en avenida ívila Camacho, en Zapopan.
MiBici arrancó el 1 de diciembre de 2014 con 860 bicicletas y 86 estaciones en Guadalajara. Un año después se extendió a Zapopan y se sumaron 300 unidades y 30 puertos. En 2016 llegó a Tlaquepaque con 120 estaciones nuevas y mil bicicletas, con lo que concluyó la segunda etapa de expansión. Desde entonces no ha aumentado la red a otros municipios metropolitanos, algo que está a punto de cambiar con 29 colonias que se agregarán a las beneficiadas por estos ciclopuertos.
""Buscamos modos de trasladarnos mucho más eficientes, amigables con el medio ambiente y decirte que hoy al día, en el sistema de MiBici se realizan 14 mil viajes diarios y el 70% de los usuarios utilizan la bicicleta del sistema para moverse al trabajo, entonces esto nos habla de que el automóvil no es la única opción y de que la gente está conviviendo en la ciudad de una manera distinta"", dijo Patricia Martínez Barba, directora del Instituto de Planeación y Gestión del Desarrollo.
La funcionaria explicó que el plan a mediano y largo plazo es impulsar un modelo de movilidad amigable con el medio ambiente, ordenado, accesible y seguro, así como crecer la red al oriente de Guadalajara.
MiBici tendrá 60 nuevas estaciones en la metrópoli
Para la quinta etapa del programa MiBici se plantea la instalación de 60 nuevas estaciones y 772 bicicletas para conectar hacia el oriente de Guadalajara, pero aún no se contemplan más expansiones hacia Tonalá o Tlajomulco.
Hasta el momento ya se han concluido 40 puertos y se han añadido 112 unidades nuevas para beneficiar a 98 mil personas, reforzando el corredor Tlaquepaque Centro y las nuevas ciclovías de las avenidas Javier Mina, Guadalupe y Gigantes. Cuenta con un 70 por ciento de avance, informó la pasada Administración estatal. Esto aumentará la cobertura a 29 colonias y tendrá un inversión total de 74.2 millones de pesos; sin embargo, no se han presentado avances de esta etapa a la fecha.
Para Rafael González Bravo, experto en movilidad y académico de la UdeG, MiBici es un programa exitoso que fomenta las actividades físicas y recreativas al aire libre y el cuidado del medio ambiente, pero aún falta mayor conectividad con otras zonas de ciudad para hablar de un modelo justo y accesible para todos.
También señaló que la disponibilidad de estaciones y bicicletas, así como el mantenimiento de las mismas han sido aspectos negativos que usuarios han reportado sobre MiBici. Comentó que con el crecimiento del programa se debería implementar un carril de micro movilidad, que también incluya a scooters y patines eléctricos.
Gabino Leyva, usuario frecuente en el primer cuadro de la ciudad, aseguró que la principal falla de MiBici es el balanceado, es decir, la poca disponibilidad de estaciones y el poco mantenimiento que tienen. El año pasado pagó mil 500 pesos en recargos porque no encontraba un lugar para dejar la bicicleta y, en el tiempo que se excedió buscando otra estación, fue subiendo la tarifa; además de que en más de una ocasión los puertos de recepción de las unidades no funcionaban, por lo que el sistema no concluyó el viaje y le siguieron cobrando.
Por su parte, Renata mencionó que en algunas zonas, sobre todo en Santa Margarita y Periférico, circular en bicicleta puede ser peligroso debido a que los conductores suelen invadir la ciclovía, los cruceros e, inclusive, no respetan los señalamientos y semáforos en rojo.
Yeriel Salcedo Torres, especialista en movilidad y académico del ITESO, acentuó que el gobierno estatal debe invertir más en el sistema para ampliar la cobertura y mejorar el estado de las bicicletas. Señaló que en la Ciudad de México las administraciones han apostado por este modelo de movilidad, incrementando la red y brindando más facilidades de intermovilidad con otros sistemas de transporte público de la capital.
Sergio, ciclista frecuente en el Centro de Guadalajara, dijo estar convencido que en el mediano y largo plazo MiBici abarcará algunas colonias de Tlajomulco y Tonalá gracias al impulso que han tenido las Líneas 4 y 5 del Tren Ligero, además de las acciones que en los últimos años se han destinado para el transporte público y ecológico. ""El sistema poco a poco ha ido creciendo, quizá para el final del sexenio de Lemus haya estaciones hasta Tonalá. Te aseguro que si las hay habrá gente que va a utilizar más las bicicletas"".
Salcedo Torres puntualizó que se debe realizar un diagnóstico de movilidad para identificar los puntos de mayor concurrencia de paradas del transporte público, como estaciones de tren o de camión en ambos municipios.
Además, acentuó que ""este sistema llegó para quedarse y traspasar las administraciones. Espero que el diagnóstico que se hizo sea una planeación a varios años, a una década o dos, en las que poco a poco se vaya viendo la inversión. Que se vaya planeando la inversión anual para ir viendo las fases: una de mantenimiento y otra de crecimiento del sistema"".
Recibe las últimas noticias en tu e-mail
Todo lo que necesitas saber para comenzar tu día
Registrarse implica aceptar los Términos y Condiciones"
