Unnamed: 0,medio,fecha,titulo,nivel,estado,chars,segundos,url_final,error,texto
0,NTR Guadalajara,10-09-26,Eliminan cobro por desanclaje de MiBici eléctrica,trafilatura,trafilatura,1599,0.35,https://www.ntrguadalajara.com/post.php?id_nota=249706,,"A poco más de tres meses del arranque del servicio de bicicletas eléctricas del sistema MiBici, a partir de este 10 de septiembre dejó de aplicarse el cargo de 10 pesos por el desanclaje de las unidades.
""A partir de hoy ya no se cobra la tarifa por desanclaje y se aumenta el tiempo a 15 minutos"", informó el sistema.
Hace una semana, el 3 de septiembre, el Congreso de Jalisco avaló la eliminación del cobro por desanclaje de unidades eléctricas y extendió el tiempo de uso sin pagos extra a 15 minutos, ya que antes era de 10; sin embargo, esto quedó oficializado hasta este jueves luego de que se publicara en el periódico oficial 'El Estado de Jalisco'.
Eso sí, la publicación precisa que a las y los usuarios que excedan el periodo de uso de 15 minutos se les aplicará un cobro de 2 pesos por cada minuto adicional.
La eliminación del cobro por desanclaje fue propuesta por el gobernador de Jalisco, Pablo Lemus Navarro; sin embargo, no se le dio prioridad en el Congreso de Jalisco.
El modelo eléctrico de MiBici fue presentado el 9 de junio por el gobierno de Jalisco. En ese momento se puso en marcha la primera fase que contempló la incorporación de mil bicicletas eléctricas y 100 ciclopuertos eléctricos.
De acuerdo con la autoridad estatal, la incorporación de bicicletas eléctricas representa una transformación para el sistema de MiBici, el cual opera con 370 estaciones y una flotilla de 4 mil 79 bicicletas.
Además, destacó que el programa cuenta con más de 16 mil personas usuarias activas, quienes han realizado más de 37 millones de viajes desde el inicio de operaciones.
GR-jl/I"
1,Tribuna de la bahia,07-09-26,Ciclistas buscan proyecto de ciclovía escénica en Puerto Vallarta; se manifestarán sobre ruedas,trafilatura,trafilatura,2118,0.61,https://tribunadelabahia.com.mx/buscan-ciclovia-escenica-vallarta/,,"Ciclistas buscan proyecto de ciclovía escénica en Puerto Vallarta; se manifestarán sobre ruedas
Con el objetivo de mejorar las condiciones para la práctica deportiva y fomentar una movilidad más segura y sustentable, atletas, ciclistas y agrupaciones deportivas de la región comenzaron a promover una iniciativa para solicitar al gobernador de Jalisco, Pablo Lemus, la construcción de una ciclovía escénica en Puerto Vallarta.
El proyecto pretende crear un espacio destinado al entrenamiento y desplazamiento en bicicleta al aire libre, brindando mayor seguridad tanto a deportistas como a quienes utilizan este medio de transporte. Al mismo tiempo, la propuesta contempla aprovechar el atractivo natural y turístico del municipio para generar una nueva experiencia dirigida a habitantes y visitantes.
Como parte de las acciones para respaldar la petición, los impulsores de la iniciativa organizaron una rodada masiva para el próximo 20 de septiembre, a la que invitaron a integrantes de la comunidad deportiva y ciudadanía en general.
La actividad comenzará a las 08:00 horas, teniendo como punto de encuentro los Arcos del Malecón, desde donde partirá el contingente con la intención de hacer visible la necesidad de contar con infraestructura vial que contemple a ciclistas, corredores y otros usuarios de la vía pública.
Los promotores señalaron que una obra de estas características tendría beneficios que irían más allá del ámbito deportivo, al ofrecer una alternativa para disminuir la exposición de ciclistas a vehículos en las principales vialidades y contribuir a prevenir accidentes.
A través de esta movilización pacífica, los participantes buscan llamar la atención de las autoridades estatales y generar un canal de diálogo que permita analizar la viabilidad del proyecto, con miras a que pueda ser contemplado dentro del presupuesto y los programas de obra pública de la actual administración estatal.
La rodada será, de esta manera, un llamado a fortalecer la infraestructura ciclista de Puerto Vallarta y avanzar hacia un modelo de movilidad que combine seguridad, deporte, turismo y sustentabilidad."
2,NTR Guadalajara,07-09-26,Celebran eliminación de cobro en MiBici,trafilatura,trafilatura,2765,0.21,https://www.ntrguadalajara.com/post.php?id_nota=249500,,"La eliminación del cobro por desanclaje y uso por 15 minutos de las bicicletas eléctricas de MiBici fue bien recibida por usuarios, aunque entre ellos señalaron que persisten problemas en el servicio, como la falta de ciclovías suficientes y conectadas, la disponibilidad irregular de unidades y bicicletas con desperfectos. La reforma que deja atrás el cobro fue aprobada el jueves por el Congreso de Jalisco, pero aún está pendiente su publicación en el periódico oficial 'El Estado de Jalisco', por lo que pidieron que se haga efectiva.
Para Ulises Contreras, usuario de MiBici desde 2024, ampliar de 10 a 15 minutos el periodo sin cobro es ""un buen paso"", aunque consideró que eventualmente podría extenderse más.
En entrevista, relató que inicialmente desconocía que las bicicletas eléctricas generaban un cobro después de 10 minutos, por lo que acumuló cargos pese a contar con una membresía anual.
Por otro lado, destacó que las bicicletas eléctricas representan una ventaja para quienes deben recorrer pendientes o desplazarse bajo altas temperaturas, pues permiten llegar a su destino con menor esfuerzo.
No obstante, consideró que el beneficio de las bicicletas eléctricas todavía está concentrado en las zonas centrales de la ciudad y que su expansión debería contemplar a quienes viven en las periferias, particularmente en municipios como Tonalá y Tlajomulco, así como en zonas del norte de Zapopan.
En ese sentido, Contreras consideró que incorporar bicicletas eléctricas sin ampliar y mejorar la red de ciclovías no garantiza el éxito del programa, pues existen tramos estrechos, baches y vías que no tienen continuidad con otros corredores ciclistas.
""La red actual se me hace eficiente, más no suficiente"", resumió.
Ángel, de 25 años, también celebró la reforma y pidió que se publique para que pueda aplicarse. Además, consideró necesaria una mayor infraestructura ciclista. ""Con un sistema de transporte deficiente la bici ahorra tiempo, pero las vialidades no son las mejores"", señaló.
Mariana Uribe, de 32 años, coincidió en que las bicicletas eléctricas deben coexistir con las mecánicas y que ambas opciones deben mantenerse disponibles y en buenas condiciones.
En el mismo sentido, Taly señaló que aunque han aumentado las estaciones, persisten puertos sin bicicletas y unidades con fallas. En ocasiones, añadió, la distribución entre bicicletas mecánicas y eléctricas obliga a modificar los recorridos.
Luego de semanas de no atender el tema, lo que generó críticas de usuarios y usuarias de MiBici, el Congreso de Jalisco aprobó que los primeros 15 minutos de uso de las bicicletas eléctricas no generen cobro por desanclaje y que después se mantenga la tarifa de dos pesos por minuto adicional. Ahora queda pendiente su oficialización.
GR"
3,UDGTV,04-09-26,Eliminan el cobro de 10 pesos por desanclaje de bicis eléctricas en la ciudad,trafilatura,trafilatura,1862,0.5,https://udgtv.com/noticias/eliminan-cobro-10-pesos-por-desanclaje-de-bicis-electricas/330578,,"Guadalajara, Jalisco.
El Congreso local aprobó eliminar el cobro de 10 pesos por desanclaje de las bicis eléctricas del programa Mi Bici y amplió a 15 minutos el tiempo sin cobro para los usuarios.
La tarifa de 2 pesos por minuto en el uso de las bicis eléctricas, comenzará a aplicarse después de 15 minutos de recorrido, informó la diputada de MC, Gabriela Cárdenas, presidenta de la Comisión de Hacienda.
""Serán 15 minutos y eso es a propuesta de modificación buscando tener un equilibrio entre distintas propuestas, sin que se pierda el objetivo y la esencia de la razón por la cual se promueve el desanclaje y por la cual se promueve Mi Bici pública.
Eso sí mantiene (el cobro de dos pesos por minuto), después del minuto 15 se cobra de manera regular, pero los primeros 15 minutos son gratuitos"", explicó.
Esta condonación del desanclaje de las bicis eléctricas será vigente a partir de la publicación de la reforma a la Ley de Ingresos 2026 del gobierno de Jalisco, en el periódico oficial, lo que podría ocurrir la siguiente semana.
""Decía el decreto que un día después de su publicación, se aprueba hoy, esperamos que la puedan publicar a la brevedad. Esto era una urgencia del Ejecutivo, es un tema prioritario y es un tema que también estaban exigiendo distintos colectivos"", dijo.
- La legisladora de Morena, Candelaria Ochoa, propuso que el tiempo sin cobro en el uso de las bicis eléctricas se ampliara hasta los 30 minutos, sin embargo, quedó en 15 minutos sin cobro.
- Eliminan el cobro de 10 pesos por desanclaje de bicis eléctricas en la ciudad- 04 septiembre, 2026
- Por cuarta vez, el Congreso rechazó el derecho de infancias trans a cambiar su acta de nacimiento- 04 septiembre, 2026
- Muere Raymundo Gómez Flores, empresario y padre de la actual coordinadora del Consejo Asesor de Desarrollo Económico, Altagracia Gómez- 03 septiembre, 2026"
4,Canal 44,02-09-26,Crónica del día | Estrena Mi Bici unidades eléctricas .. y cobros extra,trafilatura,trafilatura,221,0.91,https://www.youtube.com/watch?v=jYDAQhkeu6Y,,"Acerca de
Prensa
Derechos de autor
Comunicarte con nosotros
Creadores
Anunciar
Desarrolladores
Condiciones
Privacidad
Políticas y seguridad
Cómo funciona YouTube
Prueba funciones nuevas
NFL Sunday Ticket
© 2026 Google LLC"
5,Notisistema,01-09-26,Congreso perfila eliminar cobro por desanclaje de bicicletas eléctricas de MiBici,trafilatura,trafilatura,981,0.21,https://www.notisistema.com/noticias/congreso-perfila-eliminar-cobro-por-desanclaje-de-bicicletas-electricas-de-mibici/,,"El Congreso de Jalisco alista la votación de una reforma para eliminar el cobro de 10 pesos por el desanclaje de las bicicletas eléctricas del sistema MiBici, con el objetivo de incentivar el uso de este medio de transporte.
La presidenta de la Mesa Directiva del Congreso, Alondra Fausto, informó que el dictamen será sometido a segunda lectura y adelantó que votará a favor de la modificación.
""Son los 10 pesos del desanclaje más lo que te cobran por tiempo, a final de cuentas sí se hace un monto considerable, al ciclista no le es rentable seguir usando el transporte de MiBici. En redes sociales nos pidieron el apoyo la sociedad civil organizada de subir el tema. Si todo sale bien, el jueves va a salir. Lo único con lo que yo me puedo comprometer es con dar mi voto a favor"".
La diputada Gabriela Cárdenas, de Movimiento Ciudadano, también anunció su respaldo al dictamen, que plantea modificar la Ley de Ingresos del Estado para eliminar este cobro. (Por Marck Hernández)"
6,Crónica Jalisco,08-31-26,"Diputados del PRI, PAN y MC avalan quitar cobro de 10 en bicis eléctricas",trafilatura,trafilatura,1963,0.99,https://www.cronica.com.mx/jalisco/guadalajara/2026/08/31/diputados-del-pri-pan-y-mc-avalan-quitar-cobro-de-10-en-bicis-electricas/#google_vignette,,"Las bancadas del PAN, del PRI y de MC en el Congreso han expresado su voto favorable a que se elimine de la Ley de Ingresos 2026 del Gobierno de Jalisco, el cobro de 10 pesos por desanclaje de bicicletas eléctricas del programa Mi Bici.
La diputada de MC Gabriela Cárdenas, presidenta de la Comisión de Hacienda, recordó que desde el 9 de julio, la reforma a la Ley de Ingresos se presentó a primera lectura del Pleno, por lo que este próximo jueves 3 de septiembre, el dictamen se puede presentar a votación.
""Esta es una iniciativa del gobernador que envió hace dos meses para solicitar que se condonara los 10 pesos por el desanclaje de las bicis eléctricas, buscando promover el uso de la movilidad y el uso de esas bicis que fueron modernizadas, que se compraron nuevas bicicletas, entonces, nosotros confiamos en que en la próxima sesión pueda aprobarse y los usuarios de Mi Bici puedan tener ese beneficio"", explicó Cárdenas.
La diputada del PRI y presidenta del Congreso, Alondra Fausto, confirmó su voto favorable a la propuesta y dijo que el tema debe ponerse a discusión y a votación de los 38 legisladores, en la próxima sesión de este jueves.
""Algo que yo les comentaba en las redes sociales que muchas de las demandas eran 'presidenta dale solución a ese tema'. Dentro de mis facultades está subir el dictamen, está en tiempo y forma aún cuando se atravesó el periodo inhábil del Congreso, pero el que yo suba el dictamen en segunda lectura no garantiza que esto vaya a salir a favor, sin embargo, siendo responsable de lo que es mi voto, yoles garantice que iría a favor de este dictamen"", precisó.
El tema se revisó en la Junta de Coordinación Política (Jucopo) y todo parece indicar que se votará por el pleno el 3 de septiembre, según relató el diputado del PAN, Julio Hurtado Luna, quien apoya la medida.
Colectivos de ciclistas piden que el cobro de diez pesos por el uso de los primeros 10 minutos de las unidades eléctricas, quede eliminado."
7,Mural,08-31-26,"Controlan, gracias a GPS, extracción ilegal de Mi Bici",trafilatura,trafilatura,541,0.96,https://www.mural.com.mx/controlan-gracias-a-gps-extraccion-ilegal-de-mi-bici/ar3267061?v=4,,"COMUNIDAD
01 MIN 00 SEG
Adán Padilla
Guadalajara, México (31 agosto 2026) .-05:00 hrs
Gracias al sistema GPS y a la tecnología en las bicicletas eléctricas de Mi Bici, la Agencia Metropolitana de Infraestructura para la Movilidad ha recuperado ocho unidades que no fueron regresadas. Crédito: Archivo
Gracias al sistema GPS y a la tecnología incorporada en las bicicletas eléctricas de Mi Bici, la Agencia Metropolitana de Infraestructura para la Movilidad (AMIM) ha logrado recuperar ocho unidades que no fueron regresadas a las estaciones."
8,Canal 44,08-31-26,Mi Bici ofrece corregir cobros indebidos,trafilatura,trafilatura,221,0.99,https://www.youtube.com/watch?v=A0-4WiYTN-w,,"Acerca de
Prensa
Derechos de autor
Comunicarte con nosotros
Creadores
Anunciar
Desarrolladores
Condiciones
Privacidad
Políticas y seguridad
Cómo funciona YouTube
Prueba funciones nuevas
NFL Sunday Ticket
© 2026 Google LLC"
9,NTR Guadalajara,08-29-26,Urgen a publicar reforma en movilidad,trafilatura,trafilatura,2530,0.2,https://www.ntrguadalajara.com/post.php?id_nota=249113,,"A una semana de que el Congreso de Jalisco aprobara sancionar la intimidación vial, la reforma todavía no llega a las calles. Bicicleta Blanca exigió al gobernador Pablo Lemus publicar el decreto y a las autoridades estatales y municipales preparar los mecanismos para recibir denuncias y aplicar las nuevas sanciones contra quienes utilicen sus vehículos para perseguir, amedrentar o presionar a peatones y ciclistas. El colectivo advirtió que la aprobación legislativa es apenas una ""victoria parcial"" si la medida queda en el papel.
En un posicionamiento difundido este viernes durante su manifestación mensual, el colectivo consideró que la aprobación de la reforma a la Ley de Movilidad y Transporte representa un avance para que peatones y ciclistas puedan trasladarse de manera segura, pero señaló que se trata apenas de una ""victoria parcial"" mientras las autoridades no establezcan las condiciones para hacerla efectiva.
Bicicleta Blanca señaló que la intimidación vial es una conducta cotidiana para peatones y ciclistas, y sostuvo que su reconocimiento en la legislación puede contribuir a que las calles sean más seguras y a que más personas encuentren en la bicicleta una alternativa viable de transporte.
Sin embargo, el colectivo exigió al gobernador Pablo Lemus publicar el decreto en el Periódico Oficial 'El Estado de Jalisco' y advirtió que, mientras esto no ocurra, la reforma no podrá avanzar hacia su aplicación.
Además, solicitó que la Secretaría de Transporte, la Secretaría de Seguridad y los municipios se capaciten sobre las nuevas disposiciones y diseñen mecanismos para recibir denuncias y aplicar las sanciones administrativas.
El llamado se dio en el marco de la movilización mensual en distintas vialidades de la ciudad para exigir que se retome la agenda de movilidad ciclista, particularmente mediante la construcción de infraestructura segura y la implementación de medidas de control de velocidad.
De acuerdo con cifras del propio colectivo, durante 2026 han muerto ocho ciclistas en Jalisco; 21 han fallecido durante la actual administración estatal y suman 352 desde 2009.
La reforma, aprobada con 31 votos, sanciona el uso de vehículos para intimidar a peatones y ciclistas. Incluye perseguirlos, aproximarse abruptamente, simular una embestida o usar de forma persistente el claxon y las luces para obligarlos a ceder el paso.
Las sanciones van de 24 a 36 horas de arresto administrativo, con posibilidad de conmutarlo por 90 horas de trabajo comunitario y un curso de sensibilización.
jl/I"
10,El Occidental,08-29-26,Usuarios podrán reclamar cobros indebidos de Mi Bici,trafilatura,trafilatura,1474,0.37,https://oem.com.mx/eloccidental/local/usuarios-podran-reclamar-cobros-indebidos-de-mi-bici-31797573,,"Localsábado, 29 de agosto de 2026
Mi Bici revisará cobros reportados por usuarios tras fallas en el desanclaje
LOCAL
La Secretaría de Salud reconoció que se agotó la partida destinada al servicio; prevé regularizar la recolección durante esta semana
En el Segundo Informe de la presidenta de Tlaquepaque, Laura Imelda Pérez no se habló de los homicidios cometidos en lo que va del año
El ejercicio se realizará el viernes 18 de septiembre en toda la Red Universitaria; simulará un sismo de magnitud 7.7 con epicentro en Tehuacán, Puebla
Las restricciones comenzarán desde las 10:00 horas y se recomienda utilizar Federalismo, Calzada Independencia, Revolución, Niños Héroes y La Paz
El titular del SIAPA, Ismael Jáuregui reconoció la importancia del sector hotelero para la economía del estado al realizar inversiones y crear fuentes de empleo
Le encontraron el dispositivo oculto entre sus prendas de vestir
El presidente de la AMHM, detalló que ellos tiene que pagar los servicios con tarifas comerciales y los inmuebles colocados en las plataformas tienen tarifas domésticas que son mucho más baratas
Estiman que al centro de Guadalajara asistirán 92 mil personas
La víctima fue una mujer de 66 años, residente de Cocula; durante la última semana se sumaron 10 casos, por lo que Jalisco alcanzó un acumulado de 163 personas enfermas de dengue.
En el estado hay alrededor de 270 mil estudiantes de educación media superior y superior que reciben una Beca para el Bienestar"
11,NTR Guadalajara,08-28-26,Asegura Bicicleta Blanca que reforma contra intimidación vial sigue en papel,trafilatura,trafilatura,2526,0.2,https://www.ntrguadalajara.com/post.php?id_nota=249089,,"A una semana de que el Congreso de Jalisco aprobó sancionar la intimidación vial, la reforma todavía no llega a las calles. Bicicleta Blanca exigió al gobernador Pablo Lemus publicar el decreto y a las autoridades estatales y municipales preparar los mecanismos para recibir denuncias y aplicar las nuevas sanciones contra quienes utilicen sus vehículos para perseguir, amedrentar o presionar a peatones y ciclistas. El colectivo advirtió que la aprobación legislativa es apenas una ""victoria parcial"" si la medida queda en el papel.
En un posicionamiento difundido este viernes durante su manifestación mensual, el colectivo consideró que la aprobación de la reforma a la Ley de Movilidad y Transporte representa un avance para que peatones y ciclistas puedan trasladarse de manera segura, pero señaló que se trata apenas de una ""victoria parcial"" mientras las autoridades no establezcan las condiciones para hacerla efectiva.
Bicicleta Blanca señaló que la intimidación vial es una conducta cotidiana para peatones y ciclistas y sostuvo que su reconocimiento en la legislación puede contribuir a que las calles sean más seguras y a que más personas encuentren en la bicicleta una alternativa viable de transporte.
Sin embargo, el colectivo exigió al gobernador Pablo Lemus publicar el decreto en el Periódico Oficial ""El Estado de Jalisco"" y advirtió que, mientras esto no ocurra, la reforma no podrá avanzar hacia su aplicación.
Además, solicitó que la Secretaría de Transporte, la Secretaría de Seguridad y los municipios se capaciten sobre las nuevas disposiciones y diseñen mecanismos para recibir denuncias y aplicar las sanciones administrativas.
El llamado se dio en el marco de la movilización mensual en distintas vialidades de la ciudad para exigir que se retome la agenda de movilidad ciclista, particularmente mediante la construcción de infraestructura segura y la implementación de medidas de control de velocidad.
De acuerdo con cifras del propio colectivo, durante 2026 han muerto ocho ciclistas en Jalisco; 21 han fallecido durante la actual administración estatal y suman 352 desde 2009.
La reforma, aprobada con 31 votos, sanciona el uso de vehículos para intimidar a peatones y ciclistas. Incluye perseguirlos, aproximarse abruptamente, simular una embestida o usar de forma persistente el claxon y las luces para obligarlos a ceder el paso.
Las sanciones van de 24 a 36 horas de arresto administrativo, con posibilidad de conmutarlo por 90 horas de trabajo comunitario y un curso de sensibilización.
CES"
12,El Informador,08-21-26,Así puedes registrarte a la Vía Nocturna Zapopan del 27 de agosto,trafilatura,trafilatura,4570,0.44,https://www.informador.mx/jalisco/via-nocturna-zapopan-asi-puedes-registrarte-para-asistir-el-27-de-agosto-20260821-0071.html,,"Así puedes registrarte a la Vía Nocturna Zapopan del 27 de agosto
Prepara tu bicicleta y acompáñanos en una rodada de 13.2 kilómetros desde la Glorieta Chapalita hasta el nuevo Hospitalito Sur. Conoce todos los detalles y asegura tu lugar
El diseño de esta edición responde directamente a las múltiples peticiones ciudadanas que, a través de redes sociales, pedían el regreso de la ruta a esta zona específica del municipio. ESPECIAL/ Facebook/ Vía RecreActiva Zapopan
¿Buscas un plan diferente para romper la rutina y ejercitarte bajo las estrellas? La esperada Vía Nocturna de Zapopan regresa este 27 de agosto con una ruta inédita. Es tu oportunidad perfecta para disfrutar la ciudad sin autos, conocer nuevos espacios urbanos y vivir una noche llena de energía.
El próximo jueves 27 de agosto, las principales calles del municipio se transformarán en una auténtica fiesta sobre ruedas que nadie querrá perderse. A partir de las 9:00 pm, los entusiastas del ciclismo, patinaje y la movilidad no motorizada tienen una cita imperdible para participar en la edición de agosto de este tradicional paseo. Esta iniciativa ciudadana y gubernamental busca fomentar la actividad física, reducir el estrés cotidiano y promover una convivencia sana. Además, el diseño de esta edición responde directamente a las múltiples peticiones ciudadanas que, a través de redes sociales, pedían el regreso de la ruta a esta zona específica del municipio.
Te recomendamos: Aseguran en Mascota seis cabezas de ganado valuadas en casi medio millón de pesos
Una ruta de 13.2 kilómetros hacia el sur de la ciudad
El punto de encuentro para arrancar será la emblemática Glorieta Chapalita, un espacio icónico y lleno de tradición que servirá como la gran línea de salida. Desde ese punto neurálgico, el contingente pedaleará a lo largo de 13.2 kilómetros trazados estratégicamente por las autoridades para garantizar un trayecto fluido, iluminado y completamente seguro. El destino final de esta rodada será el recién inaugurado Hospitalito Sur, un recinto médico de vanguardia que abrirá sus puertas de manera especial para recibir a todos los participantes en un ambiente de auténtica celebración comunitaria.
Al llegar a las modernas instalaciones del Hospitalito Sur, la experiencia de los asistentes irá mucho más allá de solo cruzar la meta tras el esfuerzo físico. Los ciclistas tendrán la oportunidad exclusiva de recorrer y conocer de primera mano este nuevo espacio dedicado a salvaguardar la salud de los zapopanos. Sumado a esto, el evento contará con valiosas capacitaciones de seguridad para ciclistas, talleres breves diseñados por expertos para dotar a los usuarios de herramientas prácticas, consejos de vialidad y técnicas que mejoren significativamente su movilidad diaria en el exigente entorno urbano.
Requisitos indispensables para rodar seguro
Para garantizar que la noche sea un éxito total y sin contratiempos, las autoridades organizadoras han establecido lineamientos muy claros que todos los asistentes deben seguir al pie de la letra. Es estrictamente necesario que cada participante acuda con su propia bicicleta en óptimo estado mecánico, además de portar obligatoriamente un casco protector bien ajustado y luces delantera y trasera. Estas medidas preventivas no son opcionales; resultan fundamentales para mantener una alta visibilidad en las calles oscuras, prevenir accidentes y cuidar la integridad física de toda la comunidad ciclista durante el trayecto nocturno.
Debido a la enorme expectativa que genera este tipo de eventos en la metrópoli, el cupo es estrictamente limitado para poder mantener el orden, la fluidez y la seguridad de todo el contingente. Por ello, es un requisito obligatorio realizar un registro previo en línea para apartar tu lugar oficial en la rodada. El proceso es sumamente sencillo, intuitivo y rápido; solo necesitas ingresar desde tu celular o computadora al enlace oficial proporcionado por los organizadores (https://bit.ly/RegViaNocturnaZapAgo26) y llenar el breve formulario con tus datos básicos de contacto y emergencia para confirmar tu asistencia a esta gran velada deportiva.
Lee también: Viernes nublado en Guadalajara; este es el pronóstico de lluvia para hoy
Esta nota fue creada con ayuda de inteligencia artificial y revisada por un editor.
Mantente al día con las noticias, únete a nuestro canal de WhatsApp
NA
Recibe las últimas noticias en tu e-mail
Todo lo que necesitas saber para comenzar tu día
Registrarse implica aceptar los Términos y Condiciones"
13,UDGTV,08-21-26,Piden que se garanticen bicis mecánicas a usuarios del programa Mi Bici,trafilatura,trafilatura,1977,0.36,https://udgtv.com/noticias/piden-garantizar-bicis-mecanicas-a-usuarios-de-mi-bici-/329179,,"Guadalajara, Jalisco
Ante las quejas de usuarios del programa Mi Bici, quienes reclaman que las bicicletas mecánicas pierden terreno frente a las bicis eléctricas, la diputada de Morena, Candelaria Ochoa Ávalos, hizo un llamado a la Agencia Metropolitana para la Movilidad (AMIM), responsable del programa, para que junto con el Instituto Metropolitano de Planeación (Imeplan) garanticen la disponibilidad de las bicicletas no motorizadas.
La legisladora señaló que ambos organismos públicos del gobierno estatal deben dar mantenimiento reparación y restablecimiento de las bicis mecánicas en las distintas estaciones, ya que muchas veces las unidades están ponchadas o descompuestas.
""El uso de las bicis eléctricas hoy resulta una inversión más cara que subirse a un autobús, para quienes las utilizan en el traslado de la Minerva al centro de Guadalajara
Con una duración de 20 minutos, les sale costando 48 pesos aproximadamente, 10 pesos del desanclaje, más los 20 minutos, más lo extra, entonces, los cargos económicos son muy elevados"", precisó.
El gobierno de Jalisco hizo una inversión de 200 millones de pesos para la compra de 960 bicis eléctricas y nuevos bici puertos híbridos, sin embargo, no se detalló un programa paralelo para recuperar y reparar las bicicletas mecánicas existentes.
Candelaria Ochoa señaló que el programa Mi Bici no tiene porque convertirse en un ""programa elitista"".
""Hacer uso de una movilidad activa no debería ser un privilegio. Es por supuesto, una medida necesaria para que haya mucha mas disposición del sistema Mi Bici y contribuir a que el cambio climática no nos alcance cada día más"", precisó.
La legisladora invitó a las y los legisladores a que analicen y evalúen el programa Mi Bici y las quejas que han expresado los usarios, algunos de los cuales tienen la intención de realizar manifestaciones de protesta, por lo que deben escucharse estas inconformidades.
- El tema se votará en la siguiente sesión del Pleno del Congreso."
14,NTR Guadalajara,08-20-26,Exigen a Setran cifra de ciclistas fallecidos,trafilatura,trafilatura,2123,0.23,https://www.ntrguadalajara.com/post.php?id_nota=248749,,"El Congreso de Jalisco pidió a la Secretaría de Transporte (Setran) que entregue información sobre los siniestros viales que involucran a usuarios de movilidad no motorizada, así como sobre los procesos de reparación del daño a familiares de ciclistas fallecidos, con énfasis en los casos relacionados con unidades de transporte público.
En el primer punto, el Congreso pidió a Setran informar los criterios técnicos, metodologías y mecanismos utilizados para registrar y validar las estadísticas de siniestralidad de peatones, ciclistas y demás usuarios de movilidad no motorizada. También deberá informar el estado de las mesas de diálogo con colectivos ciudadanos para atender posibles subregistros.
El segundo punto del exhorto solicita información sobre los familiares de ciclistas fallecidos, los apoyos económicos entregados y el cumplimiento de las mutualidades y pólizas de seguro vigentes de los concesionarios involucrados en siniestros fatales.
Los legisladores argumentaron que las familias enfrentan retrasos y falta de información en los procesos de reparación del daño, por lo que plantearon la necesidad de transparentar el cumplimiento de las obligaciones de los transportistas.
La iniciativa sostiene que contar con estadísticas unificadas permitiría dimensionar con mayor precisión las muertes de ciclistas y mejorar las políticas de prevención, mientras que transparentar los procesos de reparación del daño daría mayor certeza a las familias de las víctimas.
La propuesta señala los datos recopilados del colectivo Bicicleta Blanca, desde 2009 se han registrado 105 ciclistas fallecidos tras ser atropellados por unidades de transporte público en el Área Metropolitana de Guadalajara.
Además, señalan que durante 2026 se han documentado ocho muertes de ciclistas, cuatro de ellas relacionadas con vehículos del transporte público. Consideran que estas cifras contrastan con los avances reportados por las autoridades en materia de reducción de mortalidad vial.
El acuerdo fue aprobado con 32 votos a favor y deriva de una propuesta presentada el 6 de julio por el Grupo Parlamentario del PRI.
CES-jl/I"
15,El Informador,08-20-26,Congreso de Jalisco aprueba sanciones por intimidación vial,trafilatura,trafilatura,2834,0.25,https://www.informador.mx/jalisco/congreso-de-jalisco-aprueba-sanciones-por-intimidacion-vial-20260820-0184.html,,"Congreso de Jalisco aprueba sanciones por intimidación vial
La nueva ley plantea sancionar con hasta 36 horas de arresto administrativo a conductores que desde vehículos motorizados agredan a ciclistas o peatones
La iniciativa aprobada contempla también penalizaciones por conductas intimidatorias cometidas por razón de género. EL INFORMADOR/ARCHIVO
El Congreso de Jalisco aprobó una reforma a la Ley de Movilidad, Seguridad Vial y Transporte del Estado para sancionar la llamada intimidación vial.
La nueva ley plantea sancionar con hasta 36 horas de arresto administrativo a conductores que desde vehículos motorizados agredan a ciclistas, peatones o a quienes utilicen otro tipo de transporte.
¿Qué es la intimidación vial según la ley en Jalisco?
La intimidación vial, de acuerdo con las reformas hechas a la Ley estatal, se define como ""el uso de un vehículo motorizado, sea de servicio público o particular, de manera negligente o deliberada o agresiva, con una intención coercitiva o de reclamo, mediante conductas que busquen generar miedo, presión o sometimiento en personas usuarias de la vía con derecho preferente, sin que sea necesario que se produzca un daño físico directo"", se lee en el dictamen aprobado.
LEE: Congreso de Jalisco aprueba iniciativa de Gaby Cárdenas para dar pulsos de vida a personas cuidadoras
""Desde ahora, quien utilice sus vehículos para intimidar, agredir o poner deliberadamente en riesgo a una persona ciclista o peatona, podrá ser sancionado"", dijo Mariana Casillas, diputada local quien promovió la reforma.
Además, para aquellas personas que dirijan o aproximen su vehículo de manera abrupta, sigan o persigan de manera persistente o embistan a peatones o a usuarios de otros medios de transporte no motorizado, la sanción es el arresto administrativo que irá desde las 24 hasta las 36 horas.
LEE: Congreso de Jalisco eleva a rango constitucional apoyos a policías estatales
La iniciativa aprobada contempla también penalizaciones por conductas intimidatorias cometidas por razón de género, por lo que, en este sentido, la sanción a la persona infractora será la asistencia obligatoria a cursos de sensibilización que ofrece la Secretaría de Igualdad Sustantiva entre Mujeres y Hombres.
Parte de los cambios incluyen que las personas conductoras de vehículos motorizados o automotor o motocicleta, público o particular, deberán rebasar a la persona ciclista por el carril de la izquierda guardando al menos metro y medio de distancia, conservará una distancia de varios metros cuando la persona ciclista esté en movimiento y al menos cinco metros cuando se encuentre detenido en espera de su derecho de paso.
JM
Recibe las últimas noticias en tu e-mail
Todo lo que necesitas saber para comenzar tu día
Registrarse implica aceptar los Términos y Condiciones"
16,Canal 44,08-17-26,Prevén que se apruebe arresto administrativo de hasta 36 horas a acosadores de ciclistas,trafilatura,trafilatura,221,0.81,https://www.youtube.com/watch?v=T3jOf5o0Esw,,"Acerca de
Prensa
Derechos de autor
Comunicarte con nosotros
Creadores
Anunciar
Desarrolladores
Condiciones
Privacidad
Políticas y seguridad
Cómo funciona YouTube
Prueba funciones nuevas
NFL Sunday Ticket
© 2026 Google LLC"
17,Nmas,08-13-26,Hombre Cae de su Bici Eléctrica y se Fractura a Causa del Mal Estado de la Ciclovía,trafilatura,trafilatura,1271,0.3,https://www.nmas.com.mx/jalisco/seguridad/accidentes/hombre-cae-de-su-bici-electrica-y-se-fractura-a-causa-del-mal-estado-de-la-ciclovia/,,"00:00
Una vez más quedó en evidencia que la falta de mantenimiento y supervisión de las ciclovías
 00:05
de la ciudad pone en riesgo a quienes las utilizan.
 00:09
Esta vez un hombre acabó fracturado tras caer de su bicicleta.
 00:12
El accidente se registró en esta vía ciclista de calzada Federalismo al cruce con la calle
 00:17
San Felipe en la zona centro de Guadalajara.
 00:20
Víctima de una falla en esta pista exclusiva, el hombre cayó de su bicicleta sufriendo
 00:24
lesiones de consideración.
 00:48
falla en la ciclovía ocasiona una elevación pronunciada que, de acuerdo con usuarios frecuentes,
 00:53
Tiene por lo menos tres meses sin que ninguna autoridad haya tomado conocimiento o cartas
 00:58
en el asunto. Ciclistas advierten que lo anterior representa un riesgo.
 01:19
Aunque había la presunción de que la falla era producto de la raíz de un árbol cercano,
 01:24
una visita hecha esta madrugada por Enemas al punto confirmó que ninguna raíz provocó
 01:28
levantamiento. Al parecer el concreto se despegó causando la fractura y la elevación, la cual por
 01:34
las noches es prácticamente imperceptible y deja vulnerables y en peligro a quienes usan la ciclovía
 01:40
justamente para poder transitar seguros. Las Noticias NMAS Abram Flores Maciel"
18,Mural,11-08-26,Impulsa morenista regreso de bicicletas mecánicas,trafilatura,trafilatura,412,0.93,https://www.mural.com.mx/impulsa-morenista-regreso-de-bicicletas-mecanicas/ar3255680,,"COMUNIDAD
01 MIN 30 SEG
Martín Aquino
Guadalajara, México (11 agosto 2026) .-05:00 hrs
Pide diputada se mantengan las bicicletas mecánicas en el sistema de MiBici. Crédito: Archivo
La diputada de Morena en el Congreso local, Candelaria Ochoa, impulsa una propuesta para solicitar a autoridades estatales que consideren mantener bicicletas mecánicas, no sólo las eléctricas, activas dentro del programa ""Mi Bici""."
19,El Informador,10-08-26,"¿Cuáles son los riesgos de la Vía RecreActiva, según usuarios?",trafilatura,trafilatura,3424,0.28,https://www.informador.mx/jalisco/cuales-son-los-riesgos-de-la-via-recreactiva-segun-usuarios-20260810-0053.html,,"¿Cuáles son los riesgos de la Vía RecreActiva, según usuarios?
Usuarios de la Vía RecreActiva denuncian prácticas riesgosas, por lo que piden a las autoridades reforzar la vigilancia y el control vial
Las familias y deportistas de la Vía RecreActiva han identificado que el exceso de velocidad de los patines eléctricos y el tránsito desordenado de ciclistas constituyen las mayores amenazas durante las jornadas recreativas. ESPECIAL
Ir a la Vía RecreActiva implica sortear patines eléctricos a alta velocidad, maniobras temerarias de ciclistas y cruces sin señalización. Quienes recorren la ruta advierten riesgos constantes para niños, adultos mayores y mascotas, por lo que exigen a las autoridades mayor vigilancia para frenar accidentes en el espacio público.
Exceso de velocidad y cruces sin control: los principales riesgos señalados por usuarios
Las familias y deportistas que acuden habitualmente a la Vía RecreActiva han identificado que el exceso de velocidad de los patines eléctricos y el tránsito desordenado de ciclistas constituyen las mayores amenazas durante las jornadas recreativas. De acuerdo con testimonios recopilados en tramos como la avenida Javier Mina, el Centro Histórico y el Parque de la Revolución, la falta de respeto a los semáforos en rojo y las maniobras arriesgadas ponen en peligro constante a peatones, menores y mascotas.
Consulta: Baja de temperatura y tormentas para Guadalajara este lunes
A este escenario se suma la escasez de voluntarios y señalética en cruces viales estratégicos. Esta deficiencia provoca que en ocasiones los automovilistas no respeten el flujo peatonal, incrementando el riesgo de colisiones entre vehículos y asistentes.
Asimismo, los asistentes señalaron que los puntos de alta concentración de personas, como los espacios donde se realizan talleres de ajedrez o clases de baile, requieren mayor organización preventiva para evitar estampidas o tropiezos.
Llamado a la autoridad y recomendaciones para un recorrido seguro
Ante los percances registrados en la ruta, los usuarios hicieron un llamado a las autoridades municipales para reforzar los operativos de vigilancia y desplegar más personal de apoyo que garantice la seguridad en las intersecciones. El objetivo, señalaron, es que las familias puedan disfrutar del espacio público con tranquilidad y sin temor a sufrir un accidente.
Revisa: ""Hernán"" podría formarse en los próximos días, advierte el SMN
Para mitigar los riesgos entre la propia comunidad, los asistentes sugirieron las siguientes medidas de convivencia vial:
Delimitar el uso del carril: Mantenerse en un solo espacio de la vialidad para no invadir el paso de otros usuarios.
Respetar el sentido y las señales: Atender los semáforos, el sentido de circulación y las indicaciones de alto y siga emitidas por los voluntarios.
Lee: El SAT amenaza a estos contribuyentes con visitas domiciliarias exprés
Moderar la velocidad: Reducir el ritmo al manejar patines eléctricos o bicicletas, especialmente cerca de niños y adultos mayores.
Mantener la alerta: Permanecer atentos al entorno en zonas de alta afluencia y solicitar auxilio al personal capacitado en caso de emergencia.
*** Mantente al día con las noticias, únete a nuestro canal de WhatsApp ***
OA
Recibe las últimas noticias en tu e-mail
Todo lo que necesitas saber para comenzar tu día
Registrarse implica aceptar los Términos y Condiciones"
20,El Informador,09-08-26,Usuarios identifican riesgos en la Vía RecreActiva; emiten recomendaciones para disfrutarla con seguridad,trafilatura,trafilatura,3895,0.26,https://www.informador.mx/jalisco/via-recreactiva-usuarios-identifican-riesgos-y-emiten-recomendaciones-para-disfrutarla-con-seguridad-20260809-0075.html,,"Usuarios identifican riesgos en la Vía RecreActiva; emiten recomendaciones para disfrutarla con seguridad
Falta de voluntarios y señalización en algunos cruces lleva a usuarios a pedir mayor vigilancia y organización
Usuarios señalan que la velocidad de patines y bicicletas, así como maniobras temerarias, generan riesgos durante los recorridos. EL INFORMADOR/ O. GONZíLEZ.
Usuarios identifican riesgos en la Vía RecreActiva; emiten recomendaciones para disfrutarla con seguridad
El exceso de velocidad de patines eléctricos, maniobras temerarias por parte de ciclistas y falta de voluntarios y señalización en algunos cruces son los elementos de riesgo que usuarios de la Vía RecreActiva identificaron durante sus recorridos por la ciudad. Advirtieron que niñas y niños, adultos mayores y mascotas son los mayores afectados, por lo que emitieron una serie de recomendaciones y pidieron a la autoridad más vigilancia para disfrutar del espacio público de forma segura.
LEE: Cardenal de Guadalajara asegura que templos ya saldaron la deuda de agua con el SIAPA
Velocidad y maniobras, entre los principales riesgos
Karina y Areli comentaron que visitan la Vía con regularidad y aprovechan para recorrer la avenida Javier Mina y el Centro Histórico, así como otros espacios. Aunque la describen como un lugar ""bonito"" para hacer ejercicio, la velocidad de patines eléctricos y bicicletas ponen en riesgo al resto de usuarios, señalaron.
""Solamente me parecen peligrosos los patines eléctricos que van a alta velocidad y no respetan los semáforos [...]. Hay niños chiquitos y es peligroso"", contó Karina.
""A mí me tocó una vez que iba (sobre mi carril) y un muchacho iba muy rápido y casi nos caemos"", añadió Areli.
Ambas recomendaron a los usuarios limitarse a un carril y a un espacio sobre la vialidad. A los que tienen más experiencia, pidieron respetar el sentido en el que circulan los demás, los semáforos y las señales de alto y siga que hacen los voluntarios en los cruces.
Usuarios piden mayor vigilancia y organización
María Elena comentó que la falta de voluntarios y señalética en algunos cruces pone en riesgo a los usuarios, pues en ocasiones algunos automovilistas no respetan el flujo de la Vía. Además, las maniobras temerarias de varios ciclistas, sobre todo adolescentes y menores, pueden ser causas de choques y colisiones con el resto de peatones, mientras que otros no respetan el semáforo en rojo.
La joven pidió a los usuarios estar alerta de situaciones que podrían poner en riesgo su integridad, respetar las indicaciones, semáforos y señalamientos del personal de la Vía y solicitar apoyo en caso de requerirlo. A las autoridades, solicitó implementar mayor vigilancia y seguridad ""para que las familias vengan con toda confianza y no vengan con miedo, porque sí han habido algunos accidentes"".
LEE: En agosto, autos con estas placas deben realizar la Verificación Vehicular
Alberto coincidió en el exceso de velocidad y las maniobras como situaciones de riesgo, sin embargo, también consideró necesario implementar mayores medidas de organización en zonas de concentración de personas para evitar accidentes. Los eventos recreativos, como las partidas de ajedrez y las clases de baile en el Parque de la Revolución, son los aspectos que más disfrutan Alberto y su familia de la Vía, pero también, reconoció, son puntos que, ante la cantidad de personas, podrían generar accidentes.
A los usuarios recomendó estar alerta de sus alrededores, sobre todo cuando se detienen en un lugar específico y peatones, corredores, patines eléctricos y ciclistas circulan a su lado. A las autoridades, exhortó a considerar acciones de organización en puntos de congregación de personas.
SV
Recibe las últimas noticias en tu e-mail
Todo lo que necesitas saber para comenzar tu día
Registrarse implica aceptar los Términos y Condiciones"
22,UDGTV,04-08-26,Se triplica robo de bicicletas del sistema Mi Bici,trafilatura,trafilatura,1676,0.31,https://udgtv.com/noticias/se-triplica-robo-de-bicicletas-del-sistema-mi-bici/327121,,"Guadalajara, Jalisco
Aunque se anunciaron con un mecanismo blindado contra robos, las bicicletas del sistema público Mi Bici han sido objeto de este delito que ha ido creciendo de forma sustancial y perjudicando la disponibilidad de unidades.
Tan solo en el primer semestre del 2026, se han presentado en Fiscalía 237 denuncias penales por robo total de bicicletas, según informó vía transparencia la Agencia de Infraestructura para la Movilidad que opera el sistema.
Es decir, el comportamiento delictivo de este año ha triplicado al del año pasado, cuando se presentaron apenas 82 denuncias por robo durante los 12 meses.
Denuncias penales por robo de bicicletas
Según la misma dependencia, ninguna de las unidades afectadas hasta el momento han sido eléctricas, por lo que reporta la operación sin contratiempos de 960 bicicletas de este tipo.
No obstante, las cosas cambian cuando hablamos de vehículos tradicionales.
Según la AMIM, hasta la fecha mil 474 bicicletas mecánicas están fuera de servicio por pérdida total por daños, robo o descompostura, y aunque se solicitaron datos sobre el personal encargado de darles mantenimiento, informó que no tiene el dato porque corresponde a la empresa encargada de operar el programa: BKT Bici Pública SA de CV.
- Dicha empresa tiene un contrato semestral con la AMIM para mantener en operación el servicio de Mi Bici con un costo de 53.2 millones de pesos, es decir, 106 millones de pesos anuales.
- Se triplica robo de bicicletas del sistema Mi Bici- 04 agosto, 2026
- Impulsan construcción de 20 cabañas en ANP de La Primavera- 03 agosto, 2026
- Nuevo acueducto costará 10 mil MDP; prevén 30 años de vida útil- 16 julio, 2026"
23,UDGTV,04-08-26,Denuncian rapiña de equipo a nuevas bicicletas eléctricas de Mi Bici,trafilatura,trafilatura,1497,0.28,https://udgtv.com/noticias/denuncian-rapina-de-equipo-a-nuevas-bicicletas-de-mi-bici/327159,,"Guadalajara, Jalisco
- La bicicleta desvalijada fue localizada en el barrio de Santa Tere, en Guadalajara
Comenzó la rapiña con las bicis eléctricas. El equipo de una de las nuevas bicicletas con motor eléctrico de Mi Bici fue robado.
La unidad fue localizada por usuarios del sistema en el barrio de Santa Tere, en Guadalajara, ya sin el motor eléctrico que da impulso al usuario. También le robaron la llanta delantera, las campanas de alerta, la cadena, el sistema de cambio de velocidades, el foco de iluminación nocturna y hasta el asiento fue retirado.
El desvalijamiento de la unidad eléctrica, cuyo servicio comenzó a operar apenas el pasado 9 de junio, fue reportado en redes sociales el pasado sábado primero de agosto, a través del grupo de Facebook ""Mi Bici Usuarios GDL"".
""Ya comenzaron las ratas a desvalijar bicis eléctricas, encontrada en Santa Tere ya se dio aviso para que pasen por lo que queda de ella""
Escribió en la publicación de la red social el usuario identificado como LoyalSunflower2576.
Entre los comentarios de usuarios a la publicación hay quienes confirman haber visto la bicicleta desvalijada en la zona de Santa Tere, sobre la calle Hospital.
A partir del mes de junio, la Agencia de Infraestructura para la movilidad del Área Metropolitana implementó la operación de 960 bicicletas eléctricas que se sumaron al programa de bicicleta pública con el cobro extra de diez pesos por desanclar y dos pesos por minuto a partir de que se rebasan los diez minutos de uso."
24,Página 24 Jalisco,03-08-26,Usuarios de Ciclovía de Federalismo Señalan Robos,trafilatura,trafilatura,1451,0.72,https://pagina24jalisco.com.mx/2026/08/03/local/usuarios-de-ciclovia-de-federalismo-senalan-robos/,,"Desde Jesús García Hasta Niños Héroes
Por Rafael Hernández Guízar
Usuarios de la ciclovía de la avenida Federalismo, en Guadalajara, exigieron más seguridad ante el aumento de robos.
Tras una denuncia ciudadana que llegó a la redacción de Página 24 Jalisco, acudimos hasta este sitio para escuchar a los vecinos y usuarios de la ciclovía de la avenida Federalismo, desde el cruce con la avenida Jesús García, hasta la avenida Niños Héroes, quienes indicaron que se han disparado los robos a persona a lo largo de la ciclovía, sobre todo por las noches, cuando algunas de las luminarias no están funcionando.
""Yo digo que sí debería de haber más seguridad porque a varias personas las han asaltado, aquí derecho por la ciclovía para donde está el panteón de Mezquitán está peligroso, sí deberían de poner más vigilancia porque es peligroso por la noche"", aseguró Andrea Flores, una de las entrevistadas.
Los robos generalmente ocurren de forma rápida; llega una persona y le corta el paso al ciclista y posteriormente lo despoja de prendas de valor para darse a la fuga. En algunas ocasiones llega a ser esto con violencia, aseguró Andrea.
Pero la inseguridad es solo uno de los problemas. Dicha ciclovía constantemente presenta obstáculos también para los ciclistas, pues justo en la zona del panteón de Mezquitán se pone un tianguis que bloquea la vía ciclista, además de que en varios tramos de la misma hay baches que causan problemas de seguridad."
25,El Informador,02-08-26,Bien de Noche reúne a 130 mil personas en Guadalajara con actividades gratuitas por el regreso a clases,trafilatura,trafilatura,3914,0.44,https://www.informador.mx/jalisco/bien-de-noche-reune-a-130-mil-personas-en-guadalajara-con-actividades-gratuitas-por-el-regreso-a-clases-20260802-0069.html,,"Bien de Noche reúne a 130 mil personas en Guadalajara con actividades gratuitas por el regreso a clases
Con la temática del regreso a clases, familias, niñas, niños, jóvenes y visitantes llenaron calles, parques y plazas del Centro Histórico y otros espacios públicos de la ciudad
La noche reunió expresiones artísticas para todos los gustos. ESPECIAL/Gobierno de Guadalajara
Con una asistencia de 130 mil personas, se celebró una nueva edición de Bien de Noche, una jornada que volvió a transformar las calles, plazas y parques de la ciudad en espacios de encuentro, convivencia y expresión cultural.
La temática de esta edición fue el regreso a clases, donde familias, jóvenes, niñas, niños y visitantes disfrutaron de una amplia programación gratuita que llenó de vida el Centro Histórico y distintos puntos de Guadalajara, consolidando a Bien de Noche como una estrategia para recuperar el espacio público y fortalecer la convivencia ciudadana.
La presidenta de Guadalajara, Vero Delgadillo, impulsa este programa como una apuesta por una ciudad más viva, donde la cultura, el deporte, la recreación y el arte acerquen a las personas y fortalezcan el sentido de comunidad.
Te puede interesar: Cartelera de conciertos en Guadalajara para agosto 2026: Fechas, artistas y recintos
La noche reunió expresiones artísticas para todos los gustos. En Paseo Alcalde y Plaza Liberación, decenas de personas tomaron la pista para disfrutar de clases y exhibiciones de salsa cubana, swing y rueda de casino, mientras que, frente a la Rotonda de las y los Jaliscienses Ilustres, el Ballet Xalisco ofreció un recorrido por las tradiciones del estado y el Ensamble Astronobis de América llenó de música el templo de Nuestra Señora de la Merced.
Los templos y recintos históricos también se convirtieron en escenarios culturales con conciertos del Ensamble Vocal ConTempo, el Ensamble Vocal Azomalli, Antiguam Ensamble y un recital de coro y órgano en el Santuario, además de una noche astronómica que permitió a las familias observar el cielo desde el corazón de la ciudad.
Los parques y jardines fueron puntos de encuentro para el aprendizaje y la recreación. En el Parque de la Revolución se realizaron actividades recreativas, partidas de ajedrez monumental y convencional, un taller de adiestramiento básico para mascotas y una jornada de vacunación antirrábica. En el Parque Mariano Azuela también hubo dinámicas para toda la familia, mientras que La Minerva vibró con la música del DJ Gruback.
Revisa: ¿Cuándo salen los resultados de admisión de la UdeG? Fecha y dónde consultar las listas
La oferta incluyó experiencias gastronómicas, cine y tecnología. En el Parque Clemente Orozco se llevó a cabo una degustación de alimentos preparada por estudiantes del Colegio Gastronómico; en el Jardín Reforma se proyectó cine al aire libre acompañado de un taller de dibujo, y en los cruces de Angulo y Garibaldi, así como en el Santuario, el videomapping iluminó la noche con experiencias inmersivas e interactivas.
En la calle Jesús García y Paseo Alcalde, los juegos de feria y el karaoke reunieron a familias y grupos de amigos en un ambiente festivo.
Con iniciativas como Bien de Noche, el Gobierno de Guadalajara refrenda su compromiso de recuperar y activar los espacios públicos mediante actividades culturales, deportivas y recreativas que fortalecen la convivencia, promueven el talento local y hacen de la ciudad un lugar cada vez más seguro, dinámico y disfrutable para todas y todos.
Lee también: Telcel, AT&T, Movistar y más bloquearán estas líneas en agosto de 2026: los números que tienen fecha límite para el registro
***Mantente al día con las noticias, únete a nuestro canal de WhatsApp ***
MB
Recibe las últimas noticias en tu e-mail
Todo lo que necesitas saber para comenzar tu día
Registrarse implica aceptar los Términos y Condiciones"
26,Quadratin,02-08-26,Bicis eléctricas llegarán a Tlajomulco con prueba piloto,trafilatura,trafilatura,2671,0.26,https://jalisco.quadratin.com.mx/sucesos/bicis-electricas-llegaran-a-tlajomulco-con-prueba-piloto/,,"Recibe El Salto reconocimiento de Alcaldes de México como motor económico
                
                
Guadalajara, Jal. a 27 de agosto de 2026            
        
              02 de agosto de 2026                  
            
 , 
             
              11:53 
            
          
            
            Redacción/ Quadratín Jalisco             
          
        TLAJOMULCO, Jal., 2 de agosto de 2026. Las personas que viven o se desplazan por Tlajomulco podrán acceder a bicicletas eléctricas mediante una suscripción mensual de 500 pesos como parte de la prueba piloto Mi Bici +, un programa que busca ofrecer una alternativa de transporte para reducir el uso del automóvil.
El proyecto es impulsado por el gobierno de Tlajomulco en coordinación con la Agencia Metropolitana de Infraestructura para la Movilidad (AMIM) y permanecerá en fase piloto hasta enero de 2027, periodo en el que se evaluará su funcionamiento y se realizarán ajustes al modelo.
Las bicicletas cuentan con asistencia de pedaleo, lo que reduce el esfuerzo físico durante los recorridos y facilita trayectos cotidianos como ir al trabajo, la escuela o realizar compras. El programa también contempla accesorios como sillas para niñas y niños, con el propósito de ampliar las opciones de movilidad para las familias.
Las personas interesadas deberán registrarse en la plataforma mibicimas.net, donde se solicita información básica y una breve explicación sobre la necesidad de movilidad que buscan atender. Una vez validada la solicitud, podrán realizar el pago de la suscripción y agendar la entrega del equipo.
Como parte de la difusión del programa, se instaló un módulo informativo en el Centro Administrativo Tlajomulco para mostrar el funcionamiento de las bicicletas eléctricas y resolver dudas de la población. El módulo volverá a operar el lunes y jueves de la próxima semana.
La representante de la Agencia Metropolitana de Infraestructura para la Movilidad, Sarahí Gómez, explicó que el objetivo es ampliar el modelo de bicicletas públicas que actualmente opera en el Área Metropolitana de Guadalajara hacia municipios con infraestructura ciclista, como Tlajomulco, incorporando una modalidad eléctrica que facilite recorridos más largos y atraiga a nuevos usuarios.
La prueba piloto también permitirá evaluar la viabilidad de este esquema como una alternativa de transporte en corredores con alta demanda de movilidad, como la avenida López Mateos.
Destaca el Gobierno Federal fortalecimiento del Plan México 
              
                                  
                
                 Detienen a presunto coautor material del feminicidio de Valeria Márquez"
27,El Occidental,02-08-26,En Tlajomulco impulsan movilidad mediante bicicletas eléctricas; cuya suscripción mensual costaría 500 pesos,trafilatura,trafilatura,1502,0.32,https://oem.com.mx/eloccidental/local/en-tlajomulco-impulsan-movilidad-mediante-bicicletas-electricas-cuya-suscripcion-mensual-costaria-500-pesos-31404324,,"Localdomingo, 2 de agosto de 2026
La organizan entre el gobierno municipal y la Agencia Metropolitana de Infraestructura para la Movilidad
LOCAL
La Secretaría de Salud reconoció que se agotó la partida destinada al servicio; prevé regularizar la recolección durante esta semana
En el Segundo Informe de la presidenta de Tlaquepaque, Laura Imelda Pérez no se habló de los homicidios cometidos en lo que va del año
El ejercicio se realizará el viernes 18 de septiembre en toda la Red Universitaria; simulará un sismo de magnitud 7.7 con epicentro en Tehuacán, Puebla
Las restricciones comenzarán desde las 10:00 horas y se recomienda utilizar Federalismo, Calzada Independencia, Revolución, Niños Héroes y La Paz
El titular del SIAPA, Ismael Jáuregui reconoció la importancia del sector hotelero para la economía del estado al realizar inversiones y crear fuentes de empleo
Le encontraron el dispositivo oculto entre sus prendas de vestir
El presidente de la AMHM, detalló que ellos tiene que pagar los servicios con tarifas comerciales y los inmuebles colocados en las plataformas tienen tarifas domésticas que son mucho más baratas
Estiman que al centro de Guadalajara asistirán 92 mil personas
La víctima fue una mujer de 66 años, residente de Cocula; durante la última semana se sumaron 10 casos, por lo que Jalisco alcanzó un acumulado de 163 personas enfermas de dengue.
En el estado hay alrededor de 270 mil estudiantes de educación media superior y superior que reciben una Beca para el Bienestar"
28,NTR Guadalajara,01-08-26,Ciclistas exigen respuesta de autoridad,trafilatura,trafilatura,2720,0.26,https://www.ntrguadalajara.com/post.php?id_nota=247990,,"Más de 450 ciclistas han participado este año en las rodadas de protesta convocadas el último viernes de cada mes por la colectiva Bicicleta Blanca, con las que exigen mayor seguridad vial, el impulso a infraestructura ciclista, justicia para las víctimas de siniestros viales y una respuesta de las autoridades estatales, la cual, aseguran, no ha llegado.
Bicicleta Blanca informó que más de 450 personas han participado este año en las manifestaciones realizadas el último viernes de cada mes para exigir seguridad vial, infraestructura ciclista y justicia para las víctimas.
Durante la movilización de julio, Sergio Baldit señaló que, pese a estas protestas, no han recibido respuesta de la Secretaría de Transporte ni de otras dependencias estatales, por lo que reiteró la necesidad de retomar la agenda de movilidad ciclista e intermodal.
Entre las principales se encuentra la reactivación de la construcción de infraestructura ciclista segura, continua e interconectada en todas las zonas de la ciudad, además de políticas públicas que reduzcan la dependencia del automóvil y promuevan una distribución más equitativa del espacio público.
Los manifestantes sostuvieron que los gobiernos han abandonado la infraestructura ciclista y peatonal, privilegiando proyectos que benefician principalmente a los automovilistas. Afirmaron que las ciclovías construidas recientemente son obras aisladas que no conforman una red funcional para quienes utilizan la bicicleta como medio de transporte.
También señalaron que las muertes de personas ciclistas han aumentado respecto al año pasado y aseguraron que aproximadamente la mitad de los casos involucran unidades del transporte público. Asimismo, criticaron que el servicio de transporte colectivo continúa incrementando sus tarifas sin ofrecer mejoras significativas para la mayoría de las rutas del Área Metropolitana de Guadalajara.
En cuanto al sistema MiBici Pública, consideraron que, pese a la incorporación de bicicletas eléctricas, el nivel de servicio continúa siendo deficiente, lo que ha provocado que deje de ser una alternativa confiable para una parte de sus usuarios.
Como parte de sus protestas, la colectiva recordó que en junio instaló un memorial frente a la Secretaría de Transporte con los nombres de ciclistas fallecidos y pintó bicicletas blancas en el exterior del edificio; ambos fueron retirados por la dependencia al día siguiente.
En mayo también colocó un memorial en el cruce de Pablo Valdez y Rita Pérez de Moreno, en la colonia San Juan Bosco, en memoria del ciclista atropellado por una unidad del transporte público el 19 de mayo. Aseguró que estas acciones buscan visibilizar a las víctimas, exigir justicia y prevenir más muertes.
jl/I"
29,El Informador,07-30-26,La ciudad cambia de ritmo sobre dos ruedas,trafilatura,trafilatura,2421,0.27,https://www.informador.mx/jalisco/guadalajara-la-ciudad-cambia-de-ritmo-sobre-dos-ruedas-20260730-0001.html,,"La ciudad cambia de ritmo sobre dos ruedas
Con la Vía RecreActiva el Paseo Alcalde, la Glorieta Minerva, Chapultepec, el Centro Histórico y numerosas colonias quedan enlazadas por una ruta donde el sonido predominante son las risas y el movimiento de las bicicletas
Participar en este recorrido permite incorporarse a una de las tradiciones contemporáneas más representativas de la ciudad. ESPECIAL
Las ciudades pueden descubrirse desde un mirador; también pueden entenderse caminándolas. Guadalajara tiene, además, una tercera posibilidad: recorrerla sobre una bicicleta mientras sus avenidas principales permanecen libres de automóviles. Cada domingo por la mañana, la Vía RecreActiva transforma decenas de kilómetros de calles en un corredor donde peatones, ciclistas, corredores y patinadores ocupan el espacio que durante el resto de la semana pertenece al tránsito vehicular.
Lo que comenzó como una iniciativa de movilidad y convivencia terminó convirtiéndose en una de las costumbres más arraigadas entre los tapatíos. Desde temprano, familias completas, grupos de amigos y visitantes recorren la ciudad a su propio ritmo, deteniéndose en parques, plazas, cafeterías o mercados que forman parte del trayecto.
El recorrido conecta algunos de los puntos más representativos del área metropolitana y permite observar Guadalajara desde una perspectiva poco habitual. Paseo Alcalde, la Glorieta Minerva, Chapultepec, el Centro Histórico y numerosas colonias quedan enlazadas por una ruta donde el sonido predominante deja de ser el de los motores para dar paso a conversaciones, risas y el movimiento constante de bicicletas.
La Vía RecreActiva también modifica la relación con el espacio público. Niños que aprenden a pedalear, personas que pasean con sus mascotas, músicos urbanos y deportistas comparten las mismas calles durante varias horas, mientras la ciudad reduce su velocidad habitual. Para quienes visitan Guadalajara durante un fin de semana, participar en este recorrido permite incorporarse, aunque sea por una mañana, a una de las tradiciones contemporáneas más representativas de la ciudad, en la que miles de personas convierten el espacio público en un lugar de encuentro cada domingo. Sitio web: www.viarecreactiva.com
CT
Recibe las últimas noticias en tu e-mail
Todo lo que necesitas saber para comenzar tu día
Registrarse implica aceptar los Términos y Condiciones"
30,El Occidental,07-29-26,Tapatíos cuestionan expansión de ciclopuertos de Mi Bici; denuncian falta de consulta y pérdida de estacionamiento,trafilatura,trafilatura,1527,0.3,https://oem.com.mx/eloccidental/local/tapatios-cuestionan-expansion-de-ciclopuertos-de-mi-bici-denuncian-falta-de-consulta-y-perdida-de-estacionamiento-31351404,,"Localmiércoles, 29 de julio de 2026
Los vecinos señalan que las obras se realizan sin entablar diálogo con quienes habitan en la zona, lo que ha generado molestias
LOCAL
La Secretaría de Salud reconoció que se agotó la partida destinada al servicio; prevé regularizar la recolección durante esta semana
En el Segundo Informe de la presidenta de Tlaquepaque, Laura Imelda Pérez no se habló de los homicidios cometidos en lo que va del año
El ejercicio se realizará el viernes 18 de septiembre en toda la Red Universitaria; simulará un sismo de magnitud 7.7 con epicentro en Tehuacán, Puebla
Las restricciones comenzarán desde las 10:00 horas y se recomienda utilizar Federalismo, Calzada Independencia, Revolución, Niños Héroes y La Paz
El titular del SIAPA, Ismael Jáuregui reconoció la importancia del sector hotelero para la economía del estado al realizar inversiones y crear fuentes de empleo
Le encontraron el dispositivo oculto entre sus prendas de vestir
El presidente de la AMHM, detalló que ellos tiene que pagar los servicios con tarifas comerciales y los inmuebles colocados en las plataformas tienen tarifas domésticas que son mucho más baratas
Estiman que al centro de Guadalajara asistirán 92 mil personas
La víctima fue una mujer de 66 años, residente de Cocula; durante la última semana se sumaron 10 casos, por lo que Jalisco alcanzó un acumulado de 163 personas enfermas de dengue.
En el estado hay alrededor de 270 mil estudiantes de educación media superior y superior que reciben una Beca para el Bienestar"
31,NTR Guadalajara,07-29-26,Cuestionan usuarios costo extra de bicicletas eléctricas en MiBici,trafilatura,trafilatura,1696,0.22,https://www.ntrguadalajara.com/post.php?id_nota=247854,,"La incorporación de bicicletas eléctricas al sistema MiBici y el esquema de cobros por desanclaje ha llevado a usuarios a cuestionar las nuevas unidades.
Bajo el esquema actual, un viaje inicia con el desanclaje, el cual tiene un costo de 10 pesos, pero a partir del minuto 11 se cobran 2 pesos por cada minuto.
Al respecto, Mario Orozco, quien es usuario del sistema, explicó que si realiza un recorrido de esas características una vez al día, cinco días por semana, el desembolso anual alcanzaría alrededor de 7 mil 800 pesos: ""En mi caso tenía bici propia y la anualidad (de Mi Bici), pero en cuanto anunciaron la subida de precios la cancelé"", explicó
Diego, quién también es usuario del sistema, mencionó que en una semana gastó 200 pesos por recargos. En otros casos como el de Antonio, quien no conocía de los cargos extra, acumuló una deuda de 400 pesos.
""Es demasiado costoso el servicio, aparte de que subió la anualidad sería bueno que al menos den más tiempo 10 minutos. Es muy poco tomando en cuenta el estado de las ciclovías, la obstrucción y los semáforos"", expuso Lorayne.
Las personas usuarias del sistema también criticaron la poca o nula disponibilidad de bicicletas mecánicas en horarios de alta demanda.
""Parece la extinción de las bicis mecánicas, cada vez hay menos en las estaciones y las que hay (están) en mal estado"", añadió Antonio.
Desde hace semanas en el Congreso del Estado hay una iniciativa presentada por el gobernador del estado, Pablo Lemus Navarro, para eliminar el cobro de 10 pesos por el uso inicial de las bicicletas eléctricas de MiBici; sin embargo, sigue sin ser atendida en el pleno del Legislativo, el cual además está de vacaciones de verano.
jl/I"
32,NTR Guadalajara,07-14-26,"Bicis eléctricas tienen 2,441 viajes diarios",trafilatura,trafilatura,2602,0.23,https://www.ntrguadalajara.com/post.php?id_nota=247237,,"A un mes del inicio de operaciones de las bicicletas eléctricas de MiBici, el sistema alcanzó 73 mil 428 viajes realizados. Así, entre el 10 de junio y el 10 de julio de 2026 las bicicletas eléctricas realizaron un promedio de 2 mil 441 viajes diarios. Cada unidad registra, en promedio, nueve viajes al día.
Al presentar el balance anterior, la coordinadora de Gestión del Territorio, Karina Hermosillo Ramírez, dijo que el gobierno estatal tiene el compromiso de seguir con la construcción de una red de movilidad moderna, accesible y conectada que responda a las necesidades actuales y futuras del Área Metropolitana de Guadalajara (AMG).
La duración promedio de los recorridos de MiBici es de 12 minutos, pues el sistema se utiliza principalmente para traslados urbanos de corta distancia y como una solución de última milla que facilita la conexión entre distintos modos de transporte y los desplazamientos cotidianos, interpretó la autoridad.
El crecimiento de la flota se ha realizado de forma gradual. Durante la primera semana estuvieron disponibles 200 bicicletas eléctricas, mientras que en la segunda semana la flota aumentó a 300 unidades y, actualmente, 700 bicicletas eléctricas se encuentran en operación para atender la creciente demanda.
El director general del Sistema Mi Bici Pública, Antonio Martín del Campo, dijo que las bicicletas eléctricas y el fortalecimiento de la infraestructura forman parte de una estrategia para consolidar un sistema de movilidad más eficiente y conectado.
Añadió que la alta demanda registrada durante el primer mes de operación motivó la implementación de una cuadrilla especializada para realizar el cambio de baterías en las estaciones y mantener la disponibilidad de las bicicletas eléctricas durante toda la jornada.
Detalló que se instalaron 70 nuevas estaciones con centro de carga para bicicletas eléctricas y se reubicaron 53 estaciones en nuevos puntos estratégicos dentro del polígono de Mi Bici para ampliar la cobertura del sistema.
Las nuevas estaciones con centro de carga y las estaciones reubicadas reciben bicicletas eléctricas y mecánicas. La diferencia radica en que las primeras cuentan con la infraestructura necesaria para la recarga de las unidades eléctricas.
Para mantener la disponibilidad de las unidades durante toda la jornada, MiBici implementó una estrategia logística que contempla la distribución diaria de bicicletas en las estaciones y el reemplazo de baterías descargadas por baterías completamente cargadas directamente en sitio mediante cuadrillas especializadas que recorren el polígono a lo largo del día.
jl/I"
33,Jalisco TV,07-14-26,MI BICI ELÉCTRICA SUPERA LOS 73 MIL VIAJES EN SU PRIMER MES Y DUPLICA USO DE UNIDADES MECÁNICAS,trafilatura,trafilatura,3800,1.92,https://jaliscotv.com/mi-bici-electrica-supera/,,"Share This Article
A un mes de su puesta en marcha, el sistema Mi Bici Eléctrica registró 73 mil 428 viajes en el Área Metropolitana de Guadalajara (AMG), consolidándose como una alternativa de movilidad para los traslados urbanos de corta distancia y superando ampliamente el nivel de uso de las bicicletas mecánicas.
Entre el 10 de junio y el 10 de julio de 2026, las bicicletas eléctricas realizaron un promedio de 2 mil 441 viajes diarios, mientras que cada unidad registró nueve viajes por día, más del doble del promedio de las bicicletas mecánicas, que alcanzan alrededor de cuatro viajes diarios por unidad.
La Coordinadora de Gestión del Territorio, Karina Hermosillo Ramírez, destacó que la incorporación de las bicicletas eléctricas fortalece la red de movilidad al ofrecer más opciones de traslado eficientes, seguras y sustentables para la población.
""La respuesta que hemos visto durante este primer mes confirma que cada vez más personas están dispuestas a incorporar nuevas alternativas para realizar sus traslados cotidianos. Nuestro objetivo es seguir construyendo un sistema de movilidad que ofrezca más opciones, que sea más eficiente y que permita a las personas moverse de manera más sencilla por la ciudad"", señaló.
Añadió que el compromiso es continuar con la construcción de una red de movilidad moderna, accesible y conectada, capaz de responder a las necesidades actuales y futuras del Área Metropolitana de Guadalajara.
De acuerdo con las autoridades, los recorridos en Mi Bici tienen una duración promedio de 12 minutos, lo que confirma que el servicio se utiliza principalmente para traslados urbanos de corta distancia y como una solución de última milla, facilitando la conexión con otros sistemas de transporte.
La expansión de la flota se realizó de manera gradual para garantizar una implementación ordenada del servicio. Durante la primera semana estuvieron disponibles 200 bicicletas eléctricas, cifra que aumentó a 300 unidades en la segunda semana y que actualmente alcanza 700 bicicletas en operación para atender la creciente demanda.
El director general del Sistema Mi Bici Pública, Antonio Martín del Campo, afirmó que tanto las bicicletas eléctricas como el fortalecimiento de la infraestructura forman parte de una estrategia para consolidar un sistema de movilidad más eficiente y conectado.
Indicó que el objetivo es ampliar la red hasta 8 mil 500 bicicletas y 800 estaciones, con la meta de convertir a Mi Bici en el mejor sistema de bicicleta pública de América Latina.
Ante el incremento en la demanda, el organismo implementó una cuadrilla especializada para el reemplazo de baterías directamente en las estaciones, con el fin de mantener disponibles las unidades eléctricas durante toda la jornada.
Como parte de la expansión de la infraestructura, fueron habilitadas 70 nuevas estaciones con centros de carga para bicicletas eléctricas y 53 estaciones mecánicas fueron reubicadas en puntos estratégicos dentro del polígono de operación para ampliar la cobertura del sistema.
Las estaciones con centros de carga reciben tanto bicicletas eléctricas como mecánicas; sin embargo, cuentan con la infraestructura necesaria para recargar las baterías de las unidades eléctricas.
Además, el sistema opera una estrategia logística que contempla la redistribución diaria de bicicletas y el cambio de baterías descargadas por otras completamente cargadas, mediante cuadrillas que recorren de forma permanente las estaciones.
Finalmente, Mi Bici Pública exhortó a las personas usuarias a anclar correctamente las bicicletas eléctricas en estaciones con centro de carga al concluir cada recorrido, con el propósito de garantizar su recarga y disponibilidad para otros usuarios, así como contribuir al buen funcionamiento y crecimiento del sistema de movilidad."
34,Mural,07-13-26,Usuarios prefieren MiBici eléctrica; aumentarán unidades,trafilatura,trafilatura,502,0.92,https://www.mural.com.mx/usuarios-prefieren-mibici-electrica-aumentaran-unidades/ar3239607?grrecs=1&widget=portadaprincipalusuario-mural-nacional-cancha-negocios-ciudad-internacional-gente-local-seguridad-comunidad&reftype=portada&ckrecommendationid=RID-e1-455a-9243-70d9cc01aa8b-CID-80e893,,"COMUNIDAD
03 MIN 30 SEG
Abraham Acosta
Guadalajara, México (13 julio 2026) .-15:55 hrs
Son mil las unidades eléctricas adquiridas por el Gobierno de Jalisco para el sistema público de MiBici; actualmente operan 500 de ellas. Crédito: Ismael Ramírez
 Las bicicletas eléctricas de MiBici se han convertido en las más utilizadas del sistema por unidad, apenas un mes después de su incorporación, aunque su alta demanda ya vino acompañada de los primeros casos de vandalismo y uso indebido de las unidades."
35,Notisistema,07-13-26,Incorporación de bicicletas eléctricas al sistema Mi Bici duplicó los viajes diarios en un mes,trafilatura,trafilatura,966,0.31,https://www.notisistema.com/noticias/incorporacion-de-bicicletas-electricas-al-sistema-mi-bici-duplico-los-viajes-diarios-en-un-mes/,,"A un mes de la incorporación de las primeras 500 bicicletas eléctricas al sistema de movilidad Mi Bici, el promedio de viajes diarios por unidad se duplicó en comparación con las bicicletas mecánicas, informó la coordinadora general de Gestión del Territorio, Karina Hermosillo.
""Estas bicicletas eléctricas registran un promedio de 9 viajes diarios por unidad, frente a los 4 viajes que en promedio realiza cada bicicleta mecánica. Esto significa que el uso promedio por unidad de bicicletas eléctricas es más del doble que el de las bicicletas mecánicas"".
Hermosillo indicó que actualmente el sistema cuenta con 700 bicicletas eléctricas en operación y que, en los próximos días, se incorporarán las mil unidades adquiridas por el Gobierno de Jalisco.
Asimismo, informó que el Ejecutivo estatal envió al Congreso una iniciativa para eliminar el cobro por el desanclaje de las bicicletas, con el propósito de incentivar el uso del sistema. (Por Edgar Flores Maciel)"
36,Notisistema,07-13-26,Suman 13 bicicletas eléctricas vandalizadas de MiBici en un mes,trafilatura,trafilatura,866,0.11,https://www.notisistema.com/noticias/suman-13-bicicletas-electricas-vandalizadas-de-mibici-en-un-mes/,,"Durante el primer mes de operación de las bicicletas eléctricas del sistema Mi Bici, se registraron daños en 13 unidades, informó el titular de la Agencia Metropolitana de Infraestructura para la Movilidad, Antonio Martín del Campo.
""12 bicicletas rayadas efectivamente y una que le robaron los pedales, ya están incorporados al sistema"".
El funcionario explicó que los casos representan el 1.7 por ciento de las bicicletas eléctricas que actualmente operan en la ciudad.
Añadió que, desde el inicio del sistema Mi Bici, también se han registrado actos de vandalismo contra bicicletas mecánicas y el retiro de algunas unidades de sus polígonos de operación. Precisó que todas fueron recuperadas.
Asimismo, informó que se realizó una actualización del software del sistema para evitar que las bicicletas puedan ser desancladas con facilidad. (Por Edgar Flores Maciel)"
37,Tribuna de la bahia,12-07-26,Rehabilitación de ciclovías sigue pendiente a más de 8 meses de su aprobación,trafilatura,trafilatura,2833,0.54,https://tribunadelabahia.com.mx/rehabilitacion-ciclovias-pendiente-8-meses-aprobacion/,,"Rehabilitación de ciclovías sigue pendiente a más de 8 meses de su aprobación
A más de ocho meses de que el Ayuntamiento de Puerto Vallarta aprobara un programa integral para rehabilitar y dar mantenimiento a la red de ciclovías del municipio, el proyecto continúa sin materializarse, por lo que colectivos de ciclistas consideran que la obra sigue siendo una deuda pendiente con quienes utilizan diariamente este medio de transporte.
En noviembre de 2025, el Cabildo avaló una iniciativa impulsada por la regidora Erika Yesenia García Rubio para rehabilitar 14 tramos ciclistas, con una longitud total de 734 mil 721.16 metros, con el propósito de conectar 30 colonias y beneficiar a más de 6 mil ciclistas mediante una red más segura y funcional.
En aquel momento, el gobierno municipal aseguró que el programa se desarrollaría con la participación de colectivos ciclistas, dependencias municipales y asociaciones civiles, además de reafirmar su compromiso con la movilidad sustentable y la protección del medio ambiente.
Sin embargo, hasta la fecha, usuarios de la bicicleta aseguran que las condiciones de las ciclovías prácticamente no han cambiado y que las acciones anunciadas permanecen únicamente en el papel.
Ante la falta de intervención oficial, organizaciones civiles dedicadas a promover la movilidad en bicicleta han realizado en diversas ocasiones jornadas de limpieza, mantenimiento y rehabilitación de algunos tramos, buscando mejorar la seguridad de quienes utilizan estas vías.
Incluso, en algunos puntos, los propios ciclistas han colocado piedras y otros obstáculos para impedir que automóviles y motocicletas invadan las ciclovías, una práctica que, afirman, pone en riesgo permanente a quienes circulan por ellas.
Por ello, hicieron un llamado urgente a la Subdirección de Tránsito Municipal para que comience a sancionar a los automovilistas y motociclistas que utilicen las ciclovías como carriles de circulación o estacionamiento.
El 11 de febrero de 2025, el gerente de Territorio y Ciudad Sustentable, Vincent O'Halloran, informó que había recorrido diversos puntos críticos junto con ciclistas para elaborar un plan integral de reestructuración y rehabilitación de ciclovías.
En aquella ocasión aseguró que el proyecto era atendido semanalmente por personal de Obras Públicas, Proyectos Estratégicos, Servicios Eficientes, asesores y Tránsito Municipal, afirmando que existían avances significativos para fortalecer la movilidad no motorizada.
No obstante, ocho meses después de la aprobación formal del programa y más de un año después de aquellos recorridos y anuncios, los ciclistas señalan que los resultados aún no son visibles y reiteran que Puerto Vallarta sigue esperando una red de ciclovías segura, continua y en condiciones adecuadas para quienes optan por un medio de transporte sustentable."
38,Meganoticias,10-07-26,MiBici suma 700 bicicletas eléctricas; duplican el uso de las mecánicas,trafilatura,trafilatura,3738,0.29,https://www.meganoticias.mx/guadalajara/noticia/mibici-suma-700-bicicletas-el%C3%A9ctricas-duplican-el-uso-de-las-mec%C3%A1nicas/750307,,"Movilidad
                                                                    
                                                Por:
                                                                    								Román Ortega
                    							 
                    							
Guadalajara
Fecha: 10-07-2026
                                        Guadalajara
Fecha: 10-07-2026
El sistema de bicicletas públicas MiBici incorporará esta semana 200 bicicletas eléctricas para alcanzar un total de 700 unidades en operación, informó el administrador general de la MIM, Antonio Martín del Campo. El funcionario destacó que las pruebas y la implementación del nuevo sistema avanzan conforme al calendario previsto y que las bicicletas eléctricas registran una demanda que duplica a la de las unidades mecánicas.
Actualmente, 500 bicicletas eléctricas ya forman parte de la red de MiBici y durante esta semana se integrarán otras 200. La meta para este año es completar un parque de mil bicicletas eléctricas, además de mantener en operación las cuatro mil bicicletas mecánicas existentes.
Martín del Campo explicó que el comportamiento de los usuarios ha superado las expectativas durante la etapa de implementación, ya que cada bicicleta eléctrica realiza entre nueve y diez viajes diarios, mientras que las bicicletas mecánicas registran entre cuatro y cinco recorridos al día.
Avanza instalación de estaciones eléctricas
El incremento en la demanda representa un desafío operativo para el sistema, debido a la necesidad de mantener cargadas las bicicletas eléctricas y ampliar la infraestructura para su funcionamiento. ""Al día de hoy tenemos 500 bicicletas eléctricas ya en el sistema de MiBici y se incorporarán 200 más en esta semana para poder completar 700 bicicletas. La buena noticia es que tienen una usabilidad del doble de las bicicletas mecánicas; las bicicletas mecánicas tienen alrededor de cuatro o cinco viajes por día y las bicicletas eléctricas las están usando de nueve a diez veces por día.""
El administrador señaló que, de las 100 estaciones eléctricas proyectadas, aproximadamente el 50 por ciento ya fue instalado. Además, se trabaja en la reubicación de estaciones mecánicas para adecuar la infraestructura al nuevo esquema de movilidad. ""Estamos instalando las estaciones eléctricas y ya llevamos alrededor del 50 por ciento. En aproximadamente un mes o mes y medio terminaríamos completamente con la instalación de las estaciones eléctricas, la reubicación de las estaciones mecánicas y contar con el parque completo de mil bicicletas eléctricas y cuatro mil bicicletas mecánicas.""
Respecto al calendario de incorporación de unidades, indicó que las 300 bicicletas eléctricas restantes comenzarán a integrarse durante el próximo mes, con un ritmo estimado de 50 bicicletas por semana hasta completar el proyecto.
Inversión de 200 millones de pesos
Martín del Campo informó que el programa integral de modernización de MiBici para 2026 contempla una inversión de 200 millones de pesos. Los recursos incluyen la adquisición de las mil bicicletas eléctricas, la instalación de las estaciones de carga, la actualización del software del sistema y el desarrollo de una nueva aplicación móvil con funciones adicionales para los usuarios. ""El plan completo para este 2026 fue de 200 millones de pesos, incluidas las estaciones, el nuevo software, la nueva aplicación, que permite muchas más amenidades y bondades, y las mil bicicletas eléctricas.""
El funcionario añadió que el crecimiento en el número de usuarios, de viajes y del uso de las bicicletas eléctricas fue presentado recientemente al gobernador del estado, quien, dijo, manifestó su respaldo para continuar fortaleciendo el sistema de movilidad pública MiBici."
39,Notisistema,07-07-26,Suman nueve ciclistas fallecidos en accidentes viales durante 2026 en el AMG*,trafilatura,trafilatura,868,0.11,https://www.notisistema.com/noticias/suman-nueve-ciclistas-fallecidos-en-accidentes-viales-durante-2026-en-el-amg/,,"El número de ciclistas fallecidos en accidentes viales en el Área Metropolitana de Guadalajara ascendió a nueve en lo que va de 2026, de acuerdo con información del colectivo Bicicleta Blanca.
La organización informó que, de enero a la fecha, se habían documentado ocho decesos.
A esa cifra se suma el caso más reciente, ocurrido el pasado fin de semana, cuando un ciclista murió tras ser atropellado por un vehículo sobre la carretera a Chapala.
La estadística muestra que, a seis meses de concluir 2026, ya se ha superado la mitad de los 13 fallecimientos de ciclistas registrados durante todo 2025.
Zapopan concentra el mayor número de casos en lo que va del año, con cuatro muertes reportadas.
El colectivo insiste en fortalecer las medidas de seguridad vial y mejorar la infraestructura para proteger a quienes se desplazan en bicicleta. (Por Edgar Flores Maciel)"
40,Noticiaspv,03-07-26,Peatones y ciclistas denuncian obstrucción de la ciclovía frente a la Clínica 42 del IMSS en Puerto Vallarta,trafilatura,trafilatura,1416,1.05,https://www.noticiaspv.com.mx/denuncian-obstruccion-ciclovia-clinica-42-imss/,,"Usuarios de la ciclovía expresaron su inconformidad debido a que repartidores de pan utilizan el área para realizar maniobras de carga y descarga, lo que dificulta el paso y representa un riesgo para quienes transitan por la zona.
Peatones y ciclistas manifestaron su molestia por la obstrucción de la ciclovía ubicada frente a la Clínica 42 del Instituto Mexicano del Seguro Social (IMSS) en Puerto Vallarta.
De acuerdo con los usuarios, repartidores de pan estacionan sus unidades o realizan maniobras de carga y descarga sobre el paso destinado a la movilidad no motorizada, obligando a quienes circulan por el lugar a desviarse hacia la vía vehicular.
Los afectados señalaron que esta situación ocurre con frecuencia, especialmente durante las primeras horas del día, cuando se realizan las entregas a establecimientos cercanos.
Indicaron que la ocupación del espacio representa un riesgo tanto para ciclistas como para peatones, debido a la necesidad de compartir el carril con los automóviles para continuar su trayecto.
Ante esta problemática, ciudadanos solicitaron la intervención de las autoridades de tránsito para supervisar el área y evitar que la ciclovía sea utilizada como zona de carga y descarga.
Asimismo, hicieron un llamado a los repartidores y comercios para respetar los espacios destinados a la movilidad segura y contribuir a una mejor convivencia entre todos los usuarios de la vía pública."
41,NTR Guadalajara,02-07-26,Retiran memorial de Bici Blanca frente a la Setran,trafilatura,trafilatura,1645,0.26,https://www.ntrguadalajara.com/post.php?id_nota=246731,,"El colectivo Bici Blanca denunció que las autoridades retiraron en menos de 24 horas el memorial instalado el viernes frente a la Secretaría de Transporte (Setran) para recordar a las 105 personas ciclistas muertas en siniestros relacionados con el transporte público desde 2009.
Además del memorial, también fueron borradas las lonas con los nombres de las víctimas y las demandas del movimiento, y las bicicletas blancas pintadas sobre el piso.
La organización instaló el memorial durante una manifestación que fue parte de su rodada mensual que organiza el último viernes de cada mes. Se dedicó a las 105 víctimas referidas.
Durante la protesta Bici Blanca exigió al gobernador de Jalisco, Pablo Lemus Navarro, la destitución del secretario de Transporte, Diego Monraz Villaseñor, al considerar que la estrategia de seguridad vial ha sido insuficiente para frenar los siniestros mortales.
El colectivo sostuvo que en lo que va de 2026 han fallecido ocho ciclistas en hechos viales y que en cuatro de esos casos estuvo involucrada una unidad del transporte público.
Al saber que el memorial fue retirado, a través de sus redes sociales la organización criticó que las autoridades actuaran con rapidez para quitarlo, pero no para atender la violencia vial. ""La bici blanca y nuestras demandas duraron menos de 24 horas en ser retiradas. Para eso sí son eficientes"", señaló.
Bici Blanca reiteró que la remoción del memorial no modifica el fondo de su exigencia: mayor supervisión al transporte público, atención a las víctimas, transparencia en los siniestros viales y una política pública que priorice la seguridad de peatones y ciclistas.
jl/I"
42,NTR Guadalajara,02-07-26,Retira MiBici 120 unidades al día,trafilatura,trafilatura,1844,0.21,https://www.ntrguadalajara.com/post.php?id_nota=246717,,"De acuerdo con datos del sistema MiBici, diariamente retira un promedio de 120 bicicletas para realizarles labores de revisión y mantenimiento preventivo.
La administración del sistema informó a NTR que las unidades intervenidas son reincorporadas al servicio en un plazo aproximado de 24 horas.
Respecto al mantenimiento de las bicicletas convencionales, las reparaciones más frecuentes corresponden a ponchaduras, sustitución de puños y asientos, así como cambio de llantas.
En el caso de las bicicletas eléctricas, aseguró que hasta el momento no han requerido reparaciones por fallas o desperfectos mecánicos.
Recordó además que estas unidades dejan de estar disponibles para préstamo cuando el nivel de batería desciende por debajo del 20 por ciento con el propósito de evitar que la carga se agote durante el recorrido y garantizar la seguridad de los usuarios. MiBici añadió que ha recibido consultas e inquietudes sobre el funcionamiento de las bicis eléctricas, las cuales han sido atendidas a través de su Centro de Atención.
En cuanto a la renovación de estaciones como parte del proceso de electrificación del sistema, MiBici precisó que continúa. Al corte más reciente suman al menos 28 estaciones electrificadas.
Las autoridades del sistema recomendaron a las personas usuarias planear sus recorridos con anticipación y consultar los canales oficiales para conocer las estaciones involucradas y posibles afectaciones durante los trabajos.
Al respecto, personas usuarias de MiBici respaldaron ante NTR la incorporación de bicicletas eléctricas a la red de movilidad pública; sin embargo, a través de entrevistas y testimonios señalaron problemas de funcionamiento, falta de mantenimiento y cuestionaron el cobro de 10 pesos por desanclaje.
Actualmente MiBici tiene más de 200 mil usuarios, 4 mil 79 bicicletas y 370 estaciones
jl/I"
43,Meganoticias,02-07-26,Iniciará prueba de bicicletas eléctricas en el corredor López Mateos; descartan ciclovías,trafilatura,trafilatura,5265,0.15,https://www.meganoticias.mx/guadalajara/noticia/iniciar%C3%A1-prueba-de-bicicletas-el%C3%A9ctricas-en-el-corredor-l%C3%B3pez-mateos-descartan-ciclov%C3%ADas/748144,,"Por:
                                                                    								Israel Rangel
                    							 
                    							
Guadalajara
Fecha: 02-07-2026
                                        Guadalajara
Fecha: 02-07-2026
Con el propósito de ofrecer una alternativa de transporte para los traslados cotidianos, en los próximos días comenzará en Tlajomulco una prueba piloto del sistema Mi Bici con unidades eléctricas de pedaleo asistido. El proyecto permitirá que los usuarios dispongan de una bicicleta para utilizarla diariamente, principalmente en recorridos locales.
Las bicicletas cuentan con asistencia eléctrica para facilitar los trayectos, especialmente en zonas con pendientes, aunque continúan siendo consideradas bicicletas. Su velocidad estará limitada a aproximadamente 25 kilómetros por hora con el objetivo de privilegiar la seguridad de quienes las utilicen.
Además, algunas unidades estarán equipadas con accesorios para responder a distintas necesidades de movilidad. Habla al respecto René Caro Gómez, coordinador de Gestión del Territorio y Obras Públicas de Tlajomulco. ""Hay bicicletas que tienen canastillas, silla para bebés y dispositivos no solo para transportar personas, sino también mercancías u objetos"".
La primera etapa contempla la incorporación de 34 bicicletas eléctricas, que estarán disponibles en un polígono ubicado en el corredor de avenida López Mateos. El programa beneficiará principalmente a habitantes de colonias como La Tijera, Bugambilias, Bosques de Santa Anita, San Agustín, San Sebastián El Grande, Lomas del Sur y Lomas de Tejeda.
Priorizarán recorridos dentro de colonias
Caro Gómez, reconoció que el municipio aún enfrenta rezagos en infraestructura ciclista, pero enfatizó que el proyecto no incluye la construcción de una ciclovía sobre López Mateos ni modificaciones a la vialidad. ""La apuesta es que, en las zonas para viajes locales y de prioridad ciclista, donde no existe una ciclovía segregada, las personas utilicen estas bicicletas para sus traslados cotidianos. No buscamos que recorran largas distancias sobre López Mateos; esa no es la finalidad del programa"".
El esquema contempla una renta mensual de 500 pesos, con posibilidad de renovar el servicio hasta por seis meses consecutivos. La intención es que las bicicletas se conviertan en un medio de transporte habitual y no únicamente recreativo.
Las autoridades explicaron que el programa está diseñado para fortalecer la movilidad dentro de colonias y fraccionamientos donde todavía existe una cultura del uso de la bicicleta, como San Agustín, Santa Anita y San Sebastián El Grande. ""Creemos que el uso de la bicicleta no necesariamente debe darse sobre las avenidas principales para resolver la movilidad"", asegura el funcionario.
El proyecto será evaluado durante ochos meses
El funcionario señaló que esta modalidad surgió a partir de estudios realizados por el Instituto de Planeación y Gestión del Desarrollo del Área Metropolitana de Guadalajara (Imeplan), los cuales identificaron la necesidad de adaptar el modelo tradicional de Mi Bici a las características de Tlajomulco, un municipio con grandes distancias, urbanización dispersa y una topografía distinta al resto de la metrópoli.
""Así surgió la prueba piloto que vamos a iniciar en Tlajomulco; se trata de un proyecto que tendrá una duración de ocho meses"", confirma el funcionario.
A diferencia del sistema convencional, las bicicletas no permanecerán ancladas en estaciones. Los usuarios podrán llevarlas a su domicilio o lugar de trabajo y utilizarlas durante el periodo contratado, como si fueran un vehículo de uso personal. La iniciativa ha generado opiniones divididas entre la ciudadanía.
Ciudadanos opinan sobre el nuevo proyecto
""Más que ayudar al tráfico, siento que sería más peligroso"", dice Ramón.
Alejandro comenta. ""No sería prudente, porque el tráfico no respeta ni a las bicicletas ni a los peatones"".
Buscarán integrar el sistema con la Línea 4
Las personas interesadas deberán acudir al módulo de atención ubicado sobre el Boulevard Bosques de Santa Anita, cercano a avenida López Mateos, donde podrán recoger la bicicleta y realizar las renovaciones correspondientes. Las unidades estarán equipadas con sistema GPS, monitoreo permanente y geocercas para conocer su ubicación, supervisar su funcionamiento y detectar si salen del área autorizada o presentan alguna incidencia.
Como parte del proyecto también se contempla fortalecer la conexión con otros sistemas de transporte, principalmente con la Línea 4 del Tren Ligero, mediante la instalación de bici estacionamientos cercanos a diversas estaciones. En los próximos días comenzará la etapa de socialización con los habitantes del polígono donde operará el programa.
""Con ello estaremos informando a los vecinos que el programa ya es una realidad y que muy pronto comenzarán a ver las bicicletas circulando"", dijo el funcionario.
El funcionario agregó que ya existen personas pre registradas gracias a la difusión realizada en redes sociales. Una vez concluida la prueba piloto de ocho meses, las autoridades evaluarán sus resultados para determinar si el modelo puede extenderse a otras zonas de Tlajomulco y posteriormente al resto del Área Metropolitana de Guadalajara."
44,El Occidental,06-30-26,"Advierten falla en continuidad de ciclovía cerca de Las Pintitas, en El Salto",trafilatura,trafilatura,687,0.4,https://oem.com.mx/eloccidental/local/advierten-falla-en-continuidad-de-ciclovia-cerca-de-las-pintitas-en-el-salto-30862440,,"El ejercicio se realizará el viernes 18 de septiembre en toda la Red Universitaria; simulará un sismo de magnitud 7.7 con epicentro en Tehuacán, Puebla
El titular del SIAPA, Ismael Jáuregui reconoció la importancia del sector hotelero para la economía del estado al realizar inversiones y crear fuentes de empleo
El presidente de la AMHM, detalló que ellos tiene que pagar los servicios con tarifas comerciales y los inmuebles colocados en las plataformas tienen tarifas domésticas que son mucho más baratas
La víctima fue una mujer de 66 años, residente de Cocula; durante la última semana se sumaron 10 casos, por lo que Jalisco alcanzó un acumulado de 163 personas enfermas de dengue."
45,UDGTV,06-30-26,Ciclovía del Macro Aeropuerto obliga a ciclistas a bajarse de la bicicleta,trafilatura,trafilatura,1683,0.42,https://udgtv.com/noticias/falla-en-ciclovia-linea-5-macrobus-reporta-gobierno-jalisco/322956,,"Guadalajara, Jalisco.
Una aparente falla en un tramo de la ciclovía construida como parte de las obras de la Línea 5 del Macrobús Aeropuerto fue detectada sobre la Carretera a Chapala, en el municipio de El Salto.
Falla detectada en ciclovía de Línea 5 Macrobús
A la altura de Las Pintitas, la infraestructura para bicicletas se encuentra interrumpida por una estructura colocada alrededor de un poste de servicios.
Debido a esta condición, los ciclistas deben descender de la bicicleta o incorporarse al carril vehicular para continuar su recorrido, lo que representa un riesgo en una vialidad con alta circulación de automóviles.
El punto se localiza dentro del corredor intervenido por el Gobierno de Jalisco como parte del proyecto de transporte masivo.
Observaciones sobre infraestructura y seguridad
Durante un recorrido por la zona también fueron observados varios registros de telecomunicaciones abiertos sobre la banqueta, sin las tapas correspondientes. La situación podría afectar tanto a peatones como a usuarios de la ciclovía que transitan diariamente por el lugar.
Las observaciones surgen luego de que las autoridades estatales destacaran que las obras de la Línea 5 contemplan infraestructura para movilidad activa, incluyendo ciclovías, banquetas e iluminación. Por ello, se planteó la necesidad de atender estos puntos para garantizar condiciones seguras a quienes utilizan este corredor vial.
- Te podría interesar:
- Ciclovía del Macro Aeropuerto obliga a ciclistas a bajarse de la bicicleta- 30 junio, 2026
- Vecinos de Tlajomulco culpan a Línea 4 por inundaciones- 20 junio, 2026
- Lluvias colapsan la ZMG:Carretera a Chapala vuelve a inundarse- 20 junio, 2026"
46,UDGTV,06-28-26,Bici Blanca exige la salida de Diego Monraz por la muerte de 105 ciclistas desde 2009,trafilatura,trafilatura,3363,0.31,https://udgtv.com/noticias/bici-blanca-exige-la-salida-de-diego-monraz/322711,,"Guadalajara, Jalisco
En un lapso de 17 años, desde 2009 a la fecha, el colectivo Bici Blanca ha documentado que han muerto 105 ciclistas en siniestros vinculados al transporte público en el Área Metropolitana de Guadalajara.
Por ello, los ciclistas que conforman ese colectivo que se esfuerza por dejar en la memoria colectiva que esos hechos no queden en el olvido, hizo una ""exigencia de responsabilidad política"" a las autoridades, a quienes pidieron que realicen ""acciones urgentes"".
La noche del viernes, los integrantes de Bici Blanca acudieron a las puertas de la Secretaría de Transporte (Setran) donde pintaron 105 bicicletas blancas para denunciar que desde 2009 han muerto 105 personas atropelladas en hechos relacionados con el transporte público.
Pese a los 17 años transcurridos, la violencia vial asociada al transporte público continúa cobrando vidas. Esta situación no puede seguir siendo tratada como una suma de hechos aislados, sino como el resultado de una falla estructural del estado de Jalisco para garantizar una movilidad segura para peatones, ciclistas y personas usuarias del espacio público.
La Secretaria de Transporte justifica el aumento a la tarifa del transporte público ya que esto ayudará a mejorar el servicio y todo lo relacionado a este. Sin embargo, la situación se ha mantenido y ha mostrado señales alarmantes de persistencia.
En este año han fallecido ocho personas en hechos viales y en el 50% de los casos ha estado involucrado el transporte público.
Esto es un problema que sigue sin ser resuelto con la urgencia, seriedad y profundidad que merece. No basta con declaraciones, operativos temporales o medidas parciales. Se requieren cambios de fondo en la supervisión, la regulación, la operación y la rendición de cuentas del transporte público.
Bici Blanca hizo responsable de esta falla a Diego Monraz, quien ha ocupado durante 14 años distintos -en los 20 años recientes- el cargo de responsable de las secretarías de Movilidad y ahora llamada de Transporte.
- Del total de las 105 muertes en 65% de los hechos ha sido responsabilidad de las unidades del transporte reguladas por la Setran.
El colectivo Bici Blanca hizo el siguiente prounciamiento y exigencias:
- El reconocimiento público de la gravedad de esta crisis vial.
- Supervisión rigurosa y permanente a rutas, unidades, empresas y operadores/as.
- Transparencia total sobre hechos viales, víctimas, sanciones y medidas correctivas.
- Atención integral, reparación y acompañamiento para víctimas y sus familias.
- Que el Fondo de Atención a Víctimas del Transporte Público tenga recursos, ya que por el subsidio a la tarifa del transporte público se dejó en cero.
- Un rediseño de la política pública desde una perspectiva de seguridad vial, derechos humanos y protección de la vida.
- Responsabilidad política de quien ha encabezado durante años la gestión del transporte sin resolver esta situación, y por ello pidieron al gobernador Pablo Lemus, la destitución del cargo del secretario de transporte Diego Monraz.
- Bici Blanca exige la salida de Diego Monraz por la muerte de 105 ciclistas desde 2009- 28 junio, 2026
- Exigen a Comisión de Búsqueda que informe sobre la tecnología que se utiliza para buscar a desaparecidos- 26 junio, 2026
- Denuncian que Jalisco ""castiga"" presupuestalmente a 21 ayuntamientos gobernados por Morena- 26 junio, 2026"
47,NTR Guadalajara,06-27-26,Van 105 muertes de ciclistas en siniestros por TP ,trafilatura,trafilatura,1938,0.23,https://www.ntrguadalajara.com/post.php?id_nota=246505,,"El colectivo Bicicleta Blanca realizó este viernes una rodada de protesta para visibilizar la muerte de 105 ciclistas en hechos de tránsito y relacionados con el transporte público (TP) en el Área Metropolitana de Guadalajara (AMG). La cifra abarca los decesos de los últimos 16 años.
La movilización, realizada como parte de la rodada mensual que organiza el colectivo el último viernes de cada mes, fue dedicada a las primeras 100 víctimas registradas por la organización. Además, se recordó que hace dos semanas falleció un hombre que circulaba en triciclo tras ser atropellado.
Sergio Baldit, integrante de Bicicleta Blanca, explicó que el colectivo comenzó a documentar estos casos en 2009 mediante reportes periodísticos y denuncias de familiares. La principal razón fue que muchas de estas muertes no aparecen en los registros oficiales.
""Para el Estado son invisibles. La Secretaría de Transporte y el gobierno del estado no reconocen prácticamente ninguna de las muertes que nosotros hemos contabilizado"", afirmó.
De acuerdo con el registro del colectivo, este año ya fallecieron ocho ciclistas en la entidad y cuatro de esas víctimas estarían vinculados a siniestros con el transporte público.
Baldit señaló que la mayoría de las víctimas estuvo involucrada en hechos con rutas convencionales; sólo en tres casos se registró la participación de unidades del Macrobús.
Por otro lado, lamentó que, al no existir un reconocimiento oficial de los casos, las familias de las víctimas tampoco han recibido justicia ni reparación del daño.
Durante la protesta los participantes instalaron una bicicleta blanca en las inmediaciones de la Secretaría de Transporte (Setran) como memorial en honor a las 105 personas fallecidas.
Finalmente, el colectivo informó que mantiene un mapa con los casos documentados y que continuará con la colocación de estos memoriales en distintos puntos de la ciudad conforme consiga bicicletas donadas.
jl/I"
48,El Informador,06-27-26,Registran la muerte de más de 100 ciclistas atropellados por camiones del transporte público en el AMG desde 2009,trafilatura,trafilatura,4021,0.24,https://www.informador.mx/jalisco/registran-la-muerte-de-mas-de-100-ciclistas-atropellados-por-camiones-del-transporte-publico-en-el-amg-desde-2009-20260627-0076.html,,"Registran la muerte de más de 100 ciclistas atropellados por camiones del transporte público en el AMG desde 2009
El colectivo Bicicleta Blanca participó en una actividad para denunciar la ""violencia vial"" por parte de los automovilistas
Aseguran que, pese al aumento en el transporte público, las muertes por accidentes viales se mantienen altas. ESPECIAL
Con la pinta de bicicletas blancas afuera de las oficinas de la Secretaría de Transporte (Setran), la instalación de una de ellas en un poste y un cartel con todas las víctimas, así como una rodada, el colectivo Bicicleta Blanca denunció que en el írea Metropolitana de Guadalajara (AMG) han muerto 105 ciclistas atropellados en hechos relacionados con camiones del transporte público desde el año 2009. Exigen a las autoridades responsabilidad política y acciones para reducir la ""violencia vial"" que continúa cobrando vidas.
LEE: Motos invaden ciclovías sin castigo
El colectivo criticó que pese al aumento en la tarifa del transporte público ""al pasar de 9.50 a 11 pesos por pasaje en abril pasado-, la situación es la misma e, incluso, muestra señales de persistencia: en lo que va del 2026 han fallecido ocho personas en hechos viales; cuatro de ellas estuvieron involucradas con el transporte público.
""Esta situación no puede seguir siendo tratado como una suma de hechos aislados, sino como el resultado de una falla estructural del Estado de Jalisco para garantizar una movilidad segura para peatones, ciclistas y personas usuarias del espacio público [""¦]. Esto es un problema que sigue sin ser resuelto con urgencia, seriedad y profundidad que merece. No basta con declaraciones, operativos temporales o medidas parciales. Se requieren cambios de fondo en la supervisión, la regulación, la operación y la rendición de cuentas del transporte público"", señalaron.
El responsable de la falla institucional, asegura el colectivo, es el secretario de Transporte del Estado, Diego Monraz. El 65 por ciento de las muertes han ocurrido mientras el funcionario ha estado en puestos a cargo del transporte público, pues ha ocupado durante los últimos 20 años cargos relacionados con su administración en Jalisco.
Además, desde 2010 ha sido señalado de incapacidad institucional para reducir de forma efectiva los hechos fatales vinculados al transporte público. En 2011, la Comisión Estatal de Derechos Humanos Jalisco emitió la recomendación 32/2011, dirigida al funcionario, luego de considerar insuficientes las acciones emprendidas para disminuir los accidentes mortales; en 2022, el organismo emitió otra recomendación, la 11/2022, por deficiencias en la atención a una usuario lesionada en un hecho ocurrido dentro del transporte público, ""evidenciando nuevamente fallas en la protección de derechos de las personas usuarias"".
Ante este panorama, las exigencias de Bicicleta Blanca son reconocimiento público de la gravedad de esta crisis vial, destitución del cargo del secretario Monraz, supervisión rigurosa y permanente a rutas, unidades, empresas y operadores/as; transparencia total sobre hechos viales, víctimas, sanciones y medidas correctivas; atención integral, reparación y acompañamiento para víctimas y sus familias.
También piden que el fondo de atención a víctimas del transporte público tenga recursos, ya que por el subsidio a la tarifa del transporte público se dejó en cero; y un rediseño de la política pública desde una perspectiva de seguridad vial, derechos humanos y protección de la vida.
""Cada bicicleta blanca colocada en la ciudad representa una vida que no debió perderse. Cada muerte pudo y debió prevenirse. No estamos ante siniestros inevitables, sino ante una cadena de omisiones, decisiones insuficientes y falta de transformación profunda del sistema de transporte y de la política pública"", concluyó el colectivo.
JM
 
Recibe las últimas noticias en tu e-mail
Todo lo que necesitas saber para comenzar tu día
Registrarse implica aceptar los Términos y Condiciones"
49,Meganoticias,06-26-26,Rodada de protesta recuerda a 105 ciclistas fallecidos,trafilatura,trafilatura,2319,0.1,https://www.meganoticias.mx/guadalajara/noticia/rodada-de-protesta-recuerda-a-105-ciclistas-fallecidos/746547,,"Movilidad
                                                                    
                                                Por:
                                                                    								Israel Rangel
                    							 
                    							
Guadalajara
Fecha: 27-06-2026
                                        Guadalajara
Fecha: 27-06-2026
Integrantes del colectivo Bicicleta Blanca realizaron este viernes una rodada de protesta por calles del Área Metropolitana de Guadalajara para honrar la memoria de 105 ciclistas que han perdido la vida en hechos de tránsito, varios de ellos relacionados con unidades del transporte público, durante los últimos 16 años.
La movilización formó parte de la rodada mensual que el colectivo organiza el último viernes de cada mes; sin embargo, en esta ocasión tuvo un carácter conmemorativo para recordar a las primeras 100 víctimas documentadas por la organización. Durante el recorrido también se rindió homenaje a un hombre que falleció hace apenas dos semanas tras ser atropellado mientras circulaba en un triciclo.
Buscan visibilizar casos que no aparecen en registros oficiales
El colectivo explicó que comenzó a integrar su propio registro desde 2009, recopilando información a través de notas periodísticas y testimonios de familiares, debido a que muchas de las muertes de ciclistas no son reconocidas dentro de las estadísticas oficiales.
De acuerdo con su base de datos, en lo que va de este año ya se han documentado ocho fallecimientos de ciclistas en Jalisco, de los cuales cuatro estarían relacionados con incidentes en los que participaron unidades del transporte público.
Asimismo, señalaron que la mayoría de estos casos involucran rutas convencionales, mientras que únicamente tres corresponden a hechos donde participaron unidades del Macrobús.
Instalan memorial frente a la Secretaría de Transporte
Como parte de la protesta, los participantes colocaron una bicicleta blanca en las inmediaciones de la Secretaría de Transporte (Setran), símbolo que representa a las personas que han perdido la vida mientras se desplazaban en bicicleta.
El colectivo lamentó que la falta de un reconocimiento oficial de estos casos también ha impedido que muchas familias accedan a procesos de justicia o a una reparación integral del daño."
50,El Occidental,06-25-26,Colectivo Bicicleta Blanca convocará protesta por muertes de ciclistas vinculadas al transporte público,trafilatura,trafilatura,296,0.3,https://oem.com.mx/eloccidental/local/colectivo-bicicleta-blanca-convocara-protesta-por-muertes-de-ciclistas-vinculadas-al-transporte-publico-30772282,,"Localjueves, 25 de junio de 2026
La movilización tendrá como objetivo visibilizar los casos de personas que perdieron la vida mientras se desplazaban en bicicleta
LOCAL
Le encontraron el dispositivo oculto entre sus prendas de vestir
Estiman que al centro de Guadalajara asistirán 92 mil personas"
51,UDGTV,06-25-26,Aprueban dejar sin costo los primeros 10 minutos de las bicis eléctricas,trafilatura,trafilatura,1844,0.36,https://udgtv.com/noticias/comision-hacienda-aprueba-tarifa-bicis-electricas-jalisco/322355,,"Guadalajara, Jalisco.
La Comisión de Hacienda y Presupuestos del Congreso local aprobó que los primeros 10 minutos del uso de las bicis eléctricas del programa Mi Bici, no tengan costo para los usuarios.
Después de los primeros 10 minutos, la tarifa se mantiene en dos pesos por minuto.
La diputada de MC, Gabriela Cárdenas Rodríguez, explicó que tras aprobar la modificación a la Ley de Ingresos del estado en la Comisión de Hacienda, ahora el dictamen tiene que votarse en el pleno del Congreso, para que el beneficio sea vigente para los usuarios.
Comisión de Hacienda modifica tarifa de bicis eléctricas en Jalisco
""Se les quita el cobro. En los primeros diez minutos había un cobro de desanclaje, se está quitando este cobro. La idea es promover el uso de la bicicleta, el que puedan tener al menos un incentivo oara poderlo usar.
...Hoy hay que decir que los primeros diez minutos costaban diez pesos, hoy lo que estamos proponiendo es que sean sin costo"", precisó.
Las bicis eléctricas están diseñadas para permitir recorridos de hasta cuatro kilómetros en diez minutos.
Programa Mi Bici amplía estaciones y renueva bicicletas eléctricas
La legisladora explicó que el programa de bicis públicas está ampliando 100 nuevas estaciones en este año.
""Recordar que se está haciendo una reestructura a todo el proyecto de Mi Bici Pública. Lo que se está buscando es renovar todas las bicicletas, que sean eléctricas y que las estaciones estén en muy buenas condiciones
...Para que sí pueda ser una opción para los jóvenes y los ciudadanos y hay una renovación, se hicieron compras de 960 bicicletas eléctircas y van por mas. Hay gestiones para poner mas estaciones en distintos puntos y así poder conectar de una mejor manera a la ciudad"", dijo.
Las bicis eléctricas tienen una autonomía de hasta 55 kilómetros por carga.
- Te podría interesar:"
52,El Informador,06-23-26,Así puedes revisar cuáles estaciones de MiBici pública han sido desactivadas por cambio al sistema eléctrico,trafilatura,trafilatura,4151,0.22,https://www.informador.mx/jalisco/mibici-asi-puedes-revisar-cuales-estaciones-han-sido-desactivadas-por-cambio-al-sistema-electrico-20260623-0156.html,,"Así puedes revisar cuáles estaciones de MiBici pública han sido desactivadas por cambio al sistema eléctrico
La falta de información fija sobre estaciones desactivadas ha generado incertidumbre entre los usuarios frecuentes
El Gobierno de Jalisco ha comenzado la instalación de unidades eléctricas y nuevas estaciones de anclaje. EL INFORMADOR/ARCHIVO
El sistema de MiBici Pública atraviesa actualmente un proceso de expansión, no solo en cuanto al número de bicicletas, sino también en cuanto a opciones para pedalear en la ciudad. Con ello es que ha llegado y ya se encuentra en marcha el sistema de bicicletas eléctricas, que permiten avanzar más kilómetros en menos tiempo.
Te puede interesar: Comisión avala quitar cobro por uso de bicicletas eléctricas
Para ello es que el Gobierno de Jalisco, a través de la Agencia Metropolitana de Infraestructura para la Movilidad (AMIM), ha llevado a las calles ya poco más de 150 unidades eléctricas y 16 estaciones de anclaje. El objetivo es alcanzar 470 estaciones para poner en circulación mil bicicletas eléctricas durante esta fase inicial.
Expansión del sistema y cambios en estaciones
Así, la AMIM mantiene cambio de estaciones en distintos puntos de la ciudad, y aunque ya había dado aviso sobre el hecho de que algunas estaciones de bicis mecánicas serían cambiadas a eléctricas, las ubicaciones finales no fueron compartidas, y algunas personas aún se sorprenden al llegar a su punto habitual de anclaje o desanclaje y no encontrar su estación.
""Yo la semana pasada sí me asusté porque yo tengo la misma ruta siempre, entonces no me preocupo de revisar y solo llego y dejaba la bici en ívila Camacho y Federalismo, pero de la nada la quitaron. Hay otra cruzando la avenida, pero me preocupé porque pensé que me iban a cobrar el extra de tiempo ya que venía con los 30 minutos casi justos. Afortunadamente sí la pude dejar en los últimos minutos, pero uno se saca de onda"", dijo Jesús Martínez.
""Tocará salir temprano para ir a otras estaciones a tomar bicicletas en lo que las cambian, porque también es cierto que no todos usaremos las bicicletas eléctricas o no todos vamos a alcanzar. Entonces creo que en algunas zonas sí va a costar tiempo, más que trabajo, ir a buscar una bicicleta"", dijo por su parte Susy Hernández.
¿Cómo verificar estaciones disponibles en MiBici?
En redes sociales, la AMIM publica, en sus historias, información sobre las estaciones que durante el día serán desactivadas, pero dicha información no queda fija en redes sociales, impidiendo que esta sea una opción para que las personas supervisen los cambios.
Ante ello, la mejor opción para verificar si alguna estación se encuentra o no habilitada es mediante la aplicación móvil de MiBici Pública, disponible para iOS y Android.
Solo basta con ingresar a la misma, con correo y contraseña, y activar el GPS del teléfono móvil, e identificar las estaciones marcadas en color gris. Al acercarse a ellas, es posible ver una cruz en ellas, que significa, precisamente, que están deshabilitadas, es decir, no hay ya infraestructura para anclar o desanclar bicicletas.
Ahí mismo es posible observar cuántas cuadras se debe caminar o pedalear para la siguiente estación con bicicletas o espacios disponibles.
También puedes leer: Congreso citará al director del SIAPA para coordinar acciones que mejoren el servicio de agua
Aunque las bicicletas eléctricas podrán anclarse en cualquier estación, la recomendación es que, al tomar una bicicleta de este tipo, sea devuelta a una estación destinada a tal fin, a modo de que continúe su proceso de carga y más personas puedan utilizarla.
Una carga alcanza para una trayectoria de hasta 55 kilómetros, y cada bicicleta puede llegar a una velocidad de hasta 25 kilómetros por hora. El tiempo de uso por desanclaje es de 10 minutos, y a partir de ese tiempo cada minuto tendrá un costo de 1 peso.
Mantente al día con las noticias, únete a nuestro canal de WhatsApp
XP
Recibe las últimas noticias en tu e-mail
Todo lo que necesitas saber para comenzar tu día
Registrarse implica aceptar los Términos y Condiciones"
53,Página 24 Jalisco,06-23-26,Piden Tolerancia en Tiempos de Entrega de MiBici,trafilatura,trafilatura,2150,0.61,https://pagina24jalisco.com.mx/2026/06/23/local/piden-tolerancia-en-tiempos-de-entrega-de-mibici/,,"Usuarios Señalan Falta de Espacio en los Puertos
""La Cosa es que si te Traes la Bicicleta y te Pasas un Minuto ya te Están Cobrando Directo a la Tarjeta""
Por Rafael Hernández Guízar
El sistema de transporte de bicicleta pública MiBici presenta varios inconvenientes, señalaron usuarios. Los problemas radican en los cobros que se hacen directo a la cuenta de quienes usan la bicicleta pública si se pasan del tiempo para poder regresar las bicicletas en las estaciones de Guadalajara.
""La cosa es que si te traes la bicicleta y te pasas un minuto ya te están cobrando directo a la tarjeta, no dan margen de tolerancia, a veces hay algunas estaciones que están llenas y si tú te tardas así sean 30 segundos en llegar de una estación a otra para poder dejar la bicicleta, ya te están cobrando"", dijo una de las entrevistadas quién prefirió el anonimato.
Los cobros, de acuerdo a lo que se estipula en los letreros que se han puesto en las estaciones del sistema MiBici, son de 20 pesos por cada ocasión en la que no se deja la bicicleta justo antes de vencer el tiempo que se otorga para poder usar la bicicleta.
Además de esto, otro de los problemas que se viven, según usuarios, son las malas condiciones en las que se encuentran algunas bicicletas públicas. Asientos bastante flojos, rotos en ocasiones, y suciedad en las bicicletas.
De acuerdo con los entrevistados, el cobro que se hace por el uso de la bicicleta debería de verse reflejado en las buenas condiciones para el uso y disfrute de la ciudadanía.
Sin embargo, no siempre es así, puesto que en varios de los puntos que se han colocado en el centro de la ciudad las condiciones son contrarias a lo que esperarían, señaló la usuaria: ""Pues que no sea ilógicos, porque si están cobrando deberían de estar en buenas condiciones, pero no, uno se sube a la bicicleta y se da cuenta que no están bien, al menos no como se promete"".
Si bien el servicio de la bicicleta pública es algo que se ve con buenos ojos por parte de la ciudadanía, hicieron un llamado al gobernador Pablo Lemus Navarro para que se revisen las condiciones tanto de las bicicletas como del esquema de pago y de los puertos."
54,El Informador,06-23-26,Comisión avala quitar cobro por uso de bicicletas eléctricas,trafilatura,trafilatura,3023,0.26,https://www.informador.mx/jalisco/comision-avala-quitar-cobro-por-uso-de-bicicletas-electricas-20260623-0131.html,,"Comisión avala quitar cobro por uso de bicicletas eléctricas
El Gobernador de Jalisco, Pablo Lemus, fue quien envió la propuesta al Congreso local para eliminar el cobro, con el fin de que se impulse el uso de las bicicletas eléctricas
La suscripción al sistema de MiBici también tuvo un incremento anual, al pasar de un costo de 494 pesos durante el año anterior hasta los 600 pesos para este año. EL INFORMADOR / ARCHIVO
La Comisión de Hacienda del Congreso de Jalisco aprobó un dictamen para quitar los cobros por el uso de bicicletas eléctricas del sistema MiBici. Se trata de una iniciativa que plantea modificar la Ley de Ingresos del Estado de Jalisco aprobada para 2026, la cual establece que el uso de bicicleta eléctrica en el sistema de MiBici tiene un costo en la actualidad de 10 pesos por su uso hasta por 10 minutos. Dicha ley también marca un cobro de dos pesos por cada minuto extra. La diputada Gabriela Cárdenas explicó que se busca que no haya cobros extras por el uso de las bicicletas eléctricas.
Lee también: Secretarías de Innovación y Educación apoyarán el emprendimiento y la investigación de proyectos
Se busca promover el uso de la bicicleta en la ciudad
""Se les quita el cobro de los primeros 10 minutos; había un cobro de desanclaje y se está quitando este cobro"". La idea es promover el uso de la bicicleta, el que puedan tener un incentivo para poderla usar. Hay que decir que los primeros 10 minutos costaban 10 pesos; estamos proponiendo que sea sin costo"". El cobro de dos pesos por cada minuto después de su uso inicial por 10 minutos se mantendrá según el dictamen aprobado por la comisión. El Gobernador de Jalisco, Pablo Lemus, fue quien envió la propuesta al Congreso local para eliminar el cobro, con el fin de que se impulse el uso de las bicicletas eléctricas. Por esa razón, la diputada explicó que se está haciendo una reestructuración para renovar el sistema de MiBici.
Te puede interesar: Alertan por posible pérdida de apps por no registrar líneas telefónicas
La suscripción al sistema de MiBici también tuvo un incremento anual
""Recordar que se está haciendo una reestructuración a todo el proyecto de MiBici Pública; lo que se está buscando es renovar todas las bicicletas que sean eléctricas, que las estaciones estén en muy buenas condiciones"", mencionó. La suscripción al sistema de MiBici también tuvo un incremento anual, al pasar de un costo de 494 pesos durante el año anterior hasta los 600 pesos para este año, aunque el incremento en el costo se justificó por la incorporación de las bicicletas eléctricas al sistema. Este año, se adquirieron mil bicicletas eléctricas para incorporarlas al sistema de MiBici, las cuales se instalarán en distintos ciclopuertos que forman parte del sistema.
Mantente al día con las noticias, únete a nuestro canal de WhatsApp.
AS
Recibe las últimas noticias en tu e-mail
Todo lo que necesitas saber para comenzar tu día
Registrarse implica aceptar los Términos y Condiciones"
55,NTR Guadalajara,06-16-26,Llega reforma para quitar cobro en bicis eléctricas,trafilatura,trafilatura,2575,0.21,https://www.ntrguadalajara.com/post.php?id_nota=246031,,"La reforma para eliminar el cobro de 10 pesos por el uso inicial de las bicicletas eléctricas de MiBici ya llegó al Congreso de Jalisco y se encuentra en espera de ser dictaminada en la Comisión de Hacienda y Presupuestos. El proyecto, planteado por el gobernador Pablo Lemus Navarro, estaba contemplado para discutirse el pasado viernes, pero la sesión fue suspendida y, por ahora, no hay previsión de que la comisión vuelva a sesionar esta semana.
El 3 de junio, el gobernador del estado adelantó que enviaría una reforma para eliminar el pago de 10 pesos que actualmente deben cubrir los usuarios al iniciar un viaje en bicicleta eléctrica.
La iniciativa plantea modificar la Ley de Ingresos del Estado de Jalisco para 2026 y eliminar la tarifa correspondiente al primer periodo de uso de las bicicletas eléctricas. Actualmente, los usuarios pagan 10 pesos por los primeros 10 minutos de recorrido y posteriormente dos pesos por cada minuto adicional.
De aprobarse la reforma, los primeros 10 minutos serían gratuitos para usuarios con suscripción anual o temporal, homologando el esquema con el de las bicicletas mecánicas, que actualmente no generan costo durante sus primeros 30 minutos de uso.
La propuesta se sustenta en la expansión del sistema MiBici, que incorporó 960 bicicletas eléctricas a su red. De acuerdo con la justificación del proyecto, estas unidades facilitan los desplazamientos de personas adultas mayores y usuarios que requieren menor esfuerzo físico para trasladarse.
El dictamen estima que la medida representaría una disminución de ingresos cercana a los 6 millones de pesos (mdp) durante la segunda mitad de 2026; sin embargo, la Agencia Metropolitana de Servicios de Infraestructura para la Movilidad (Amim) prevé compensar esa reducción mediante un aumento en el número de usuarios y suscriptores.
La suspensión de la sesión del pasado viernes también dejó pendiente un dictamen que permitiría al Sistema Intermunicipal de los Servicios de Agua Potable y Alcantarillado (Siapa) aplicar descuentos en recargos e intereses a usuarios con adeudos. Hasta ahora la Comisión de Hacienda y Presupuestos no ha sido convocada nuevamente para retomar estos asuntos.
Actualmente MiBici opera con 370 estaciones y más de 4 mil bicicletas distribuidas en Guadalajara, Zapopan y Tlaquepaque; además, registra alrededor de 13 mil viajes diarios.
Sin fecha
La iniciativa planteada por el gobernador Pablo Lemus se iba a discutir el viernes pasado en la Comisión de Hacienda, pero la sesión fue suspendida. Hasta ahora se desconoce cuando se retomará.
AL-jl/I"
56,El Informador,06-14-26,MiBici rentará bicicletas eléctricas hasta por seis meses,trafilatura,trafilatura,3976,0.4,https://www.informador.mx/jalisco/mibici-rentara-bicicletas-electricas-por-seis-meses-20260614-0022.html,,"MiBici rentará bicicletas eléctricas hasta por seis meses
Mi Bici+ llega a Tlajomulco con unidades eléctricas disponibles hasta por medio año como una alternativa para facilitar traslados en zonas donde resulta difícil instalar estaciones convencionales
Los usuarios podrán llevar la unidad a su domicilio durante todo el periodo de renta. ESPECIAL/Imeplan
Con el objetivo de fortalecer la movilidad activa y ofrecer alternativas al uso del automóvil y del transporte público, el Instituto Metropolitano de Planeación (Imeplan) pondrá en marcha esta semana el programa piloto Mi Bici+, un esquema de renta prolongada de bicicletas eléctricas que permitirá a los usuarios conservar una unidad hasta por seis meses.
La iniciativa arranca en Tlajomulco con 34 bicicletas eléctricas diseñadas para responder a las necesidades de movilidad detectadas en estudios metropolitanos sobre hábitos de traslado y uso de la bicicleta.
La directora del Imeplan, Patricia Martínez, explicó que el proyecto busca atender las características particulares de los municipios que actualmente no cuentan con cobertura del sistema tradicional de Mi Bici.
""Mi Bici+ nace a partir de una necesidad que tienen los municipios del írea Metropolitana de Guadalajara de contar con una alternativa al automóvil y al transporte público para realizar sus desplazamientos cotidianos"".
En esta primera etapa, el programa se concentrará en el corredor sur de la ciudad, especialmente en la zona de influencia de la avenida López Mateos, donde la dispersión urbana dificulta la instalación del modelo convencional basado en estaciones. El polígono contempla colonias como La Tijera, Bugambilias, Bosques de Santa Anita, San Agustín, San Sebastián El Grande, Lomas del Sur y Lomas de Tejeda.
Uno de los principales objetivos es facilitar los llamados viajes de cuidado, que representan una de las razones más frecuentes de desplazamiento, especialmente entre las mujeres. De acuerdo con Patricia Martínez, 42% de las mujeres encuestadas manifestaron estar dispuestas a utilizar la bicicleta como medio de transporte. Pero piden seguridad.
Por ello, las unidades fueron adaptadas para transportar carga y podrán incorporar accesorios para niños. ""Se puede llevar desde el mandado o el material de trabajo⦠hasta una o dos sillas portainfantes"".
Las bicicletas cuentan con asistencia eléctrica, una autonomía aproximada de 60 kilómetros y pueden recargarse en cualquier enchufe doméstico. A diferencia del sistema tradicional de bicicletas públicas, los usuarios podrán llevar la unidad a su domicilio durante todo el periodo de renta, lo que brinda mayor libertad y flexibilidad para sus recorridos diarios.
El programa también busca convertirse en una opción para estudiantes y jóvenes que actualmente utilizan motocicletas, al ofrecer una alternativa más económica, segura y sustentable. Además del ahorro en transporte, contribuiría a reducir emisiones contaminantes.
La renta tendrá un costo de 500 pesos mensuales y un depósito de dos mil pesos, que será reembolsado al devolver la bicicleta en buen estado. Inicialmente, la asignación será por un mes, con posibilidad de renovación hasta completar seis meses de uso.
Todas las unidades cuentan con GPS, monitoreo permanente y seguro para los usuarios, lo que permitirá dar seguimiento a los trayectos, supervisar el estado de la batería y prevenir robos o intentos de desmantelamiento.
Las personas interesadas pueden registrarse en la plataforma MiBici+ (https://mibicimas.net). Los perfiles serán evaluados para asignar las 34 bicicletas disponibles y quienes no alcancen una unidad permanecerán en lista de espera.
Una vez concluida la prueba piloto, analizarán extender el modelo a Tonalá, El Salto, Juanacatlán, Zapotlanejo e Ixtlahuacán de los Membrillos.
Recibe las últimas noticias en tu e-mail
Todo lo que necesitas saber para comenzar tu día
Registrarse implica aceptar los Términos y Condiciones"
57,Trafico ZMG,06-13-26,Familiares de ciclista fallecido tras atropellamiento por unidad de la ruta 360 exigen justicia,trafilatura,trafilatura,2273,0.21,https://traficozmg.com/2026/06/familiares-de-ciclista-fallecido-tras-atropellamiento-por-unidad-de-la-ruta-360-exigen-justicia/,,"Familiares de ciclista fallecido tras atropellamiento por unidad de la ruta 360 exigen justicia
Familiares y amigos de Juan Pablo Pérez Nieto se manifestaron la tarde de este sábado en el cruce de las calles Pablo Valdés y Rita Pérez, en Guadalajara, para exigir justicia por la muerte del joven ciclista que perdió la vida tras ser atropellado por una unidad de la ruta 360. Los manifestantes denunciaron que, a casi un mes de los hechos, el conductor involucrado continúa prófugo.
Alrededor de las 6 de la tarde, decenas de personas se reunieron en el sitio donde ocurrió el fatal accidente para exigir justicia para Juan Pablo, quien tenía 24 años de edad. Entre consignas y pancartas, exigieron avances en las investigaciones y la localización del responsable.
Los hechos ocurrieron el pasado 19 de mayo, cuando el joven circulaba en su bicicleta sobre el cruce de Pablo Valdés y Rita Pérez. De acuerdo con los reportes, fue embestido por un camión del transporte público de la ruta 360, identificado como T-14B, unidad U-01.
Tras el fuerte impacto, Juan Pablo quedó gravemente lesionado sobre la vialidad. Paramédicos acudieron al lugar para brindarle atención médica; sin embargo, debido a la gravedad de las heridas, únicamente pudieron confirmar su fallecimiento.
Te puede interesar: Lluvias dejan 42 viviendas afectadas y activan operativo de emergencia en El Salto
Una vecina que presenció el accidente relató a Tráfico ZMG Periodismo Ciudadano que los habitantes de la zona salieron de sus viviendas tras escuchar los gritos de auxilio de la víctima. Además, aseguró que observaron cómo el conductor del camión realizó una maniobra en reversa después del atropellamiento, acción que presuntamente agravó las lesiones del ciclista.
Durante la manifestación, familiares señalaron que las autoridades no les han proporcionado información relevante sobre el caso y denunciaron que existe una aparente falta de resultados en la búsqueda del responsable. Incluso afirmaron que sospechan que el conductor podría estar siendo encubierto, por lo que exigieron a las autoridades esclarecer los hechos, capturar al presunto responsable y garantizar justicia para Juan Pablo Pérez Nieto.
Con información de Quetzal Vargas, AM.
Debe estar conectado para enviar un comentario."
58,El Occidental,06-13-26,Desnudos sobre ruedas: llaman a reconocer al ciclista como parte de la movilidad urbana,trafilatura,trafilatura,687,0.36,https://oem.com.mx/eloccidental/local/desnudos-sobre-ruedas-llaman-a-reconocer-al-ciclista-como-parte-de-la-movilidad-urbana-30518838,,"El ejercicio se realizará el viernes 18 de septiembre en toda la Red Universitaria; simulará un sismo de magnitud 7.7 con epicentro en Tehuacán, Puebla
El titular del SIAPA, Ismael Jáuregui reconoció la importancia del sector hotelero para la economía del estado al realizar inversiones y crear fuentes de empleo
El presidente de la AMHM, detalló que ellos tiene que pagar los servicios con tarifas comerciales y los inmuebles colocados en las plataformas tienen tarifas domésticas que son mucho más baratas
La víctima fue una mujer de 66 años, residente de Cocula; durante la última semana se sumaron 10 casos, por lo que Jalisco alcanzó un acumulado de 163 personas enfermas de dengue."
59,Jalisco TV,10-06-26,AVANZA MI BICI A UNA NUEVA ERA DE MOVILIDAD METROPOLITANA,trafilatura,trafilatura,7114,2.08,https://jaliscotv.com/nueva-era-de-movilidad/,,"Share This Article
Con el objetivo de fortalecer las opciones de movilidad sustentable, ampliar la cobertura territorial y facilitar el acceso de más personas a medios de transporte se anunció la expansión del sistema MiBici con la incorporación de 100 estaciones y mil bicicletas, ambas de operación eléctrica, todo por parte del Gobierno de Jalisco, a través de la Agencia Metropolitana de Infraestructura para la Movilidad (AMIM), del Área Metropolitana de Guadalajara (AMG), 
 
La expansión representa la transformación más importante en la historia del sistema, que actualmente cuenta con 370 estaciones, 4 mil 79 bicicletas y más de 16 mil personas usuarias activas, quienes han realizado más de 37 millones de viajes desde el inicio de operaciones.
Además, se impulsa la evolución de MiBici hacia un sistema integral de movilidad con la implementación de MiBici+, MiBici Kids y el Pasaporte Cultural.
 
El gobernador Pablo Lemus Navarro presentó las nuevas unidades eléctricas, con sus respectivas estaciones, que se adhieren a MiBici con el objetivo de impulsar la movilidad sustentable, más eficiente y a la altura de los mejores sistemas de bici pública del mundo.
 
También anunció que se presentó una iniciativa, ante el Congreso del Estado, para quitar el cobro de 10 pesos por el desanclaje de bicicletas eléctricas; lo anterior para usuarios que cuenten con suscripción anual.
 
""Tener mil bicis eléctricas de última generación ayuda muchísimo en la movilidad de las y los ciclistas del Área Metropolitana de Guadalajara, de nuestros próximos visitantes del Mundial"", afirmó el gobernador.
 
Destacó los resultados a los compromisos del Gobierno de Jalisco con la ciudadanía, como el nuevo sistema de electromovilidad Línea 5 Macro Aeropuerto, las obras para modernización de la carretera a Chapala y el patio para operación de vehículos de plataforma, a menos de un kilómetro de la terminal aérea local.  
 
""Seguir fomentando la movilidad no motorizada, principalmente a través de la peatonalización y a través de las bicicletas, es una maravilla. Cualquier ciudad del mundo se siente orgullosa de ello"", señaló el mandatario estatal.
 
Karina Hermosillo Ramírez, coordinadora general estratégica de Gestión del Territorio, dijo que la expansión de MiBici se articula a la visión del Gobierno del Estado para resolver los retos en movilidad.
Además de impulsar sistemas de transporte sustentables, señaló, de dar soluciones a las necesidades ante las grandes ciudades o en expansión.
 
""Movernos implica apropiarnos de la ciudad, y eso es lo que nosotros tenemos en mente cuando estamos hablando de fortalecer o incrementar un sistema de movilidad. No únicamente pensamos en bicicletas o en estaciones, estamos pensando más allá"", comentó Hermosillo Ramírez.
 
Cabe destacar que el impulso a la movilidad integral llega al sistema con la implementación del programa piloto MiBici+, programa que iniciará en Tlajomulco y que es financiado por la Unión Europea (UE), a través de la cooperación internacional que mantiene con el IMEPLAN, con 34 bicicletas eléctricas que serán operadas por la AMIM.
El programa está en fase de pilotaje en Tlajomulco de Zúñiga y consiste en la renta de bicicletas sin anclaje por larga duración, que acercará soluciones de movilidad a municipios con menor cobertura, para fortalecer la conectividad y promover una ciudad más equitativa, accesible e incluyente mediante un modelo centrado en la movilidad de ciudades.
 
Las unidades se prestarán de uno a seis meses, son bicis eléctricas, con sillas portainfantes, espacio para carga y autonomía de 55 kilómetros.
 
Patricia Martínez Barba, directora del Instituto de Planeación y Gestión del Desarrollo del Área Metropolitana de Guadalajara (Impelan), indicó que Jalisco es líder en transportes sustentables y es ejemplo nacional con su sistema de bicicleta pública.
 
Recordó que durante más de diez años se ha trabajado en la proyección del uso de la bicicleta pública, para que cada vez se sumen más personas en el uso de los transportes sustentables.
 
""Hoy venimos a presentar MiBici+. Este es un programa piloto que busca acercar la movilidad sostenible a territorios que durante años nos han pedido estas alternativas que son distintas al automóvil y sobre todo distintas a la motocicleta, que cada vez crece y crece más el uso de la moto"", dijo Martínez Barba.
 
También se presentaron nuevas iniciativas que amplían el alcance de MiBici como un sistema integral, entre las que destaca MiBici Kids.
 
Se trata de un programa de préstamo gratuito de bicicletas para niñas, niños y adolescentes de entre 3 y 15 años, que busca fomentar el uso de la bicicleta y la apropiación del espacio público desde edades tempranas.
 
El programa operará los domingos de 9:00 a 13:00 horas en la Vía RecreActiva, con excepción del último domingo de cada mes.
 
Antonio Martín del Campo, administrador de la Agencia de Infraestructura para la Movilidad (AMIM), indicó que la nueva etapa del sistema MiBici, con unidades y estaciones eléctricas, se alinea a tres conceptos que fortalecen la importancia de la sustentabilidad en la movilidad.  
 
""La bicicleta gana tiempo, salud, espacio e incluso algunos centavos, pero cuando muchas personas lo hacen, gana toda la ciudad, todo el estado e incluso el planeta"", dijo Martín del Campo.
 
También comentó que el modelo de Mi Bici es innovador para México y para el Área Metropolitana de Guadalajara, y también un modelo muy poco común, pero que comienza a ser tendencia internacional.    
 
Gerardo Quirino Velázquez Chávez, Ppresidente municipal de Tlajomulco de Zúñiga, agradeció al gobernador y la titular de Imeplan por impulsar proyectos de movilidad sustentable en el municipio.
 
""Una vez más, agradecer a nombre de las y los ciudadanos del sur de la ciudad, de Tlajomulco, por llevar este tema para seguir ampliando las posibilidades que tengan las y los ciudadanos en alternativas para moverse"", dijo.
 
Verónica Delgadillo García, presidenta municipal de Guadalajara, reconoció a Pablo Lemus por continuar fortaleciendo la movilidad no motorizada como una opción rentable, segura y eficiente, pero que además, contribuye a reducir la huella de carbono.
 
""Este tipo de acciones nos siguen ayudando a construir esperanza en un futuro. Un futuro que se vive bien en el presente, pero que es responsable en las acciones que toma el día de hoy para que el día de mañana todos podamos disfrutar de una mejor ciudad"", señaló.
La incorporación de bicicletas eléctricas, la expansión territorial del sistema y el desarrollo de nuevos programas consolidan a MiBici como una herramienta clave para ampliar las opciones de movilidad en el Área Metropolitana de Guadalajara.
La nueva etapa responde a las necesidades de una metrópoli en crecimiento, y acerca alternativas de transporte más eficientes, accesibles y sostenibles.
Con estas acciones el Gobierno de Jalisco refrenda su compromiso con la construcción de una movilidad más moderna, incluyente y sustentable, impulsando proyectos que mejoran la calidad de vida de las personas y fortalecen la integración metropolitana."
60,Azteca Jalisco,09-06-26,¡Imposible transitar! Así se encuentra la ciclovía de Mariano Otero y Periférico,trafilatura,trafilatura,485,1.11,https://www.aztecajalisco.com/local/denuncian-que-la-ciclovia-avenida-mariano-otero-y-periferico-esta-inundada/,,"Llena de lodo, agua y basura, así se encuentra la ciclovía que se encuentra sobre Mariano Otero y Periférico, en la colonia El Briseño, en Zapopan.
Además, las alcantarillas y bocas de tormentas llenas de lodo y basura que se encuentran en la zona complican el paso de los ciclistas; denuncian que es imposible transitar por lo resbaloso de la zona.
Video con información de Antonio Sánchez
Te puede interesar: Se abre socavón en Independencia; vecinos temen que crezca con las lluvias"
61,NTR Guadalajara,08-06-26,Acuden 119 mil a Bien de Noche,trafilatura,trafilatura,1130,0.36,https://www.ntrguadalajara.com/post.php?id_nota=245654,,"La última edición del programa Bien de Noche, realizada la noche del sábado, registró una asistencia de 119 mil personas, de acuerdo con el gobierno de Guadalajara. Fue dedicada a la Copa Mundial de la FIFA 2026 y a la celebración del Día del Padre.
El ayuntamiento resaltó que durante la jornada plazas, jardines, templos y corredores del primer cuadro de la ciudad albergaron actividades culturales, deportivas y recreativas gratuitas dirigidas a personas de todas las edades.
Entre las principales atracciones destacó la Vía RecreActiva Nocturna y la proyección de videomapping sobre la Catedral Metropolitana, así como una noche astronómica en la explanada de los Dos Templos, donde se realizaron actividades de divulgación científica.
Además, en las inmediaciones del Santuario de Guadalupe se ofrecieron jornadas de vacunación antirrábica, talleres de adiestramiento para mascotas, clases de danzón, exhibiciones de break dance y proyecciones audiovisuales.
Asimismo, en el Parque Revolución se desarrollaron exhibiciones de ajedrez monumental y actividades inspiradas en el futbol orientadas a la convivencia familiar.
jl/I"
62,UDGTV,08-06-26,Tlajomulco construirá ciclovía en la Avenida López Mateos,trafilatura,trafilatura,1165,0.3,https://udgtv.com/noticias/tlajomulco-construira-ciclovia-en-la-avenida-lopez-mateos/320062,,"Guadalajara, Jalisco.
El alcalde de Tlajomulco, Gerardo Quirino Velázquez, anunció la construcción de infraestructura ciclista en la concurrida Avenida López Mateos.
El edil aseguró que ya se cuenta con los recursos para ejecutar la obra, la cual busca impulsar nuevas alternativas de movilidad en el municipio.
""Quiero agradecer que esta visión de expansión de un programa tan importante como MiBici se pueda concretar. Va a ayudar bastante, gobernador, a generar alternativas e incentivar a los ciudadanos a bajarse del vehículo.
Esto, sin duda, tendrá un impacto positivo en cómo nos movemos en esta zona, que representa un reto importante para el sur de López Mateos"".
El proyecto pretende ofrecer alternativas seguras y sustentables para los ciclistas, reducir el uso del automóvil y mejorar la conectividad vial en una de las arterias más transitadas de la Zona Metropolitana de Guadalajara.
- Te podría interesar:
- Tlajomulco construirá ciclovía en la Avenida López Mateos- 08 junio, 2026
- Arranca MiBici eléctrica; buscan eliminar cobro extra- 08 junio, 2026
- Fiscalía clausura ocho anexos; en uno de ellos había un paciente con sarampión- 04 junio, 2026"
63,NTR Guadalajara,08-06-26,Electrifican al menos 9 estaciones de MiBici,trafilatura,trafilatura,1585,0.22,https://www.ntrguadalajara.com/post.php?id_nota=245656,,"El sistema de bicicletas públicas MiBici comenzó ya el proceso de electrificación de sus estaciones de cara a la entrada en operación de sus bicicletas eléctricas, modelo cuyas unidades serán presentadas este lunes. El proceso se realiza actualmente en al menos nueve ciclopuertos.
Entre las estaciones modificadas recientemente se encuentran la 033, ubicada en avenida Hidalgo con calle Pedro Loza, y la 195, en Ramón Corona y avenida Juárez
La estación 038, ubicada en Hidalgo y Nicolás Romero, también pasa por un proceso de electrificación, así como la 084, ubicada en la calle Montenegro con avenida Chapultepec, y la 130, ubicada en calle Ruiz de Alarcón y avenida Ignacio L. Vallarta.
Lo mismo sucede en la estación 061, ubicada entre las calles Argentina y Libertad; la 073, en avenida La Paz y calzada del Federalismo; la 127, entre las avenidas de Los Arcos y Ignacio L. Vallarta, y la 128, ubicada en calle Emilio Castelar y José María Morelos.
Las autoridades del sistema MiBici recomendaron a las personas usuarias planear sus recorridos con anticipación y consultar los canales oficiales para conocer las estaciones involucradas y posibles afectaciones durante los trabajos.
Las estaciones que se incorporan a esta etapa del proyecto serán dadas a conocer por MiBici a través de sus plataformas informativas.
Hoy a las 17 horas el gobernador de Jalisco, Pablo Lemus Navarro, encabezará la presentación de las unidades eléctricas para la expansión y modernización de MiBici. El acto se realizará en la Plaza Luis Barragán, en la colonia Mexicaltzingo, en Guadalajara.
jl/I"
64,UDGTV,08-06-26,Arranca MiBici eléctrica; buscan eliminar cobro extra,trafilatura,trafilatura,1540,0.33,https://udgtv.com/noticias/arranca-mibici-electrica-buscan-eliminar-cobro-extra/320060,,"Guadalajara, Jalisco.
Fue presentado el programa de bicicletas eléctricas de MiBici, que en su primera etapa arrancará con 16 estaciones y mil bicicletas contempladas para operar en la ciudad.
El gobernador de Jalisco, Pablo Lemus, destacó que se trata de una nueva opción de movilidad urbana, sustentable, ágil y accesible para trayectos cortos, que ayudará a reducir los tiempos de traslado y el uso del automóvil en la Zona Metropolitana de Guadalajara.
""El uso de la bicicleta para las y los ciclistas es complicado. Tenemos muchas subidas, muchas bajadas y el calor es bastante fuerte.
Contar con mil bicicletas eléctricas de última generación ayuda muchísimo a la movilidad de las y los ciclistas del Área Metropolitana de Guadalajara"".
Además, Lemus anunció que solicitará al Congreso del Estado una modificación a la Ley de Ingresos para eliminar el cobro de 10 pesos por desanclaje en las bicicletas eléctricas.
Argumentó que retirar este cargo incentivará el uso del transporte sustentable, facilitará la movilidad no motorizada y apoyará la economía de los usuarios que optan por alternativas ecológicas.
""Vamos a solicitarlo al Congreso del Estado de Jalisco porque, dentro de la Ley de Ingresos, desde hace muchos años se contempla que cada vez que se retira una bicicleta de los puertos de carga eléctrica se cobren 10 pesos adicionales.
Proponemos que quienes estén inscritos en el programa anual de MiBici ya no paguen esos 10 pesos por desanclaje. Solo esperamos que las y los diputados lo aprueben"".
- Te podría interesar:"
65,Crónica Jalisco,08-06-26,Tlajomulco se suma a expansión de Mi Bici con bicicletas eléctricas en López Mateos,trafilatura,trafilatura,2448,0.99,https://www.cronica.com.mx/jalisco/guadalajara/2026/06/08/tlajomulco-se-suma-a-expansion-de-mi-bici-con-bicicletas-electricas-en-lopez-mateos/,,"La expansión del sistema de bicicletas públicas Mi Bici llegará al sur de la ciudad con una nueva modalidad que incluirá bicicletas eléctricas. Tlajomulco será uno de los municipios donde arrancará el programa piloto Mi Bici+, diseñado para fortalecer las opciones de movilidad en el corredor de López Mateos.
El anuncio se realizó durante la presentación de la nueva etapa del sistema, encabezada por el gobernador de Jalisco, Pablo Lemus Navarro, en Guadalajara. El proyecto contempla la incorporación de mil bicicletas eléctricas y la instalación de cien nuevas estaciones en distintos puntos del Área Metropolitana.
Para Tlajomulco, la estrategia se enfocará inicialmente en las zonas de Santa Anita, San Agustín y Bosques de Santa Anita, donde se busca facilitar los traslados hacia centros educativos, áreas comerciales, servicios y otros sistemas de transporte público.
El presidente municipal, Gerardo Quirino Velázquez Chávez, señaló que la diversificación de alternativas de movilidad es una de las principales herramientas para enfrentar los retos de desplazamiento en el corredor sur de la metrópoli.
""Hoy, con esta extraordinaria noticia, podemos decir que estamos avanzando en la ruta correcta. Quiero agradecerte que esta visión de expansión de un programa tan importante como Mi Bici se pueda concretar. Va a ayudar bastante, gobernador, a generar alternativas e incentivar a los ciudadanos a bajarnos del vehículo. Esto, sin duda, tendrá un impacto positivo en cómo nos movemos en esta zona, que representa un reto importante para el sur de López Mateos"".
Las nuevas bicicletas eléctricas permitirán realizar trayectos más largos y con menor esfuerzo físico, ampliando las posibilidades de uso para distintos sectores de la población. Además, el sistema busca complementar la red de transporte público y ofrecer una alternativa accesible para la movilidad cotidiana.
La ampliación de Mi Bici también pretende contribuir a la reducción de emisiones contaminantes y a disminuir la dependencia del automóvil en una de las zonas con mayor crecimiento habitacional de la metrópoli.
De acuerdo con las autoridades, el proyecto es resultado del trabajo conjunto entre el Gobierno de Jalisco, los municipios metropolitanos, el Instituto Metropolitano de Planeación (IMEPLAN), la Agencia Metropolitana de Infraestructura para la Movilidad y organismos internacionales que participan en el desarrollo de estrategias de movilidad sustentable."
66,El Occidental,04-06-26,"Oblatos concentra miles de viajes en bicicleta, pero sin nuevas ciclovías en Guadalajara",trafilatura,trafilatura,298,0.26,https://oem.com.mx/eloccidental/local/oblatos-concentra-miles-de-viajes-en-bicicleta-pero-sin-nuevas-ciclovias-en-guadalajara-30361195,,"Localjueves, 4 de junio de 2026
En la zona de Oblatos se registran más de 10 mil viajes diarios en bicicleta, pero la infraestructura existente resulta insuficiente
LOCAL
Le encontraron el dispositivo oculto entre sus prendas de vestir
Estiman que al centro de Guadalajara asistirán 92 mil personas"
67,Mural,04-06-26,Moderniza MiBici sus estaciones,trafilatura,trafilatura,461,0.82,https://www.mural.com.mx/moderniza-mibici-sus-estaciones/ar3216141?v=2,,"COMUNIDAD
02 MIN 30 SEG
Paulina Fonseca
Guadalajara, México (04 junio 2026) .-05:00 hrs
Autoridades de Movilidad realizan la sustitución de algunas estaciones mecánicas de MiBici para instalar terminales eléctricas. Crédito: Cortesía
La Agencia Metropolitana de Infraestructura para la Movilidad (AMIM) informó que realiza la sustitución de algunas estaciones mecánicas de MiBici para instalar en su lugar terminales eléctricas en distintos puntos de la Ciudad."
68,El Informador,03-06-26,"Develan escultura ""Las Bicicletas: el arte del equilibrio"" en avenida Universidad",trafilatura,trafilatura,2997,0.37,https://www.informador.mx/jalisco/develan-escultura-las-bicicletas-el-arte-del-equilibrio-en-avenida-universidad-20260603-0148.html,,"Develan escultura ""Las Bicicletas: el arte del equilibrio"" en avenida Universidad
El alcalde de Zapopan resalta que la escultura enfatiza la urgencia de más espacios para la movilidad no motorizada
La obra fue inaugurada en el marco del Día Internacional de la Bicicleta. EL INFORMADOR / A. NAVARRO
El Gobierno municipal de Zapopan y el Gobierno de Jalisco inauguraron la obra monumental ""Las Bicicletas: el arte del equilibrio"" en el camellón de la avenida Universidad en aquel municipio.
La escultura es del artista Gilberto Aceves Navarro, ya fallecido y cuya obra se inaugura en el marco del Día Internacional de la Bicicleta, siendo considerada como una de las creaciones más emblemáticas del artista mexicano.
La importancia de la movilidad no motorizada
El alcalde de Zapopan, Juan José Frangie, resaltó que la escultura enfatiza la urgencia de más espacios para la movilidad no motorizada.
""Esta escultura tiene un mensaje muy poderoso: frente a los nuevos retos de la movilidad que tenemos, no solamente en Zapopan, en Jalisco, en la República Mexicana, en el municipio, el propio maestro Gilberto Aceves nos decía que esta exposición está pensada frente al uso excesivo del automóvil en las ciudades modernas"".
Lee: MiBici registra 13 mil viajes diarios y suma más de 37 millones de trayectos desde su creación
Por lo tanto, el alcalde urgió a que se vuelvan a construir ciudades para las personas y no los automóviles, al señalar que el 85% de la contaminación proviene de los automotores.
El Gobernador de Jalisco, Pablo Lemus, también asistió al evento, en el cual resaltó que desde que era alcalde de Zapopan se impulsaron distintos proyectos de movilidad y destacó la construcción de la ciclovía en avenida Universidad, la de Santa Margarita y la que se ubica en el Periférico y que forma parte del sistema de transporte Peribús.
Zapopan se compromete a acercar expresiones artísticas en espacio públicos
El municipio aseguró que la oferta cultural del municipio se consolida y reafirma el compromiso de acercar expresiones artísticas de gran relevancia a la ciudadanía mediante espacios públicos que fomenten la reflexión, la convivencia y la participación comunitaria para la población.
Autoridades refirieron que se trata del inicio de la instalación de varias esculturas en la zona con el fin de aprovechar el espacio público, por lo que quedará para apreciación de los cientos de conductores que transitan a diario por aquí, acercándoles el arte y la cultura.
La develación de la escultura se dio como parte de la inauguración del paso elevado que va de avenida Patria a avenida Universidad.
Lee: ¿De cuánto es la multa por invadir la ciclovía en Guadalajara?
- Mantente al día con las noticias, únete a nuestro canal de WhatsApp https://www.whatsapp.com/channel/0029VaAf9Pu9hXF1EJ561i03
AL
Recibe las últimas noticias en tu e-mail
Todo lo que necesitas saber para comenzar tu día
Registrarse implica aceptar los Términos y Condiciones"
69,El Informador,03-06-26,"Develan escultura ""Las Bicicletas: el arte del equilibrio"" en avenida Universidad",trafilatura,trafilatura,2997,0.07,https://www.informador.mx/jalisco/develan-escultura-las-bicicletas-el-arte-del-equilibrio-en-avenida-universidad-20260603-0148.html,,"Develan escultura ""Las Bicicletas: el arte del equilibrio"" en avenida Universidad
El alcalde de Zapopan resalta que la escultura enfatiza la urgencia de más espacios para la movilidad no motorizada
La obra fue inaugurada en el marco del Día Internacional de la Bicicleta. EL INFORMADOR / A. NAVARRO
El Gobierno municipal de Zapopan y el Gobierno de Jalisco inauguraron la obra monumental ""Las Bicicletas: el arte del equilibrio"" en el camellón de la avenida Universidad en aquel municipio.
La escultura es del artista Gilberto Aceves Navarro, ya fallecido y cuya obra se inaugura en el marco del Día Internacional de la Bicicleta, siendo considerada como una de las creaciones más emblemáticas del artista mexicano.
La importancia de la movilidad no motorizada
El alcalde de Zapopan, Juan José Frangie, resaltó que la escultura enfatiza la urgencia de más espacios para la movilidad no motorizada.
""Esta escultura tiene un mensaje muy poderoso: frente a los nuevos retos de la movilidad que tenemos, no solamente en Zapopan, en Jalisco, en la República Mexicana, en el municipio, el propio maestro Gilberto Aceves nos decía que esta exposición está pensada frente al uso excesivo del automóvil en las ciudades modernas"".
Lee: MiBici registra 13 mil viajes diarios y suma más de 37 millones de trayectos desde su creación
Por lo tanto, el alcalde urgió a que se vuelvan a construir ciudades para las personas y no los automóviles, al señalar que el 85% de la contaminación proviene de los automotores.
El Gobernador de Jalisco, Pablo Lemus, también asistió al evento, en el cual resaltó que desde que era alcalde de Zapopan se impulsaron distintos proyectos de movilidad y destacó la construcción de la ciclovía en avenida Universidad, la de Santa Margarita y la que se ubica en el Periférico y que forma parte del sistema de transporte Peribús.
Zapopan se compromete a acercar expresiones artísticas en espacio públicos
El municipio aseguró que la oferta cultural del municipio se consolida y reafirma el compromiso de acercar expresiones artísticas de gran relevancia a la ciudadanía mediante espacios públicos que fomenten la reflexión, la convivencia y la participación comunitaria para la población.
Autoridades refirieron que se trata del inicio de la instalación de varias esculturas en la zona con el fin de aprovechar el espacio público, por lo que quedará para apreciación de los cientos de conductores que transitan a diario por aquí, acercándoles el arte y la cultura.
La develación de la escultura se dio como parte de la inauguración del paso elevado que va de avenida Patria a avenida Universidad.
Lee: ¿De cuánto es la multa por invadir la ciclovía en Guadalajara?
- Mantente al día con las noticias, únete a nuestro canal de WhatsApp https://www.whatsapp.com/channel/0029VaAf9Pu9hXF1EJ561i03
AL
Recibe las últimas noticias en tu e-mail
Todo lo que necesitas saber para comenzar tu día
Registrarse implica aceptar los Términos y Condiciones"
70,Pasajero 7,03-06-26, ,trafilatura,trafilatura,2776,0.63,https://www.pasajero7.com/fortalece-jalisco-la-movilidad-sostenible-saludable-accesible-en-dia-mundial-la-bicicleta/,,"En el marco del Día Mundial de la Bicicleta —que se conmemora cada 3 de junio—, el Gobierno de Jalisco destaca los avances consolidados en materia de movilidad activa y sostenible con el fortalecimiento de infraestructura ciclista, la expansión del sistema de bicicletas públicas MiBici y la promoción de una cultura de movilidad más saludable e incluyente.
A través de la Agencia Metropolitana de Infraestructura para la Movilidad del Área Metropolitana de Guadalajara (AMIM), se impulsa el uso de la bicicleta y la movilidad activa mediante el sistema MiBici, uno de los proyectos más importantes de movilidad sostenible en el país.
Actualmente, el sistema registra un promedio de 13 mil viajes diarios y más de 380 mil viajes mensuales. Cuenta con 370 estaciones, 4 mil 79 bicicletas y más de 16 mil personas usuarias activas, quienes han realizado más de 37 millones de viajes desde el inicio de operaciones del sistema.
Cada bicicleta realiza en promedio tres recorridos al día, reflejo de una creciente adopción de este medio de transporte por parte de las y los habitantes del Área Metropolitana de Guadalajara (AMG).
TE RECOMENDAMOS LEER: Caminar y pedalear, la respuesta urgente ante la crisis del sedentarismo infantil
Este año se puso en marcha MiBici Kids, un programa orientado a que niñas y niños se apropien del espacio público mediante el préstamo gratuito de bicicletas, promoviendo la movilidad activa y hábitos saludables.
Actualmente, el AMG cuenta con 338 kilómetros de ciclovías, cuya conservación y mantenimiento también forma parte de las acciones que realiza la AMIM para fortalecer la infraestructura destinada a las personas ciclistas.
La bicicleta se ha consolidado como una herramienta clave para construir ciudades más sostenibles, saludables e incluyentes. Reconocida por la Organización Mundial de la Salud (OMS) como una actividad física que contribuye al bienestar de las personas, su uso ha crecido en todo el mundo como una alternativa eficiente para reducir la congestión vehicular, disminuir emisiones contaminantes, mejorar la movilidad y fortalecer la salud pública.
Jalisco se mantiene a la vanguardia de la movilidad sostenible, compartiendo visión y tecnología con ciudades como San Francisco, Chicago, Montreal, Toronto, Nueva York y Ciudad de México.
En América Latina, destaca junto a urbes como Bogotá, Brasilia y São Paulo, que también han apostado por sistemas de bicicleta pública como una herramienta clave para construir ciudades más humanas, saludables y conectadas.
Con estas acciones, Jalisco reafirma su apuesta por una movilidad más sostenible, saludable y eficiente, alineada con las mejores prácticas internacionales y con el objetivo de construir ciudades más humanas, conectadas y respetuosas con el medio ambiente."
71,Quadratin,03-06-26,Suma Jalisco 338 km de ciclovías y expande MiBici en el AMG,trafilatura,trafilatura,2446,0.24,https://jalisco.quadratin.com.mx/sucesos/suma-jalisco-338-km-de-ciclovias-y-expande-mibici-en-el-amg/,,"Toman protesta 2 mil 500 ciudadanos en Redes de Cercanía en Tlajomulco
                
                
Guadalajara, Jal. a 28 de agosto de 2026            
        
              03 de junio de 2026                  
            
 , 
             
              12:01 
            
          
            
            Redacción/Quadratín Jalisco             
          
        GUADALAJARA, Jal., 3 de junio de 2026.- En el marco del Día Mundial de la Bicicleta, el Gobierno de Jalisco destacó los avances consolidados en movilidad activa y sostenible mediante el fortalecimiento de la infraestructura ciclista y la expansión del sistema de bicicletas públicas MiBici.
A través de la Agencia Metropolitana de Infraestructura para la Movilidad (AMIM), el estado impulsa este medio de transporte como una alternativa clave para reducir la congestión vehicular, disminuir emisiones contaminantes y mejorar la salud pública.
Cifras clave de MiBici en el Área Metropolitana de Guadalajara (AMG):
- Viajes diarios: 13 mil trayectos en promedio.
- Viajes mensuales: Más de 380 mil recorridos.
- Infraestructura: 370 estaciones disponibles.
- Flota: 4 mil 79 bicicletas en circulación.
- Usuarios: Más de 16 mil personas activas.
- Histórico: Más de 37 millones de viajes desde su inicio.
Cada unidad del sistema realiza un promedio de tres recorridos al día, lo que refleja una creciente adopción de este transporte por parte de los habitantes de la metrópoli. Además, la AMIM opera actualmente 338 kilómetros de ciclovías bajo un esquema de conservación y mantenimiento constante.
Como parte de las innovaciones de este año, se puso en marcha el programa ""MiBici Kids"". Esta iniciativa está orientada a que las infancias se apropien del espacio público mediante el préstamo gratuito de bicicletas, promoviendo hábitos saludables desde temprana edad.
Con estas acciones, respaldadas por las recomendaciones de la Organización Mundial de la Salud (OMS), Jalisco se mantiene a la vanguardia de la movilidad sostenible. El estado comparte visión y tecnología con capitales globales como Nueva York, San Francisco, Chicago, Montreal, Toronto y la Ciudad de México, además de liderar en América Latina junto a urbes como Bogotá, Brasilia y São Paulo.
CNTE bloquea ahora oficinas del ISSSTE y SEP en CDMX 
              
                                  
                
                 Madre con muerte encefálica da a luz y dona a 5 personas en el IMSS"
72,Página 24 Jalisco,03-06-26,Propone Morena Ampliar la Infraestructura Ciclista en Guadalajara,trafilatura,trafilatura,2738,0.57,https://pagina24jalisco.com.mx/2026/06/04/local/propone-morena-ampliar-la-infraestructura-ciclista-en-guadalajara/,,"También Piden Reducir Desigualdades Territoriales
Piden Crear Programa Integral de Ampliación de Infraestructura Ciclista Para la Comunidad de Oblatos, una de las Zonas con Mayor Número de Viajes Diarios en Bicicleta en el AMG
En el marco del Día Mundial de la Bicicleta, conmemorado este 3 de junio, el regidor de Morena en Guadalajara, Juan Alberto Salinas Macías, presentó dos iniciativas enfocadas en fortalecer la movilidad sustentable, ampliar la infraestructura ciclista y reducir las desigualdades territoriales en la ciudad.
La primera propuesta busca que el Ayuntamiento elabore un Programa Integral de Ampliación de Infraestructura Ciclista para la comunidad de Oblatos, una de las zonas con mayor número de viajes diarios en bicicleta en el Área Metropolitana de Guadalajara (AMG), pero que actualmente presenta un importante rezago en infraestructura segura para ciclistas.
Cabe destacar, que en la actual administración municipal no se ha construido un solo kilómetro de ciclovía, ni se tienen consideradas obras al respecto para este año, según el Programa Operativo Anual de Obra Pública.
De acuerdo con la iniciativa y datos del propio Plan Integral de Movilidad Urbana Sustentable, Oblatos registra más de 10 mil viajes ciclistas diarios; sin embargo, la infraestructura disponible resulta insuficiente para garantizar condiciones adecuadas de conectividad, seguridad vial y accesibilidad para miles de personas que utilizan la bicicleta para trasladarse al trabajo, la escuela o realizar actividades cotidianas.
La propuesta plantea elaborar un diagnóstico técnico integral, identificar corredores prioritarios y desarrollar un programa con metas, cronograma e indicadores que permita ampliar la red ciclista, mejorar la intermodalidad con el transporte público y fortalecer la movilidad activa en la zona oriente de Guadalajara.
Por otro lado, Salinas Macías presentó una reforma al Reglamento de Movilidad de Guadalajara para que las acciones de compensación derivadas de nuevos desarrollos inmobiliarios se destinen preferentemente a la construcción de infraestructura pública permanente para movilidad sustentable, como ciclovías, cruceros seguros, infraestructura peatonal y conexiones intermodales.
Actualmente, explicó el edil, algunas compensaciones urbanísticas pueden materializarse mediante la entrega de bienes muebles o equipamiento con vida útil limitada, mientras que la ciudad continúa enfrentando déficits históricos en infraestructura ciclista y peatonal. La iniciativa propone priorizar obras públicas permanentes que generen beneficios colectivos de largo plazo y reduzcan desigualdades urbanas.
Ambas iniciativas fueron turnadas a comisiones para su análisis dentro del Ayuntamiento de Guadalajara."
73,Notisistema,03-06-26,Paso elevado en Patria y Universidad cuenta con ciclovía y parque lineal,trafilatura,trafilatura,984,0.19,https://www.notisistema.com/noticias/paso-elevado-en-patria-y-universidad-cuenta-con-ciclovia-y-parque-lineal/,,"El nuevo paso elevado vehicular ubicado en el cruce de las avenidas Patria y Universidad fue inaugurado este miércoles en Zapopan como parte de una estrategia para mejorar la movilidad en la Zona Real.
La obra abarca una superficie de más de 91 mil metros cuadrados y beneficia directamente a cerca de 15 mil habitantes.
La infraestructura permite el flujo continuo de vehículos de avenida Patria hacia avenida Universidad, además de incorporar adecuaciones para facilitar los movimientos viales en la zona.
El proyecto incluyó banquetas con accesibilidad universal, reconfiguración de semáforos y paradas de transporte público.
También se construyó una ciclovía sobre avenida Universidad para fortalecer la movilidad sustentable.
La intervención forma parte de un plan integral que contempla mejoras en vialidades, espacios públicos y cruceros seguros, con el objetivo de incrementar la conectividad y la seguridad para peatones, ciclistas y automovilistas. (Por Edgar Flores Maciel)"
74,El Informador,03-06-26,Eliminarán cobros en MiBici por uso de bicicletas eléctricas,trafilatura,trafilatura,2790,0.34,https://www.informador.mx/jalisco/eliminaran-cobros-en-mibici-por-uso-de-bicicletas-electricas-20260603-0101.html,,"Eliminarán cobros en MiBici por uso de bicicletas eléctricas
Se trata de una iniciativa que modificará la Ley de Ingresos del Estado de Jalisco 2026, la cual establece que el uso de bicicleta eléctrica en el sistema de ""MiBici"" tiene un costo de 10 pesos por su uso hasta por 10 minutos
Será el Congreso de Jalisco el que determine si es aprobada o no la iniciativa. EL INFORMADOR/A. Navarro
El Gobernador de Jalisco, Pablo Lemus, anunció que enviará una iniciativa al Congreso de Jalisco para eliminar los cobros en el sistema de ""MiBici"" por uso de bicicleta eléctrica.
Se trata de una iniciativa que modificará la Ley de Ingresos del Estado de Jalisco 2026, la cual establece que el uso de bicicleta eléctrica en el sistema de ""MiBici"" tiene un costo de 10 pesos por su uso hasta por 10 minutos. Dicha ley también marca un cobro de dos pesos por cada minuto extra.
Te recomendamos: ¿A qué hora se reactivan las lluvias a Guadalajara este miércoles?
""Se va a enviar hoy para eliminar cualquier cobro para desanclar esas bicicletas eléctricas"", dijo el Gobernador en el evento de inauguración de la escultura ""Las Bicicletas: el arte del equilibrio"" en la avenida Universidad de Zapopan.
A decir del mandatario estatal, la propuesta busca que la población jalisciense ""se anime a utilizar cada vez más el sistema de MiBici, ahora con las bicis eléctricas"", indicó el Gobernador.
Adquieren más bicicletas eléctricas en 2026
Pablo Lemus recordó que, para este año, se adquirieron mil bicicletas eléctricas para incorporarlas al sistema de MiBici, las cuales se instalarán en distintos ciclopuertos que forman parte del sistema.
""La altimetría de la ciudad también tiene complicaciones. No es tan fácil andar en la bici con subidas y bajadas, luego el calorcito, la lluvia. Las bicis eléctricas nos van a ayudar mucho en la movilidad"", comentó.
Para este año, la suscripción al sistema de MiBici también tuvo un incremento en su suscripción anual, al pasar de un costo de 494 pesos durante el año pasado hasta los 600 pesos para este año, aunque el incremento en el costo se justificó por la incorporación de las bicicletas eléctricas al sistema.
Será el Congreso de Jalisco el que determine si es aprobada o no la iniciativa: primero, deberá recibirla el pleno, posteriormente, se turnará a comisiones para que hagan la modificación y, finalmente, el pleno la retomará para su discusión y posible aprobación o rechazo.
Lee también: Guadalajara bajo la lluvia: estos son los cierres viales y afectaciones de este miércoles
*Mantente al día con las noticias, únete a nuestro canal de WhatsApp *
NA
Recibe las últimas noticias en tu e-mail
Todo lo que necesitas saber para comenzar tu día
Registrarse implica aceptar los Términos y Condiciones"
75,Mural,03-06-26,Pide Congreso ampliar sistema Mi Bici hacia Tlaquepaque,trafilatura,trafilatura,543,0.87,https://www.mural.com.mx/pide-congreso-ampliar-sistema-mi-bici-hacia-tlaquepaque/ar3215872,,"COMUNIDAD
02 MIN 00 SEG
Martín Aquino
Guadalajara, México (03 junio 2026) .-15:45 hrs
Diputados del PVEM llaman a la Agencia Metropolitana de Infraestructura para la Movilidad a ampliar Mi Bici, sobre todo hacia Tlaquepaque. Crédito: Grupo REFORMA
A través de un exhorto impulsado por los diputados del Partido Verde, José Guadalupe Buenrostro y Alberto Alfaro, el Congreso local pidió a la Agencia Metropolitana de Infraestructura para la Movilidad (AMIM), ampliar el sistema de bicicletas públicas Mi Bici, particularmente hacia Tlaquepaque."
76,El Informador,03-06-26,MiBici registra 13 mil viajes diarios y suma más de 37 millones de trayectos desde su creación,trafilatura,trafilatura,2938,0.35,https://www.informador.mx/jalisco/mibici-registra-13-mil-viajes-diarios-y-suma-mas-de-37-millones-de-trayectos-desde-su-creacion-20260603-0124.html,,"MiBici registra 13 mil viajes diarios y suma más de 37 millones de trayectos desde su creación
El AMG cuenta con 338 kilómetros de ciclovías, cuya conservación y mantenimiento también forma parte de las acciones que realiza la Agencia Metropolitana de Infraestructura para la Movilidad del írea Metropolitana de Guadalajara (AMIM)
Cada bicicleta realiza en promedio tres recorridos al día en el AMG. ESPECIAL / GESTIíN DEL TERRITORIO DE JALISCO
La Agencia Metropolitana de Infraestructura para la Movilidad del írea Metropolitana de Guadalajara (AMIM) informó que actualmente el sistema Mi Bici registra un promedio de 13 mil viajes diarios y más de 380 mil viajes mensuales. Cuenta con 370 estaciones, 4 mil 79 bicicletas y más de 16 mil personas usuarias activas, quienes han realizado más de 37 millones de viajes desde el inicio de operaciones del sistema.
Lee también: Eliminarán cobros en MiBici por uso de bicicletas eléctricas
Cada bicicleta realiza en promedio tres recorridos al día, reflejo de una creciente adopción de este medio de transporte por parte de las y los habitantes del írea Metropolitana de Guadalajara (AMG). Este año se puso en marcha MiBici Kids, un programa orientado a que niñas y niños se apropien del espacio público mediante el préstamo gratuito de bicicletas, promoviendo la movilidad activa y hábitos saludables.
El AMG cuenta con 338 kilómetros de ciclovías
Actualmente, el AMG cuenta con 338 kilómetros de ciclovías, cuya conservación y mantenimiento también forma parte de las acciones que realiza la AMIM para fortalecer la infraestructura destinada a las personas ciclistas. ""La bicicleta se ha consolidado como una herramienta clave para construir ciudades más sostenibles, saludables e incluyentes"". ""Reconocida por la Organización Mundial de la Salud (OMS) como una actividad física que contribuye al bienestar de las personas, su uso ha crecido en todo el mundo como una alternativa eficiente para reducir la congestión vehicular, disminuir emisiones contaminantes, mejorar la movilidad y fortalecer la salud pública"", dijo el organismo en un comunicado.
Te puede interesar: ¿Lluvia en el Mundial 2026? El pronóstico para Guadalajara que todo aficionado debe conocer
Jalisco avanza en la movilidad sostenible
De esta manera, Jalisco se mantiene a la vanguardia de la movilidad sostenible, compartiendo visión y tecnología con ciudades como San Francisco, Chicago, Montreal, Toronto, Nueva York y Ciudad de México. En América Latina, destaca junto a urbes como Bogotá, Brasilia y São Paulo, que también han apostado por sistemas de bicicleta pública como una herramienta clave para construir ciudades más humanas, saludables y conectadas.
Mantente al día con las noticias, únete a nuestro canal de WhatsApp.
AS
Recibe las últimas noticias en tu e-mail
Todo lo que necesitas saber para comenzar tu día
Registrarse implica aceptar los Términos y Condiciones"
77,Quadratin,03-06-26,Suma Jalisco 338 km de ciclovías y expande MiBici en el AMG,trafilatura,trafilatura,2446,0.17,https://jalisco.quadratin.com.mx/sucesos/suma-jalisco-338-km-de-ciclovias-y-expande-mibici-en-el-amg/,,"Toman protesta 2 mil 500 ciudadanos en Redes de Cercanía en Tlajomulco
                
                
Guadalajara, Jal. a 28 de agosto de 2026            
        
              03 de junio de 2026                  
            
 , 
             
              12:01 
            
          
            
            Redacción/Quadratín Jalisco             
          
        GUADALAJARA, Jal., 3 de junio de 2026.- En el marco del Día Mundial de la Bicicleta, el Gobierno de Jalisco destacó los avances consolidados en movilidad activa y sostenible mediante el fortalecimiento de la infraestructura ciclista y la expansión del sistema de bicicletas públicas MiBici.
A través de la Agencia Metropolitana de Infraestructura para la Movilidad (AMIM), el estado impulsa este medio de transporte como una alternativa clave para reducir la congestión vehicular, disminuir emisiones contaminantes y mejorar la salud pública.
Cifras clave de MiBici en el Área Metropolitana de Guadalajara (AMG):
- Viajes diarios: 13 mil trayectos en promedio.
- Viajes mensuales: Más de 380 mil recorridos.
- Infraestructura: 370 estaciones disponibles.
- Flota: 4 mil 79 bicicletas en circulación.
- Usuarios: Más de 16 mil personas activas.
- Histórico: Más de 37 millones de viajes desde su inicio.
Cada unidad del sistema realiza un promedio de tres recorridos al día, lo que refleja una creciente adopción de este transporte por parte de los habitantes de la metrópoli. Además, la AMIM opera actualmente 338 kilómetros de ciclovías bajo un esquema de conservación y mantenimiento constante.
Como parte de las innovaciones de este año, se puso en marcha el programa ""MiBici Kids"". Esta iniciativa está orientada a que las infancias se apropien del espacio público mediante el préstamo gratuito de bicicletas, promoviendo hábitos saludables desde temprana edad.
Con estas acciones, respaldadas por las recomendaciones de la Organización Mundial de la Salud (OMS), Jalisco se mantiene a la vanguardia de la movilidad sostenible. El estado comparte visión y tecnología con capitales globales como Nueva York, San Francisco, Chicago, Montreal, Toronto y la Ciudad de México, además de liderar en América Latina junto a urbes como Bogotá, Brasilia y São Paulo.
CNTE bloquea ahora oficinas del ISSSTE y SEP en CDMX 
              
                                  
                
                 Madre con muerte encefálica da a luz y dona a 5 personas en el IMSS"
78,NTR Guadalajara,05-31-26,Instalan bici blanca en memoria de ciclista,trafilatura,trafilatura,2369,0.27,https://www.ntrguadalajara.com/post.php?id_nota=245357,,"La tercera edición del año de la Masa Crítica en Guadalajara estuvo dedicada a la memoria de un ciclista que murió tras ser atropellado por una unidad del transporte público el pasado 19 de mayo. Durante la rodada, integrantes del colectivo Bicicleta Blanca instalaron un memorial en el cruce de Pablo Valdez y Rita Pérez de Moreno, en la colonia San Juan Bosco, lugar donde ocurrió el hecho.
Sergio Baldit, integrante del movimiento ciclista, explicó que la instalación de la bicicleta blanca busca recordar que detrás de las estadísticas de siniestros viales existen personas y familias afectadas.
Como parte del homenaje realizado el viernes, los participantes fueron invitados a acudir con flores, velas y mensajes para recordar al ciclista fallecido. La rodada reunió a aproximadamente 55 personas, quienes acompañaron la instalación del memorial y realizaron un llamado a mejorar la seguridad vial en la ciudad.
Además de exigir el esclarecimiento del caso, los colectivos pidieron a la Secretaría de Transporte (Setran) y a la Fiscalía del Estado (FE) dar seguimiento a las investigaciones para localizar al conductor involucrado, quien presuntamente huyó tras el atropellamiento.
""Sería importante que enfrente las consecuencias de sus actos y que se deslinden responsabilidades"", sostuvo Baldit.
El ciclista también cuestionó las condiciones de operación del transporte público y consideró que la autoridad estatal debe realizar una revisión integral de las concesiones antes de autorizar mayores subsidios a las empresas transportistas.
De acuerdo con cifras compartidas por el colectivo, durante 2026 van siete personas ciclistas fallecidas en hechos viales en el Área Metropolitana de Guadalajara, tres de ellas en incidentes relacionados con unidades del transporte público.
En 2025 se registraron 13 muertes de ciclistas, por lo que desde el colectivo se advirtió que la tendencia actual podría superar esa cifra antes de concluir el año. Añadió que entre 2025 y lo que va de 2026 suman ya 20 personas ciclistas fallecidas en la metrópoli.
Finalmente, los asistentes de la Masa Crítica en Guadalajara reiteraron la necesidad de ampliar la infraestructura ciclista segura en Guadalajara y lamentaron el freno en la construcción de nuevas ciclovías al considerar que una red conectada y protegida es indispensable para reducir los siniestros viales.
GR-jl/I"
80,El Occidental,05-22-26,Reportan inundaciones en ciclovía recién construida sobre Avenida Aviación,trafilatura,trafilatura,260,0.37,https://oem.com.mx/eloccidental/local/reportan-inundaciones-en-ciclovia-recien-construida-sobre-avenida-aviacion-30134214,,"Localviernes, 22 de mayo de 2026
Nueva ciclovía en avenida Aviación presenta severos encharcamientos tras las primeras lluvias
LOCAL
Le encontraron el dispositivo oculto entre sus prendas de vestir
Estiman que al centro de Guadalajara asistirán 92 mil personas"
81,Notisistema,05-20-26,Suman siete ciclistas fallecidos en accidentes viales en Jalisco durante 2026,trafilatura,trafilatura,986,0.11,https://www.notisistema.com/noticias/suman-siete-ciclistas-fallecidos-en-accidentes-viales-en-jalisco-durante-2026/,,"El número de ciclistas fallecidos en accidentes viales en Jalisco durante 2026 aumentó a siete, luego del percance registrado la tarde de ayer en la colonia San Juan Bosco, en Guadalajara.
La víctima fue un hombre de aproximadamente 45 años, quien murió tras ser embestido por una unidad de transporte público de la ruta 360 en el cruce de las calles Pablo Valdez y Rita Pérez de Moreno.
De acuerdo con cifras del colectivo Bicicleta Blanca, en apenas cinco meses del año la entidad ya superó poco más de la mitad de las muertes de ciclistas registradas durante todo 2025, año que cerró con 13 fallecimientos.
La agrupación también reportó que, desde el 6 de diciembre de 2024, fecha en que inició la actual administración estatal, se han contabilizado 20 ciclistas muertos en accidentes viales en Jalisco.
Según la estadística del colectivo, el caso ocurrido ayer representa además la sexta muerte relacionada con unidades del transporte público en el estado. (Por Edgar Flores Maciel)"
83,UDGTV,05-19-26,Guadalajara presume movilidad sustentable mientras su red ciclista sigue estancada,trafilatura,trafilatura,2325,0.35,https://udgtv.com/noticias/gdl-presume-movilidad-sustentable/317213,,"Guadalajara, Jalisco.
La segunda actualización de ""¿Qué has hecho, Alcalde/Alcaldesa?"" elaborada por la organización Jalisco Cómo Vamos y Coparmex mostró que varios municipios del Área Metropolitana de Guadalajara mantienen pendientes en indicadores clave.
Entre los principales rezagos detectados destaca que Guadalajara no registró crecimiento en infraestructura ciclista y permaneció en 135.13 kilómetros construidos; además, Zapopan aumentó su red de banquetas de 86 a 118 kilómetros, aunque quedó por debajo de la meta proyectada de 156 kilómetros.
También se señaló que El Salto no respondió solicitudes de información y San Pedro Tlaquepaque entregó datos tras una queja formal.
""El número de infraestructura de ciclista, la línea base es decir cuando inició la administración de Verónica tenían 135.13 km de infraestructura ciclista y en la segunda actualización ahora tienen los mismos pero se habían propuesto llegar a 140.
se quedó en no más no menos porque no hubo construcción de infraestructura ciclista con todo y la meta que se habían propuesto insisto el resto de los indicadores los pueden ver en la plataforma"", destacó el informe.
Avances en inversión y cobertura en municipios del AMG
Pese a esos pendientes, el reporte identificó avances en distintos rubros municipales. Tlajomulco de Zúñiga fue el municipio con más indicadores cumplidos al alcanzar 21, seguido de Guadalajara con 20, Zapopan con 18 y Tonalá con 10.
Entre los resultados destacados, Guadalajara elevó un indicador de 7.77 a 10.47 por ciento para cumplir su meta; Tlajomulco incrementó la inversión en obra pública de 19.17 a 27.61 por ciento y alcanzó una cobertura de recolección de residuos en 98 por ciento de sus colonias.
- En otros rubros, Tonalá incrementó la inversión destinada a servicios públicos de 10.6 a 22.5 por ciento y aumentó sus ingresos propios. Zapopan superó su meta de inversión en obra pública al pasar de 12.38 a 14.77 por ciento; además, registró el mayor porcentaje de pago predial con 81.87 por ciento y fue el municipio con más días dentro de la norma de calidad del aire PM10, con 351 jornadas favorables.
En el informe también anunció el arranque de una auditoría social de espacios públicos en los seis municipios más poblados del AMG para revisar condiciones de parques, mercados y unidades deportivas."
84,El Occidental,05-19-26,"Ciclovía de 8 de Julio: tres kilómetros con baches, cortes y poca conexión en el sur de la ciudad",trafilatura,trafilatura,272,0.47,https://oem.com.mx/eloccidental/local/ciclovia-de-8-de-julio-tres-kilometros-con-baches-cortes-de-la-via-y-poca-conexion-con-el-sur-de-la-ciudad-30075251,,"Localmartes, 19 de mayo de 2026
El corredor ciclista de 8 de Julio evidencia rezago y problemas de conectividad con el Sur de la metrópoli
LOCAL
Le encontraron el dispositivo oculto entre sus prendas de vestir
Estiman que al centro de Guadalajara asistirán 92 mil personas"
86,NTR Guadalajara,05-19-26,Invertirá Guadalajara 20 millones en ciclovías,trafilatura,trafilatura,1132,0.28,https://www.ntrguadalajara.com/post.php?id_nota=244837,,"El gobierno de Guadalajara anunció que destinará 20 millones de pesos (mdp) para el mantenimiento y mejora de 14.96 kilómetros (km) de ciclovías ubicadas principalmente en la zona oriente de la ciudad
Las acciones se concentrarán en las ciclovías de Silverio García, Pérez Arce, Gigantes, Constancia, Plaza de la Bandera y Hospital. Las intervenciones se realizarán con el objetivo de fortalecer la seguridad y conectividad para entre corredores viales como Revolución, Javier Mina, Calzada del Ejército, Paseo Alcalde y Marcelino García Barragán.
Los trabajos contemplan renovación de señalamiento horizontal y vertical, mantenimiento de carpeta asfáltica y reposición de elementos de confinamiento como bolardos, boomerangs y vialetas.
La administración tapatía también aseguró que con estas acciones se busca consolidar a Guadalajara como referente en infraestructura ciclista en América Latina.
Según el Ranking Global de Ciudades Amigables con la Bicicleta 2025, Guadalajara se ubica en el cuarto lugar en transformación urbana, políticas públicas e infraestructura ciclista, por encima de Ciudad de México y Buenos Aires.
jl/I"
87,Mural,05-18-26,Presenta abandono ciclovía en 8 de Julio,trafilatura,trafilatura,546,0.88,https://www.mural.com.mx/presenta-abandono-ciclovia-en-8-de-julio/ar3205962,,"Presenta abandono ciclovía en 8 de Julio
02 MIN 00 SEG
Adán Padilla
Guadalajara, México (18 mayo 2026) .-05:00 hrs
Hay tramos de la ciclovía de 8 de Julio llenos de basura. Crédito: Adán Padilla 
La infraestructura se encuentra dañada en algunos puntos. Crédito: Adán Padilla 
La ciclovía de Avenida 8 de Julio, en su paso por San Pedro Tlaquepaque -en el tramo que va de la Calle Aldama hasta casi llegar a Periférico Sur-, se encuentra prácticamente en desuso, pese a ser uno de los principales corredores del Área Metropolitana de Guadalajara."
88,Notisistema,05-16-26,Invita SEDECO a artistas urbanos a intervenir la ciclovía de la ruta artesanal,trafilatura,trafilatura,871,0.12,https://www.notisistema.com/noticias/invita-sedeco-a-artistas-urbanos-a-intervenir-la-ciclovia-de-la-ruta-artesanal/,,"La Secretaría de Desarrollo Económico de Jalisco lanzó la convocatoria ""Jalisco, arte y artesanía"" para que artistas urbanos y colectivos intervengan la ciclovía de la ruta artesanal ubicada en el centro de Guadalajara.
El proyecto contempla la realización de murales y señalética inspirada en la artesanía jalisciense sobre la vía que conecta el Centro Histórico con la Casa de las Artesanías, cerca del Parque Agua Azul.
La invitación está dirigida a creadores residentes en Jalisco con experiencia en intervenciones artísticas en espacios públicos, con el objetivo de fortalecer la identidad cultural y mejorar la imagen urbana de la zona.
Las autoridades informaron que el registro deberá realizarse de forma digital y la convocatoria permanecerá abierta hasta agotar espacios disponibles.
Los detalles pueden consultarse en el portal oficial del Gobierno de Jalisco."
89,Página 24 Jalisco,08-05-26,Critican Ciclovía de Copérnico,trafilatura,trafilatura,2059,0.45,https://pagina24jalisco.com.mx/2026/05/08/local/critican-ciclovia-de-copernico/,,"""El Ayuntamiento Hizo Puras Estupideces""
""Se Quejan de la Ciclovia… Pero de Usar la Bicicleta ni Pensarlo""
Por Rafael Hernández Guízar
Vecinos de la colonia El Colli, en el municipio de Zapopan, señalaron problemáticas que llegaron tras la colocación de la ciclovía en la avenida Copérnico.
Indicaron que, de tres carriles de circulación que tenía esta avenida, se redujo a solo uno, causando enormes problemas para transitar por esta vía sobre todo a las horas pico.
""Aquí el ayuntamiento hizo puras estupideces, es el colmo que hayan dejado nada más un carril para poder circular, ya no es una avenida, es una calle en donde hay una ciclovía que nadie necesita y un parque en el camellón que hicieron más ancho, aquí pasan muchos automóviles y también pasa el camión, y con este desmadre pues ya no se puede ni circular"", indicó el señor Francisco Gómez, uno de los entrevistados por Página 24 Jalisco.
""Nada más camine usted unas cuadras para que vea el problema que nos vinieron a dejar aquí, quizá en su cabeza se veía padrísima la idea, pero dejaron bien ancha la banqueta, para qué se necesitan unas banquetas así de grandes, y como le digo, nada más un solo carril para poder circular. Yo quisiera que se viniera a vivir aquí el presidente municipal y que circulara a las horas pico, a ver qué le parece este desmadre"", agregó el molesto ciudadano.
Desde la avenida El Colli hasta el cruce con la avenida Mariano Otero, a lo largo de varios kilómetros, dijo el inconforme, el Ayuntamiento de Zapopan ocasionó un severo problema para los habitantes de esta colonia y también la colonia Paseos del Sol, al poniente de la Zona Metropolitana de Guadalajara, en donde se vive un caos enorme por las malas decisiones viales que se han tomado, como la colocación también de una ciclovía en la avenida Guadalupe que redujo de tres a dos carriles de circulación.
El hombre dijo que han hecho las denuncias tanto al municipio como a la Secretaría de Transporte, pero ninguna de las dos autoridades ha dado respuesta alguna a los molestos vecinos y comerciantes."
90,Página 24 Jalisco,03-05-26,"Señalan Vandalismo en Estaciones de ""Mi Bici""",trafilatura,trafilatura,1615,0.46,https://pagina24jalisco.com.mx/2026/05/03/local/senalan-vandalismo-en-estaciones-de-mi-bici/,,"Usuarios Piden Castigo a Culpables
Por Rafael Hernández Guízar
Actos de vandalismo al sistema de la bicicleta pública ""Mi Bici"" fueron denunciados por habitantes de Guadalajara. En los alrededores de la Universidad de Guadalajara, concretamente en los paradores que se ubican en la cercanía de la Rectoría de la casa de estudios y el Cine del Estudiante, constantemente se aprecia por parte de los usuarios daños a las bicicletas públicas, según se denunció.
""Es que el problema es que a veces las rayan, luego cerraban las cosas, y eso está mal porque es para el beneficio de todos, es un sistema muy útil para que nos podamos desplazar y yo creo que las personas deberían de ser más cuidadosas"", dijo David Rosas, un usuario de ""Mi Bici"".
""Creo que deberían de estar muy al pendiente los de la policía para arrestar a la gente que le hacen daños a este tipo de cosas, porque está muy mal, la gente está dañando el patrimonio que es de todos, yo lo uso desde hace varios años y es muy útil y muy práctico andar en transporte público y luego usar la bicicleta"", agregó.
Fabiola Pérez, otra de las entrevistadas, indicó: ""A veces si veo que hay quienes rayan las bicicletas o que incluso rompen los asientos, está mal porque luego cuando las quieres usar pues es incómodo y además se ven muy mal, sí deberían de poner más cuidado en eso"".
En diferentes partes de la ciudad, existen paradores de este sistema de bicicleta pública, pero es en la zona centro, de acuerdo con algunos de los entrevistados, es donde se presenta la mayor problemática por actos de vandalismo en contra de las bicicletas y de los paradores."
91,Quiero TV,04-30-26,MiBici: Llegan nuevas unidades eléctricas a GDL,trafilatura,trafilatura,2378,1.97,https://quierotv.mx/2026/04/30/mibici-llegan-nuevas-unidades-electricas-a-gdl,,"El Imeplan recibió la donación de 34 bicicletas eléctricas por parte de la Unión Europea y una fundación internacional
Estas unidades se destinan al arranque de la prueba piloto del esquema MiBici+, diseñado para extender el servicio de bicicletas públicas y mejorar las opciones de movilidad en la zona metropolitana.
Compartir:
El Instituto de Planeación y Gestión del Desarrollo del Área Metropolitana de Guadalajara (Imeplan) recibió formalmente una donación de 34 bicicletas eléctricas provenientes de la Unión Europea y la Fundación Internacional y para Iberoamérica de Administración y Políticas Públicas.
La flota incorpora diferentes tipos de vehículos adaptados a diversas necesidades urbanas. Incluye 15 bicicletas eléctricas equipadas con cambios de velocidad y una autonomía superior a los 100 kilómetros por carga. Se suman otras 15 bicicletas eléctricas convencionales con autonomía de hasta 56 kilómetros.
Además, forman parte del lote cuatro bicicletas de carga orientadas a la movilidad de cuidados, que ofrecen 72 kilómetros de autonomía y capacidad para transportar hasta dos sillas porta infantes. Todas las unidades cuentan con sistemas de GPS integrados con batería independiente que permiten su localización y resguardo en todo momento.
MiBici+ funcionará con un modelo sin anclaje y bajo un sistema de renta a largo plazo que abarca periodos de uno a seis meses. Esta modalidad busca llevar alternativas de transporte sustentable a zonas del área metropolitana que actualmente no cuentan con cobertura del sistema público tradicional de bicicletas. De acuerdo con información del Imeplan, el proyecto representa una apuesta por una movilidad más equitativa, segura y accesible, con el fin de reducir la dependencia del vehículo particular y fomentar la inclusión de los ciudadanos en el entorno urbano.
El esquema sigue experiencias exitosas a nivel internacional, como las implementadas en ciudades como París, donde programas similares han fortalecido la conectividad de última milla. MiBici+ forma parte del Plan Maestro del Sistema de Bicicleta Pública, presentado a finales de 2025, que contempla la expansión y electrificación progresiva de la flota metropolitana durante los años 2030 y 2040.
La Agencia Metropolitana de Infraestructura para la Movilidad (AMIM) será responsable del resguardo y el acompañamiento técnico durante esta fase piloto."
92,Gaceta,04-30-26,Pedaleando ando en la tercera edición de la Rodada CUValles,trafilatura,trafilatura,3807,1.8,https://www.gaceta.udg.mx/pedaleando-ando-en-la-tercera-edicion-de-la-rodada-cuvalles/,,"Más allá del ejercicio, esta iniciativa construye comunidad, fortalece la convivencia y genera un sentido de pertenencia que trasciende las aulas
- CORRESPONSAL GACETA UDEG
- Greta Ortiz
- abril 29, 2026
La bicicleta amarilla llegó a mi vida en el verano de 2023. Desde entonces, pedalear se volvió parte de mi vida. En noviembre del año pasado me propuse un reto: ir a la universidad en bicicleta. La motivación llegó con JuanRo, estudiante de Ingeniería en Instrumentación y Nanosensores, del Centro Universitario de los Valles, quien recorre 10 km todos los días para llegar a la escuela.
Acompañarlo significó pasar de rodar 5 km a lo doble, una marca personal que, más que cansancio, me dejó con ganas de repetirlo. Así que cuando, un domingo por la noche, una amiga me envió la convocatoria para participar en la Rodada CUValles, en su tercera edición, no lo dudé y me inscribí.
La rodada surge con el objetivo de mover a la comunidad. En el marco del Día Mundial de la Actividad Física, es organizada por el área de Formación Integral y el Área de Deportes de la Coordinación de Servicios Académicos. En palabras de la coordinadora de esta dependencia, Alejandra Venegas, el proyecto nació para incentivar que la comunidad universitaria se mantenga activa, participe en actividades recreativas masivas y se apropie del espacio. Además, destacó que el CUValles es el primer centro de la Red Universitaria en organizar rodadas de esta naturaleza.
Por su parte, Luis Alfonso Barboza, responsable del Área de Deportes, señaló que el centro universitario facilita bicicletas a quienes no cuentan con una, con el fin de que nadie se quede fuera. También explicó que la ruta fue diseñada por Juan Alonso Estrada, del laboratorio de servicios turísticos, en conjunto con el profesor José Luis Curiel, referente del ciclismo en Ameca.
El ""profe Luis"", egresado de la Licenciatura en Turismo de CUValles, lidera el grupo ciclista ""La Katafixia"" y ha dedicado gran parte de su vida al ciclismo de montaña. Desde la primera edición, ha colaborado como guía y en el diseño del recorrido, el cual se integra al proyecto Vías verdes, iniciativa de recuperación de rutas ferroviarias en desuso y el transporte no motorizado que recorre más de 80 km, tocando municipios desde Ameca hasta Teuchitlán.
La ruta abarca 17 km: inicia en la Antigua Estación de Ferrocarril de Ameca, recorre el sendero Vías verdes hasta la comunidad de San Antonio Matute, donde se realiza una pausa para reagruparse e hidratarse, y continúa por caminos entre cañaverales hasta llegar al Centro Universitario de los Valles. El trayecto, de aproximadamente una hora, transcurre entre risas, compañerismo y entusiasmo.
El evento, alineado con la misión universitaria de promover el bienestar, está abierto al público en general. En esta edición participaron estudiantes de distintas instituciones, como las secundarias Francisco Villa de Los Pocitos y la número 50 de Ameca, el CETIS 63, la Preparatoria Regional de Ameca y el propio CUValles.
Para Juan Carlos Salazar, alumno del CETIS 63 y participante por segunda ocasión, la experiencia destaca por su organización y seguridad: ""Nos van cuidando y vamos acompañados de amigos y conocidos; es una experiencia muy bonita"". En cambio, para Alex Daniel, estudiante de la Secundaria 50, fue su primera vez: agradece estos espacios, especialmente por la oportunidad de disfrutar el paisaje rural y los canales de riego.
Un día antes de la rodada había llovido. Quizá por eso, mi momento favorito fue ver a los participantes mojarse, reír y apropiarse del camino. Más allá del ejercicio, la rodada construye comunidad, fortalece la convivencia y genera un sentido de pertenencia que trasciende las aulas, incluso para quienes aún no forman parte de la universidad.
MÁS NOTAS
				 Post Views: 625"
94,El Occidental,04-26-26,"Sin campaña preventiva ante el calor, familias recorren la VíaRecreativa con temperaturas de hasta 34 grados",trafilatura,trafilatura,274,0.38,https://oem.com.mx/eloccidental/local/sin-campana-preventiva-ante-el-calor-familias-recorren-la-viarecreativa-con-temperaturas-de-hasta-34-grados-29683085,,"Sin campaña preventiva ante el calor, familias recorren la VíaRecreativa con temperaturas de hasta 34 grados
El Parque Revolución concentra la afluencia; hay poca sombra y jardineras secas, mientras no se observan acciones preventivas de autoridades municipales ni estatales"
95,NTR Guadalajara,04-25-26,Realizan segunda rodada por fallecimientos de ciclistas,trafilatura,trafilatura,2395,0.29,https://www.ntrguadalajara.com/post.php?id_nota=243901,,"Convocada por el colectivo Bicicleta Blanca, una segunda rodada de protesta reunió a alrededor de 60 ciclistas al arranque, cifra que aumentó durante el trayecto en Guadalajara, donde los participantes exigieron a los gobiernos estatal y municipales acciones concretas en materia de movilidad ciclista, seguridad vial y reducción de riesgos en calles y avenidas ante los fallecimientos registrados este año.
El contingente de ciclistas se reunió en el andador Palestina Libre, en el cruce de avenida Vallarta y Escorza, a las 6 de la tarde para dar inicio al recorrido, el cual se extendió por avenidas como Vallarta, Chapultepec y López Mateos, así como la zona de Plaza del Sol, entre otras.
A través de un posicionamiento, el colectivo indicó que la protesta buscó exigir justicia por las cinco personas ciclistas fallecidas en lo que va de 2026 en Jalisco. Asimismo, señaló que durante la actual administración estatal encabezada por Pablo Lemus han muerto 13 ciclistas, de acuerdo con sus registros.
El colectivo advirtió que estos hechos reflejan la urgencia de replantear el modelo de movilidad urbana, ya que la falta de infraestructura adecuada y el exceso de velocidad en vialidades siguen siendo factores de riesgo constantes.
En ese sentido, los manifestantes exigieron a los gobiernos estatal y municipales asumir su responsabilidad para garantizar el derecho a una movilidad segura, accesible, eficiente y sustentable en la que se priorice a peatones y ciclistas en la planeación urbana.
Asimismo, rechazaron los discursos que descalifican el uso de la bicicleta y defendieron el derecho de las personas ciclistas a ocupar el espacio público en condiciones de igualdad.
Por otro lado, expresaron su respaldo a la expansión del sistema de bicicleta pública MiBici hacia nuevas zonas de la ciudad y la construcción de ciclovías con criterios adecuados de seguridad, como el proyecto en avenida Río Blanco, en Zapopan.
Los organizadores señalaron que continuarán realizando movilizaciones de este tipo de manera periódica con el objetivo de mantener el tema en la agenda pública y presionar por cambios en las políticas de movilidad que permitan reducir los riesgos viales.
Finalmente, Bicicleta Blanca reiteró su llamado a construir una ciudad donde moverse en bicicleta no implique un riesgo para la vida, sino una alternativa segura, sustentable y accesible para la población.
jl/I"
97,UDGTV,04-21-26,Aprueban que funcionarios de Imeplan expliquen ante diputados el plan de crecimiento de Mi Bici,trafilatura,trafilatura,1843,0.37,https://udgtv.com/noticias/comision-gestion-metropolitana-llama-a-comparecer-amim/313263,,"Guadalajara, Jalisco.
En forma unánime, las tres diputadas que integran la Comisión de Gestión Metropolitana del Congreso, aprobaron llamar a comparecer al director de la Agencia Metropolitana de Infraestructura para la Movilidad del Área Metropolitana (AMIM), Antonio Martín del Campo Sáenz, así como a la directora del Movilidad del Instituto Metropolitano de Planeación (Imeplan), Valeria Huérfano Lezama.
Comisión Gestión Metropolitana llama a comparecer AMIM e Imeplan
El objetivo de la mesa de trabajo es que ambos funcionarios expliquen el estado actual en que se encuentra el programa Mi Bici y los planes de crecimiento de esta iniciativa que nació en 2014 y que hoy opera con más de cuatro mil bicicletas y cuenta más de 170 estaciones en Guadalajara, Zapopan y Tlaquepaque.
La presidenta de la Comisión de Gestión Metropolitana, Alondra Fausto de León, presidió la sesión telemática en la que se aprobó la invitación a los funcionarios estatales.
Planes de crecimiento y quejas sobre Mi Bici
Mi Bici tiene planes de crecimiento al 2030, en los que prevé incluir bicis eléctricas y duplicar la cantidad de bicicletas. Sin embargo, también hay quejas sobre fallas en el servicio.
La Comisión también solicitará la presencia de los titulares de la delegación Jalisco de la Procuraduría Federal de Protección al Ambiente (Profepa) y de la Secretaría de Medio Ambiente y Recursos Naturales (Semarnat), para que expliquen las acciones que realizan vinculadas al tema del manejo de la basura.
- Te podría interesar:
- Aprueban que funcionarios de Imeplan expliquen ante diputados el plan de crecimiento de Mi Bici- 21 abril, 2026
- Exigen colectivos ambientales al Congreso cambiar el modelo para separar la basura- 20 abril, 2026
- Morena y PT apoyan petición para que Verónica Delgadillo se someta a revocación de mandato- 20 abril, 2026"
98,Mural,04-20-26,Urgen intervenir ciclovías de la ZMG,trafilatura,trafilatura,416,0.81,https://www.mural.com.mx/urgen-intervenir-ciclovias-de-la-zmg/ar3189446?v=2,,"COMUNIDAD
02 MIN 30 SEG
Adán Padilla
Guadalajara, México (20 abril 2026) .-05:00 hrs
Mientras el Gobierno de Jalisco avanza en la expansión del sistema público de MiBici, ciclistas advierten que persisten rezagos en la infraestructura existente de la red de ciclovías, particularmente las que registran mayor afluencia en la Ciudad, donde consideran urgente mejorar las condiciones para garantizar trayectos seguros."
101,El Occidental,04-17-26,Rehabilitarán más de 20 ciclovías antes de que concluya el primer semestre,trafilatura,trafilatura,687,0.41,https://oem.com.mx/eloccidental/local/rehabilitaran-mas-de-20-ciclovias-antes-de-que-concluya-el-primer-semestre-29541008,,"El ejercicio se realizará el viernes 18 de septiembre en toda la Red Universitaria; simulará un sismo de magnitud 7.7 con epicentro en Tehuacán, Puebla
El titular del SIAPA, Ismael Jáuregui reconoció la importancia del sector hotelero para la economía del estado al realizar inversiones y crear fuentes de empleo
El presidente de la AMHM, detalló que ellos tiene que pagar los servicios con tarifas comerciales y los inmuebles colocados en las plataformas tienen tarifas domésticas que son mucho más baratas
La víctima fue una mujer de 66 años, residente de Cocula; durante la última semana se sumaron 10 casos, por lo que Jalisco alcanzó un acumulado de 163 personas enfermas de dengue."
102,Mural,04-17-26,Avalan vecinos más ciclopuertos para Mi Bici,trafilatura,trafilatura,698,0.78,https://www.mural.com.mx/avalan-vecinos-mas-ciclopuertos-para-mi-bici/ar3188101,,"Avalan vecinos más ciclopuertos para Mi Bici
02 MIN 00 SEG
Adán Padilla Cárdenas
Guadalajara, México (17 abril 2026) .-05:00 hrs
Proyectan que para el 2030, Mi Bici cuente con 800 estaciones y 8 mil 650 bicicletas. Crédito: Ángel Llamas
Buscan expansión a colonias como Oblatos, San Felipe, La Penal y San Andrés, con enlace a la Línea 2 del Tren Ligero. Crédito: Ángel Llamas
De los 100 nuevos ciclopuertos que se instalarán en 2026 en la Zona Metropolitana de Guadalajara, como parte de la expansión del programa Mi Bici, más del 70 por ciento ya cuenta con validación vecinal, aseguró el director de la Agencia Metropolitana para la Infraestructura de Movilidad (AMIM), Antonio Martín del Campo."
103,El Informador,04-16-26,"Guadalajara, entre las mejores ciudades de América Latina para andar en bici",trafilatura,trafilatura,3446,0.47,https://www.informador.mx/jalisco/guadalajara-entre-las-mejores-ciudades-de-america-latina-para-andar-en-bici-20260416-0074.html,,"Guadalajara, entre las mejores ciudades de América Latina para andar en bici
El índice Copenhagenize, evalúa el progreso de las ciudades de todo el mundo para que el uso de la bicicleta sea seguro, práctico y se convierta en una opción habitual
Guadalajara se posicionó en el puesto número 73 de las mejores ciudades del mundo para andar en bicicleta en la edición de este 2025, en donde se analizaron 100 ciudades de 44 países. EL INFORMADOR/ A. Navarro
Guadalajara se posicionó entre las cinco mejores ciudades de América Latina para andar en bicicleta según el índice Copenhagenize, que es una iniciativa de EIT Urban Mobility, en la cual se evalúa el progreso de las ciudades de todo el mundo para que el uso de la bicicleta sea seguro, práctico y se convierta en una opción habitual.
Te recomendamos: Siapa anuncia corte de agua en esta colonia de GDL a partir de hoy
En el informe ""The Global Ranking of Bicycle-Friendly Cities"" de 2025, la Perla Tapatía se llevó el cuarto lugar en el ranking de las mejores ciudades para hacer uso de la bicicleta en América Latina, solo por encima de Fortaleza, Brasil, en el tercer lugar, Bogotá en Colombia, que se posicionó en el segundo puesto y Niteroi, también de Brasil, la cual lideró el conteo.
Mientras que Guadalajara le ganó a la ciudad de Buenos Aires en Argentina, la cual terminó en el puesto número cinco.
De acuerdo con el informe ""entre las 100 ciudades evaluadas, surgen patrones regionales claros, determinados por diferencias en la gobernanza, las prioridades de inversión, la forma urbana y la actitud cultural hacia el uso de la bicicleta.
Estos factores crean trayectorias distintas, con algunas regiones que se aceleran rápidamente mientras que otras se enfrentan a limitaciones estructurales más profundas. La clasificación regional describe estas dinámicas y destaca los patrones globales que dan forma al desarrollo del uso de la bicicleta en la actualidad""
Es decir que Guadalajara cumple con dichos patrones de prioridades de inversión de otras formas de transporte como es el uso de la bicicleta y el fomento cultural que se la da a la misma, lo que reafirma su posición dentro del ranking.
Lee también: El ""crème brûlée"" tapatío y otros dulces que debes probar si visitas Guadalajara en el Mundial 2026
Guadalajara entre las mejores 100 ciudades del mundo para andar en bicicleta
Por su parte, Guadalajara se posicionó en el puesto número 73 de las mejores ciudades del mundo para andar en bicicleta en la edición de este 2025, en donde se analizaron 100 ciudades de 44 países.
Las conclusiones del índice Copenhagenize reflejan que el uso de la bicicleta es cada vez más importante entre las estrategias de movilidad urbana.
Dicho índice se basa en 13 indicadores agrupados en tres pilares: infraestructura segura y conectada, uso y alcance, políticas y apoyo.
Cabe destacar que en Guadalajara se cuenta con el Sistema de Bicicletas Públicas del írea Metropolitana de Guadalajara (MiBici) con el que las personas pueden moverse de forma libre y ecológica por la ciudad; perfecto para que habitantes y turistas recorran distancias cortas y complementen con otros sistemas de transporte de Mi Movilidad.
* * * Mantente al día con las noticias, únete a nuestro canal de WhatsApp * * *
NA
Recibe las últimas noticias en tu e-mail
Todo lo que necesitas saber para comenzar tu día
Registrarse implica aceptar los Términos y Condiciones"
105,El Informador,12-04-26,Vecinos definirán puertos de Mi Bici,trafilatura,trafilatura,6226,0.28,https://www.informador.mx/jalisco/mi-bici-vecinos-definiran-puertos-del-sistema-en-la-estancia-20260412-0030.html,,"Vecinos definirán puertos de Mi Bici
Colonos de La Estancia rechazan la instalación de estaciones frente a sus viviendas. Autoridades abrirán diálogo para concretar ubicaciones
En la Estancia se contempla la construcción de 11 estaciones de Mi Bici. EL INFORMADOR/Archivo
Residentes de La Estancia, en Zapopan, participarán en la definición de los puntos donde podrían instalarse nuevas estaciones del sistema de bicicletas públicas Mi Bici, como parte de su estrategia de expansión. Actualmente, sobre la calle Franz Schubert se identifican al menos tres ubicaciones proyectadas; sin embargo, se encuentran frente a cocheras y accesos a viviendas, lo que ha generado el rechazo de habitantes.
Ante esta situación, la Agencia Metropolitana de Infraestructura para la Movilidad (AMIM) se comprometió a revisar el planteamiento original y explorar alternativas para la reubicación de los ciclopuertos. Incluso, no se descarta que algunas estaciones puedan trasladarse a otros puntos fuera de la colonia, como el Parque Metropolitano u otras áreas con mejores condiciones de operación.
En total, se contempla la construcción de 11 estaciones en La Estancia. No obstante, vecinos han cuestionado que, en la propuesta inicial, varias de estas se ubican en banquetas o frente a cocheras, lo que consideran una ""planeación de escritorio"" que no tomó en cuenta las condiciones reales del entorno urbano.
Durante un recorrido realizado por este medio, se constató que algunos de los puntos proyectados podrían interferir con las entradas y salidas de casas. También expresaron su preocupación por posibles afectaciones a la seguridad, al considerar que la llegada de usuarios ajenos a la colonia modificaría la dinámica del entorno. Rafael Domínguez, vecino del lugar, cuestionó la efectividad del sistema para mejorar la movilidad. ""El tráfico es tremendo"".
Criticó la falta de comunicación previa por parte de las autoridades sobre el plan de expansión y las ubicaciones proyectadas.
Ante la inconformidad vecinal, personal de la AMIM y del Gobierno de Zapopan acordaron realizar una mesa de diálogo el próximo sábado 18 de abril a las 18:00 horas. En este encuentro se presentarán los detalles de la ampliación del programa, las ubicaciones propuestas y los beneficios del sistema, con el objetivo de construir acuerdos con la comunidad.
El director de Movilidad Activa, Alonso Hernández, informó que se lleva a cabo la última fase del proceso de socialización, que incluye visitas casa por casa en las zonas donde se proyecta instalar los ciclopuertos. Subrayó que, conforme a los lineamientos técnicos, las estaciones no deben colocarse frente a las cocheras ni obstruir rampas, mobiliario urbano o accesos.
Detalló que cada estación debe ubicarse, a una distancia mínima de nueve metros en calles con vueltas a la derecha, así como evitar muros ciegos o terrenos baldíos. Además, se contempla la incorporación de una perspectiva de género.
Hernández enfatizó que la planeación es flexible y puede modificarse en función del diálogo con los vecinos. ""Vamos a trabajar en conjunto para definir cuántas estaciones se instalarían finalmente y en qué puntos específicos. Incluso, si se determina que no es viable colocar ninguna en la colonia, también estamos abiertos a esa posibilidad"", afirmó.
Por su parte, especialistas en movilidad urbana advierten que la expansión de sistemas como Mi Bici debe sustentarse en diagnósticos integrales que consideren tanto la infraestructura existente como las necesidades. Subrayan la importancia de garantizar la conectividad mediante ciclovías, a fin de potenciar el uso de la bicicleta como alternativa real de movilidad y no generar conflictos con otros modos de transporte.
PARA SABER
AMIM apuesta por la expansión de Mi Bici con miras a 2030
- La ampliación del sistema de Mi Bici en el írea Metropolitana de Guadalajara (AMG) contempla la modernización de las bicicletas y la expansión territorial hacia zonas que son reconocidas como prioritarias, como el oriente de la ciudad. El proyecto contempla la incorporación de unidades eléctricas, más estaciones y una mayor cobertura, con miras a consolidar una red integral con el transporte público hacia 2030.
- De acuerdo con la Agencia Metropolitana de Infraestructura para la Movilidad (AMIM), el plan de crecimiento incluye la llegada de 960 bicicletas eléctricas y la instalación de 100 nuevas estaciones, lo que representa la mayor expansión del sistema desde su creación en 2014. En la primera etapa, se espera pasar de 60 a 115 kilómetros cuadrados de cobertura; la meta es llegar a 215 kilómetros cuadrados en 2040.
- A la fecha, el sistema suma más de 36 millones de viajes acumulados y alrededor de 205 mil usuarios registrados, con un promedio de 12 mil trayectos diarios. Con la incorporación de nuevas tecnologías, bicicletas y estaciones se espera aumentar tanto el número de usuarios como la frecuencia de uso, con una estimación de crecimiento del 60 por ciento en viajes diarios.
- AMIM resalta que uno de los principales beneficios de la ampliación es la reducción en los tiempos de traslado. Las bicicletas eléctricas permitirán recorrer mayores distancias en menos tiempo, con lo que crecerá el alcance del sistema hacia zonas que son menos accesibles. Además, se busca atraer nuevos perfiles de usuarios, como personas que no consideran a la bicicleta como un medio de transporte.
- Para 2030, se proyecta que el sistema alcance más de 8 mil 600 bicicletas y cerca de 800 estaciones, duplicando su infraestructura actual. Este crecimiento estará acompañado de una ampliación de cobertura en distintos municipios del área metropolitana y se integrará a la red de transporte masivo.
- Autoridades estatales afirman que esta inversión forma parte de una política integral de movilidad que prioriza alternativas sustentables, como el uso de la bicicleta y la reducción de emisiones contaminantes. En ese sentido, Mi Bici espera complementar otros sistemas, como el Tren Ligero y el Macrobús.
Recibe las últimas noticias en tu e-mail
Todo lo que necesitas saber para comenzar tu día
Registrarse implica aceptar los Términos y Condiciones"
106,NTR Guadalajara,10-04-26,MiBici ampliará tiempo de uso este fin,trafilatura,trafilatura,1083,0.3,https://www.ntrguadalajara.com/post.php?id_nota=243240,,"Para facilitar la movilidad recreativa en la ciudad con trayectos más largos y sin costo adicional durante el fin de semana de Semana de Pascua, el sistema MiBici replicará la ampliación a 45 minutos para cada viaje del viernes 10 al domingo 12 de abril.
La medida, que se aplicará durante el fin de Semana de Pascua, responde a la respuesta positiva de las y los usuarios durante Semana Santa, dado que del jueves 2 al domingo 5 de abril se registraron 32 mil 217 viajes, lo que reflejó una demanda importante del sistema.
Con esta medida la Agencia Metropolitana de Infraestructura para la Movilidad (AMIM) busca promover el uso de la bicicleta como una alternativa accesible, saludable y sustentable para recorrer el Área Metropolitana de Guadalajara.
Actualmente MiBici cuenta con más de 22 mil usuarios activos y una red de 370 estaciones automatizadas, disponibles todos los días del año en un horario de 5 a 00:59 horas.
El sistema ofrece suscripciones anuales y suscripciones temporales de uno, tres o siete días, lo que facilita su uso tanto para residentes y visitantes.
NH"
107,El Informador,07-04-26,Vecinos de La Estancia rechazan construcción de estaciones de MiBici,trafilatura,trafilatura,6135,0.37,https://www.informador.mx/jalisco/vecinos-de-la-estancia-rechazan-construccion-de-estaciones-de-mi-bici-buscaran-alternativas-con-amim-20260407-0113.html,,"Vecinos de La Estancia rechazan construcción de estaciones de MiBici
La AMIM se mostró dispuesta a socializar la ubicación de las estaciones e incluso abrió la posibilidad de que no se construyera ninguna
Se llevó a cabo un ejercicio de socialización y diálogo entre vecinos, Movilidad y el Gobierno de Zapopan para explicar la ampliación del programa de MiBici y escuchar las demandas. EL INFORMADOR / J. Acosta
Vecinos de la colonia La Estancia en Zapopan rechazan la construcción de 11 estaciones del sistema de MiBici en sus calles y espacios públicos, y en su lugar piden que se instalen en el Parque Metropolitano o en otros sitios. La Agencia Metropolitana de Infraestructura para la Movilidad (AMIM) se comprometió a buscar alternativas para colocar los ciclopuertos y no descarta llevarlos a otros puntos, fuera de la colonia.
Esta mañana se llevó a cabo un ejercicio de socialización y diálogo entre los vecinos, el director de Movilidad activa de la Agencia, Alonso Hernández, y personal de la dependencia y del Gobierno de Zapopan para explicar la ampliación del programa de MiBici y escuchar las demandas. En el planteamiento original, las estaciones están proyectadas para construirse frente a cocheras y en banquetas. Aunque se trata de una primera etapa ""en la que se delimitaron los puntos que podrían ser viables para la instalación, vecinos calificaron como ""una planeación de escritorio"" la proyección de ciclopuertos, pues no se tomaron en cuenta los espacios donde se ubicarían.
También acusaron que las estaciones les quitarían espacios de estacionamiento debido a la cantidad de negocios en la zona "" y que ocupan lugares para dejar los automóviles incluso encima de la banqueta y frente a cocheras"", así como que generaría mayor congestionamiento vehicular e inseguridad, pues personas ajenas a la colonia llegarían a esta a través del sistema de transporte público.
Lee: Nacional Monte de Piedad llega al límite para acabar con huelga de trabajadores
En un recorrido realizado por este EL INFORMADOR, se constató que los puntos proyectados se encuentran frente a cocheras y espacios de viviendas. Sobre la calle Franz Schubert hay al menos tres espacios donde se contempla instalar ciclopuertos frente a la entrada de casas. Rafael Domínguez, vecino de la colonia, señaló que las bicicletas no ayudarán a agilizar el tránsito vehicular; por el contrario, expresó, ""habrá más caos"".
""El tráfico es tremendo. Las bicis no van a ayudar porque el tráfico que pasa por nuestra colonia no es local, en su mayoría. Es una colonia de paso porque cuenta con muchos comercios y muchas avenidas. Si ellos meten bici, a nosotros nos va a afectar porque nos van a quitar áreas de estacionamiento, luego van a meter ciclovías [""¦]. Quieren ponerlas (estaciones) sobre las calles, estorbando el tráfico, que de por sí ya es pesado, y robándole el lugar a los habitantes de la colonia"", dijo.
También criticó que AMIM no comunicó el plan de expansión ni los puntos proyectados al resto de la colonia. ""Casi todo mundo tiene carro. Es una colonia de gente ya grande; los chavos que hay incluso tienen carro. Los que no tienen, tienen bici, bici eléctrica, motocicletas. Para los habitantes de aquí no nos beneficia. Realmente nos va a perjudicar"".
Te puede interesar: Activan bandera morada en cuatro playas de Puerto Vallarta hoy 6 de abril
Acuerdan mesa vecinal para buscar alternativas
Como parte de los acuerdos de esta jornada de diálogo, se acordó llevar a cabo una junta con vecinos, personal de AMIM y del Gobierno de Zapopan para explicar la ampliación del programa y los beneficios de MiBici. La reunión se programó para el sábado 18 de abril a las 18:00 horas.
El director de Movilidad Activa de AMIM puntualizó que se realiza el último proceso de socialización, que consiste en visitas casa por casa donde se proyecta instalar los ciclopuertos. Descartó que estas serán construidas frente a cocheras.
Explicó las especificaciones con las que debe contar cada estación: deben ubicarse a por lo menos nueve metros en calles donde hay vuelta a la derecha, que no obstruya cocheras, rampas y mobiliario urbano y no ponerla en muros ciegos y terrenos baldíos. Además, como parte de la estrategia de expansión del sistema, se contemplan ciclopuertos con perspectiva de género, es decir, que cuenten con iluminación y que esté en las esquinas, así como que esté cercano a vialidades con transporte masivo como rutas de camión, estación de Macrobús o del Tren Ligero.
""Están planteadas 11 estaciones. Justo vamos a trabajar en la mesa vecinal con los vecinos de aquí de La Estancia para definir en qué puntos van a estar, cuántas quedarían de esas 11 y en qué puntos estarían [""¦]. Totalmente (se puede modificar la planeación y no instalar ninguna estación en la colonia). Estamos abiertos a esta plática con los vecinos"", comentó.
También lee: Iraníes forman cadenas humanas en los blancos amenazados por Trump
""Entendemos también sus inconformidades. Sabemos que hay algunos temas que a lo mejor no dependen de nosotros, pero específicamente con la ubicación de las estaciones estamos totalmente abiertos a platicarlo con ellos, a sensibilizarlo. Si no es viable instalar ninguna, también estamos de acuerdo"", añadió.
Anotó que, luego de la primera fase en la que se hace un vaciado de puntos viables, un equipo técnico verifica la posibilidad de construir los ciclopuertos y luego se realiza la socialización. Enfatizó que la instalación siempre se lleva a cabo con el acuerdo de vecinos.
""Invitar a todos los vecinos donde vamos a tener la expansión a que se metan a nuestras redes sociales, que vean dónde vamos a crecer, que se acerquen para poder hacerlo en conjunto. El principal punto que tenemos de nuestro administrador general es poder crecer en compañía de todos los ciudadanos"", concluyó.
* * * Mantente al día con las noticias, únete a nuestro canal de Whatsapp * * *
OB
Recibe las últimas noticias en tu e-mail
Todo lo que necesitas saber para comenzar tu día
Registrarse implica aceptar los Términos y Condiciones"
108,El Informador,07-04-26,Estaciones de Mi Bici deben tener enfoque social y de socialización: especialistas,trafilatura,trafilatura,3529,0.35,https://www.informador.mx/jalisco/mi-bici-estaciones-deben-tener-enfoque-social-de-seguridad-y-trabajo-de-socializacion-segun-especialistas-20260407-0128.html,,"Estaciones de Mi Bici deben tener enfoque social y de socialización: especialistas
Según expertos, los ciclopuertos de Mi Bici deben conectar con el resto del transporte público de Guadalajara a fin de construir una red integrada
""Una buena planeación"" debe incluir un análisis del espacio donde se construirán ciclopuertos de Mi Bici, apuntan los expertos. EL INFORMADOR/ARCHIVO
Con el programa de expansión del sistema de Mi Bici que hizo la Agencia Metropolitana de Infraestructura para la Movilidad (AMIM), especialistas en movilidad señalaron que la instalación de nuevos ciclopuertos en colonias donde no existen debe ir acompañado de un enfoque social, de seguridad y con un trabajo de socialización con vecinos.
Yeriel Salcedo Torres, académico del ITESO, indicó que ""una buena planeación"" debe incluir un análisis del espacio donde se construirán ciclopuertos. No considera como un aspecto negativo instalar las estaciones en espacios de estacionamiento de vehículos, pero debe ir acompañado con un trabajo de socialización.
También pidió que la AMIM comparta la planeación y el programa de expansión del sistema a los colectivos de movilidad de la ciudad y al Observatorio Ciudadano de Movilidad y Transporte Público del Estado de Jalisco.
""Sí se debe hacer una socialización con la gente para que pueda dar su opinión. A lo mejor puede ser no en esa esquina, sino en contraesquina. Estos detalles más finos se pueden trabajar cuando se determine que en una cuadra tiene que ir una estación, con el trabajo de socialización y plática con los vecinos y vecinas para quede en mejor lugar. Sin invadir espacios, sin obstruir entradas a cochera"", dijo.
En cuanto a seguridad, el especialista recordó que algunos de los últimos ciclopuertos instalados se encuentran en zonas donde usuarias fueron víctimas de agresiones. Enfatizó en emplear una metodología con perspectiva de género para reforzar la seguridad de las estaciones.
Lee: ¿Superpeso continúa? Así cotiza frente al dólar la mañana de este 7 de abril
Los ciclopuertos debe ser parte de la red de transporte público
Por su parte, Luis Nazario Ramírez Ortega, académico de la Universidad de Guadalajara, mencionó que la planeación debe incluir los orígenes""destino, es decir, los puntos de salida y de llegada de los usuarios de Mi Bici.
Además, los ciclopuertos deben conectar con el resto del transporte público de la ciudad a fin de construir una red integrada.
Ramírez Ortega coincide en la necesidad de llevar a cabo la socialización. ""No es nada más avisarle a la gente que va a haber una estación, sino que tiene que ser un proceso colaborativo con los ciudadanos para decirles que en esta esquina, por poner un ejemplo, está contemplado poner una estación de Mi Bici.
Físicamente el que va y socializa tiene que hacer consulta con los ciudadanos y ponerse de acuerdo sobre cuál es la mejor esquina o el mejor punto para colocarla"".
También deben considerarse luminarias junto a las estaciones, pues mujeres, niñas y niños y adultos mayores pueden sufrir alguna situación de inseguridad, anotó. ""En los mejores de los casos se logra el consenso y se pone sobre un espacio público, o algún parque cercano u otro espacio disponible. Pero si tiene que ser socializado de esa manera"".
*Mantente al día con las noticias, únete a nuestro canal de WhatsApp.
AO
 
Recibe las últimas noticias en tu e-mail
Todo lo que necesitas saber para comenzar tu día
Registrarse implica aceptar los Términos y Condiciones"
109,Azteca jalisco,06-04-26,¡Un foco de infección! Ciclovía de avenida 8 de Julio completamente abandonada,trafilatura,trafilatura,501,1.25,https://www.aztecajalisco.com/local/abandonan-ciclovia-avenida-8-julio-denuncian-foco-infeccion/?_amp=true,,"La ciclovía que se encuentra sobre avenida 8 de Julio y la calle Francisco Villa, en Guadalajara, se encuentra completamente abandonada y llena de lodo.
El olor en la ciclovía es bastante nauseabundo y genera un foco de infección; además los árboles que se encuentran en el camellón fueron podados, por lo que el llamado es a que las autoridades remodelen la zona.
Video con información de Antonio Sánchez
Te puede interesar: TREMENDO choque y volcadura se registra HOY en Gómez Farías, en Guadalajara"
110,El Occidental,02-04-26,Guadalajara celebrará a niñas y niños con una noche familiar en la Vía Recreativa,trafilatura,trafilatura,290,0.31,https://oem.com.mx/eloccidental/local/guadalajara-celebrara-a-ninas-y-ninos-con-una-noche-familiar-en-la-via-recreativa-29310251,,"Localviernes, 3 de abril de 2026
Este sábado, el Centro Histórico será escenario de música, cine y deporte dentro de una edición especial de ""Bien de Noche""
LOCAL
Le encontraron el dispositivo oculto entre sus prendas de vestir
Estiman que al centro de Guadalajara asistirán 92 mil personas"
111,NTR Guadalajara,03-31-26,Ciclistas piden retomar agenda de movilidad segura en ZMG,trafilatura,trafilatura,2683,0.21,https://www.ntrguadalajara.com/post.php?id_nota=242758,,"La construcción de infraestructura ciclista y la implementación de políticas efectivas de control de velocidad vehicular son las principales exigencias de colectivos ciclistas en la Zona Metropolitana de Guadalajara (ZMG), más en un contexto donde, de acuerdo con sus registros, al menos 17 personas que se trasladaban en bicicleta han fallecido durante la actual administración estatal y cuatro en lo que va de este año.
Estas demandas fueron visibilizadas a través de una rodada de protesta realizada en vialidades principales de la ciudad cuyo fin fue llamar la atención de las autoridades ante lo que consideran un abandono de la agenda de movilidad ciclista.
De acuerdo con Sergio Baldit, integrante del colectivo Bicicleta Blanca, la movilización representó una exigencia directa al estado y a los gobiernos municipales para retomar de manera integral la agenda de movilidad ciclista y priorizar la seguridad vial.
Señaló que en administraciones anteriores existía una inercia, aunque lenta, en la implementación de acciones como la expansión de ciclovías y la gestión de velocidad en calles y avenidas; sin embargo, dijo que actualmente no solo se ha detenido el desarrollo de nueva infraestructura, sino que también se han revertido decisiones técnicas que contribuían a mejorar la seguridad vial.
Entre las evidencias mencionaron la pérdida de recursos destinados a proyectos de ciclovías en municipios como Zapopan, así como la falta de continuidad en planes de movilidad previamente establecidos. Estas omisiones, recalcaron, incrementan el riesgo para quienes utilizan la bicicleta como medio de transporte.
La rodada se realizó a las 18 horas, horario de alta circulación vehicular, y partió del cruce de Vallarta y Escorza para concluir en el Parque Rojo. Aunque no hubo un conteo oficial, los colectivos estimaron la participación de más de 100 personas.
Además de integrantes de colectivos, se sumaron familias, lo que, según los organizadores, reflejó la necesidad de contar con alternativas de movilidad seguras ante el congestionamiento vial y las limitaciones del transporte público.
En cuanto a la dimensión del problema, integrantes de la organización Bicicleta Blanca indicaron que desde 2009 han documentado 348 fallecimientos de ciclistas en la ciudad; no obstante, advirtieron que las cifras podrían ser mayores debido a la falta de registros oficiales completos por parte de las autoridades.
Finalmente, los organizadores anunciaron que estas movilizaciones continuarán de forma periódica a fin de mantener el tema en la agenda pública y exigir que las autoridades traduzcan el diálogo en acciones concretas que prevengan más muertes en las calles.
JC-jl/I"
113,El Informador,03-26-26,Estos son los cierres viales HOY por Vía RecreActiva Zapopan,trafilatura,trafilatura,2776,0.38,https://www.informador.mx/jalisco/cierres-viales-en-zapopan-hoy-26-de-marzo-de-2026-por-via-recreactiva-20260326-0052.html,,"Estos son los cierres viales HOY por Vía RecreActiva Zapopan
¡Anótale! Hoy habrá cierres viales en el municipio por la Vía RecreActiva Zapopan que se realizará por la noche
El recorrido, que abarcará 14 kilómetros, tiene como propósito conmemorar esta iniciativa visitando el centro cultural y de negocios Tequila Lab. EL INFORMADOR/ ARCHIVO
La Dirección de Movilidad y Transporte de Zapopan dio a conocer que este jueves 26 de marzo de 2026 se implementarán cierres viales en distintos puntos del municipio con motivo de la realización de la Vía RecreActiva Zapopan.
Las restricciones a la circulación estarán vigentes de 21:00 a 23:59 horas y se irán levantando de manera gradual conforme las y los participantes avancen por las avenidas contempladas en el recorrido.
Te recomendamos: Zapopan inaugura parque en la colonia Vicente Guerrero
Cierres viales en Zapopan hoy por Vía RecreActiva
Movilidad Zapopan anunció que se cerrarán las siguientes avenidas:
- Avenida Independencia.
- Avenida Hidalgo.
- Avenida Tesistán.
- Avenida Santa Margarita.
- Avenida del Servidor Público.
De igual forma te compartimos el mapa de los cierres:
Lee también: Así puedes hacer el cambio de placas gratuito en Jalisco sin sacar cita
Celebrarán primer aniversario de la Vía RecreActiva Zapopan
En el marco del primer aniversario de la Vía RecreActiva Zapopan, autoridades municipales invitan a la ciudadanía a sumarse a la rodada nocturna que se llevará a cabo este jueves 26 de marzo de 2026.
El recorrido, que abarcará 14 kilómetros, tiene como propósito conmemorar esta iniciativa visitando el centro cultural y de negocios Tequila Lab, un espacio que atrae tanto a visitantes locales como nacionales e internacionales, ubicado junto al museo Jalisco Paseo Interactivo (JAPI).
Para participar en esta actividad, las personas interesadas deberán registrarse previamente a través del enlace habilitado por los organizadores el cual puedes acceder en: https://bit.ly/RegViaNocturnaZapopanMar26
Ruta de la Vía RecreActiva Zapopan del 26 de marzo
La rodada seguirá la siguiente ruta con salida del Parque de las Niñas y los Niños:
Juan Pablo II 
Avenida Hidalgo
Constitución 
Avenida Tesistán
Avenida Sta. Margarita
Avenida del Servidor Público
Llegada a Tequila Lab; aquí la ruta es de regreso.
Avenida del Servidor Público 
P. Valle Real 
Avenida del Servidor Público 
Avenida Sta. Margarita 
Avenida Tesistán 
Independencia 
Industria 
Juan Pablo II
Llegada a la meta en el Parque de las Niñas y los Niños a las 12:00 am.
* * * Mantente al día con las noticias, únete a nuestro canal de WhatsApp * * *
NA
Recibe las últimas noticias en tu e-mail
Todo lo que necesitas saber para comenzar tu día
Registrarse implica aceptar los Términos y Condiciones"
114,El Informador,03-22-26,Motos invaden ciclovías sin castigo,trafilatura,trafilatura,3708,0.32,https://www.informador.mx/jalisco/guadalajara-motos-invaden-ciclovias-sin-castigo-20260322-0028.html,,"Motos invaden ciclovías sin castigo
Los Gobiernos incrementan las ciclorrutas en la ciudad, pero los pedalistas denuncian riesgos y piden sanciones contra los invasores
Dos personas se desplazan en motocicleta sobre una ciclovía, ocupando un espacio destinado exclusivamente a ciclistas y usuarios de movilidad no motorizada. EL INFORMADOR/J. Acosta
Roberto frenó de golpe. Una motocicleta irrumpió en la ciclovía de la avenida ívila Camacho, casi al cruce con Patria, en dirección a Zapopan. Las llantas de su bicicleta patinaron sobre el asfalto y, por segundos, perdió el control. Alcanzó a reclamar, pero el conductor aceleró sin mirar atrás y, metros adelante, se reincorporó al tráfico vehicular.
La escena no es excepcional. Para miles de ciclistas en la ciudad, transitar por la red de las ciclovías implica sortear las motocicletas, los autos estacionados y las maniobras imprudentes, que convierten estos espacios en zonas de riesgo constante.
""No falta el motociclista que, por ganarle al tráfico, se mete a la ciclovía. Muchos ni casco traen y hasta con niños circulan. Diario los veo invadiendo"", relata Roberto. ""Lo que hace falta es que haya sanciones de verdad: multas, retiro de unidades o agentes viales en puntos críticos"".
La Ley de Movilidad, Seguridad Vial y Transporte del Estado considera una falta grave invadir las ciclovías o zonas peatonales con vehículos motorizados. Las sanciones pueden superar los siete mil pesos. Sin embargo, la aplicación de la norma es limitada: entre enero de 2019 y enero de 2025 se han impuesto dos mil 700 multas por circular o estacionarse en estos espacios.
Para Luis Nazario Ramírez, académico de la Universidad de Guadalajara, el problema no radica en la legislación, sino en su cumplimiento. ""La autoridad se ha relajado. Las sanciones son adecuadas, incluso altas, pero sin vigilancia constante pierden efecto. Hoy vemos una invasión frecuente de las ciclovías por distintos vehículos"".
María Fernanda, quien se desplaza diariamente en bicicleta desde la colonia Americana hasta el Centro Histórico, confirma el deterioro en el respeto a estas vías. Su trayecto por avenida Hidalgo suele estar obstruido.
""Muchas veces hay coches estacionados afuera de negocios o atravesados al dar vuelta. Solo prenden las intermitentes y creen que, con eso, es suficiente. Si les dices algo, se molestan"".
La joven también señala que el riesgo aumenta durante la noche: ""Hay poca visibilidad y no alcanzas a ver si viene una moto o un carro invadiendo la ciclovía"".
La sensación de vulnerabilidad es compartida. ""Hace falta que haya consecuencias reales. Si los conductores ven que no pasa nada, lo seguirán haciendo. Y nosotros somos los más expuestos"".
A esta problemática se suma el saldo fatal. De acuerdo con el Colectivo Bici Blanca, en lo que va del año han muerto cuatro ciclistas en el írea Metropolitana de Guadalajara. Y desde 2009, la cifra asciende a 348 víctimas fatales.
Para Luis Nazario Ramírez, la solución debe ser integral. Además de reforzar la vigilancia, considera urgente impulsar campañas de educación vial. ""Se requiere concientización para todos los usuarios. Aunque hay avances en la convivencia, todavía persiste la idea de que el automóvil es el dueño de la calle. Cambiar esa cultura es fundamental"".
La infraestructura ciclista en la ciudad ha crecido de forma acelerada en los últimos años. De 178.15 kilómetros registrados en 2019, pasó a 425 kilómetros. Y se proyectan nuevas obras, como las ciclovías en la Carretera a Chapala y Periférico.
Recibe las últimas noticias en tu e-mail
Todo lo que necesitas saber para comenzar tu día
Registrarse implica aceptar los Términos y Condiciones"
115,El Informador,03-22-26,Aumenta el número de ciclovías en Guadalajara,trafilatura,trafilatura,7197,0.38,https://www.informador.mx/jalisco/guadalajara-aumenta-el-numero-de-ciclovias-en-los-ultimos-seis-anos-20260322-0027.html,,"Aumenta el número de ciclovías en Guadalajara
La red ciclista alcanza 425 kilómetros en la ZMG, aunque algunos proyectos enfrentan oposición vecinal
La ciclovía de Paseo Alcalde es la más utilizada en la ciudad, con al menos mil 622 ciclistas diarios, según datos del Imeplan. EL INFORMADOR/Archivo
En busca de impulsar medidas que apuesten por la movilidad activa, más allá del uso del vehículo automotor, las autoridades estatales y municipales han impulsado el crecimiento de la infraestructura ciclista de la ciudad.
En la Zona Metropolitana de Guadalajara (ZMG), en solo seis años, las ciclovías crecieron 2.3 veces. Mientras en 2019 se reportaron apenas 178.15 kilómetros de infraestructura para el paso seguro de ciclistas y usuarios de la movilidad activa, para el cierre de 2024 la cifra ascendió a 425 kilómetros, de acuerdo con las mediciones de la Agencia Metropolitana de Infraestructura para la Movilidad (AMIM).
Las estimaciones contemplan tanto ciclovías segmentadas como ciclovías emergentes, y el crecimiento representa un aumento de 139% de espacios ciclistas en solo seis años.
Entre las nuevas ciclovías impulsadas más recientemente se encuentra la instalada en prolongación Mariano Otero, en Zapopan; la ampliación de cuatro kilómetros de la ciclovía de Paseo Alcalde hasta el Agua Azul, en Guadalajara, así como la ciclovía de la avenida Javier Mina, desde Tetlán y hasta la Calzada Independencia, con 7.1 kilómetros.
Uno de los espacios destinados a la movilidad no motorizada, relativamente más recientes, es el busbici de la avenida Hidalgo, que se inauguró en el 2020 y el cual se encuentra ubicado entre Victoriano Salado ílvarez y Contreras Medellín, contemplando kilómetros de vía compartida en un carril segregado exclusivo de 3.7 kilómetros.
Sin embargo, todavía debe considerarse la ciclovía que contemplará la carretera a Chapala una vez que esta esté concluida, y que representará una ampliación de al menos seis kilómetros de infraestructura ciclista.
También habrá que sumar los por lo menos 80 kilómetros que representará la ciclovía de las laterales del Periférico (de ida y vuelta) en su circuito, una vez que esta esté lista. De esta forma, no solo se convertirá en la ciclovía más larga de la ciudad, sino también del país, según las estimaciones de las autoridades estatales.
De hecho, de acuerdo con los datos de la AMIM, fue precisamente la contingencia ocasionada por la COVID-19 la que impulsó el uso de la movilidad activa, sumándose así a la petición de la Organización Mundial de la Salud emitida desde el inicio de la pandemia ""para impulsar el uso de la bicicleta como un medio de transporte para disminuir la posibilidad de contagio del coronavirus"".
De los 425 kilómetros de infraestructura ciclista que existen actualmente, 253 se construyeron entre 2020 y 2024, refieren los datos reportados.
Uno de los espacios ciclistas impulsados, por ejemplo, por el Ayuntamiento de Zapopan, es la que se emprendió sobre la avenida Copérnico, en Paseos del Sol, que contemplaba 3.1 kilómetros de vía exclusiva; sin embargo, los vecinos se opusieron por el presunto tráfico vehicular que esto traería y se opusieron a la obra, misma que continúa frenada, tal como pasó en su momento con la ciclovía de la avenida Guadalupe, aunque esta sí se pudo concluir.
Pese a este tipo de situaciones, Zapopan ha sido uno de los municipios que más ha aumentado kilómetros de ciclovías en la ciudad, de acuerdo con el más reciente Informe de Movilidad Ciclista Metropolitana de la AMIM, presentado en 2024, con un 38.36% más ciclovías entre 2020 y 2023, solo por debajo de Guadalajara, que incrementó 38.9%. Tlajomulco de Zúñiga también apostó por impulsar las vías ciclistas de la ciudad, incrementando en 14.87% los kilómetros destinados a este fin, según dio a conocer el reporte.
Proyectan más de 400 kilómetros en los próximos 15 años
Con el objetivo de fortalecer la movilidad activa, autoridades metropolitanas proyectan ampliar la red ciclista con 446 nuevos kilómetros en 15 años. La estrategia, presentada por el Imeplan, busca alcanzar una red de 793 kilómetros de infraestructura física.
El plan forma parte del Plan Integral de Movilidad Urbana Sustentable (PIMUS), aprobado por los municipios metropolitanos para garantizar transporte seguro e incluyente. Actualmente, el írea Metropolitana de Guadalajara cuenta con 347 kilómetros de ciclovías.
La expansión se desarrollará en cinco etapas, priorizando corredores con alta conectividad y cercanía a sistemas de transporte masivo, con base en un índice técnico.
Paseo Alcalde y Federalismo, las más utilizadas
De acuerdo con estimaciones del Instituto Metropolitano de Planeación (Imeplan), en la Zona Metropolitana de Guadalajara se realizan diariamente 52 mil 228 viajes en bicicleta a lo largo de cerca de 400 kilómetros de ciclovías segmentadas, tanto en unidades particulares como mediante el sistema Mi Bici Pública.
La ciclovía de Paseo Alcalde se posiciona como la más utilizada, con al menos mil 622 ciclistas diarios, cifra que, según el Ayuntamiento de Guadalajara, puede alcanzar los 2 mil 640 usuarios al día. Su alta demanda se explica por la conexión con puntos clave del Centro Histórico, estaciones de Mi Bici Pública cercanas y su vinculación con la Línea 3 del Tren Ligero.
En segundo lugar se ubica la ciclovía de avenida Federalismo, con un promedio de mil 496 ciclistas diarios, también favorecida por su conectividad con la Línea 1 y otras rutas ciclistas. Le sigue la ciclovía de avenida La Paz, con mil 370 usuarios al día.
Estas rutas conforman el nodo central de mayor uso en la ciudad, consolidando la movilidad ciclista en la zona.
Incentivan uso de la bicicleta
La red de ciclovías en el írea Metropolitana de Guadalajara ha crecido hasta 425 kilómetros en los últimos seis años, lo que ha mejorado la seguridad e incentivado el uso de la bicicleta, coinciden especialistas. No obstante, persisten retos como la falta de conexión entre rutas y la necesidad de ampliar la cobertura hacia zonas como el oriente de la ciudad.
Luis Nazario Ramírez, académico de la Universidad de Guadalajara, señala que una de las principales áreas de oportunidad es consolidar una red integrada que conecte orígenes y destinos. Destaca que municipios como Tonalá y Tlaquepaque presentan alto potencial por su densidad poblacional, por lo que requieren mayor infraestructura ciclista.
El especialista subraya también la importancia de vincular las ciclovías con sistemas de transporte masivo y ampliar la cobertura de Mi Bici Pública, incluso mediante soluciones de menor costo que permitan extender la red.
Por su parte, Génesis Hernández, del Observatorio Ciudadano para la Movilidad, coincide en que la conectividad es una demanda constante de los usuarios. Añade que es necesario generar datos abiertos para diseñar políticas públicas más precisas y atender problemas como el estado de las unidades y la disponibilidad de bicicletas en estaciones.
Recibe las últimas noticias en tu e-mail
Todo lo que necesitas saber para comenzar tu día
Registrarse implica aceptar los Términos y Condiciones"
116,Mural,03-22-26,Opera Mi Bici al 66% en ZMG,trafilatura,trafilatura,2249,0.57,https://www.mural.com.mx/opera-mi-bici-al-66-en-zmg/ar3173743,,"COMUNIDAD
02 MIN 00 SEG
Adán Padilla
Guadalajara, México (22 marzo 2026) .-05:00 hrs
El sistema público Mi Bici opera al 66 por ciento en la Zona Metropolitana de Guadalajara (ZMG), donde 34 de cada 100 bicicletas se encuentran fuera de operación.
De acuerdo con información obtenida vía solicitud de transparencia a la Agencia Metropolitana de Servicios de Infraestructura para la Movilidad (AMIM), de una flotilla total de 4 mil 79 bicicletas, solo 2 mil 686 están funcionales, el 66 por ciento del total.
El resto de las unidades (34 por ciento) se encuentra fuera de servicio por distintas razones: 621 están en mantenimiento; 124 fueron declaradas como pérdida total por daños irreparables; 366 fueron reportadas como robadas y están en proceso de búsqueda e investigación, y 282 más permanecen en espera de evaluación.
En total, mil 393 bicicletas no están disponibles para los usuarios del sistema.
Usuarios recurrentes señalan que esta situación genera dificultades al momento de utilizar el servicio como alternativa de traslado.
Esmeralda Álvarez relató que con frecuencia se encuentra con bicicletas inhabilitadas al llegar a las estaciones.
""Pasa muy seguido que, cuando llegas a una estación, hay bicicletas, pero estás calando a ver cuál sirve y resulta que ninguna. Puede haber hasta seis bicicletas y tienen la llanta ponchada o no te acepta agarrarla que por mantenimiento""
Esmeralda Álvarez
Usuaria de Mi Bici
Andrés Magaña, otro usuario, afirmó que constantemente encuentra los puertos cercanos a su hogar con pocas bicicletas, lo que lo obliga a realizar sus trayectos de otra forma.
""Hubo un tiempo, de noviembre a enero, por ejemplo, que en Mezquitán Country sí estaba bien 'pelón'. No hay tantas bicis, te lo puedo decir por experiencia""
Andrés Magaña
Usuario de Mi Bici
Esta situación ocurre mientras el Gobierno de Jalisco, a través de la AMIM, impulsa un plan de ampliación y modernización del sistema Mi Bici que busca duplicar su cobertura hacia 2030, incrementar la flotilla a 8 mil 650 bicicletas, incluidas unidades eléctricas, y alcanzar 800 estaciones.
Ante este escenario, usuarios consultados consideraron necesario que, además de ampliar el sistema, se garantice el mantenimiento y disponibilidad de las unidades."
117,El Informador,03-21-26,Ciclovías en el AMG impulsan la movilidad pero enfrentan rezagos,trafilatura,trafilatura,3295,0.26,https://www.informador.mx/jalisco/ciclovias-garantizan-seguridad-e-incentivan-la-bicicleta-falta-conexion-y-ampliacion-expertos-20260321-0057.html,,"Ciclovías en el AMG impulsan la movilidad pero enfrentan rezagos
Aún hay pendientes, como falta de conexión y la ampliación hacia otras zonas de la ciudad, como el Oriente, señalan
Para expertos en el tema de movilidad, una de las áreas de oportunidad de las ciclovías es constituirlas como una red, en la que otros municipios del Oriente del AMG amplíen los kilómetros exclusivos a ciclistas y usuarios de otros métodos de transporte. EL INFORMADOR / ARCHIVO
La red de ciclovías en el írea Metropolitana de Guadalajara (AMG) ha crecido hasta 425 kilómetros en los últimos seis años, lo que ofrece seguridad e incentiva el uso de la bicicleta y otras formas de movilidad activa, reconocen expertos. Sin embargo, aún hay pendientes, como falta de conexión y la ampliación hacia otras zonas de la ciudad, como el oriente, señalan.
Oriente del AMG, la zona con mayor potencial para expandir ciclovías
Luis Nazario Ramírez, académico de la Universidad de Guadalajara (UdeG) y experto en temas de movilidad, apunta que una de las áreas de oportunidad de las ciclovías es constituirlas como una red, en la que otros municipios del oriente de la metrópoli, como Tonalá y Tlaquepaque, amplíen los kilómetros exclusivos a ciclistas y usuarios de otros métodos de transporte.
""Te das cuenta que hay más gente por metro cuadrado en el lado oriente que en el lado poniente. Entonces, allá es donde podría haber más potencial del uso de la bicicleta si hubiera más ciclovías. La otra es que estas ciclovías tengan un sentido de conectar orígenes con destinos. Si nuestros viajes ordinarios principales son escuela y trabajo, habría que buscar dónde vive la gente, dónde son los lugares de más afluencia de trabajo"", comenta.
Apunta que se deben hacer conexiones con los sistemas del transporte masivo y ampliar el sistema de Mi Bici para contar con mayor cobertura. También menciona que se podrían hacer ciclovías menos costosas, es decir, emplear elementos de menor costo que cumplan el mismo objetivo, a fin de que las autoridades puedan invertir mayores recursos en la ampliación de la red.
Usuarios demandan conectividad con otros municipios y mejor infraestructura
Génesis Hernández, coordinadora del Observatorio Ciudadano para la Movilidad y Transporte Público de Jalisco, coincide en la falta de conexión de la red de ciclovías, pues usuarios demandan conectividad con otros municipios y mejor infraestructura. Anota que son necesarios estudios para conocer a las personas que usan la bicicleta como método de transporte y que a la vez utilizan otra forma de movilidad. ""Eso nos ayuda, justamente, a identificar las necesidades, y entre más claridad y datos tengamos ""esta data tiene que ser abierta para todas las personas-, va a ayudar a realizar políticas públicas puntuales para la garantía de este derecho"".
En cuanto a Mi Bici, la experta señala que algunas unidades están en mal estado, mientras que las personas usuarias denuncian falta de bicicletas en estaciones.
*Mantente al día con las noticias, únete a nuestro canal de WhatsApp
Por si te interesa: Guadalajara: Recomiendan no beber agua del SIAPA
OF
Recibe las últimas noticias en tu e-mail
Todo lo que necesitas saber para comenzar tu día
Registrarse implica aceptar los Términos y Condiciones"
118,El Informador,03-20-26,Todo listo para la Vía Nocturna Zapopan; conoce cómo inscribirte,trafilatura,trafilatura,3002,0.26,https://www.informador.mx/jalisco/via-nocturna-zapopan-2026-conoce-como-inscribirte-20260320-0056.html,,"Todo listo para la Vía Nocturna Zapopan; conoce cómo inscribirte
El recorrido tiene el objetivo de celebrar el primer aniversario de la Vía Nocturna Zapopan al visitar el centro cultural y de negocios, Tequila Lab el próximo 26 de marzo
El Gobierno de Zapopan a Electrolit, , MiBici Pública, Movilidad y Transporte Zapopan, y todas las instancias involucradas por brindar el apoyo en este proyecto. ESPECIAL/ Pexels
La Vía RecreActiva Zapopan y el Gobierno del municipio invitan a participar en la próxima rodada de la Vía Nocturna de Zapopan que se realizará el jueves 26 de marzo de este 2026, es por cupo limitado, por ello aquí te compartimos cómo inscribirte y todo lo que necesitas saber al respecto.
El recorrido tiene el objetivo de celebrar el primer aniversario de la Vía Nocturna Zapopan al visitar el centro cultural y de negocios, Tequila Lab, que funciona como un polo de atracción para público local, nacional e internacional, el cual se localiza al lado del museo de Jalisco Paseo Interactivo (JAPI).
Te recomendamos: ¿Cuánto cuestan las viviendas del ""Chernóbil"" de Tlajomulco?
Fecha, hora y lugar de la Vía Nocturna Zapopan 2026
Como te mencionamos anteriormente, la cita es el próximo 26 de marzo en el Parque de las Niñas y los Niños en punto de las 9:00 pm, la ubicación exacta es en la calle Sta. Lucía 284, colonia Tepeyac, 45150 Zapopan, lo que se conoce como ""la curva"".
Serán 14 kilómetros de recorrido y para poder participar es necesario registrarte a través del siguiente enlace: https://bit.ly/RegViaNocturnaZapopanMar26
En el registro se te solicitarán datos necesarios para tu seguridad como nombre, tipo de sangre, un contacto de emergencia, entre otros, además, toma en cuenta que la edad recomendada para participar en la rodada es partir de los 10 años en adelante, así que no dudes en asistir con tu familia o amigos.
Recuerda llevar tu bicicleta, casco, luces y ropa reflejante por tu seguridad y la de todos los asistentes.
Lee también: ¿Por qué había sido abandonado el ""Chernóbil"" de Tlajomulco?
Ruta de la Vía Nocturna Zapopan del 26 de marzo
La rodada seguirá la siguiente ruta con salida del Parque de las Niñas y los Niños
Juan Pablo II 
Avenida Hidalgo
Constitución 
Avenida Tesistán
Avenida Sta. Margarita
Avenida del Servidor Público 
Llegada a Tequila Lab; aquí la ruta es de regreso
Avenida del Servidor Público 
P. Valle Real 
Avenida del Servidor Público 
Avenida Sta. Margarita 
Avenida Tesistán 
Independencia 
Industria 
Juan Pablo II
Llegada a la meta en el Parque de las Niñas y los Niños a las 12:00 am
Finalmente, el Gobierno de Zapopan a Electrolit, , MiBici Pública, Movilidad y Transporte Zapopan, y todas las instancias involucradas por brindar el apoyo en este proyecto.
* * * Mantente al día con las noticias, únete a nuestro canal de WhatsApp * * *
NA
Recibe las últimas noticias en tu e-mail
Todo lo que necesitas saber para comenzar tu día
Registrarse implica aceptar los Términos y Condiciones"
119,El Informador,08-03-26,Asisten más de 130 mil personas a la Vía RecreActiva nocturna de marzo,trafilatura,trafilatura,3834,0.36,https://www.informador.mx/jalisco/asisten-mas-de-130-mil-personas-a-la-via-recreactiva-nocturna-de-marzo-20260308-0064.html,,"Asisten más de 130 mil personas a la Vía RecreActiva nocturna de marzo
En esta edición, se realizó una rodada patrimonial que tuvo como objetivo conocer y apreciar, desde otro punto de vista, el patrimonio arquitectónico y urbano del Centro de Guadalajara
Verónica Delgadillo recorrió la Vía RecreActiva Nocturna, además de caminar por el Paseo Alcalde y disfrutar de las actividades culturales que había en las diferentes estaciones y templos. CORTESíA
La noche de este sábado, la alcaldesa de Guadalajara, Verónica Delgadillo, participó en el Festival ""Bien de Noche"", que incluye la realización de la Vía RecreActiva Nocturna, como cada primer sábado del mes. Así, con esta edición de ""Bien de Noche"", se dio la bienvenida a la Primavera.
Verónica Delgadillo recorrió la Vía RecreActiva Nocturna, además de caminar por el Paseo Alcalde y disfrutar de las actividades culturales que había en las diferentes estaciones y templos, como conciertos y videomapping.
Te recomendamos: Cierres viales en Guadalajara por marchas del 8M este domingo
La presidenta recordó que este festival tiene como objetivo reactivar la vida nocturna en el Centro Histórico, además de impulsar actividades que fomenten la construcción de comunidad.
""En conjunto con el equipo del Gobierno de Guadalajara, trabajamos para seguir reactivando la vida nocturna y que la ciudad tenga más vida. Que esto sirva para hacer comunidad en el Centro Histórico, porque el Centro es el lugar que nos convoca a todas y todos"", dijo la alcaldesa.
En esta edición, se realizó una rodada patrimonial que tuvo como objetivo conocer y apreciar, desde otro punto de vista, el patrimonio arquitectónico y urbano del Centro de Guadalajara. Partió de la Glorieta de la Normal y terminó en la escultura ""El Palomar"".
Lee también: Rescatan a perritos abandonados en azotea de la colonia Polanco en GDL
También se tuvo la tradicional noche astronómica, donde los asistentes pudieron ver la luna, planetas y otros cuerpos celestes, a través de los telescopios que se ponen en la zona de los Dos Templos.
Vero Delgadillo invitó a las personas a visitar el Centro de Guadalajara y vivir ""Bien de Noche"", festival que se lleva a cabo el primer sábado de cada mes, con una temática diferente.
A través de actividades como macroclases de baile y conciertos gratuitos, añadió la alcaldesa, se busca crear comunidad, una base importante en la cultura de paz.
""Lo que buscamos aquí es que todas y todos encontremos una razón para venir y quedarse un bonito rato en el Centro Histórico; pueden venir a pie, pueden venir con su mascota, pueden venir con sus seres queridos y también pueden venir a comer o simplemente a divertirse con la oferta que tenemos con este gran festival"".
Las actividades de ""Bien y de Buenas""
La programación cultural incluyó conciertos de música coral y ensambles vocales en el Templo de Nuestra Señora de la Merced, el Templo San José de Gracia, el Templo Santa Teresa, el Templo Nuestra Señora de Aranzazú y la Catedral de Guadalajara, donde además se realizó un videomapping.
En otros puntos del Centro Histórico, como la Plaza de la Liberación y el Jardín Reforma, se llevaron a cabo clases de baile latino y una función de cine al aire libre.
Bien de Noche forma parte de un plan coordinado entre el sector público y privado para incentivar la actividad económica en el Centro Histórico mediante la ampliación de horarios y la generación de programación cultural accesible, favoreciendo la presencia de familias, visitantes y consumidores en el primer cuadro de la ciudad.
* * * Mantente al día con las noticias, únete a nuestro canal de WhatsApp * * *
NA
Recibe las últimas noticias en tu e-mail
Todo lo que necesitas saber para comenzar tu día
Registrarse implica aceptar los Términos y Condiciones"
120,Trafico ZMG,06-03-26,Ciclista resulta lesionado tras choque con tráiler en Zapopan,trafilatura,trafilatura,1104,0.2,https://traficozmg.com/2026/03/ciclista-resulta-lesionado-tras-choque-con-trailer-en-zapopan/,,"Ciclista resulta lesionado tras choque con tráiler en Zapopan
Un ciclista resultó lesionado tras verse involucrado en un percance con un tráiler en el cruce de avenida Mariano Otero y Cruz del Sur, en la colonia La Calma, en el municipio de Zapopan.
De acuerdo con los primeros reportes, el joven circulaba en su bicicleta luego de salir de trabajar en una marmolería junto con otros compañeros, cuando fue impactado por el tráiler en dicho cruce.
Tras el golpe, el ciclista cayó al pavimento y su bicicleta presentó diversos daños. Paramédicos acudieron al sitio para brindarle atención médica y posteriormente lo trasladaron a un puesto de socorros, ya que presentaba una posible fractura en uno de sus brazos.
En el lugar, el conductor del tráiler fue retenido por autoridades mientras se realizaban las diligencias correspondientes para deslindar responsabilidades.
El percance generó tráfico lento durante varios minutos en la zona mientras se atendía al lesionado y se retiraban las unidades involucradas.
Nota relacionada: En accidente por alcance fallece motociclista en la colonia Paseos del Sol"
121,Notisistema,05-03-26,Alistan nueva edición de la Vía Recreactiva Nocturna en GDL,trafilatura,trafilatura,585,0.24,https://www.notisistema.com/noticias/alistan-nueva-edicion-de-la-via-recreactiva-nocturna-en-gdl/,,"El Gobierno de Guadalajara realizará este sábado una nueva edición de la Vía Recreactiva nocturna, programa cultural que busca incentivar la apropiación del Centro Histórico y fortalecer la convivencia comunitaria.
Las actividades iniciarán a las 19:00 horas y se desarrollarán de manera simultánea en distintos espacios públicos como Paseo Alcalde, Plaza de la Liberación, Jardín del Carmen y Palacio Municipal.
La jornada incluirá conciertos, exposiciones artísticas, talleres y proyecciones audiovisuales.
Además, museos del primer cuadro ampliarán su horario hasta las 23:00 horas."
122,El Informador,04-03-26,Zapopan impulsa taller GRATIS de ciclismo para mujeres en el marco del 8M,trafilatura,trafilatura,2739,0.31,https://www.informador.mx/jalisco/zapopan-impulsa-taller-gratis-de-ciclismo-para-mujeres-en-el-marco-del-8m-20260304-0047.html,,"Zapopan impulsa taller GRATIS de ciclismo para mujeres en el marco del 8M
La Biciescuela, un espacio pensado para que las mujeres fortalezcan su confianza, seguridad y se apropien de la ciudad a través del uso de la bicicleta
El taller está dirigido para mujeres con edades a partir de los 16 años, hasta los 45 años o más. ESPECIAL/ EL INFORMADOR/ ARCHIVO
La Dirección de Movilidad y Transporte Zapopan invita a las mujeres a participar en la Biciescuela, un espacio pensado para fortalecer la confianza, la seguridad y la apropiación de la ciudad a través del uso de la bicicleta.
El taller se realiza en el marco del 8 de marzo, Día Internacional de la Mujer, un día para visibilizar la lucha de las mujeres por la igualdad, el reconocimiento y el ejercicio efectivo de sus derechos.
Lee también: Actividades que habrá GRATIS en Zapopan en el marco del 8M
La cita es el viernes 13 de marzo de este 2026, a las 5:30 pm en la Glorieta Chapalita, con ubicación entre Avenida de las Rosas y Avenida Guadalupe, en la colonia Chapalita 45040 en Zapopan.
En el taller que se realizará con perspectiva de género podrás aprender:
- La pirámide de la movilidad.
- Elementos de seguridad para rodar segura.
- Taller básico de mecánica ciclista.
- Circuito práctico de pedaleo.
Toma en cuenta que no es necesario traer tu bicicleta, pues Movilidad y Transporte Zapopan llevará bicicletas para todas las participantes.
El taller está dirigido para mujeres con edades a partir de los 16 años, hasta los 45 años o más.
Te recomendamos: Jalisco lanza Mundialito Escolar 2026 rumbo al Mundial de la FIFA
Sin embargo, sí es necesario que lleves una botella de agua para hidratarte y ropa cómoda, además necesitas realizar un registro previo a la fecha del taller, puedes registrarte en el siguiente enlace: https://bit.ly/405XkWg
De acuerdo con la Organización de las Naciones Unidas, en el mundo, las mujeres cuentan con apenas el 64% de las protecciones legales que tienen los hombres, una brecha que sigue marcando su acceso a oportunidades y derechos fundamentales.
Al ritmo actual de avances, tomaría cerca de 286 años alcanzar una verdadera igualdad jurídica. Mientras tanto, en numerosos países aún existen marcos legales que permiten el matrimonio infantil y precoz, una práctica que cada año limita el futuro de alrededor de 12 millones de niñas y reduce drásticamente sus posibilidades de desarrollo, de ahí la importancia de visibilizar la lucha de las mujeres en el marco del 8M.
* * * Mantente al día con las noticias, únete a nuestro canal de WhatsApp * * *
NA
Recibe las últimas noticias en tu e-mail
Todo lo que necesitas saber para comenzar tu día
Registrarse implica aceptar los Términos y Condiciones"
123,NTR Guadalajara,03-03-26,Llaman a ampliar red de ciclovías en Jalisco,trafilatura,trafilatura,1509,0.28,https://www.ntrguadalajara.com/post.php?id_nota=241567,,"El Observatorio Ciudadano de Movilidad y Transporte consideró que hace falta un plan integral para construir nuevas ciclovías tanto en el Área Metropolitana de Guadalajara (AMG) como en el resto del estado, por lo que llamó a ampliar la red existente.
Además, precisó que también se requiere que se le de mantenimiento de manera recurrente y organizada a las ciclovías ya existentes.
Esta necesidad se incrementa a raíz del anuncio de que se busca ampliar el sistema de MiBici. La organización precisó que para que sea exitoso ese incremento de unidades y estaciones, además de otros temas, se requiere dotar de infraestructura para una movilidad segura.
""Esta expansión no puede llegar si no va acompañada de una serie de estrategias integrales que incluya el crecimiento y la consolidación de una red de ciclovías seguras y conectadas, programas sostenidos de educación vial para las y los usuarios, programas de educación vial para personas usuarias de vehículos motorizados"", dijo Jorge Barba, representante de Pasos Blancos, organización que forma parte del observatorio.
El activista añadió que ""resulta preocupante que no exista o se anuncie una hoja de ruta para la expansión de ciclovías y mantenimiento constante para la infraestructura existente"".
Por su parte, José de Jesús Gutiérrez, presidente de la Red Ciudadana, organización que también forma parte del Observatorio, añadió que esta red de ciclovías debe distribuirse en todo el estado y no focalizarse en dos o tres municipios del AMG.
jl/I"
124,Página 24 Jalisco,02-03-26,"""Abandonan"" Ciclovía",trafilatura,trafilatura,3390,0.65,https://pagina24jalisco.com.mx/2026/03/02/local/abandonan-ciclovia/,,"En la Zona de la Nueva Central Camionera en San Pedro Tlaquepaque
Baches, Alcantarillas Abiertas, Aguas Residuales, Basura y Desperdicios, es lo que Enfrentan Ciclistas en la Ruta
Por Rafael Hernández Guízar
Pésimas condiciones presenta la ciclovía en los alrededores de la Nueva Central Camionera en San Pedro Tlaquepaque.
Llena de aguas residuales, basura, desperdicios y agujeros, así luce esa ciclovía, el carril confinado para los ciclistas que se supone brinda seguridad para que no vayan por el arroyo vehicular.
""Yo no sé si le toca al ayuntamiento o al gobierno del estado, lo que sí sé es que está bastante feo, no más es cosa de que vean en qué condiciones tenemos que circular, con agua de drenaje y hasta con baches y alcantarillas abiertas, yo quisiera ver quién puede andar así"", dijo uno de los ciclistas entrevistados por este reportero.
Los usuarios de esta vía ciclista indicaron que al paso del tiempo las condiciones han ido a peor, y si bien reconocen que la acumulación de basura es responsabilidad de los vecinos que tienen hábitos sucios, resulta urgente la atención inmediata por parte de la autoridad responsable para evitar percances y regresarle la dignidad a este espacio.
""Nosotros lo que estamos pidiendo por favor es que hagan algo, también que atiendan el tema de las luminarias porque en la noche está muy oscuro y con todo esto si le suma uno el hecho de que no se ve nada, pues es bien fácil caerse, y ahí sí se pone peor"", agregó el ciclista.
Tanto los ayuntamientos en la zona metropolitana de Guadalajara, como el gobierno estatal, han apostado en los últimos años al incremento de vías ciclistas que permitan desplazarse a bordo de lo que denominan transporte no motorizado; sin embargo, en varios puntos de la ciudad hay muchas ciclovías que presentan desperfectos y que se han convertido en un factor de riesgo para los mismos usuarios.
Macrobús en Declive
Al otro extremo de la ciudad, en el Oriente de Guadalajara, el sistema de Macrobús presenta graves fallas en varias de las estaciones.
Dos de éstas tienen incluso fallas que son un riesgo para los usuarios ante la gran aglomeración de personas que presentan en los andenes.
Se trata de las estaciones San Juan de Dios y Clemente Orozco, dos puntos en donde no sirven las puertas de cristal que evitan que los usuarios caigan de las plataformas hacia el arroyo vehicular, se quedan abiertas todo el tiempo y en varias ocasiones han estado a punto de caer cuando viene llegando a la estación el transporte.
""No sirven las pinches puertas, es una jalada"", dijo muy molesta Magdalena Suárez, una joven entrevistada por este reportero.
-¿Cuánto tiempo llevan así?
-Fácil, como unos tres meses.
-¿Y sabe si ya lo reportaron?
-Yo lo reporté. Le tomé unas fotos y lo subí a la página del Sitren en redes sociales, pero es como si no hubiera pasado nada porque no hicieron nada, y la verdad que es muy lamentable porque si uno está pagando, pues que no se les olvide que el que paga manda, entonces que hagan algo por corregir esto.
La problemática es grave y representa sin duda un factor de riesgo que las autoridades han pasado por alto a lo largo de muchos días.
Igualmente, en los accesos hay muchos desperfectos en el piso que son otro factor de riesgo por la posibilidad de generar caídas a quién circule caminando por las guías en las que se supone hay adaptaciones para personas invidentes."
125,NTR Guadalajara,01-03-26,Detenido por robo de bicicleta del sistema Mi Bici,trafilatura,trafilatura,776,0.23,https://www.ntrguadalajara.com/post.php?id_nota=241490,,"Un hombre fue detenido en la colonia Moderna tras ser sorprendido desanclando y llevándose una bicicleta del sistema público ""Mi Bici"", gracias al monitoreo en tiempo real del C5 Guadalajara.
Elementos de la Comisaría de Seguridad Ciudadana de Guadalajara fueron alertados luego de que a través de las cámaras se detectara a un individuo manipulando una bicicleta que se encontraba asegurada en un bicipuerto de la zona.
Tras recibir las características vía radio, oficiales asignados a la vigilancia del sector localizaron al sujeto cuando circulaba a bordo del vehículo no motorizado, por lo que fue interceptado y asegurado.
El detenido, quien dijo llamarse Eduardo ""N"", de 41 años, fue puesto a disposición del Ministerio Público, que determinará su situación jurídica.
GR"
126,Mural,02-28-26,Llama Observatorio a reparar ciclovías,trafilatura,trafilatura,487,0.91,https://www.mural.com.mx/llama-observatorio-a-reparar-ciclovias/ar3160639,,"COMUNIDAD
02 MIN 00 SEG
Grupo REFORMA
Guadalajara, México (28 febrero 2026) .-05:00 hrs
Algunos tramos de las ciclovías de la Ciudad presentan baches, lo que genera un peligro para los usuarios. Crédito: Renee Pérez
El Observatorio Ciudadano de Movilidad y Transporte consideró como un avance positivo para la movilidad no motorizada en la Ciudad la ampliación del sistema de bicicletas públicas MiBici, anunciada por la Agencia Metropolitana de Infraestructura para la Movilidad (AMIM)."
127,El Occidental,02-21-26,Cada semana se revisan protocolos de seguridad de la Vía RecreActiva,trafilatura,trafilatura,362,0.32,https://oem.com.mx/eloccidental/local/cada-semana-se-revisan-protocolos-de-seguridad-de-la-via-recreactiva-28588294,,"Localsábado, 21 de febrero de 2026
Si es necesario modificar algún aspecto del paseo ciudadano-ciclista se hace para así garantizar la seguridad de los usuarios, señaló la presidenta municipal de Guadalajara, Verónica Delgadillo
LOCAL
Le encontraron el dispositivo oculto entre sus prendas de vestir
Estiman que al centro de Guadalajara asistirán 92 mil personas"
128,Meganoticias,02-19-26,"Bicicletas eléctricas de Mi Bici sí serán reguladas, asegura IMEPLAN",trafilatura,trafilatura,2083,0.32,https://www.meganoticias.mx/guadalajara/noticia/bicicletas-electricas-de-mi-bici-si-seran-reguladas-asegura-imeplan/710225,,"Movilidad
                                                                    
                                                Por:
                                                                    								Haremy Reyes
                    							 
                    							
Guadalajara
Fecha: 19-02-2026
                                        Guadalajara
Fecha: 19-02-2026
Aunque en la Ley de Movilidad del estado no existe formalmente la figura de bicicletas eléctricas, las nuevas unidades del sistema público Mi Bici sí contarán con regulación, particularmente en la velocidad y en su circulación por infraestructura ciclista, aseguró la titular de IMEPLAN, Patricia Martínez
""Estas tendrán regulada la velocidad para con ello poder garantizar mejores condiciones de seguridad, y deberán transitar preferentemente por la infraestructura ciclista. No toda la ciudad tiene infraestructura ciclista, pero donde sí está dispuesta, habrá que circular por estos espacios. En el caso de los patines eléctricos, pues entiendo, ya hay una iniciativa presentada ante el Congreso, y de igual manera, digo, en este momento los únicos que hay son privados, no están en el sistema público, pero la idea es que también su velocidad pueda estar regulada"".
Por otra parte, tras el llamado del gobernador de Jalisco, Pablo Lemus, para retomar el proyecto de una Agencia Metropolitana de Manejo de Residuos, Martínez Barba indicó que el acuerdo fue aprobado por mayoría en la Junta de Coordinación Metropolitana, aunque el municipio de San Pedro Tlaquepaque votó en contra.
""Tlaquepaque ya votó en contra, si en algún momento Tlaquepaque cambia de opinión y quiere adherirse a la agencia, presenta su solicitud ante el Instituto y se procede a darle trámite. Votó en contra, sin embargo, todos los demás municipios votaron a favor, por lo tanto, es un acuerdo por mayoría de la Junta"", señaló.
Con estos avances, el IMEPLAN busca fortalecer tanto la profesionalización en materia urbana como la regulación de nuevas modalidades de movilidad y la coordinación metropolitana en temas ambientales."
131,UDGTV,02-19-26,"Antes de que el sistema Mi Bici crezca, ""urge"" mejorar el mantenimiento de estaciones y unidades",trafilatura,trafilatura,2660,0.31,https://udgtv.com/noticias/observatorio-ciudadano-pide-mejorar-mantenimiento-mi-bici/305616,,"Guadalajara, Jalisco.
Es una buena noticia que el sistema de préstamos de bicicletas Mi Bici, crezca en los próximos meses, con bicis eléctricas, aseguró el Observatorio Ciudadano de Movilidad y Transporte.
Sin embargo, esa instancia pide que a la par de su expansión mejore en forma urgente el mantenimiento del sistema actual, ya que es muy frecuente que haya estaciones sin bicicletas, unidades ponchadas o descompuestas, dijo Jorge Barba, representante del Colectivo Pasos Blancos e integrante del Observatorio.
""Está dejando mucho que desear el sistema. Aquí lo vemos, hay una bicicleta, lleva dos horas así, esta esta estación con una sola bicicleta, pero si caminamos a la mas cercana, seguramente nos vamos a encontrar con un panorama similar, poca oferta de bicicletas.
Eso también es un asunto que hay que atacar. Cómo garantiza el gobierno que sí haya un adecuado balanceo y balanceo para que no suceda que llego y tengo que caminar a otra y resulta que tampoco hay y tenga que estar buscando una bicicleta"", dijo.
En un recorrido por cinco estaciones, la mañana de este jueves, se comprobó que ninguna tenía bicicletas en operación. Eso sucedió en las zonas de Mexicaltzingo y la zona del Expiatorio.
""Antes que pensar en ampliar el sistema de Mi Bici, lo que están pidiendo los colectivos integrados en este Observatorio es que se mejore el servicio cotidiano. Tenemos el ejemplo de esta estación en la calle de Madero al cruce con Camarena, a una cuadra del Expiatorio, que desde las 9.30 de la mañana (son ahorita las 12) está solo con una bicicleta, pero la que está aquí no está en operación.
Tenemos más de dos horas que no funciona y nadie puede usar el servicio. ¿De qué sirve que tengamos bicis eléctricas, si el servicio no funciona en el día a día?"".
- El Observatorio Ciudadano solicitó que las bicis públicas crezcan hacia Tonalá, o a Tlaquepaque, no solo en la zona centro de este municipio.
Jorge Barba señaló que el servicio de bicis eléctricas que funcionará a mitad de año estará muy caro.
""Mencionan que por el solo hecho de desanclar una bici eléctrica va a tener un costo extra de 10 pesos, además del costo de la membresía anual y que cada diez minutos habrá un costo de 10 pesos.
Eso es la parte negativa, o la parte que nosotros vemos como preocupante, ese modelo de cobro"", finalizó.
- Antes de que el sistema Mi Bici crezca, ""urge"" mejorar el mantenimiento de estaciones y unidades- 19 febrero, 2026
- Pide el Observatorio que no se condicione el subsidio en la tarifa a la obtención de la Tarjeta Única- 19 febrero, 2026
- La diputada Mónica Magaña responde ante señalamientos por tráfico de influencias- 18 febrero, 2026"
133,Públimetro,02-16-26,El AMG va por el sistema público de bicicletas más moderno de Latinoamérica: Pablo Lemus,trafilatura,trafilatura,2662,1.07,https://www.publimetro.com.mx/jalisco/2026/02/16/lemus-apunta-a-tener-el-sistema-publico-de-bicicletas-mas-moderno-de-latinoamerica/,,"El gobernador de Jalisco, Pablo Lemus Navarro, anunció que el sistema de bicicleta pública Mi Bici Pública seguirá creciendo, ahora con la incorporación de 960 unidades eléctricas antes del Mundial, como parte de la estrategia para fortalecer la movilidad en el Área Metropolitana de Guadalajara (AMG).
De la misma manera, durante la toma de protesta de la nueva presidenta de la Junta de Coordinación Metropolitana del Imeplan, se presentaron avances en proyectos de transporte, medio ambiente y planeación urbana, además de los logros alcanzados entre marzo de 2025 y febrero de 2026.
Más bicicletas y un sistema en expansión
El mandatario destacó que la meta es consolidar un sistema más amplio y moderno.
""Vamos a llegar a tener el sistema de bicicleta más completa"", subrayó, y señaló que, incluso, estará a la altura del sistema de bicicletas internacionales.
Con la llegada de estas bicicletas, el sistema alcanzará un total de nueve mil unidades, con cuatro mil 500 mecánicas y cuatro mil 500 eléctricas.
""Van a llegar para el Mundial 960 bicis eléctricas; la idea que tenemos es que antes de finalizar nuestra gestión vamos a llegar a tener el Sistema de Bicicleta Pública más moderno de Latinoamérica. Lo vamos a llevar al nivel de Nueva York o de París"".
Cambio en la coordinación metropolitana
En el marco de la sesión, el alcalde de Ixtlahuacán de los Membrillos, José Heriberto García Murillo, entregó la presidencia a la alcaldesa de Juanacatlán, Ana Rosa Vergara Ángel, quien destacó que su municipio se posiciona como el cuarto en recolección de desechos en los Puntos Verdes Metropolitanos (PVM).
Cabe señalar que durante la gestión que concluyó se aprobaron bases para un convenio contra la contaminación visual y auditiva, además de proyectar el Plan Maestro de Mi Bici para su crecimiento a 15 años. Asimismo, se reiteró la intención de continuar con proyectos como la conexión del transporte hacia el aeropuerto y el fortalecimiento de la agenda metropolitana rumbo al Mundial de 2026.
Proyectos de transporte en marcha
Sin embargo, los anuncios no se limitaron al sistema de bicicletas. También se adelantó que el sistema Mi Macro podría llegar al centro histórico de Tonalá antes de que concluya el año o a más tardar en febrero de 2027, extendiéndose hasta la avenida Tonaltecas y con conexión hacia la clínica 93 del IMSS.
""En 2026, tenemos 46 proyectos en distintos frentes. Sigamos trabajando juntas y juntos, porque el legado de la Junta de Coordinación Metropolitana es de todos"", finalizó el mandatario emecista.
No olvides seguirnos a través de nuestro canal de WhatsApp para recibir la actualización de nuestras últimas noticias."
134,El Informador,02-14-26,¿Qué velocidad alcanzan las bicicletas eléctricas de MiBici?,trafilatura,trafilatura,2079,0.42,https://www.informador.mx/jalisco/que-velocidad-alcanzan-las-bicicletas-electricas-de-mibici-20260214-0039.html,,"¿Qué velocidad alcanzan las bicicletas eléctricas de MiBici?
El esquema de MiBici contempla la incorporación de bicicletas eléctricas en su última actualización al catálogo
Así será el servicio de bici eléctrica de MiBici Pública. EL INFORMADOR / A. Navarro
El programa MiBici Pública incorporará un nuevo tipo de transporte a su larga flotilla de unidades en el írea Metropolitana de Guadalajara (AMG). De acuerdo con Antonio Martín del Campo, administrador general de la Agencia Metropolitana de Infraestructura para la Movilidad (AMIM), MiBici no solo contempla una ampliación de la cobertura en la ciudad, sino que también ofrecerá un nuevo servicio de bicicletas eléctricas.
Las bicicletas eléctricas, a diferencia de las exclusivamente mecánicas, permiten al usuario desplazarse sin estar en constante pedaleo, ya que cuentan con un motor eléctrico impulsado por una batería que permite a los usuarios descansar mientras se traslada.
¿Qué velocidad alcanzarán las bicicletas eléctricas?
En ese sentido, las nuevas bicicletas eléctricas que se incorporarán al esquema de MiBici podrán alcanzar hasta los 35 kilómetros por hora, aunque serán reguladas a 25 kilómetros por hora conforme a la normativa que ya se encuentra en análisis de las y los diputados del Congreso del Estado.
En total, se trata de 960 bicicletas eléctricas las que se integrarán a la red de MiBici como parte de una inversión que ronda los 200 millones de pesos.
Por último, cabe destacar que estas bicis eléctricas, a diferencia de las mecánicas, tendrán un costo por desanclaje de 10 pesos en cada uso. Así mismo, la ventana de tiempo de uso será de 10 minutos, a diferencia de los 30 minutos que provee la mecánica.
Como parte de la renovación que contempla MiBici Pública, el costo de la anualidad se actualizará a 600 pesos.
* * * Mantente al día con las noticias, únete a nuestro canal de Whatsapp * * *
OB
Recibe las últimas noticias en tu e-mail
Todo lo que necesitas saber para comenzar tu día
Registrarse implica aceptar los Términos y Condiciones"
135,El Informador,02-13-26,Lugares bonitos para andar en bici en Guadalajara este 14 de febrero,trafilatura,trafilatura,2709,0.25,https://www.informador.mx/jalisco/guadalajara-lugares-bonitos-para-andar-en-bici-este-14-de-febrero-20260213-0046.html,,"Lugares bonitos para andar en bici en Guadalajara este 14 de febrero
Una de las actividades favoritas de los tapatíos es recorrer Guadalajara en bicicleta, disfruta de esta actividad este 14 de febrero
Andar en bici es una actividad divertida para pasar este 14 de febrero en Guadalajara. EL INFORMADOR / ARCHIVO
Los paseos en bicicleta en Guadalajara son una tradición en la ciudad. Además de ser una actividad ideal para hacer ejercicio, los tapatíos no pierden la oportunidad de salir de su rutina y despejarse de la vida laboral para disfrutar de una tarde en bici por la Perla tapatía.
Lee también: ¿Qué tienen los ojos tapatíos?; una de las joyas de Guadalajara
Uno de los días favoritos de los tapatíos para disfrutar de esta actividad son los domingo de la ""Vía Recreactiva"". Cuya ruta más famosa va desde el Centro Histórico hasta la Minerva, entre otras que puedes conocer aquí.
¿Dónde andar en bici en Guadalajara?
Disfruta de esta actividad divertida en compañía de tu familia, amigos o pareja este 14 de febrero en Guadalajara. Aquí te dejamos una lista de los mejores lugares para pasear en bicicleta por Guadalajara.
La Minerva Guadalajara
La Minerva, en Guadalajara, es uno de los monumentos más emblemáticos de la bella Guadalajara. Es un lugar ideal para andar en bici con tus amigos o pareja para este día de San Valentín y, además, disfrutar de la hermosa vista que ofrece la ciudad.
Te puede interesar: ¿Hasta cuándo estará clausurada la terraza del Hotel Riu?
Glorieta Chapalita
Uno de los lugares más especiales para pasar el día en Guadalajara es la Glorieta Chapalita, especialmente este 14 de febrero. Aprovecha este hermoso espacio para tu paseo en bicicleta, que además es perfecto para la actividad. Los domingos puedes disfrutar del Jardín del Arte y de los deliciosos restaurantes que lo rodean.
Templo expiatorio
La tercera parada es el Templo expiatorio, conocido por la bella arquitectura de estilo neogótico y es reconocido como una de las mejores obras de este estilo en México. Es perfecto para una cita romántica, donde además puedes degustar de los exquisitos puestos de comida y disfrutar de un delicioso helado reposando en las jardineras.
Qué mejor manera que pasar este 14 de febrero en un paseo en bicicleta, para disfrutar de los bellos lugares que adornan a Guadalajara y en compañía de tu persona favorita. Regálense este 14 de febrero está experiencia, práctica, bonita y económica en la Perla Tapatía.
* * * Mantente al día con las noticias, únete a nuestro canal de WhatsApp * * *
AS
Recibe las últimas noticias en tu e-mail
Todo lo que necesitas saber para comenzar tu día
Registrarse implica aceptar los Términos y Condiciones"
136,El Informador,02-13-26,Presentan nuevas unidades eléctricas para MiBici; apuestan por ampliación,trafilatura,trafilatura,4992,0.41,https://www.informador.mx/jalisco/mibici-presentan-nuevas-unidades-electricas-apuestan-por-ampliacion-del-sistema-al-2030-20260213-0081.html,,"Presentan nuevas unidades eléctricas para MiBici; apuestan por ampliación
Como parte de la primera etapa, este 2026 se recibirán las primeras 960 bicicletas eléctricas y 100 estaciones con sistema de carga
El titular de la AMIM afirmó que la electromovilidad permitirá ampliar el rango de edad de los usuarios y avanzar hacia una mayor participación de mujeres. EL INFORMADOR/A. Navarro
Este viernes, la Agencia Metropolitana de Infraestructura para la Movilidad (AMIM) anunció la ruta de expansión para el sistema de bicicletas MiBici Pública de cara al 2030 en una primera etapa, además de presentar la incorporación de nuevas bicicletas eléctricas que comenzarán a operar este mismo año en el írea Metropolitana de Guadalajara (AMG).
En un evento llevado a cabo en el Museo Cabañas, el administrador general de la AMIM, Antonio Martín del Campo, explicó el plan que busca ampliar cobertura, modernizar el parque de bicicletas y diversificar el perfil de usuarios.
Te puede interesar: ""íjalas"": ¿Qué actividades habrá en Guadalajara por su aniversario 484?
En el marco de los 11 años del sistema, que inició en 2014, el funcionario refirió el crecimiento alcanzado hasta ahora: más de 36 millones de viajes acumulados, más de 205 mil registros de usuarios y un promedio diario de 12 mil traslados, distribuidos en 170 estaciones y más de cuatro mil bicicletas en Guadalajara, Zapopan y Tlaquepaque.
""El día de hoy es un día histórico. Porque el día de hoy el producto de bicicleta pública va a crecer, se va a modernizar. Tenemos un plan y una hoja de ruta muy clara al 2030 y al 2040. La meta al 2030 es pasar de 60 kilómetros cuadrados de cobertura a 115 kilómetros cuadrados; y al 2040 alcanzar 215 kilómetros cuadrados"", afirmó.
Martín del Campo explicó que para 2030, en su primera etapa, se proyecta llegar a 800 estaciones y ocho mil 650 bicicletas, de las cuales cuatro mil serán mecánicas y cuatro mil 650 eléctricas, con lo cual el sistema buscará colocarse a la par de modelos internacionales, como Washington, en Estados Unidos, y Montreal, en Canadá.
Revisa: ¿Cuánto cuesta la licencia de conducir en Jalisco en 2026?
Entre las colonias que se verán beneficiadas en esta primera etapa de expansión con miras al 2030, se contemplan algunas al Oriente, como San Juan Bosco, Oblatos y San Andrés; también en colonias como Constitución, Providencia, Puerta del Bosque, Plaza del Sol y Del Fresno.
En una segunda etapa, se beneficiará a colonias como Santa Margarita, Lomas de Zapopan, Rancho Nuevo, Santa Cecilia, El Rosario, El ílamo y la zona del Parque Metropolitano, entre otras.
Como parte de la primera etapa, dijo, este 2026 se recibirán las primeras 960 bicicletas eléctricas y 100 estaciones con sistema de carga, cuya instalación iniciará en el mes de abril próximo para comenzar operaciones de las mismas en el mes de junio.
Por otra parte, dijo, las cuatro mil bicicletas con que se cuenta actualmente recibirán ""mantenimiento mayor en componentes"" como puños, asientos, sistemas de frenado, rodamientos y transmisión.
No te pierdas: Sí habrá Festival GDLuz este 2026, pero cambia de fecha; ¿Cuándo será?
""Esta bicicleta (eléctrica) permite tener una mayor autonomía. Te permite tener una autonomía de 55 kilómetros con una sola carga. Hoy en día nuestros viajes duran 12 minutos y recorren tres kilómetros; con esta bicicleta vamos a poder recorrer más kilómetros en menos tiempo. Estamos planeando poder llegar a cuatro kilómetros en 10 minutos"", afirmó Antonio Martín del Campo.
El titular de la AMIM afirmó que la electromovilidad permitirá ampliar el rango de edad de los usuarios y avanzar hacia una mayor participación de mujeres, actualmente ubicada en 30%.
""Actualmente, nuestro rango de edades es entre 24 y 34 años en promedio. Con esto vamos a poder llegar a gente más joven, pero también a gente mayor de 34 años. Y lo más importante: vamos a poder llegar a más mujeres. El 70% de los usuarios en otras ciudades prefieren una bicicleta eléctrica contra una mecánica. Hoy el 30% de nuestros usuarios son mujeres y queremos llegar a un 50-50"", dijo.
Por último, Martín del Campo anunció el arranque de un programa piloto con 37 bicicletas eléctricas de renta ampliada para operar en distintos municipios metropolitanos y reconoció el papel de quienes utilizan el sistema cotidianamente.
""Porque los usuarios son los que día a día mantienen este sistema vivo. Son los que deciden bajarse del auto y moverse y pedalear por nuestra ciudad en bicicleta. Son los que hacen que tengamos un aire más limpio, menos tráfico y una mejor ciudad"", finalizó el funcionario.
Lee también: Sheinbaum descarta ataque directo contra familia Aguilar en Zacatecas
* * * Mantente al día con las noticias, únete a nuestro canal de WhatsApp * * *
MB
Recibe las últimas noticias en tu e-mail
Todo lo que necesitas saber para comenzar tu día
Registrarse implica aceptar los Términos y Condiciones"
137,El Informador,02-13-26,MiBici ajusta anualidad a 600 pesos; modalidad eléctrica costará 10 por desanclaje,trafilatura,trafilatura,2775,0.39,https://www.informador.mx/jalisco/mibici-ajusta-anualidad-a-600-pesos-modalidad-electrica-costara-10-por-desanclaje-20260213-0171.html,,"MiBici ajusta anualidad a 600 pesos; modalidad eléctrica costará 10 por desanclaje
Este ajuste forma parte de su expansión y cobertura en el írea Metropolitana de Guadalajara
Las bicicletas eléctricas podrán alcanzar hasta los 35 kilómetros por hora. EL INFORMADOR/A.NAVARRO
El programa MiBici Pública entrará en una nueva etapa con la incorporación de bicicletas eléctricas y un ajuste en su esquema de cobro, en el marco del plan de crecimiento que contempla mantenimiento integral a la flota actual y ampliación de cobertura en el írea Metropolitana de Guadalajara, informó este viernes Antonio Martín del Campo, administrador general de la Agencia Metropolitana de Infraestructura para la Movilidad (AMIM).
Detalló que el sistema mantendrá su modalidad mecánica con las mismas condiciones de uso, mientras que la eléctrica incorporará un esquema diferenciado para su operación: ""El costo de la anualidad son 600 pesos, recordar, lo teníamos en 496 pesos. Sube a 600 pesos anual y la modalidad en la mecánica sigue siendo la misma, 30 minutos. No hay un costo por el desanclaje"", comentó.
LEE: ¿Cuáles son los municipios de Jalisco por los que pasará el Tren México-Guadalajara?
Sin embargo, dijo las bicis eléctricas tendrán un costo ""por desanclaje"" de 10 pesos. ""Y tendrás una ventana de tiempo de 10 minutos para que la puedas usar en la misma modalidad. Solamente hay un costo por el desanclaje de los 10 pesos"", señaló.
El titular de la AMIM explicó que actualmente el sistema cuenta con cuatro mil bicicletas, las cuales recibirán mantenimiento profundo que incluye ajustes en transmisión, rodamientos y sistema de frenado, acordado tras diversas mesas de trabajo con usuarios en distintos puntos de la Metrópoli.
TAMBIíN LEE: Rehabilitan tramo de Carretera Guadalajara-Morelia
A ellas, dijo se integrarán las 960 bicicletas eléctricas como parte de una inversión que ronda los 200 millones de pesos, que contemplan además la colocación de estaciones, mantenimiento y puesta a punto, como parte del fortalecimiento operativo previsto para este año.
Martín del Campo señaló que el crecimiento del sistema será gradual rumbo a 2030, con una meta de nueve mil bicicletas y expansión de cobertura de 60 a 115 kilómetros cuadrados, bajo un proceso de socialización con colonias y usuarios para definir ubicaciones estratégicas.
Añadió que las bicicletas eléctricas podrán alcanzar hasta los 35 kilómetros por hora, aunque serán reguladas a 25 kilómetros por hora conforme a la normativa que ya se encuentra en análisis de las y los diputados del Congreso del Estado.
YC
Recibe las últimas noticias en tu e-mail
Todo lo que necesitas saber para comenzar tu día
Registrarse implica aceptar los Términos y Condiciones"
139,Cronica Jalisco,01-28-26,Autoridades anuncian cierres viales por la Vía Nocturna,trafilatura,trafilatura,614,1.01,https://www.cronica.com.mx/jalisco/2026/01/28/autoridades-anuncian-cierres-viales-por-la-via-nocturna/,,"La Dirección de Movilidad y Transporte de Zapopan anunció este miércoles que para mañana jueves 29 de enero habrá cierres viales, debido a la primera rodada de ciclismo ""Vía Nocturna.
El contingente circulará desde el Parque de las Niñas y los Niños y tendrá como ruta:
- Boulevard Panamericano
- Avenida Doctor Luis Farah
- Avenida José Simeon de Urias
- Avenida Venustiano Carranza
- Avenida Juan Pablo ll
- Avenida Tesistán
- Avenida Hidalgo
- Avenida Manuel Ávila Camacho
Permanecerán cerradas las vialidades de 9 a 11:59 de la noche, se habilitará la vía conforme avance el contingente.
La Crónica de Hoy 2026"
140,Página 24 Jalisco,01-26-26,Señalan Inseguridad en Vía RereActiva de Guadalajara,trafilatura,trafilatura,1500,0.7,https://pagina24jalisco.com.mx/2026/01/26/local/senalan-inseguridad-en-via-rereactiva-de-guadalajara/,,"Presenta Baja Afluencia
""Sí he Sabido que hay Robos… Antes Había Muchos Policías por Todos Lados, y Como te Puedes dar Cuenta ya no""
Por Rafael Hernández Guízar
La Vía RecreActiva de Guadalajara lució ayer bastante desangelada al Oriente de la ciudad. La avenida Javier Mina presentaba muy poca gente. Durante un recorrido por el sitio y, de acuerdo con usuarios, en gran medida se debe a la inseguridad que se ha presentado paulatinamente.
A diferencia de domingos meses atrás, en esta ocasión pudimos percibir muy poca participación de la gente. Entrevistados por este reportero, algunos de los asistentes coincidieron en que efectivamente hay poca seguridad en la zona.
""Pues sí he sabido que hay robos, y eso está mal porque se supone que esto es algo familiar, y antes había muchos policías por todos lados, y como te puedes dar cuenta ya no, no sé a qué se deba, pero obviamente eso hace que uno pues no confíe y no tenga muchas ganas de venir"", dijo uno de los ciudadanos entrevistados.
""Pues la gente poco a poco ha dejado de venir, al grado de que vemos que hoy hay muy poca gente, también porque no hay muchas opciones de comercio y esas cosas"", dijo uno de los encargados de regular el paso de usuarios y vehículos que cruzan la Vía RecreActiva, quien prefirió no revelar su nombre.
La Vía se instala sobre avenidas principales a lo largo de una gran parte de la ciudad, incluyendo los municipios de Guadalajara y Zapopan, incluso por algunas arterias viales que incluyen pasos a desnivel."
141,Mural,01-23-26,Sortean baches ¡en ciclovías! de la Colonia Americana,trafilatura,trafilatura,525,0.98,https://www.mural.com.mx/sortean-baches-en-ciclovias-de-la-colonia-americana/ar3140245,,"Sortean baches ¡en ciclovías! de la Colonia Americana
02 MIN 00 SEG
Paulina Fonseca
Guadalajara, México (23 enero 2026) .-05:00 hrs
Sobre la Avenida Hidalgo se detectó un tope justo a la mitad de la vía. Crédito: Renee Pérez
En la ciclovía de Avenida La Paz hay un extenso bache que se convierte en un peligro para quienes transitan en ella. Crédito: Renee Pérez
Baches, daños en bolardos y topes son algunos de los obstáculos que los ciclistas deben sortear a diario en las ciclovías de la Colonia Americana, en Guadalajara."
142,El Informador,01-18-26,Retiran temporalmente la estación de MiBici del Centro de Tlaquepaque por obras,trafilatura,trafilatura,2247,0.31,https://www.informador.mx/jalisco/tlaquepaque-retiran-temporalmente-la-estacion-de-mibici-del-centro-por-obras-20260118-0058.html,,"Retiran temporalmente la estación de MiBici del Centro de Tlaquepaque por obras
La alcaldía afirmó que una vez concluidas las obras en el cruce de Hidalgo y 5 de Mayo, la estación de Mi Bici será reinstalada en el mismo punto
Los usuarios de MiBici podrán entregar y tomar bicicletas en estaciones cercanas. ESPECIAL/GOBIERNODEJALISCO
Este domingo 18 de enero, el ayuntamiento de Tlaquepaque dio a conocer que, debido a los trabajos de mejoramiento urbano que se llevan a cabo en la calle Hidalgo, en el centro histórico y corazón del Pueblo Mágico, la estación del sistema Mi Bici ubicada en el cruce de Hidalgo y 5 de Mayo permanecerá inhabilitada durante cuatro días.
Lee también: Jalisco registra cerca de 2 millones de cambios de propietario de vehículos en 2025
Los usuarios podrán entregar y tomar bicicletas en estaciones cercanas
La estación será retirada mañana, lunes 19, y hasta el próximo jueves 22 de enero, periodo en el que se llevarán a cabo labores de remozamiento en la zona como parte de un proyecto impulsado por el Gobierno Municipal de San Pedro Tlaquepaque, detalló.
Durante estos días, las personas usuarias podrán entregar y tomar bicicletas en estaciones cercanas, localizadas a pocas cuadras del punto intervenido. Las estaciones alternativas disponibles son: Juárez y Progreso; Obregón y Donato Guerra; Emilio Carranza y Zaragoza.
Te puede interesar: Regresa al Bosque La Primavera la venada cola blanca rescatada
La estación de Mi Bici será reinstalada en el mismo punto
La alcaldía afirmó que una vez concluidas las obras en el cruce de Hidalgo y 5 de Mayo, la estación de Mi Bici será reinstalada en el mismo punto, en coordinación con el Gobierno del Estado de Jalisco.
""Cabe señalar que la calle Hidalgo es una de las principales vialidades de acceso a la estación Tlaquepaque Centro de la Línea 3 del Tren Ligero, por lo que los trabajos buscan mejorar la movilidad y el entorno urbano de esta zona de alta afluencia"", finalizó la autoridad municipal.
* * * Mantente al día con las noticias, únete a nuestro canal de WhatsApp * * *
AS
Recibe las últimas noticias en tu e-mail
Todo lo que necesitas saber para comenzar tu día
Registrarse implica aceptar los Términos y Condiciones"
143,NTR Guadalajara,01-14-26,Mi Bici operará con sistema mixto de tarjetas,trafilatura,trafilatura,1508,0.35,https://www.ntrguadalajara.com/post.php?id_nota=239452,,"Con la implementación de la tarjeta única para el sistema de transporte público de Jalisco, el sistema de Mi Bici confirmó a NTR que operará con un modelo mixto de tarjetas, dado que seguirán vigentes las actuales sin que sea obligatorio migrar a la nueva.
En una ficha informativa, la Agencia Metropolitana de Infraestructura para la Movilidad (AMIM), de la que depende Mi Bici, mencionó que no será obligatorio que los usuarios actuales del sistema vinculen se cuenta a la tarjeta única, podrán seguir usando la tarjeta de Mi Movilidad actual.
""Las tarjetas verdes actuales de Mi Movilidad también seguirán funcionando para Mi Bici"", mencionó la autoridad, y agregó que ""la tarjeta única Al Estilo Jalisco también podrá ser utilizada para el Sistema de Bicicletas Públicas Mi Bici, esta cuenta con un ID de tarjeta de movilidad en la parte de atrás para que los usuarios puedan vincular su membresía al sistema"".
Si algún usuario quiere hacer la vinculación a la tarjeta única, se podrá realizar, para esto, habría que acudir a las oficinas de Mi Bici ubicadas en Avenida Federalismo 403, también pueden buscar más información a través de las redes sociales del organismo.
Eso sí: la AMIM precisó que Mi Bici no tiene ni tendrá tarjetas propias y se encuentran inmersos en el sistema que la Secretaría de Transporte (Setran) disponga, por lo que si la Setran deja de vender las tarjetas actuales y sólo ponen a disposición la única en un futuro, los nuevos usuarios tendrían que adecuarse a ese sistema.
jc"
145,Página 24 Jalisco,05-01-26,Agujero Convierte Ciclovía en Trampa Mortal,trafilatura,trafilatura,1993,0.49,https://pagina24jalisco.com.mx/2026/01/05/local/agujero-convierte-ciclovia-en-trampa-mortal/,,"Ayuntamiento Ignora Denuncias Vecinales Desde Hace Medio año
Un hoyo que desde hace más de medio año bloquea la ciclovía de la calle Ramón Morales obliga a ciclistas a invadir el arroyo vehicular y pone en riesgo su vida, mientras el ayuntamiento de Guadalajara, pese a múltiples denuncias vecinales, permanece indiferente
Por Rafael Hernández Guízar
Un hoyo que amenaza con crecer corta el paso a los ciclistas en la ciclovía ubicada en la calle Ramón Morales, al cruce con la calle 32, en el oriente de Guadalajara.
A solo tres cuadras del Centro Médico de Occidente del Instituto Mexicano del Seguro Social (IMSS), un socavón que abarca el ancho total de la ciclovía obliga a los ciclistas a frenar y descender al arroyo vehicular para continuar su camino.
Aunque el problema ya fue reportado a las autoridades municipales, el ayuntamiento tapatío ha hecho oídos sordos.
""Esto ya tiene más de medio año y, como usted ve, ya está todo lleno de basura y es un peligro para la gente que camina por aquí. No es justo que esté todo maltratado, y además el montón de ratas salen de aquí"", dijo una vecina entrevistada que prefirió el anonimato. Agregó que ya se han registrado varios accidentes en el lugar, pues el hecho de que los ciclistas tengan que abandonar el carril confinado y reincorporarse al arroyo vehicular en una calle tan transitada ha generado riesgos de atropellamiento.
""Aquí vienen los ciclistas y se tienen que bajar al arroyo vehicular, y ese es el peligro. Nosotros lo que queremos decir a las autoridades es que son muy buenos para cobrar, pero malos para dar servicios. Que se pongan las pilas, esperemos que nos volteen a ver"".
En este sitio urge la intervención de la administración pública del ayuntamiento de Guadalajara, encabezado por la presidenta municipal Verónica Delgadillo.
Vecinos aseguran que han presentado al menos cinco reportes, tanto en físico como a través de redes sociales, desde hace seis meses, pero la respuesta ha sido siempre la misma: ninguna."
146,Lider 919,05-01-26,Sumará más de 900 bicicletas eléctricas a Mi Bici,trafilatura,trafilatura,1077,0.46,https://lider919.com/sumara-mas-de-900-bicicletas-electricas-a-mi-bici/,,"El aumento de 21% en la anualidad de Mi Bici se debe a que el programa tendrá una reestructuración con introducción de más de 900 bicicleta eléctricas, argumentó Luis García Sotelo, secretario de hacienda del Estado.
""Mi Bici, hay un incremento de la cuota anual nada más que Mi Bici va a ser eléctrica; 960 bicicletas eléctricas ya las compramos, esas van a estar entonces, vamos a tener 100 estaciones de carga nuevas; vamos a tener una ampliación del sistema de Mi Bici y claro que vamos a llegar a lugares donde nos llegábamos"", dijo.
Añadió que la intención de que durante la administración estatal se alcance la cobertura de Mi Bici en toda el Área Metropolitana de Guadalajara. La suscripción temporal de un día es de 120 pesos, tres días 230 pesos o siete días por 400 pesos.
La suscripción incluye viajes ilimitados de menos de 30 minutos, acceso a 4,057 bicicletas y 368 estaciones ubicada en el Área metropolitana de Guadalajara, Liberación de bicicletas únicamente a través de las estaciones, aplicación móvil o página web. Seguro de gastos médicos que es limitado."
147,El Informador,04-01-26,Primera Vía RecreActiva nocturna y sus actividades reúnen a 150 mil personas,trafilatura,trafilatura,2377,0.4,https://www.informador.mx/jalisco/bien-de-noche-primera-via-recreactiva-nocturna-y-sus-actividades-reunen-a-150-mil-personas-20260104-0098.html,,"Primera Vía RecreActiva nocturna y sus actividades reúnen a 150 mil personas
Este sábado la temática fue alusiva a los Reyes Magos, por lo que algunos participantes acudieron disfrazados
Con éxito se celebró la primera edición del año del Festival Bien de Noche. GOBIERNO DE GUADALAJARA
Guadalajara arrancó el 2026 con una noche de convivencia, alegría y apropiación del espacio público, al celebrarse la primera edición del año de Bien de Noche, que contempló la reslización de la primera Vía RecreActiva norturna del año y diversas actividades que reunieron a más de 150 mil asistentes.
Este sábado la temática fue alusiva a los Reyes Magos, por lo que algunos participantes acudieron con disfraces alusivos a estos personajes legendarios, informó la alcaldía tapatía en un comunicado.
LEE: ¡Rosca gratis en Guadalajara! El Ayuntamiento tapatío celebrará el Día de Reyes
""Niñas y niños aprovecharon el espacio seguro para disfrutar de sus regalos navideños como bicicletas, patines y patinetas, llenando el Paseo Alcalde, la avenida Juárez y la explanada del Santuario, de risas y diversión"", afirmó.
A partir de las 19:00 horas, la avenida Juárez-Vallarta fue cerrada a la circulación para dar paso a la primer Vía RecreActiva nocturna, la cual comprendió de la Calzada a la Minerva; en este tramo hubo diversas actividades y conciertos para el disfrute de los asistentes, dijo el comunicado.
Además, en el Paseo Alcalde se colocaron escenarios donde artistas urbanos pudieron expresarse y demostrar sus talentos.
Aunado a estas actividades, los museos ubicados en el Centro Histórico extendieron su horario hasta las 23:00 horas, mientras que los templos como la Catedral y El Santuario, ofrecieron recorridos turísticos y sus fachadas sirvieron para la proyección de videomapping, dijo la alcaldía tapatía.
Además, en el Paseo Alcalde y Jesús García, se realizó la tradicional partida de rosca, que reunió a decenas de familias.
Todo el festival estuvo resguardado por elementos de la Policía de Guadalajara y de la Coordinación Municipal de Gestión Integral de Riesgos, Protección Civil y Bomberos, quienes garantizaron la seguridad de los asistentes, afirmó la autoridad municipal.
EE
Recibe las últimas noticias en tu e-mail
Todo lo que necesitas saber para comenzar tu día
Registrarse implica aceptar los Términos y Condiciones"
148,El Occidental,03-01-26,Guadalajara cuarto lugar en AL como ciudad más amigable con la bici,trafilatura,trafilatura,268,0.55,https://oem.com.mx/eloccidental/local/guadalajara-cuarto-lugar-en-al-como-ciudad-mas-amigable-con-la-bici-27486603,,"Localviernes, 2 de enero de 2026
índice Copenhagenize 2025 ubica a Guadalajara como la ciudad más amigable con la bicicleta en México.
LOCAL
Le encontraron el dispositivo oculto entre sus prendas de vestir
Estiman que al centro de Guadalajara asistirán 92 mil personas"
149,Notisistema,02-01-26,Primera Vía RecreActiva Nocturna será este sábado 3 de enero,trafilatura,trafilatura,582,0.2,https://www.notisistema.com/noticias/primera-via-recreactiva-nocturna-sera-este-sabado-3-de-enero/,,"El Gobierno de Guadalajara realizará este sábado 3 de enero la primera edición de 2026 del festival ""Bien de Noche"", con temática de Reyes Magos.
De 19:00 a 23:00 horas se habilitará la Vía RecreActiva nocturna, de La Minerva a Calzada Independencia.
Museos como Panteón de Belén, el de la Ciudad y la Casa de los Perros extenderán horarios, mientras que la Catedral de Guadalajara ofrecerá recorridos y videomapping.
En Paseo Alcalde habrá partida de rosca a las 20:00 horas.
Autoridades prevén cierres nocturnos en Avenida Juárez–Vallarta y recomendaron tomar precauciones viales."
150,Guadalajara,02-01-26,Es Guadalajara ciudad amigable con la bici; está en cuarto lugar en América Latina,playwright,playwright,3466,6.07,https://guadalajara.gob.mx/noticia/es-guadalajara-ciudad-amigable-con-la-bici-esta-en-cuarto-lugar-en-america-latina,,"Publicado por: Gobierno de Guadalajara

En el índice Copenhagenize 2025, Guadalajara se posicionó como la ciudad más amigable con la bicicleta en México.

A nivel latinoamericano, la perla tapatía se ubicó en el cuarto lugar, superando a ciudades como Buenos Aires y Santiago de Chile.

En el ranking mundial, la capital de Jalisco se situó en el puesto 73 de 100 ciudades de 44 países evaluados

Guadalajara es una ciudad amigable con la bicicleta. De acuerdo con el índice Copenhagenize 2025, la capital de Jalisco es la que mejor infraestructura y políticas públicas tiene para el uso de la bicicleta en México y se sitúa en el cuarto lugar en América Latina.

Saúl González Ramírez, director de Movilidad y Transporte del Ayuntamiento de Guadalajara, explicó que este índice evalúa los criterios para determinar qué tan amigables son las ciudades con las personas usuarias de la bicicleta.

""Estos criterios son, básicamente, el marco institucional, es decir, la política pública y todo lo que existe en leyes y reglamentos para promover el uso de la bicicleta; la conexión y disponibilidad de ciclovías, y la cantidad de personas usuarias, que son aquellas cuya principal forma de moverse es la bicicleta"", comentó González Ramírez.

El Índice Copenhagenize analiza tres bloques fundamentales: el marco institucional, la conexión y disponibilidad de ciclovías, y el número de personas que utilizan la bicicleta como medio principal de transporte.

""Estos criterios nos ayudan a entender dónde estamos y qué áreas necesitamos mejorar"", afirmó el funcionario municipal.

De enero a noviembre de 2025, en Guadalajara se han registrado más de un millón 400 mil viajes en bicicleta en la Ciudad.

El índice Copenhagenize evaluó a 100 ciudades de 44 países del mundo, donde Guadalajara destacó al ser la única ciudad mexicana en quedar entre las primeras cinco a nivel latinoamericano, superando a la Ciudad de México, Buenos Aires o Chile.

Uno de los principales desafíos que enfrentan las ciudades es la distribución equitativa del espacio público entre automóviles, bicicletas y peatones, destacó González Ramírez.

""El reto está en cómo repartimos el espacio para que todos los usuarios tengan acceso y seguridad"", indicó el director.

González Ramírez también destacó que fomentar el uso de la bicicleta no solo beneficia al medio ambiente al reducir la contaminación, sino que también promueve la salud pública.

""La movilidad activa contribuye a disminuir problemas de sobrepeso y enfermedades cardiovasculares, lo cual tiene un impacto positivo en la calidad de vida de los ciudadanos"".

Las aplicaciones digitales, agregó, juegan un papel crucial en la promoción del uso de la bicicleta, pues facilitan el desplazamiento al ofrecer mapas y recomendaciones de rutas seguras, permitiendo a los usuarios planificar sus trayectos de manera eficiente.

Para mantener y mejorar esta posición como amigable con la bicicleta, González Ramírez enfatizó la necesidad de seguir ampliando y conservando la infraestructura ciclista, así como educar a los ciudadanos sobre la importancia de la seguridad vial al utilizar la bicicleta.

""Es fundamental que todos los usuarios de la vía respeten las normas y colaboren en la convivencia segura"".

Este reconocimiento representa un compromiso tanto para el Gobierno de Guadalajara como para la ciudadanía en la búsqueda de ciudades más sostenibles y seguras.

Audio:https://we.tl/t-ApTGBXLBweVideo:https://we.tl/t-HJKG7m6IQC"
151,Notisistema,02-01-26,Durante 2025 murieron 13 ciclistas en percances viales en Jalisco,trafilatura,trafilatura,882,0.12,https://www.notisistema.com/noticias/durante-2025-murieron-13-ciclistas-en-percances-viales-en-jalisco/,,"Durante 2025, un total de 13 ciclistas perdieron la vida en percances viales registrados en Jalisco, de acuerdo con el recuento del colectivo Bicicleta Blanca, organización que documenta de manera sistemática los hechos fatales relacionados con personas que se trasladan en bicicleta.
De acuerdo con la estadística del colectivo, la cifra correspondiente al año que concluyó representa una reducción del 18 por ciento en comparación con 2024, periodo que cerró con 16 muertes de ciclistas.
El último caso registrado el año pasado ocurrió el 17 de noviembre, en el cruce de avenida Santa Margarita y Santa Mónica, en Zapopan.
En ese punto, un adolescente que conducía un automóvil a exceso de velocidad embistió a dos personas que circulaban en una bicicleta, un adulto y un menor, quienes murieron de manera instantánea tras ser proyectados por el impacto. (Por Edgar Flores Maciel)"
