Unnamed: 0,medio,fecha,titulo,nivel,estado,chars,segundos,url_final,error,texto
0,Pagina 24 Jalisco,12-24-22,Reiteran exigencia de reubicar ciclovía,trafilatura,trafilatura,2129,0.86,https://pagina24jalisco.com.mx/2022/12/24/local/reiteran-exigencia-de-reubicar-ciclovia/,,"Vecinos de avenida Guadalupe lamentan actitud omisa de Juan Frangie
Por Rafael Hernández Guízar
Vecinos de colonias que se ubican sobre la avenida Guadalupe, en Zapopan reclamaron de nueva cuenta a las autoridades municipales la persistencia de la ciclovía.
Se dijeron muy decepcionados de Juan José Frangie pues sólo les dio largas para escuchar sus peticiones con la intención de reubicar la ciclovía a la servidumbre de la avenida y así liberar de nuevo un carril de circulación en esta tan congestionada vía.
""Estamos muy molestos con él, nomás nos dio como dicen, atole con el dedo, dijo que se iba a poner a trabajar con nosotros que porque había que valorar la ciclovía y le demostramos que ya desde antes estaba trazado aquí una ciclovía pero por lo que es la servidumbre de la banqueta porque son más de 10 metros, y la gente no la usan, no necesitamos que sea estacionamiento de negocios o de la gente, no, que sirva para eso, para que ahí pongan la ciclovía y que liberen un carril de circulación como estaba, antes de que pusieran esto porque ahora es ya una locura lo que pasa aquí, ya no se puede ni pasar"", dijo Ramiro Delgado, uno de los vecinos entrevistados.
""Esta es la única avenida que cruza el Periférico, y ya de aquí no hay otra hasta Mariano Otero, y eso hace que sean miles de carros los que tienen que pasar por aquí, entonces no sé qué es lo que están pensando, y está demostrado que no sirvió de mucho que haya ciclovía porque aquí lo que se necesita no es que quiten un carril para los carros y los camiones, aquí lo que se necesita es que haya manera de trasladarse rápido, y que usen la servidumbre, porque termina siendo estacionamiento de los negocios, de la gente que tiene casas grandes, entonces pues no es justo, dónde está el beneficio de las mayorías, aquí es todo siempre hacerle caso a las minorías, es una ocurrencia, es un gobierno de ocurrencias como en todos lados"".
Desde el año pasado que se instaló la ciclovía, el tráfico por esta avenida ha sido descomunal, de hecho es imposible transitar en horas pico que se han extendido hasta a tres horas por la mañana y tres por la noche."
2,NTR Guadalajara,12-17-22,Entregan ciclovía de Chapala-Jocotepec,trafilatura,trafilatura,584,0.36,https://www.ntrguadalajara.com/post.php?id_nota=191512,,"La ciclovía de Chapala Jocotepec de 24.6 kilómetros une a ambos poblados a lo largo de su trayecto por la orilla del Lago de Chapala.
La inversión fue de 214 millones de pesos y tardaron tres años en concluirla.
El gobernador Enrique Alfaro y el alcalde de Chapala, Alejandro de Jesús Aguirre Curiel, la recorrieron para inaugurarla y constatar que todo estuviera bien.
""Hoy finalmente la vamos a recorrer completa, a ver si aguantamos mi presi, a echarle pedalazos"", aseveró.
También se inauguró el Centro para la Cultura y las Artes de la Ribera ""Estación Cardinal de la Ribera"".
EH"
3,NTR Guadalajara,12-08-22,Esperan conectividad para nueva ciclovía de Alcalde,trafilatura,trafilatura,968,0.21,https://www.ntrguadalajara.com/post.php?id_nota=191089,,"Ciclistas piden que la nueva ciclovía que el Municipio tapatío construye como parte de los trabajos de ampliación de Paseo Alcalde se conecte de manera segura con el resto de las vías ciclistas.
La infraestructura, que corre por la banqueta, aún no está terminada, pero desde ya usuarios de la bicicleta solicitaron que se conecte de manera segura con el resto de las ciclovías de Paseo Alcalde, que van de la calle Libertad hasta la glorieta La Normal.
En pláticas con usuarios del programa MiBici, la mayoría coincidió en que se debe considerar extender las ciclovías a la zona de los Dos Templos, pues actualmente no tiene.
De acuerdo con el último reporte emitido por el gobierno de Guadalajara, la ampliación del paseo tiene un avance de entre 80 y 85 por ciento.
Los ciclistas consultados también pidieron que antes de que se concluyan los trabajos del paseo se instalen separadores en la ciclovía para que sea respetada por peatones y se eviten accidentes.
jl/I"
6,El Occidental,12-06-22,Proyectan más tramos de ciclovía en Guadalajara,trafilatura,trafilatura,1444,0.81,https://oem.com.mx/eloccidental/local/proyectan-10-tramos-ciclistas-mas-en-distintas-vialidades-de-guadalajara-15900360,,"Localmartes, 6 de diciembre de 2022
Ocho de cada 10 ciclistas usan la bicicleta como medio de transporte para ir al trabajo
LOCAL
Tanto vecinos, como personas de colonias aledañas que utilizan la vialidad, afirman que urge atención por parte de autoridades
El organismo revisará el tramo entre San Gaspar y Periférico para detectar otros puntos vulnerables; en 2025 se localizaron dos afectaciones en la misma vialidad
Laura Imelda Pérez hablo de las inversiones en infraestructura en diversas colonias y los programas sociales, pero evitó hablar de las vialidades del municipio con destrozos en el pavimento
Las autoridades recomendaron evitar los puntos afectados y atender las indicaciones del personal de emergencia
Las tormentas se desarrollarían en los alrededores del Área Metropolitana de Guadalajara, principalmente hacia el sur y el este.
El legislador morenista detalló que los recursos están destinados además a carreteras, mantenimiento, infraestructura y dar certeza jurídica a inversionistas
Con esta acción que realizaron decenas de familias de empresas tequileras y personal del Gobierno del Estado se plantaron 400 pinos
Mirza Flores acusa a Morena de ""grillar"" y lucrar políticamente con el tema del agua
Destacó que en ese municipio su administración invirtió más de 150 millones de pesos en el periodo 2025-2026 en obras de alto impacto para sus habitantes
El delito por el que fue denunciado Eduardo N, es por acoso sexual"
8,Trafico ZMG,12-06-22,Instalan ciclovía sin protección ni conectividad,trafilatura,trafilatura,1586,1.01,https://traficozmg.com/2022/12/instalan-ciclovia-sin-proteccion-ni-conectividad/,,"Instalan ciclovía sin protección ni conectividad
Con la renovación de la calle Hospital en el tramo que va de Alcalde y hasta la calle Belén, en la Zona Centro de Guadalajara, las autoridades inventaron una nueva ciclovía, misma que apenas si abarca tres cuadras y no conecta con ninguna otra vía ciclista para ayudar a quienes viajan con movilidad no motorizada.
Sin la menor protección ni señalética adecuada para garantizar la seguridad de los ciclistas, así permanece esta ciclovía, misma que se creó hace algunos meses cuando la calle Hospital fue objeto de una profunda renovación.
Si bien la vía es utilizada por cientos de ciclistas todos los días, ésta no ofrece las opciones de tránsito seguro como la división del carril que pueda separar el arroyo vehicular de los ciclistas, como sí ocurre en muchas otras que se han instalado en la Zona Metropolitana de Guadalajara (ZMG).
No conforme con ello, esta ciclovía se inventó por únicamente un tramo de tres cuadras, en donde por cierto además de casi mezclar vehículos con bicicletas, se sigue tolerando el estacionamiento de automovilistas, lo que deja un espacio de apenas centímetros para que los ciclistas pueden circular por ella.
Esta ciclovía inicia antes de la avenida Alcalde y concluye en la calle Belén, justo en las inmediaciones del Hospital Civil Viejo. No conduce a ningún lado y ciclistas que la usan todos los días, piden a las autoridades las medidas mínimas de seguridad para poder circular sin temor, y que la ciclovía cumpla con su función de ser una vía libre y adecuada para la movilidad en bicicleta.
AM"
9,NTR Guadalajara,12-04-22,"Tráileres y transporte público, mortales para ciclistas; van 12 muertos",trafilatura,trafilatura,1348,0.26,https://www.ntrguadalajara.com/post.php?id_nota=190880,,"Los tráileres y las unidades del transporte públicos son mortales para los ciclistas, en lo que va del año han provocado la muerte de 12 personas que viajaban en bicicleta en la Zona Metropolitana de Guadalajara, de acuerdo con los datos de Bicicleta Blanca.
De los 16 ciclistas que hasta la fechan han muerto en la Zona Metropolitana de Guadalajara a causa de accidentes viales, seis de ellos murieron en accidentes donde estuvieron involucrados tráileres, seis más en accidentes con el transporte público, dos por choques con autos particulares, uno por impactarse contra un motociclista y otro más al caer por la mala infraestructura.
Lee: Faltan acciones para reducir muertes de ciclistas en las calles: Bici Blanca
En entrevista para Informativo NTR, Yeriel Salcedo Torres, integrante de Bicicleta Blanca y GDL en Bici mencionó que la construcción de ciclovías no es la única solución para mejorar la movilidad en la ciudad y evitar que más ciclistas mueran en accidentes viales.
Señaló que en el caso particular de los conductores del transporte público, a pesar de que son capacitados, siguen con las mismas prácticas.
Lee: Atropellan a ciclista en Periférico y Tabachines
Con 16 fallecimientos, 2022 se posiciona con el año con más ciclistas muertos en accidentes viales desde 2020; en 2020, fallecieron 13 ciclistas y en 2021 fueron 15.
EH"
10,EL Informador,12-03-22,Alistan 10 tramos nuevos de ciclovías,trafilatura,trafilatura,7180,0.67,https://www.informador.mx/jalisco/Ciclovias-Guadalajara-alista-10-tramos-nuevos-20221203-0031.html,,"Alistan 10 tramos nuevos de ciclovías
En la presente administración, el Ayuntamiento tapatío sumará 32 kilómetros para incrementar la movilidad no motorizada
Mientras los Ayuntamientos amplían la red de ciclovías en la ciudad, el programa MiBici cumple ocho años con más de 131 mil usuarios. EL INFORMADOR/A. Navarro
El Ayuntamiento de Guadalajara proyecta otros 10 tramos ciclistas en distintas vialidades del municipio, los cuales añadirán más de 32 kilómetros a la infraestructura existente.
La Dirección de Movilidad y Transporte compartió por Transparencia que se plantean ciclovías en Revolución, Javier Mina-Juárez, Chapultepec, 8 de Julio, Aurelio Aceves, ívila Camacho, Constancia y Ramón López Velarde. Además, las extensiones en Paseo Alcalde (en 16 de Septiembre) y Federalismo.
""En el municipio existen 111.6 kilómetros de ciclovías"", precisó la dependencia referida.
De acuerdo con la Encuesta de Hábitos y Percepción Ciclista 2021, presentada en el marco del Día Mundial sin Automóvil por autoridades estatales y organizaciones civiles, ocho de cada 10 ciclistas usan la bicicleta como medio de transporte para ir al trabajo.
El resto la utiliza para cuestiones como hacer compras, actividades de recreación y trasladarse a la escuela.
Para dimensionar las edades de los que más utilizan este medio de transporte, la mayoría de los ciclistas de la ciudad tienen entre 20 y 29 años, seguido por el bloque de 30 a 39.
Por su parte, la Dirección de Movilidad y Transporte del Ayuntamiento de Zapopan detalló que actualmente cuenta con 10 kilómetros de rutas ciclistas en construcción en el Circuito JVC y Las Torres. Para el siguiente año ""no hay (nuevos) proyectos"".
El año pasado, la Agencia Metropolitana de Servicios de Infraestructura para la Movilidad analizó que en un día típico entre semana se realizan 28 mil viajes en bicicleta en las principales ciclovías de la ciudad.
Las vías más utilizadas por los ciclistas son las de Paseo Alcalde y López Cotilla, en Guadalajara. Y en tercer lugar está la vía de Santa Margarita, en Zapopan.
De acuerdo con el reciente estudio ""Moverse en GDL 2022"", el 2.4% de los habitantes de Guadalajara usan la bicicleta como medio de transporte.
Guadalajara lidera en la creación de ciclovías
Guadalajara es el municipio con más ciclovías en Jalisco y se sumarán más, precisó la Dirección de Movilidad y Transporte. A excepción de Guadalajara, el resto de los municipios metropolitanos no informaron que tengan proyectos para realizar nuevas ciclovías para el siguiente año.
A través de Transparencia, Zapopan dio a conocer que hay 90 kilómetros de rutas para ciclistas en el municipio. Sin embargo, no informó de nuevos proyectos para el siguiente año. Solamente se precisó que en este año se realiza la construcción de la segunda etapa de la ciclovía en el Circuito JVC y avenida del Bajío, en las inmediaciones del estadio Akron, la cual incluye señalética horizontal y vertical, dispositivos segregadores y obra complementaria, con un monto contratado por 8.1 millones de pesos.
También se destaca la edificación de la tercera y cuarta etapas de la ciclovía en avenida Las Torres, que incluye crucero seguro y adecuaciones en banquetas sobre avenida Guadalupe, así como señalética horizontal y vertical, dispositivos segregadores y obra complementaria, por un monto de 26.3 millones de pesos.
La Dirección General de Obras Públicas del Ayuntamiento de Tonalá contestó que ""no ha ejecutado ninguna obra de ciclovía, ni tiene considerados proyectos este año"". Sobre cuántos kilómetros de rutas para ciclistas hay en el municipio, no compartió el dato.
La Coordinación General de Gestión Integral de la Ciudad de Tlaquepaque dio a conocer que en el municipio hay 12.41 kilómetros de ciclovías. La más grande es de 5.10 kilómetros y se ubica en el primer cuadro de la ciudad. La segunda más grande en longitud está en la avenida Jesús Michel González, y la tercera en Camino al ITESO, entre avenida López Mateos y Periférico Sur. Sin embargo, en la actual administración no han impulsado nuevas rutas.
Por su parte, el Gabinete Integral de Infraestructura y Servicios Públicos de Tlajomulco respondió que la información no se tenía desglosada, y por lo mismo no informó de la situación de infraestructura en el municipio.
Y la Dirección General de Obras Públicas y Desarrollo Urbano del Ayuntamiento de El Salto remarcó que ""no se cuenta con ciclovías y actualmente no se contemplan proyectos"".
CLAVES
Viajes ciclistas
Horas. La Agencia Metropolitana de Servicios de Infraestructura para la Movilidad remarcó que, según un análisis, en la ciudad se observan dos momentos importantes de incremento en el flujo de ciclistas: el primero entre las 7:00 y las 9:45 de la mañana, y el segundo entre las 16:15 y las 19:30 horas.
Tipo. Seis de cada 10 viajes ciclistas en la ciudad se realizan en Guadalajara, el municipio con más infraestructura de este tipo. El aforo se realizó durante 16 horas en 41 ciclovías del írea Metropolitana de Guadalajara. En 2021 se reportaron 187 kilómetros de infraestructura ciclista y 116 kilómetros de carriles prioridad. La selección se realizó en las rutas con mayor flujo de ciclistas.
Mejora. Se observó un grupo de nuevos usuarios de bicicleta que representan el 17% y que tienen usando este medio de transporte menos de un año, ""la cifra demuestra que la bicicleta se convirtió en una opción para la movilidad durante y después de la pandemia al ser un transporte individual y de bajo costo"".
Certeza. El 78% de los encuestados dijo que se sentían seguros de moverse por la infraestructura ciclista de la ciudad; la mayoría destacó entre sus beneficios los rápidos desplazamientos y el ahorro en el gasto para transporte y el 99% planea seguir usando la bicicleta como su medio de transporte en el futuro.
Análisis de BusBici estará listo en seis meses
Se pidió por Transparencia el dato de cuál es el flujo de ciclistas que utilizan el BusBici en avenida Hidalgo en sus primeros meses de operación, así como la frecuencia de paso de los camiones y cuántas multas han impuesto a quienes invaden el carril. Al respecto, la Dirección de Movilidad y Transporte de Guadalajara informó que ""un proyecto de esta magnitud tiene un periodo de adaptación de tres a seis meses, en el cual el flujo vehicular y ciclista de la vía tendrá variaciones hasta regularizarse"".
Acentuó que para calcular el aforo ""deben considerarse distintos puntos, como el periodo de referencia en el que se realice que no debe de ser afectado por alguna anomalía... también es necesario considerar las características del entorno que pueden alterar los datos"".
Por ese motivo, afirma que ""una vez pasando el periodo de adaptación del sistema, se realizará el monitoreo correspondiente para la obtención de datos actualizados, y que estos sean tomados en cuenta para la calibración del sistema, a fin de gestionar la mejora y optimización de la vía"".
Lee También
Recibe las últimas noticias en tu e-mail
Todo lo que necesitas saber para comenzar tu día
Registrarse implica aceptar los Términos y Condiciones"
11,NTR Guadalajara,12-03-22,Faltan acciones para reducir muertes de ciclistas en las calles: Bici Blanca,trafilatura,trafilatura,1724,0.2,https://www.ntrguadalajara.com/post.php?id_nota=190877,,"Aunque reconoció que de 2009 a 2018, las muertes de ciclistas en las calles disminuyeron 50 por ciento, la reducción de fallecimientos se ha estancado en los últimos cuatro años, por lo que hacen falta más políticas en material vial, consideró Yeriel Salcedo Torres, integrante de Bicicleta Blanca y GDL en Bici.
Mencionó que este año van 16 ciclistas muertos en las calles por accidentes viales, cifra que supera a las estadísticas del año anterior. Explicó que del total de los accidentes, la mayoría fueron provocados por camiones de carga o del transporte público.
""En los últimos cuatro años se ha mantenido, ya no ha bajado más, más bien como este año subió entonces creo que sí hay que empezar a hacer, hay cosas que se han solucionado o se han abordado necesitamos hacer ya otras cosas dar otro paso más diferente o hacer una acción diferente en cuestión de leyes reglamentos, el tema de las velocidades"".
Añadió que los límites máximos no se respetan porque la mayoría de los accidentes se registran en vialidades de alta velocidad, insistió que las políticas de movilidad para ciclistas deben complementarse porque la infraestructura no es la única solución.
Este viernes 2 de diciembre murió atropellado un ciclista en Periférico y avenida Tabachines, en Zapopan, y hace unas semanas otro ciclista más pereció en Periférico y López Mateos, por lo que indicó que es en estas vialidades donde los ciclistas están más expuestos.
Contabilizó que este año han muerto 16 ciclistas, seis de ellos por choques con camiones de carga pesada, seis por choques con el transporte público, uno por colisionar contra un motociclista, otro al caer por mala infraestructura y dos más por percances con automóviles particulares.
EH"
12,Lider 919,12-03-22,"Con casi 22 millones de viajes, Mi Bici cumple 8 años",trafilatura,trafilatura,2572,0.44,https://lider919.com/con-casi-22-millones-de-viajes-mi-bici-cumple-8-anos/,,"Fue un 1ro de diciembre de 2014 cuando el programa de Bici Pública comenzó a operar en la zona metropolitana de Guadalajara, un año después, en 2015 se realizaron 470 mil viajes, ahora, ocho años después, con el nombre de Mi Bici, ya registra 21.9 millones de viajes con 131 mil usuarios, 300 estaciones y tres mil 200 bicicletas en los municipios de Guadalajara, Zapopan y Tlaquepaque.
Mi Bici tuvo un incremento de viajes del 37 por ciento comparado con el año anterior en los meses de enero a octubre; en el 2021 se registraron dos millones 399 mil 504 millones de viajes y la cifra para este año suma los tres millones 292 mil 425 millones. Todos los días se realizan en promedio 12 mil viajes lo que significa que cada bicicleta realiza 3.7 viajes en promedio entre cada estación.
Este sistema mueve diariamente a la ciudad con un costo diario es de 1.2 pesos y los usuarios pueden hacer viajes ilimitados sin generar contaminantes y con beneficios para la salud física y mental.
La dependencia agregó que este año se implementaron 20 botones de emergencia para conectar con los servicios del 911 y la instalación de 20 lámparas solares con detector de movimiento en estaciones; el proyecto se realizó en colaboración con la Agencia de la ONU para los Refugiados a raíz de un diagnóstico de las 300 estaciones del Sistema.
Actualmente la red de infraestructura ciclista en el área metropolitana de Guadalajara contempla 278.66 km de ciclovías y 116 kilómetros de carriles prioridad, posicionando a la metrópoli como la segunda ciudad con más infraestructura ciclista del país con 394.66 kilómetros de infraestructura ciclista.
De acuerdo a la Encuesta de Percepción de Usuarios Mi Bici 2021, las usuarias de representan el 30 por ciento y de acuerdo a este estudio las mujeres se sienten menos expuestas al acoso callejero al usar la bicicleta.
Numeralia Mi Bici
– Fecha de inicio = 1ro de diciembre de 2014;
– Tiempo de operación = 8 años (1 diciembre 2022);
– Usuarios registrados desde el inicio = 131 mil 107 usuarios;
– Estaciones al inicio = 111 estaciones (86 en Guadalajara, 25 en Zapopan)
– Estaciones al término de la 4ta etapa = 300 estaciones;
– Bicicletas al inicio = mil 276 bicicletas;
– Bicicletas actuales = tres mil 200 bicicletas;
– Viajes en 2015 = 470 mil 263 viajes;
– Viajes desde el inicio a la fecha = 21.9 millones viajes;
– Usuarios registrados = 131 mil
– Duración promedio de viaje = 12 minutos;
– Participación de usuarios = Hombres 68 por ciento, Mujeres 30 por ciento, No binario uno por ciento, Transgénero 0.1 por ciento
HAREMY REYES"
13,Quiero tv,12-02-22,Se cumplen ocho años de 'Mi Bici',trafilatura,trafilatura,345,1.43,https://quierotv.mx/2022/12/02/se-cumplen-ocho-anos-de-mi-bici,,"photo_2022-12-02_14-46-37
Compartir:
El mandatario indicó que este programa cuenta actualmente con 21.8 millones de viajes en el Área Metropolitana de Guadalajara.
Finalmente felicitó a todos los trabajadores que han colaborado en este formato que surgió para cambiar a hábitos más sustentables, así como una mejora en la movilidad de la ciudad."
14,Trafico ZMG,12-02-22,"En 2022, suman 16 ciclistas fallecidos por atropellamiento en la ZMG",trafilatura,trafilatura,2343,0.81,https://traficozmg.com/2022/12/en-2022-suman-16-ciclistas-fallecidos-por-atropellamiento-en-la-zmg/,,"En 2022, suman 16 ciclistas fallecidos por atropellamiento en la ZMG
Los casos de ciclistas muertos a causa de atropellamiento en la Zona Metropolitana de Guadalajara (ZMG) parecen no conocer tregua. Aún con la construcción de ciclovías, las políticas públicas en pro de la seguridad para la movilidad no motorizada dista mucho de lo que quienes viajan todos lo días en bicicleta necesitan para trasladarse con certeza de llegar a sus destinos, y las estadísticas lo revelan así.
A poco menos de un mes de que culmine el año, este 2022 ya rebasó el número de ciclistas que han muerto tras ser atropellados con relación al año anterior. De acuerdo a cifras entregadas por el colectivo Bicicleta Blanca, que documenta puntualmente los casos de ciclistas muertos por esta causa en la metrópoli y que rinde homenaje y alza la voz para que esto cese, 2021 cerró con un total de 15 ciclistas fallecidos en calles de la ZMG.
Esta crifra se igualó en 2022 hace algunos días y apenas hoy, se superó la nada honrosa marca, con la muerte de un ciclista más, el número 16 en lo que va de este año que murió esta madrugada sobre el Anillo Periférico al cruce con la avenida Tabachines, en Zapopan.
Con esta nueva muerte, 2022 ya superó en número de decesos al año anterior, que deja en evidencia que el problema no sólo persiste, sino que va en incremento.
Entre las cifras que da cuenta este colectivo, se enlista que en lo que va del mandato del gobernador del estado, Enrique Alfaro Ramírez, de 2018 que tomó posesión hasta hoy, suman 63 ciclistas fallecidos, y de acuerdo a fuentes periodísticas, en 8 de cada 10 de los casos, los conductores responsables huyeron del lugar para evadir su responsabilidad.
De 2009 a lo que va de 2022, Bicicleta Blanca tiene documentadas las muertes de 297 ciclistas en la ZMG, siendo el mayor lapso sin acontecimientos funestos de este tipo de 101 días.
Con el obejetivo de visibilizar el problema y que las autoridades intervengan para crear estaregias e infraestructura para la movilidad no motorizada segura, Bicicleta Blanca ha colocado cientos de bicicletas en postes de la ciudad con el nombre de los ciclistas que han muerto; a manera de homenaje, por la metrópoli permanecen colocadas en los escenarios funestos, como un grito a la ciudad de que sí hay alguien que levanta la voz, en honor a los fallecidos.
AM"
15,EL Informador,11-26-22,Esto costarán las suscripciones a MiBici en el 2023,trafilatura,trafilatura,2996,0.5,https://www.informador.mx/jalisco/MiBici-2023-Esto-costaran-las-suscripciones-al-programa-de-bicicleta-publica-20221126-0059.html,,"Esto costarán las suscripciones a MiBici en el 2023
El programa arrancó en 2014 con un costo de 365 pesos anuales, es decir, desde entonces ha incrementado 92 pesos
Actualmente, MiBici cuenta con tres mil 200 bicicletas y 300 estaciones en los municipios de Guadalajara, Zapopan y Tlaquepaque. EL INFORMADOR / ARCHIVO
Tener el programa de MiBici pública tiene diversos beneficios a la hora de transportarse y para la salud, sin la preocupación de saber dónde estacionarla mientras haces tus actividades diarias.
Con un solo pago puedes disfrutar de los viajes que quieras entre las 5:00 horas y hasta las 12:59 de la noche, por periodos de 30 minutos. Pero ¿cuánto costará este programa en 2023?
De acuerdo con la Ley de Ingresos del Estado de Jalisco para el próximo año fiscal, la suscripción anual al programa de MiBici tendrá un costo de 457 pesos, 14 pesos más alto que su costo este 2022.
- Leer más: Usuarios critican aumento al costo de MiBici
El programa arrancó en 2014 con un costo de 365 pesos anuales, es decir, desde entonces ha incrementado 92 pesos.
MiBici fue implementado gracias ""a la suma de esfuerzos de colectivos ciclistas y dependencias gubernamentales que han promovido el uso de la bicicleta en la Metrópoli"", según señala su plataforma.
Actualmente, cuenta con tres mil 200 bicicletas y 300 estaciones en los municipios de Guadalajara, Zapopan y Tlaquepaque.
¿Cómo consigo una suscripción?
Para registrarte y comenzar a disfrutar de tu suscripción es necesario ingresar a su página oficial en la liga www.mibici.net/es/tarifas/, donde deberás crear una cuenta con tus datos personales, y posteriormente realizar tu pago en línea mediante una tarjeta de crédito o débito.
Luego de hacer tu pago deberás acudir a recoger tu tarjeta a las instalaciones de Mi Bici ubicadas en la avenida Federalismo Sur N° 403 en la zona Centro de Guadalajara, o puedes solicitar la vinculación del programa a tu tarjeta de Mi Movilidad con la que ya cuentas.
También puedes acudir a sus instalaciones para hacer ahí tu trámite y el pago correspondiente. El Centro de Atención tiene un horario de lunes a viernes de las 9:00 a las 20:00 horas, y los sábados de las 9:00 a las 15:00 horas.
Requisitos:
- Ser mayor de 18 años.
- En caso de tener entre 16 y 17 años, ser acompañado por padre o tutor mayor de edad.
- La cuenta deberá estar a nombre del menor de edad y en el apartado de tutor, agregar los datos de padre o tutor.
- Identificación oficial vigente: INE, cédula profesional con fotografía, pasaporte, licencia de conducir, FM2 o FM3.
- Tarjeta bancaria a nombre del usuario registrado o de la persona asignada como tutor. (Consultar con su banco la liberación de bloqueo preventivo, términos y condiciones de compras por Internet).
- Contar con cuenta de correo electrónico.
GC
Lee También
Recibe las últimas noticias en tu e-mail
Todo lo que necesitas saber para comenzar tu día
Registrarse implica aceptar los Términos y Condiciones"
18,Trafico ZMG,11-24-22,Ciclistas denuncian poncha llantas en el circuito JVC,trafilatura,trafilatura,1379,0.95,https://traficozmg.com/2022/11/ciclistas-denuncian-ponchallantas-en-el-circuito-jvc/,,"Ciclistas denuncian poncha llantas en el circuito JVC
Ciclistas que recorren habitualmente el circuito JVC en la zona de El Bajío denuncian que de manera intencional han sido arrojadas tachuelas sobre la vía.
Hasta las redes de Tráfico ZMG llegaron los reportes de personas que transitan por esta vía, quienes se percataron que a lo largo del camino en ambos sentidos se encontraban regadas tachuelas a fin de dañar sus bicicletas e incluso a ellos.
Uno de los afectados mencionó que varias bicis se han ponchado por ello procedieron a levantarlas para evitar más incidentes y no poner en riesgo su seguridad.
Cabe mencionar que la zona cercana a colegios, el estadio de las Chivas y zonas residenciales es un lugar concurrido por deportistas que frecuentan los espacios a fin de entrenar por ello alertaron de la situación sin duda riesgosa de la que al menos 20 ciclistas fueron victimas esta mañana.
Por otro lado personas que circulan la vía comentan que en otras ocasiones automovilistas han intentado aventarlos con el coche pese a estar usando la ciclovía.
Cientos de ciclistas son los que a diario transitan por la vía por lo cual hacen un llamado a poner especial atención ante este acto vandálico que pone en riesgo sus traslados.
Te puede interesar: Humedad de ambos océanos ocasionará nublados en el occidente de México
Debe estar conectado para enviar un comentario."
19,EL Informador,11-21-22,Reportan 14 ciclistas muertos en la ZMG,trafilatura,trafilatura,2677,0.52,https://www.informador.mx/jalisco/Vialidad-Reportan-14-ciclistas-muertos-en-la-ZMG-20221121-0001.html,,"Reportan 14 ciclistas muertos en la ZMG
En lo que va de 2022 ya se superó la cifra de muertes en la vía pública del año pasado
Colocan bicicletas blancas y carteles manchados de rojo en los puntos donde ocurrió un accidente fatal. EL INFORMADOR/ A. Navarro
Este fin de semana, los colectivos Bicicleta Blanca y Pasos Blancos colocaron en Periférico y López Mateos en Zapopan una bici representativa en un poste por la víctima ciclista número 14 que falleció este año en la Zona Metropolitana de Guadalajara, lo que significa que se superaron los 13 decesos del 2020.
""Hay más ciclovías, pero la inseguridad aumentó a pesar de la nueva infraestructura. Pedimos más seguridad"", solicitó Octavio Navarro, usuario de MiBici.
El año pasado se registraron 15 ciclistas fallecidos. Tan sólo en el municipio de Guadalajara, la mayoría de los siniestros con ciclistas lesionados y fallecidos ocurrieron en intersección de Lázaro Cárdenas y Avenida del Mercado, según el Reporte de Seguridad Vial Guadalajara 2020-2021.
Por otro lado, en el caso de los motociclistas, en ese mismo periodo hubo una disminución de las personas lesionadas, pero un aumento en el número de fallecidos. ""Los motociclistas hombres son el sexo más afectado en los siniestros con víctimas; sin embargo, las mujeres representan la mayor cantidad de afectados como pasajeros. El rango de edad, tanto de mujeres como de hombres, con mayor cantidad de víctimas, fueron entre 20 y 29 años, con 35% y 42% respectivamente"", se detalló en el análisis.
Y se agregó que el análisis muestra que las personas usuarias de las vías en situación de vulnerabilidad, como personas peatonas, usuarias de la bicicleta y de la motocicleta, continuaron siendo las más afectadas, incluso, la cantidad de víctimas fatales aumentó en estos grupos. Además, el número de muertes de tránsito en general se mantuvo estable.
""Los datos de lesiones y muertes de tránsito serán un insumo importante para consolidar los objetivos de seguridad vial del municipio. En nuestra competencia, se seguirá impulsando el rediseño de infraestructura vial que por tantos años se ha centrado en los vehículos particulares y que, al 2021, la ciudad cerró con 112.4 kilómetros de ciclovías"".
Destaca el reporte que se continuarán impulsando acuerdos de colaboración que permitan prevenir futuras lesiones y muertes de tránsito a través de la reducción de la velocidad, el principal factor de riesgo asociado a esta crisis de salud pública en el mundo.
CT
Lee También
Recibe las últimas noticias en tu e-mail
Todo lo que necesitas saber para comenzar tu día
Registrarse implica aceptar los Términos y Condiciones"
20,NTR Guadalajara,11-21-22,Suman 14 ciclistas muertos en la ZMG,trafilatura,trafilatura,671,0.27,https://www.ntrguadalajara.com/post.php?id_nota=190302,,"En lo que va del año, en la Zona Metropolitana de Guadalajara (ZMG) han muerto 14 ciclistas víctimas de accidentes viales, de acuerdo con las estadísticas de los colectivos Bici Blanca y Pasos Blancos.
Este fin de semana, colocaron una bicicleta en un poste, ubicado en Periférico y avenida López Mateos, como recordatorio de que ahí murió un ciclista.
De acuerdo a los datos de los colectivos, en 2021 fallecieron 15 ciclistas y en 2020, 13.
El año pasado, la mayoría de los accidentes donde murieron o resultaron lesionados ciclistas se registraron en Lázaro Cárdenas y avenida Del Mercado, de acuerdo a los datos del Reporte de Seguridad Vial Guadalajara 2020-2021.
EH"
21,Mural,11-21-22,Roban a Mi Bici 374 unidades,trafilatura,trafilatura,487,0.8,https://www.mural.com.mx/roban-a-mi-bici-374-unidades/ar2507612,,"JUSTICIA
03 MIN 00 SEG
Violeta Meléndez
Guadalajara, México (21 noviembre 2022) .-05:00 hrs
Usuarios de Mi Bici reportan a las autoridades frecuentemente falta de disponibilidad de bicicletas en condiciones de usarse. Crédito: Ismael Ramírez
A pesar de contar con herramientas de geolocalización, el sistema de bicicleta pública Mi Bici ha sufrido robo total o daño irreparable en 374 de sus unidades, lo que ha repercutido en una disminución de su oferta, lo cual afecta a los usuarios."
22,Pagina 24 Jalisco,11-18-22,Ponen ciclovía y la abandonan,trafilatura,trafilatura,2018,0.95,https://pagina24jalisco.com.mx/2022/11/18/local/ponen-ciclovia-y-la-abandonan/,,"""¿Para qué derrocha el ayuntamiento?"", cuestionan vecinos
Por Rafael Hernández Guízar
Una ciclovía que está ubicada al oriente de esta ciudad capital se ha convertido en un sitio espantoso, un camino que no usan los ciclistas por el abandono de las autoridades.
Está sobre la calle Gómez Farías y Silverio García, al oriente de la ciudad. Las autoridades sólo la instalaron y ya no regresaron a darle mantenimiento, es más, se ha convertido en un lugar donde dejan las bolsas de basura.
""Pura basura, mire, la carpeta de rodamiento no sirve para nada, hay mucho bache, mucha basura, muchas hierbas que salen aquí, no viene nadie a limpiarla y por eso se sale la gente de la ciclovía y prefieren arriesgar la vida que ir por ahí, no sirve y sele ponchan las llantas a la gente"", dijo Ignacio Magallón Barajas, uno de los vecinos entrevistados.
Y agregó: ""Mire, la gente se robó eso, la gente es desastrosa, los niños hacen lo que quieren, se llevan los postes y como son de plástico pues yo me pregunto para qué, porque no se pueden ni vender ni nada, y cuando estaba nueva estaba muy bien, pero también mucha gente no respeta a los ciclistas, se suben a la banqueta, básicamente es eso"", acusando así la delincuencia que se vive en ese lugar.
El problema es muy grave, casi igual que el abandono de las autoridades. Los delincuentes se roban los señalamientos, y hasta los postes que fueron colocados para delimitar y confinar dicho carril especialmente puesto para los ciclistas.
""Había señalamientos sobre el piso y también se los llevaron, se los robaron, estaba muy bien, nomás que pues la delincuencia, y el abandono, hay mucho abandono, no hay limpieza, nomás vea aquí, y luego la gente pues mire, tiran la basura en la calle y ya, diario hay mucha basura en la calle y a la ciclovía directo, la gente por eso ni la usa"".
El llamado fue al alcalde Pablo Lemus Navarro, para que haya mano dura contra aquellos que no respetan ese carril para ciclistas, pues los que tienen carros hasta lo usan de estacionamiento."
23,Canal 44,11-10-22,Usuarios de MiBici demandan más puertos y seguridad; denuncian asaltos en zonas poco iluminadas,trafilatura,trafilatura,221,0.82,https://www.youtube.com/watch?v=gvRJ6KUHO5A,,"Acerca de
Prensa
Derechos de autor
Comunicarte con nosotros
Creadores
Anunciar
Desarrolladores
Condiciones
Privacidad
Políticas y seguridad
Cómo funciona YouTube
Prueba funciones nuevas
NFL Sunday Ticket
© 2026 Google LLC"
24,NTR Guadalajara,11-08-22,Usuarios de MiBici se quejan del servicio,trafilatura,trafilatura,1523,0.2,https://www.ntrguadalajara.com/post.php?id_nota=189742,,"Usuarios del sistema de bicicleta pública MiBici se quejaron de diversos aspectos del servicio.
Uno de los principales señalamientos tiene que ver con el mantenimiento de las unidades. Tras un recorrido por varias de los ciclopuertos, NTR encontró que hay bicis con asientos rotos y luces que no funcionan; en otras hay descuido en los rótulos y salpicaderos.
Otras de las quejas tienen que ver con el anclaje y desanclaje de bicicletas en diferentes estaciones.
""Esto me pasa con frecuencia sobre todo aquí, en la estación del Parque Rojo. En esta semana, por ejemplo, van dos veces que me sucede, una en la que no pude dejarla y otra en la que se quedó atorada. Lo que sí es que las bicis ya están para llorar"", compartió un usuario entrevistado.
Otros se quejaron de que en el último año la tarifa anual haya subido, pero el mantenimiento a las unidades sea poco.
""Nos subieron hace poco la tarifa y las bicis la verdad es que si están en muy mal estado. A veces uno tiene que cambiarla, sobre todo en las noches porque a la mayoría no les funciona el dinamo y no hay manera de ser visibles"", compartió una usuaria. Actualmente la anualidad de MiBici tiene un costo de 443 pesos.
Pese a las quejas, el gobernador del estado, Enrique Alfaro Ramírez, presumió el crecimiento de MiBici: ""En 2021 se aumentó el número de estaciones para pasar de 274 a 300, con 3 mil 200 bicicletas al servicio de las y los usuarios"".
Por ahora el sistema de bici publica tiene 119 mil 478 usuarios, 3 mil 200 bicis y 300 estaciones.
EH-jl/I"
25,Canal 44,11-08-22,"Dos meses después, tapatíos comienzan a adaptarse al Bus-Bici",trafilatura,trafilatura,221,0.72,https://www.youtube.com/watch?v=ai-IVdKh2-4,,"Acerca de
Prensa
Derechos de autor
Comunicarte con nosotros
Creadores
Anunciar
Desarrolladores
Condiciones
Privacidad
Políticas y seguridad
Cómo funciona YouTube
Prueba funciones nuevas
NFL Sunday Ticket
© 2026 Google LLC"
26,EL Informador,11-06-22,Aumentan multas por invadir áreas ciclistas,trafilatura,trafilatura,9696,0.6,https://www.informador.mx/jalisco/Vialidad-Aumentan-multas-por-invadir-areas-ciclistas-20221106-0035.html,,"Aumentan multas por invadir áreas ciclistas
La ciclovía de Federalismo es de las más usadas, pero es invadida por autos y motos
Este motociclista invadió la ciclovía en el cruce de la avenida Federalismo y la calle Pedro Moreno, en el Centro de la ciudad. EL INFORMADOR/Archivo
Las sanciones contra dueños de vehículos que invaden ciclovías y zonas para el estacionamiento exclusivo de bicicletas se han incrementado en los últimos años. Mientras en 2018 los agentes viales emitieron 445 multas por estos conceptos en la metrópoli, el año pasado se elevaron a mil 209, según información otorgada vía Transparencia por la Coordinación de Seguridad Pública.
Yeriel Salcedo Torres, académico del Instituto Tecnológico y de Estudios Superiores de Occidente (ITESO), acentúa que es necesario mejorar la cultura vial en la ciudad, que las ciclovías cuenten con el diseño adecuado y la señalética, así como incrementar la vigilancia del uso de las mismas.
Durante los primeros siete meses de este año ya se han reportado 727 multas por este tipo de faltas.
Salcedo Torres indica que la ciclovía que corre sobre Federalismo está segregada y cuenta con buena señalética, ""pero ves motociclistas usando el espacio, se les hace fácil. Lo que faltan son agentes viales que eviten esto y limiten que las personas hagan ese uso"".
Recuerda que al inicio de la pandemia por el nuevo coronavirus, mientras circulaba sobre esta ciclopista, le tocó ver cómo un ciclista que iba delante de él fue atropellado por un motociclista que usó esta vía. ""La bicicleta se partió a la mitad. El chavo no resultó con lesiones de gravedad, pero se expuso la vida de la persona. Deberían aplicar multas o sanciones más elevadas"".
El activista insiste en que es necesario que las ciclopistas cuenten con el diseño adecuado. ""Porque a veces el diseño del espacio propicia las invasiones del carril"". Un ejemplo de esto es la ciclovía que corre sobre 8 de Julio en Tlajomulco de Zúñiga. ""Está mal diseñada, es casi sólo una línea pintada en un carril"".
Agrega que a los conductores de vehículos de motor se les hace fácil usar las ciclovías para circular más rápido por la ciudad.
Transporte público concentra muertes viales contra ciclistas
Mientras circulaba sobre el cruce de las calles Demóstenes y José María Iglesias, en la colonia Miguel Hidalgo, en Guadalajara, un ciclista de 58 años falleció atropellado por un camión del transporte público. Los hechos ocurrieron en marzo pasado.
Testigos del percance declararon que el conductor de la unidad no observó a la víctima al dar la vuelta en ese cruce.
De acuerdo con datos de Bicicleta Blanca, entre 2010 y 2022 (con corte a septiembre) han fallecido 275 ciclistas víctimas de accidentes viales ocurridos en el írea Metropolitana de Guadalajara, de los cuales, en 91 han participado unidades del transporte público, siendo los vehículos que más muertes han causado a quienes usan la bicicleta.
""El transporte público sigue siendo el gran causante de siniestros fatales en esta ciudad. Cuando Diego Monraz (secretario del Transporte) comentó hace un mes que había bajado la siniestralidad por el transporte público, la verdad es que no concordamos"", destaca Yeriel Salcedo Torres, integrante de este colectivo.
Agrega que de las 12 muertes de ciclistas que han ocurrido en este año, ""cinco han sido por transporte público, cinco por transporte de carga o camiones de altas dimensiones de carga, uno por un motociclista, y una persona de la tercera edad que iba circulando y, tentativamente, un bache hizo que cayera"".
Con relación a este último caso, señala que la infraestructura en malas condiciones también provoca hechos fatales.
En lo que va de este año, los automovilistas no han participado en accidentes viales que dejen víctimas fatales de ciclistas.
Aumentan ciclistas en pandemia
En la Encuesta Origen-Destino COVID-19 2021, se reconoce que durante la pandemia se dio un aumento de usuarios de bicicletas, pero se aclara que no todas las circunstancias de la metrópoli son favorables para la movilidad ciclista.
""La principal dificultad que las personas encuestadas enfrentan al realizar sus traslados en bicicleta es la falta de infraestructura ciclista como ciclovías, ciclocarriles y análogos (38%), seguido de la falta de seguridad en el tráfico (29%), falta de señalización (12%), y la falta de facilidades para combinar con el transporte público (8%)"", se puntualiza en el documento.
Crece la red de ciclovías
Como parte de la ampliación de la red de ciclovías en áreas urbanas y metropolitanas de Jalisco, al cierre del año pasado se alcanzaron 288.23 kilómetros de ciclopistas, más del triple con respecto a los 79.13 kilómetros que se tenían en 2017, según información de la Agencia Metropolitana de Infraestructura para la Movilidad.
La meta para este año es alcanzar los 320 kilómetros de ciclovías. Los municipios beneficiados con estas acciones son Guadalajara, Zapopan, San Pedro Tlaquepaque, Tonalá, Chapala, Jocotepec, Puerto Vallarta y Zapotlán el Grande.
Yeriel Salcedo Torres, integrante de los colectivos Gdl en Bici y Bicicleta Blanca, recuerda que este crecimiento inició con el Plan Maestro de Movilidad no Motorizada del Gobierno del Estado, presentado en 2010, el cual plantea una red que conecte con este tipo de infraestructura a los distintos municipios de la metrópoli.
""Con el transcurso de los años, poco a poco ha ido creciendo la infraestructura, pero todavía hay retos para consolidarla"".
Señala que el grueso de la infraestructura está hacia el Poniente de la ciudad. ""Se necesita fortalecer el Oriente que es lo que está pasando, pero uno de los grandes retos es hacia el Sur"".
Salcedo resalta que falta conectar estos corredores ciclistas, ""para que los que existen estén en red y crecerlos hacia los otros sectores de la ciudad que carecen o no tienen nada"".
Insiste en que el Sur de la ciudad carece de este tipo de movilidad no motorizada, a excepción de la ciclovía ubicada sobre 8 de Julio, ""que fue un proyecto de la administración pasada, pero que nada más llega hasta la Zona Industrial. Necesitamos que esta ciclovía se amplíe, porque ésta conectaría a Guadalajara, Tlaquepaque y Tlajomulco"".
Con relación a BusBici que opera sobre la avenida Hidalgo, uno de los proyectos recientes, que consiste en un carril exclusivo que pueden usar ciclistas y transporte público, comenta que ha visto un incremento de personas que usan este corredor. ""Parece ser que hasta ahorita va muy bien el proyecto en cuestión del uso, de las dinámicas. Ya se ha implementado al cien por ciento, no se ha escuchado de siniestros graves"".
TELíN DE FONDO
En enero, inicia nueva obra
La construcción de la ciclovía que correrá sobre la avenida Javier Mina arrancará en enero del próximo año, a petición de los comerciantes que están ubicados por esta vía, debido a que es un punto estratégico comercial entre San Juan de Dios y la calle ílvaro Obregón.
Esta ciclopista estará sobre el arroyo vehicular. El diseño es sobre el carril de extrema derecha de la vialidad; se redimensionarán las medidas para que se mantengan todos los carriles para los autos que circulan de oriente a poniente.
Pablo Lemus Navarro, alcalde de Guadalajara, destacó que en la vialidad se harán labores de remozamiento, que incluyen mantenimiento de banquetas, construcción de la misma ciclovía, puertos seguros para peatones, puertos de carga y descarga para los vehículos de los comerciantes, luminarias y renovación de pavimento, lo cual tendrá una inversión de 32 millones de pesos.
""En Javier Mina se va a iniciar el próximo año (remozamiento), la solicitud de los comerciantes es que puedan trabajar en la temporada navideña, de mejores ventas, y nosotros accedimos con muchísimo gusto, entonces Javier Mina inicia (construcción ciclovía) en la primera semana de enero"", comentó el alcalde.
Sistema tiene varios pendientes
Entre los pendientes para fortalecer la red ciclista en la Entidad se encuentran fortalecer la supervisión y que la Policía Vial realice operativos para hacer valer la ley y los reglamentos de Movilidad, donde se especifica que no se deben invadir ciertos espacios por parte de automovilistas, como ciclovías, destaca Yeriel Salcedo, académico del ITESO.
Otro de los temas en los que observan áreas de oportunidad, dice, es que los municipios informen sobre toda los tipos de infraestructura ciclista que se tiene en estos, ""porque a veces también el desconocimiento de las personas al no saber cuáles son las infraestructuras ciclistas que hay en la ciudad"".
Es necesario también, agrega, que se instale la señalética necesaria y de forma homologada en el Estado, para que la ciudadanía se familiarice con ésta y respete los espacios dedicados para el uso de la bicicleta.
Usuarios de MiBici, en contra del aumento
Tras el ajuste de costos para el servicio de transporte de MiBici previsto por el Gobierno de Jalisco en la propuesta de Ley de Ingresos para el próximo año, con un aumento al costo en la suscripción anual, usuarios del servicio denunciaron como injusto el incremento de los costos ante un servicio público que presenta deficiencias.
Susana Ramírez, usuaria del servicio desde el 2018, argumentó que el aumento en los costos es incongruente con el programa, debido a fallas en la habilitación de la aplicación, el estado de las bicicletas y la centralización de la infraestructura ciclista en el írea Metropolitana de Guadalajara.
Lee También
Recibe las últimas noticias en tu e-mail
Todo lo que necesitas saber para comenzar tu día
Registrarse implica aceptar los Términos y Condiciones"
27,EL Informador,11-05-22,Aumentan ciclistas y piden ampliar MiBici,trafilatura,trafilatura,7724,0.53,https://www.informador.mx/jalisco/MiBici-Aumentan-ciclistas-y-piden-ampliar-el-programa-20221105-0032.html,,"Aumentan ciclistas y piden ampliar MiBici
Actualmente 2.4% de las personas se trasladan en bicicleta ante el incremento de la infraestructura en la metrópoli
Usuarios de MiBici han acusado una baja enla calidad del sistema. EL INFORMADOR/A. Camacho
Más cultura vial, seguridad y espacios para dejar las bicicletas, así como mejorar las conexiones del programa MiBici al Sur y al Oriente, son algunas de las peticiones de los ciclistas de la metrópoli.
Según el estudio ""Moverse en GDL 2022"", de Jalisco Cómo Vamos, el 2.4% de los habitantes de Guadalajara usa la bici como medio de transporte. En comparación, en la primera edición del análisis que toma como referencia el año 2018, la cifra era del 2 por ciento.
En ese mismo periodo, la red de kilómetros de ciclovías en las áreas urbanas y metropolitanas en la Entidad creció de 162.58 a 288.23 kilómetros.
David Ramos, quien se mueve en bicicleta desde 2016, cuenta que este año se animó a trasladarse a lugares más lejanos gracias a las ciclovías que se han hecho, como la de Gigantes en Guadalajara. Aunque opina que hacen falta rutas para el Sur y el Oriente. Además, pide extender el sistema de MiBici hacia esa zona. ""Urge que haya sitios de conexión hacia lugares más alejados"".
Jazmín Ruvalcaba resalta la falta de cultura vial. ""Hay que endurecer las multas porque falta una cultura vial por parte de los automovilistas. Se molestan cuando uno les dice que es ciclovía"".
Alexis González añade que se requiere que todo el transporte público tenga un espacio para convivir con las bicicletas (como ocurre en el trolebús). ""Eso ayudaría para hacer recorridos más largos"".
íscar Rojas acentúa que también es importante la seguridad.
""Los robos de bicicletas son muy altos⦠y esto hace que al hacer traslados a los lugares en los que no hay visibilidad de la bicicleta, y donde se estará más de cinco minutos, sea muy riesgoso dejar la bici. Muchos preferimos no llevarla a lugares así"".
Tapatíos solicitan mejoras al programa de bici pública
David Ramos, que es usuario del programa MiBici desde hace seis años, ha notado que este 2022 hay un deterioro del servicio que se brinda. ""Hay una falta de renovación de las bicicletas. Ya hay muchas nuevas, las verdes, pero las rojas ya están muy viejitas. Y la mayoría de veces o están ponchadas o los cambios de velocidades no funcionan. O están demasiado pesadas al pedalear"". Además, pide que haya más estaciones en otras áreas de la ciudad.
""El sistema ya está consolidado y muchísima gente lo utiliza y hace recorridos más largos o fuera de las zonas donde hay estaciones. Urge que haya estaciones de conexión hacia lugares más alejadas a los centros o primeros cuadros del írea Metropolitana de Guadalajara"". Considera que se podrían reforzar las estaciones en el derrotero del Tren Ligero.
Por su parte, Jazmín Ruvalcaba platica que utiliza el programa desde hace año y medio porque escuchaba muy buenos comentarios. ""Como hay bicipuertos por mi casa y mi trabajo, pensé que sería muy buena idea. Las ventajas que veo es que la mayoría de las veces hay bicicletas disponibles y al haber ciclopuertos puedes dejarla sin preocupación de que te la vayan a robar. Ese era el beneficio que le veía: que podía encontrar bicicletas en cualquier lugar, además de que con la aplicación puedes ver dónde hay bicicletas"".
Pero afirma que la situación ha cambiado recientemente y el servicio ha estado fallando, por lo que evalúa si el siguiente año va a renovar su suscripción.
""En las zonas donde me muevo no se están haciendo los balanceos de forma correcta, de hecho, pese a las quejas en redes sociales, desde hace varios meses no se ha podido solucionar el problema"".
Sostiene que en varias ocasiones ha tenido que pagar Uber porque no encuentra bicipuertos para dejar la bicicleta alrededor de la zona donde vive o en la que trabaja.
""Está lleno y no puedo dejar la bici, y tengo que ir más lejos y pagar un Uber para llegar a mi destino, eso ya no es un beneficio, porque a final de cuentas estoy invirtiendo para llegar a mi destino. Ha habido ocasiones en las cuales me voy más lejos de dónde empecé el viaje o que me he tenido que regresar a dejar la bicicleta. Me quedan seis meses y si la situación no mejora sí voy a cancelar el servicio"".
Recomienda que se contrate a más personal para mejorar las acciones de balanceo porque los reportes al respecto son cada vez más constantes. ""No pueden operar la misma estrategia que cuando comenzaron. Necesitan cambiar para que haya un balanceo continúo y que no sea de un día o de cuando se hizo la queja en redes sociales, sino que se vea sostenido este cambio"".
Sobre los señalamientos, se solicitó entrevista con la Agencia Metropolitana de Infraestructura para la Movilidad (AMIM), pero al cierre de esta edición no hubo respuesta.
PIDEN SEGURIDAD
Ciclistas opinan
Aunque más habitantes de la ciudad se animan a usar la bicicleta como medio de transporte, consideran que hay algunas limitantes para que más personas opten por esta vía.
David Ramos considera que falta mucha educación también entre los mismos ciclistas, ya que muchos circulan en sentido contrario.
""Que igual no debería pasar nada si hubiera más educación, pero hay ocasiones en que no te queda de otra más que circular en sentido contrario y los otros ciclistas no respetan, por ello he visto peleas o agresiones entre ciclistas"".
Y opina que se debe fortalecer la cultura vial entre peatones, ciclistas, motociclistas y automovilistas. ""Cada uno tiene sus derechos y también cuestiones a respetar, pero ninguno conoce en realidad lo que le corresponde. Es un tema de respeto en espacios públicos. Pero bueno, por lo menos la infraestructura ya existe y ha ayudado mucho"".
Jazmín Ruvalcaba señala que hace falta mantenimiento incluso en algunas rutas que tienen poco tiempo, como la ciclovía de ívila Camacho o en paseo Alcalde.
""Son recientes y ya están en mal estado, no en la base de rodamiento, sino en las segmentaciones, que no están bien delimitadas. Los bolardos o quesadillas están sueltos o quebrados, y eso representa un riesgo para nosotros, que tenemos que esquivarlos y salir al arroyo vehicular"".
íscar Rojas remarca que también hace falta que los conductores de automotores sean más responsables al conducir. ""Ya lo dijeron mucho pero vale la pena repetirlo muchas veces más: cultura vial. Los conductores no ponen direccionales, creen que el ciclista debe ir por la banqueta. Esto hace que pedalear en la ciudad sea más riesgoso de lo que debería"".
Mayra Azucena añade que es urgente mejorar las conexiones. ""Es decir, hay varias vías muy útiles que terminan en calle, por ejemplo la de avenida México y termina abruptamente como dos cuadras pasando Chapultepec, y son calles llenas de tráfico"".
Testimonios
""Los invito a que den una vuelta por la ciclovía de Avenida Malecón, acá por el Parque de la Solidaridad. Está súper abandonada"".
Julio Alcalá
""Se requiere mantenimiento constante de las ciclovías. Que amplíen las estaciones de MiBici Pública por Calzada del Federalismo en Zapopan"".
Berenice Gómez
""Hace falta cultura vial además de interconectar algunas ciclovías sobre todo en zona Sur (Santa Anita y San Agustín)"".
Felipe Reyes
Avance
Fuente: MIDE Jalisco.
Los municipios beneficiados
Guadalajara, Zapopan, San Pedro Tlaquepaque, Tonalá, Chapala, Jocotepec, Puerto Vallarta y Zapotlán el Grande. A la red de ciclovías se integra la del Peribús, la más extensa de todo el país, con 80 kilómetros de ida y vuelta.
Lee También
Recibe las últimas noticias en tu e-mail
Todo lo que necesitas saber para comenzar tu día
Registrarse implica aceptar los Términos y Condiciones"
28,EL Informador,11-05-22,Usuarios critican aumento al costo de MiBici,trafilatura,trafilatura,4000,0.53,https://www.informador.mx/jalisco/MiBici-Usuarios-critican-aumento-al-costo-del-servicio-de-transporte-20221105-0084.html,,"Usuarios critican aumento al costo de MiBici
Entrevistados denunciaron como injusto el incremento de los costos ante un servicio público que presenta deficiencias
La renovación de la suscripción anual de MiBici aumentará 14 pesos, pasando de 443 a 457 pesos. EL INFORMADOR/C. Zepeda
Tras el ajuste de costos para el servicio de transporte de MiBici previsto por el gobierno de Jalisco en la propuesta de Ley de Ingresos para el próximo año, con un aumento al precio en la suscripción anual, usuarios del servicio denunciaron como injusto el incremento de los costos ante un servicio público que presenta deficiencias.
 
 ""No estoy de acuerdo con el aumento, la infraestructura de las ciclovías no es buena, no han cambiado las bicicletas""
Acorde a lo previsto en la Ley de Ingresos para Jalisco en 2023, la renovación de la suscripción anual de MiBici aumentará 14 pesos, pasando de 443 a 457 pesos.
En este sentido, Susana Ramírez, usuaria del servicio desde el 2018, argumentó que el aumento en los costos es incongruente con el programa, debido a fallas en la habilitación de la aplicación, el estado de las bicicletas y la centralización de la infraestructura ciclista en el írea Metropolitana de Guadalajara (AMG).
""No estoy de acuerdo con el aumento, la infraestructura de las ciclovías no es buena, no han cambiado las bicicletas, hay bicicletas que están muy desgastadas, la aplicación no funciona bien, el código para sacar la bici no funciona y cada año le suben y no veo más bicipuertos en otras zonas que no sean centro de Guadalajara y el centro de Zapopan, si va a estar todo centralizado no veo la utilidad a las bicis"", manifestó.
Bajo esta misma postura coincidió Hugo Hernández, ciclista desde hace más de cinco años, quién comentó que a la par de los incrementos anuales en los costos del servicio, la realidad es que no se ha mejorado ni la infraestructura en ciclovías, ni las bicicletas, ni los puertos para poder hacer uso de ellas.
""No he visto de que a la par que se ha ido aumentado año con año desde que llegó Alfaro, no hay incremento en la distribución de los ciclopuertos, la mayoría de las bicis están en malas condiciones, las ciclovías apenas se están extendiendo más allá de lo que son los típicos lugares de siempre, la verdad no es conveniente porque a la par no se incrementa la posibilidad geográfica de que más personas puedan entrar"", afirmó.
El joven comunicólogo resaltó que otro problema que aqueja a los usuarios de MiBici es la accesibilidad para poder contratar el servicio, pues aseguró que el tener que contratar el servicio con el uso de una tarjeta de crédito dificulta la accesibilidad al mismo.
En este mismo sentido, Lorena Flores, ciclista desde hace tres años, consideró que el método de pago y costo cada vez es más elevado para el servicio que se presta, pues apuntó que en diversas ocasiones no ha podido acceder al servicio debido a la falta de bicicletas o dificultades de acceso para los puertos.
""Pienso que sí es servicio bueno, porque a mí en lo personal me ha ayudado, pero la verdad es que el servicio ha bajado de calidad en los últimos meses, tenemos menos oportunidades para dejar las bicis, y algunas ya están muy viejas y pesadas que la verdad están absolutas"", acotó.
A pesar de los nuevos costos y las deficiencias del servicios, hay quienes aseguran que el incremento se ha visto reflejado en mejoras en infraestructura y ampliación en las estaciones así como la cobertura de la red.
Víctor Barreto, usuario de MiBici desde 2017, señaló que el aumento en el costo no parece impactar su bolsillo debido a que continúa siendo más barato que hacer uso de unidades del transporte público día a día, además comentó qué hay ciclovías como en Federalismo y Gigantes que se han abierto para mejorar la movilidad.
JM
Lee También
Recibe las últimas noticias en tu e-mail
Todo lo que necesitas saber para comenzar tu día
Registrarse implica aceptar los Términos y Condiciones"
29,EL Informador,11-04-22,Ciclovías impactan en aumento de usuarios; piden más seguridad y conexión,trafilatura,trafilatura,2690,0.53,https://www.informador.mx/jalisco/Ciclovias-en-ZMG-impactan-en-aumento-de-usuarios-piden-cultura-vial-seguridad-y-conexion-20221104-0108.html,,"Ciclovías impactan en aumento de usuarios; piden más seguridad y conexión
De acuerdo con el reciente estudio del Observatorio Ciudadano Jalisco Cómo Vamos, el 2.4% de los habitantes de Guadalajara utilizaron la bicicleta como medio de transporte en 2020
Aunque creen que hay cosas por mejorar, ciclistas dicen que hay ciclovías mucho más completas que antes. EL INFORMADOR / ARCHIVO
Más cultura vial, seguridad y espacios para dejar las bicicletas, así como mejorar las conexiones, sobre todo al Sur y al Oriente de la ciudad, son algunas de las peticiones de los ciclistas de la Zona Metropolitana de Guadalajara (ZMG).
De acuerdo con el reciente estudio ""Moverse en GDL 2022"", del Observatorio Ciudadano Jalisco Cómo Vamos, el 2.4% de los habitantes de Guadalajara utilizaron la bicicleta como medio de transporte en 2020.
Para comparar, en la primera edición del análisis que toma como referencia el año 2018, la cifra era del 2% de los habitantes. En ese mismo periodo de comparación, la red de kilómetros de ciclovías en las áreas urbanas y metropolitanas en la Entidad creció de 162.58 a 253.91 kilómetros. El año pasado subió a 288.23 kilómetros.
David Ramos se mueve en bicicleta desde hace seis años, y destaca que este 2022 se ha animado a trasladarse a lugares más lejanos por las ciclovías que han hecho en la ciudad, como la de la calle Gigantes, en Guadalajara. ""La red de ciclovías está mucho más completa que antes. Puedes moverte a muchos sitios de la ciudad de forma segura"", explica.
""En la ciclovía de Gigantes hay muchas obstrucciones e invasión de motociclistas en el carril exclusivo de bicicletas""
Jazmín Ruvalcaba, otra usuaria, coincide en la falta de cultura vial. ""Fortalecer las multas porque falta cultura vial por parte de las y los automovilistas, se molestan cuando uno les dice que es ciclovía, como si fuera un espacio donde se pueden estacionar para no estorbar a otros vehículos, pero nosotros también somos vehículos y somos parte de la movilidad"".
Alexis González agrega que lo que más falta es que todo el transporte público, incluidos los camiones, tengan espacios para llevar las bicicletas (como ocurre en el Trolebús). ""Ya que eso ayudaría a poder hacer recorridos más largos. Mucha gente acostumbra tomar un camión para llegar al Tren, o tomar un transporte y luego caminar varias calles.
Esas dos situaciones dan pereza y el usuario termina optando por usar un transporte particular (generando más tráfico). Que no pueda hacer eso sólo en el SiTren"".
GC
Lee También
Recibe las últimas noticias en tu e-mail
Todo lo que necesitas saber para comenzar tu día
Registrarse implica aceptar los Términos y Condiciones"
30,EL Informador,11-04-22,Ciclistas piden mejorar mantenimiento y ampliar MiBici,trafilatura,trafilatura,2903,0.52,https://www.informador.mx/jalisco/MiBici-Ciclistas-piden-solicitar-mejorar-mantenimiento-y-ampliar-el-programa-20221104-0110.html,,"Ciclistas piden mejorar mantenimiento y ampliar MiBici
Usuarios evalúan si renovar o no su suscripción para el siguiente año debido a las fallas en las bicicletas y bicipuertos
Usuarios consideran que deben renovarse las bicicletas, pues muchas ya están obsoletas. EL INFORMADOR/ARCHIVO
David Ramos, que es usuario del programa de MiBici desde hace cuatro años, ha notado que este 2022 hay un deterioro del servicio que se brinda. ""Hay una falta de renovación de las bicicletas. Ya hay muchas nuevas, las verdes. Pero las rojas ya están muy viejitas. Y la mayoría de veces o están ponchadas o los cambios de velocidades no funcionan. O está demasiado pesadas al pedalear"".
Además, pide que haya más estaciones a otras áreas de la ciudad.
 
 ""Hay una falta de renovación de las bicicletas. Ya hay muchas nuevas, las verdes. Pero las rojas ya están muy viejitas""
""El sistema ya está consolidado y muchísima gente lo utiliza y hace recorridos más largos o fuera de las zonas donde hay estaciones. Urge que haya estaciones de conexión a zonas más alejadas a los centros o primeros cuadros del AMG"".
Jazmín Ruvalcaba platica que utiliza el programa desde hace año y medio porque escuchaba muy buenos comentarios. ""Como hay bicipuertos por mi casa y mi trabajo pensé que sería muy buena idea. Las ventajas que veo es que la mayoría de las veces hay bicicletas disponibles y al haber ciclopuertos, puedes dejar la tuya sin preocupación de que te vayan a robar la tuya. Ese era el beneficio que le veía: que podía encontrar biciletas en cualquier lugar, además de que con la aplicación puedes ver dónde hay bicicletas"".
Pero afirma que la situación ha cambiado recientemente y el servicio ha estado fallando, por lo que evalúa si el siguiente año renovar su suscripción.
""En las zonas donde me muevo no se están haciendo los balanceos de forma correcta, de hecho pese a quejas en redes sociales desde hace varios meses no se ha podido solucionar el problema"".
Sostiene que ha tenido que pagar Uber porque no encuentra bicipuertos para dejar la bicicleta alrededor de la zona donde vive o por su trabajo.
""Está lleno y no puedo dejar la bici, y me tengo que ir más lejos y pagar un Uber para llegar a mi destino, eso ya no es un beneficio, porque a final de cuentas estoy invirtiendo para llegar a mi destino. Ha habido ocasiones en las cuales me voy más lejos de dónde empecé el viaje o que me he tenido que regresar a dejar la bicicleta. Me quedan seis meses y si la situación no mejora sí voy a cancelar el servicio"".
Recomienda que se contrate a más personal y mejores acciones de balanceo porque los reportes al respecto son cada vez más constantes. ""No pueden operar la misma estrategia de cuando comenzaron"".
JM
Lee También
Recibe las últimas noticias en tu e-mail
Todo lo que necesitas saber para comenzar tu día
Registrarse implica aceptar los Términos y Condiciones"
31,Trafico ZMG,11-04-22,Trabajos en ciclovía de Federalismo representan riesgo para conductores,trafilatura,trafilatura,1965,0.91,https://traficozmg.com/2022/11/trabajos-de-ciclovia-en-federalismo-riesgo-para-conductores/,,"Trabajos en ciclovía de Federalismo representan riesgo para conductores
Las obras que se realizan desde hace varias semanas en Calzada Federalismo, en el tramo que va el Plan de San Luis y hasta la avenida Circunvalación, han sido motivo de diferentes confusiones, pero también de accidentes en la zona.
Sin la menor señalética, con prominentes banquetas que invaden uno de los carriles que estaba disponible para la incorporación avenida Circunvalación y sin las mínimas medidas de seguridad, así transcurren los trabajos que avanzan para conectar una ciclovía que ya existía, pero que ahora la autoridad decidió bajar de la banqueta para abarcar parte del carril de la extrema derecha.
El reclamo específicamente de los conductores, tanto de auto como de moto, son las pronunciadas esquinas con machuelo que de un momento a otro aparecieron en la zona, mismas que ya han causado derrapes de motocicletas y daños en autos por no ser visibles y carecer de señales de advertencia. Aunque todo ha parado en daños materiales y lesiones mínimas, la exigencia de quienes transitan todos los días por Calzada Federalismo, en el sentido Norte, es que la obra se socialice y cuente con al menos lonas o bandereros advirtiendo a los automovilistas.
Sobre las banquetas recién construidas que dividen el flujo vehicular de los ciclistas ya se aprecian marcas y vestigios de múltiples tallones de llantas y algunas autopartes que vehículos y motos han dejado ahí por impactarse con estos machuelos, que especialmente en la noche son imperceptibles y que invaden o eliminan uno de los dos carriles para salir hacia la avenida Circunvalación con rumbo a la avenida Alcalde.
A este problema habrá que añadirle que por al menos 300 metros a lo largo de las banquetas se han dejado gran cantidad de escombros y materiales de construcción, lo mismo que excavaciones que también carecen de señalética de seguridad para los peatones.
AM
Debe estar conectado para enviar un comentario."
32,EL Informador,11-03-22,"Proponen alza en multas, refrendo y MiBici en 2023",trafilatura,trafilatura,8511,0.6,https://www.informador.mx/Presupuesto-Jalisco-Proponen-alza-en-multas-refrendo-y-MiBici-en-2023-l202211030001.html,,"Proponen alza en multas, refrendo y MiBici en 2023
El Gobierno estatal afirma que no hay impuestos nuevos, pero los existentes aumentarán con base en la inflación actual
 
La iniciativa de Ley de Ingresos de Jalisco para el siguiente año incluye un aumento de 23 pesos en el cobro del refrendo vehicular.
El planteamiento del Poder Ejecutivo estatal al Congreso local es que los propietarios paguen 734 pesos.
Y los contribuyentes deberán cubrir la aportación de 34 pesos para la Cruz Roja y 29 para el Hogar Cabañas.
Con excepción de la verificación vehicular (que se quedará igual en 500 pesos), habrá incrementos en los trámites para las nuevas licencias y renovaciones para automovilistas, choferes y motociclistas.
Por ejemplo, la renovación de la licencia de chofer subirá a 817.
El gobernador de Jalisco comentó ayer: ""estamos presentando una propuesta que no aumenta impuestos, que no crea nuevos impuestos"".
Sin embargo, indicó que ""se hace un ajuste inflacionario"". En ese sentido, los impuestos sí tendrían un incremento. Si se considera la inflación anual actual, sería un aumento de 8.53%, en promedio.
Por eso la dotación y canje de placas para vehículos particulares subirá a dos mil 144 pesos en total.
Después de la reforma a la nueva Ley de Movilidad aprobada por el Poder Legislativo de la Entidad hace un par de semanas, en la Ley de Ingresos 2023 entrarían en vigor las alzas en las multas viales.
La Secretaría de la Hacienda Pública prevé para el siguiente año una recaudación de 783.3 millones de pesos (MDP) por este concepto, un incremento anual de 90.8 MDP.
El secretario de la Hacienda Pública, Juan Partida Morales, argumentó que se apuesta por buscar que quienes no paguen impuestos lo hagan. ""Y (que) quienes ya lo hacen no dejen de pagarlos"".
Sobre la suscripción anual del programa de MiBici, subirá 14 pesos el siguiente año, para ubicarse en 457 pesos.
Prevén que impuestos suban según la inflación
- Ayer fue presentada la propuesta de la Ley de Egresos del Estado de Jalisco para el ejercicio fiscal de 2023, en la cual, si bien no se crearán nuevos impuestos, los ya existentes podrían aumentar según la inflación.
- Enero de este 2022 cerró con una inflación de 7.1%, sin embargo, según las cifras más recientes, septiembre cerró con inflación anual del 8.53%, porcentaje que podría afectar para el año próximo los impuestos ya existentes.
- La propuesta de la Ley de Ingresos para el año próximo ya fue presentada ante los diputados de Jalisco y, de ser aprobada, el Estado contaría con 158 mil 630 millones de pesos que todas las dependencias de Jalisco podrán ejercer durante 2023; lo anterior, señaló, representa 12% más que lo asignado para este 2022, ""considerando las partidas asignadas por la Federación"".
- De acuerdo con el mandatario, se prevé incrementar la recaudación propia en 16 por ciento.
SABER MíS
Ingresos y gastos por 158 mil 630 millones
Con un cálculo de ingresos y gastos por 158 mil 630 millones 431 mil 6 pesos, el Gobierno de Jalisco hizo público el contenido del paquete económico estatal para 2023.
Las iniciativas fueron presentadas ante el Congreso de Jalisco la noche del martes, pero el secretario de Hacienda, Juan Partida se negó a dar detalles sobre la propuesta. Fue hasta que el gobernador publicó un video en sus redes sociales que se informó el monto y aspectos generales como que el cobro de impuestos y derechos estatales tendrían aumentos conforme a la inflación y descartó creación de nuevos gravámenes.
El titular del Poder Ejecutivo estatal refirió que pretenden incrementar 16% la recaudación propia con mayor eficiencia en el cobro. Añadió que los recursos federales aumentarían 12 por ciento.
""Representa un incremento de 21 mil 511 millones de pesos que van a ser destinados a los proyectos estratégicos que se han definido en materia de educación, salud, seguridad, de gasto social, infraestructura carretera; las grandes apuestas del Gobierno"", dijo.
El Congreso de Jalisco debe sesionar para darle entrada formal al proyecto de presupuesto y Ley de Ingresos. El 15 de diciembre es la fecha límite para que el Poder Legislativo lo apruebe.
COMPARACIíN
Etiquetan mil 604 millones para Línea 4
Los trabajos para la construcción de la Línea 4 (L4) del Tren Eléctrico a Tlajomulco tienen etiquetados mil 604 millones de pesos (MDP) en el proyecto de presupuesto estatal de egresos del próximo año.
De acuerdo con el documento presentado ante el Congreso estatal, se destinarían mil 324 MDP para acciones del Modelo Integral de Movilidad de la Zona Sur del írea Metropolitana de Guadalajara, contemplados como parte de los recursos del Sistema del Tren Eléctrico Urbano (Siteur).
Además, hay una bolsa de 280 millones para la intervención de carriles laterales en Periférico y avenida Aldolf Horn, que serían ejercidos por la Secretaría de Infraestructura y Obra Pública.
El costo de la nueva línea de tren se fijó en 9 mil 725 MDP; los Gobiernos estatal y el federal aportarán dos mil millones, cada uno, y la empresa Mota-Engil cinco mil 725 millones.
Por otra parte, para la implementación del sistema de control de trenes y señalización de la Línea 1 incluyeron 290 MDP.
El Programa Anual de Inversión Pública de 2023 considera erogar 23 mil 32 millones, principalmente para dar continuidad a obras y en la adquisición de equipamiento.
En el rubro de salud, hay considerados 403.4 millones para la construcción del Hospital Regional de Cancerología en Zapopan, 20 millones para continuar la remodelación de la Unidad de Niños Quemados y 15 millones en la Unidad Materno Infantil del Hospital Civil viejo; junto con otros 118 millones para edificaciones de servicio médico y asistencial en ese nosocomio. Hay una bolsa de 362.6 MDP para continuar las obras del Hospital Civil de Oriente en Tonalá; entre otras acciones.
En materia de seguridad, proyectan inversión de 40 millones para la habilitación de puntos de monitoreo inteligente del Centro de Coordinación, Comando, Control, Comunicaciones y Cómputo del Estado (C5). Además de 34 millones para equipamiento y operación del Centro de Identificación Humana.
También consideran 300 millones para la rehabilitación de plantas potabilizadoras para el abastecimiento de agua del írea Metropolitana de Guadalajara (AMG), junto con 10 millones para la perforación, equipamiento e interconexión de pozos de abastecimiento y 100 millones para continuar con el programa nidos de lluvia. Para la operación de plantas de tratamiento de aguas residuales hay 152 MDP.
Están contemplados dos mil 514 millones en el Fideicomiso para Infraestructura y Equipamiento Educativo, integrado con lo recaudado con el impuesto sobre la nómina. Para Aportaciones, Transferencias y Subsidios a Municipios hay etiquetados dos mil 423 MDP del Fondo de infraestructura social municipal.
El plan de inversión pública incluye otras acciones como la rehabilitación de carreteras estatales y obras de remodelación de infraestructura como unidades deportivas.
La UdeG podría tener aumento menor a la inflación
Aunque el gobernador de Jalisco afirmó que el proyecto de presupuesto 2023 considera 889 millones de pesos adicionales a la aportación que por ley le corresponde a la Universidad de Guadalajara (UdeG), como parte del convenio con el Gobierno Federal, la bolsa propuesta por seis mil 872 millones de subsidio ordinario estatal representa aumento de poco más de 5% en comparación con lo asignado este año.
Sobresale que, en el apartado del programa de Infraestructura educativa y cultural, de la unidad presupuestal de la UdeG, sólo se incluyeron 200 pesos.
En el Programa Anual de Inversión Pública 2023 hay una bolsa de 235 millones que ejercería la Secretaría de Infraestructura y Obra Pública en convenio con la UdeG para infraestructura educativa y cultural.
Ricardo Villanueva planteó la urgencia de que la Universidad reciba un incremento mayor a la inflación que supera el 8%; además de que solicitó la restitución de 776 millones para resarcir el déficit acumulado en los últimos tres años ante el crecimiento de la matrícula. Adelantó que buscará reunirse con diputados locales para detallarles los requerimientos.
Este año la UdeG accedió a 13 mil 131 millones
La UdeG dispondría de 14 mil 11 MDP que resultan de sumar 6 mil 872 millones de subsidio estatal ordinario, más 152 millones para ajuste salarial y los 6 mil 984 millones del subsidio federal."
33,Vive Vallarta,11-03-22,Ciclistas piden al profe Michel más espacios en Puerto Vallarta,trafilatura,trafilatura,2529,1.33,https://vivepuertovallarta.mx/2022/11/03/ciclistas-piden-al-profe-michel-mas-espacios-en-puerto-vallarta/,,"Ciclistas piden al profe Michel más espacios en Puerto Vallarta
El alcalde de Puerto Vallarta se reunió con diferentes colectivos de ciclistas de la ciudad, quienes pidieron en una mesa de diálogo más espacios para ellos, mantenimiento de ciclovias, continuida en los tramos, asi como un terreno especial para una pista de ciclismo.
En ese sentido, expresaron el compromiso de trabajar de la mano en el respaldo
que requieren para mejorar las ciclovías existentes y dar continuidad al proyecto
de interconexión, mayor vigilancia para que se respeten estos espacios por parte
de automovilistas y conductores del servicio de transporte público y motociclistas,
así como fortalecer la cultura vial en ese aspecto.
También plantearon la necesidad de contar con un espacio (terreno) para una
pista de ciclismo, en lo que el alcalde vallartense señaló que el municipio no
cuenta con un predio de esas dimensiones, pero se comprometió a gestionar un
área que puedan utilizar para algunas de sus actividades deportivas y recreativas.
De igual forma manifestaron la necesidad de reforzar la vigilancia vial para brindar
mayor protección a los ciclistas que transitan por las diferentes avenidas, así como
la importancia de promover el uso de equipo protector y contar con más
ciclopuertos o espacios para bicicletas en distintos puntos de la ciudad.
El empresario y ciclista, Adán Suárez, propuso impulsar de manera conjunta
actividades como las que él ya viene realizando a través de su grupo, para alejar a
los jóvenes de los vicios, además de cursos y talleres para el mantenimiento
básico de bicicletas.
Otro de los planteamientos fue promover competencias ciclistas entre Puerto
Vallarta y Bahía de Banderas, ya que es una actividad que genera turismo y
derrama económica.
El Profe Michel refrendó el compromiso de atender sus inquietudes, sobre todo en
el caso de las ciclovías y otros temas de interés que plantearon los ciclistas en
esta reunión.
Por su parte, el Club de Ciclistas Amigos de Vallarta que representa Javier
Villaseñor, y que año con año organiza la rodada Reto San Pedro, una
competencia de ciclismo de montaña que en esta ocasión se tiene programada el
11 de diciembre, extendió la invitación al Profe Michel a dar el banderazo de
salida.
También se comprometió en acompañar a los ciclistas que participan en el
BiciPaseo que se realiza cada miércoles, de Marina Vallarta al Malecón, el cual
organiza Eliseo García, ciclista urbano y entrenador deportivo, con el apoyo de la
organización de bicitantes.
Comunicado"
34,Mural,11-01-22,Solo 2% de tapatíos usan bici como medio de transporte,trafilatura,trafilatura,503,0.94,https://www.mural.com.mx/solo-2-de-tapatios-usan-bici-como-medio-de-transporte/ar2496553,,"COMUNIDAD
03 MIN 00 SEG
Fernanda Carapia
Guadalajara, México (01 noviembre 2022) .-11:41 hrs
Las personas que usan la bicicleta como medio de transporte son pocas, en comparación a aquellas que ven al auto particular como una opción de desplazamiento. Crédito: Archivo
 Aunque la apuesta de los Gobiernos es impulsar la movilidad no motorizada, las personas que usan la bicicleta como medio de transporte son pocas, en comparación a aquellas que ven al auto particular como una opción de desplazamiento."
35,Trafico ZMG,10-28-22,Por abandono de obras; ciclovía de avenida Las Torres causa múltiples accidentes,trafilatura,trafilatura,1841,0.91,https://traficozmg.com/2022/10/por-abandono-de-obras-ciclovia-de-avenida-las-torre-causa-multiples-accidentes/,,"Por abandono de obras; ciclovía de avenida Las Torres causa múltiples accidentes
El ayuntamiento de Zapopan olvidó por completo las obras para instalar la ciclovía que desde hace varios meses se realizaban sobre avenida Las Torres, en la zona de la colonia Volcán de El Colli.
Un tramo de aproximadamente 300 metros ha quedado completamente en el olvido, con banquetas prominentes en sus esquinas que son la causa de diferentes y repetidos accidentes, principalmente de motociclistas.
En la zona no se aprecia un solo trabajador, y de acuerdo a versiones de vecinos, ha estado así desde hace al menos un mes. Banquetas inconclusas, vestigios de materiales de construcción y montones de tierra y escombro, son la evidencia de que el gobierno zapopano, por alguna razón que aún no ha detallado, paró las obras de lo que se pensaba sería una vía segura para los ciclistas.
El pequeño carril confinado para quienes viajan en bicicleta está lejos de ser un espacio seguro para ellos. Excavaciones y falta de señalética es la causa de que no haya en ese trayecto separación entre arroyo vehicular y quienes viajan a bordo de este vehículo de dos ruedas.
Aunado a ello, son decenas de reportes ciudadanos los que advierten que debido a las obras inconclusas en el transcurso de un mes, han sido al menos 4 motociclistas que han salido proyectados tras encontrarse de pronto con pronunciadas banquetas en las esquinas, de las que no hay señal o advertencia alguna.
Falta de balizamiento, falta de socialización y falta de cumplimiento en la celeridad de los trabajos, son solo algunos de los puntuales señalamientos que automovilistas y colonos de la zona han hecho la autoridad, sin que hasta el momento haya dado respuesta a las denuncias ciudadanas.
Abram Maciel
Te puede interesar: Vandalismo durante noche de Halloween es delito que se sanciona"
36,Trafico ZMG,10-26-22,Guadalajara cuenta con 258 kilómetros de ciclovías segregadas,trafilatura,trafilatura,2476,0.14,https://traficozmg.com/2022/10/guadalajara-cuenta-con-258-kilometros-de-ciclovias-segregadas/,,"Guadalajara cuenta con 258 kilómetros de ciclovías segregadas
La Asociación Norteamericana de Bicicletas y Scooters Compartidos (NABSA, por sus siglas en inglés), realizó por primera vez la conferencia anual en América Latina, en la ciudad de Guadalajara; debido al importante trabajo y avances en materia de movilidad activa.
En este encuentro participan la Coordinación de Gestión del Territorio, el Instituto de Planeación y Gestión del Desarrollo del Área Metropolitana de Guadalajara (Imeplan), la Agencia Metropolitana de Servicios de Infraestructura para la Movilidad del AMG (AMIM), y el Sistema de Bicicletas Públicas, MiBici.
El Coordinador de Gestión del Territorio, René Caro Gómez, en representación del Gobernador del Estado, Enrique Alfaro, les dio la bienvenida a las y los asistentes a Guadalajara, también resaltó el trabajo que se ha realizado desde el gobierno, de la mano de la sociedad civil, para fortalecer las estrategias y acciones en materia de movilidad urbana.
La Directora General del Imeplan, Patricia Martínez Barba, realizó un recorrido por la evolución en la planeación de la movilidad urbana sustentable, tomando como punto de partida la demanda social que, desde hace 15 años, impulsa y promueve otras formas de movilidad.
Caro Gómez señaló que una de las agendas prioritarias ha sido la de la movilidad digna, segura y sustentable, y en particular la movilidad activa. Añadió que se tiene una red de ciclovías y carriles preferenciales ciclistas tanto en la Zona Metropolitana de Guadalajara y en otras ciudades del interior del estado. La ciudad cuenta con 258 kilómetros de ciclovías segregadas, así como 116 kilómetros de carriles con prioridad ciclista; a lo largo de todas las ciclovías de la ciudad se realizan más de 42 mil viajes al día.
«Sabemos que el trabajo por contar con mejores condiciones para la movilidad activa enfrenta constantes retos, pero estamos conscientes del compromiso que esto conlleva, ya que sabemos es la ruta para tener una ciudad más humana, sustentable, equitativa e incluyente» dijo Caro Gómez.
En este encuentro participaron la Coordinación de Gestión del Territorio, el Instituto de Planeación y Gestión del Desarrollo del Área Metropolitana de Guadalajara (Imeplan), la Agencia Metropolitana de Servicios de Infraestructura para la Movilidad del AMG (AMIM), y el Sistema de Bicicletas Públicas, MiBici.
CT
Te puede interesar: Más de 70 mil usuarios de transporte público han descargado app «Mi Saldo»"
37,Mural,10-20-22,"Ciclovía al camellón, piden vecinos de Guadalupe",trafilatura,trafilatura,462,0.7,https://www.mural.com.mx/ciclovia-al-camellon-piden-vecinos-de-guadalupe/ar2490228,,"Con pancartas con diferentes leyendas, Asociación Rescate Av. Guadalupe realizó hoy una caravana para exigir que se modifique la ciclovía. Crédito: Ángel Llamas
De manera simultánea los coches daban vueltas a la glorieta, al tiempo que otro grupo de vecinos se apostaba con un par de lonas. Crédito: Ángel Llamas
Las protestas para exigir que se modifique la Ciclovía de Avenida Guadalupe se unieron hoy al caos vial en la Avenida Ecónomos por el GDL Open AKRON."
38,NTR Guadalajara,10-18-22,Vecinos exigen modificación de ciclovía en Avenida Guadalupe,trafilatura,trafilatura,1336,0.26,https://www.ntrguadalajara.com/post.php?id_nota=188858,,"Vecinos de las colonias cercanas a avenida Guadalupe, en Zapopan, se manifestaron ayer en sus vehículos y a pie con cierres parciales a la circulación para insistir en que el gobierno de la Ex Villa Maicera modifique la ciclovía que está en la arteria.
La protesta consideró una caravana vehicular y una marcha que provocó cierres parciales a la circulación.
Habitantes añadieron que han tenido mesas de trabajo con autoridades y el alcalde de Zapopan, Juan José Frangie Saade, pero sus demandas no han sido atendidas. Aunque han presentado diversas alternativas, aseguraron que no han sido escuchados.
Enrique Campos, uno de los manifestantes, recordó que la última propuesta de los vecinos es que la ciclovía se quede, pero solo en un carril de la avenida y que sea bidireccional. Así, añadió, no ocuparía dos carriles completos.
Aseguró que él y los demás no están en contra de las ciclovías, pero sí de las obras que no cuentan con una debida planeación. En ese sentido, señaló que el Plan Parcial de Ordenamiento del Municipio indicaba otro trazado para la ciclovía y al final no se respetó.
Afirmó que la obra ciclista ha provocado que la avenida se sature de vehículos y que los niveles de contaminación crezcan.
Finalmente, puntualizó que la presión social se mantendrá hasta que las autoridades escuchen a los inconformes.
jl/I"
41,Mural,10-16-22,Retomarán protestas vs. Ciclovía de Avenida Guadalupe,trafilatura,trafilatura,404,0.8,https://www.mural.com.mx/retomaran-protestas-vs-ciclovia-de-avenida-guadalupe/ar2487321,,"COMUNIDAD
02 MIN 00 SEG
Maggie Urzúa
Guadalajara, México (16 octubre 2022) .-05:00 hrs
El pasado 2 de mayo se determinó que la Ciclovía de Avenida Guadalupe no se iba a modificar, pese a las protestas de la misma asociación. Crédito: Archivo
Oootra vez se encendió el debate por la permanencia de la Ciclovía de Avenida Guadalupe, pese a que en mayo pasado el Gobierno de Zapopan rechazó su modificación."
42,Expansión,10-13-22,Guadalajara suma kilómetros a su ruta ciclista,trafilatura,trafilatura,1572,0.74,https://obras.expansion.mx/infraestructura/2022/10/13/que-ciclovias-hay-jalisco,,"La ciudades cada vez apuestan más por la movilidad no motorizada por sus múltiples ventajas. En el caso de usar la bicicleta, para los usuarios, reduce el riesgo de infarto en 50%, favorece la sostenibilidad al no emitir contaminantes y ocupa poco espacio, por lo que favorece la fluidez del tráfico, de acuerdo al gobierno federal.
Guadalajara suma kilómetros a su ruta ciclista
 
Guadalajara, la segunda área metropolitana más grande del país, busca fomentar el uso de este vehículo, por lo que ha incrementado la infraestructura ciclista en los últimos años. 
Hasta inicios del año, la capital jalisciense contaba con 16 corredores ciclistas metropolitanos y una red secundaria, que juntos suman 1,591.89 kilómetros cuadrados (los corredores contemplan 380.77 kilómetros). Sin embargo, se agregó una nueva ciclovía que está catalogada como la más larga de Latinoamérica.
Ciclovía en Guadalajara
Catalogada como la más larga de Latinoamérica con 41.5 kilómetros de largo, la nueva ciclovía está integrada a Mi Macro Periférico un sistema de transporte biarticulado parecido al Metrobús y Mexibús del Valle de México.
Tiene 42 estaciones y cruza Zapopan y Tlaquepaque.
 
 
Renta de Mi Bici en Guadalajara
Se trata de un sistema de renta de bicicletas que cuenta con 3,200 unidades ubicadas en 299 estaciones en el área metropolitana de Guadalajara, de acuerdo a la información en su página oficial.
Su acceso se realiza a través de la tarjeta Mi Movilidad, y tiene costo. La suscripción anual cuesta 443 pesos, un día 97 pesos, tres días 194 pesos y siete días 340 pesos."
43,Letra,10-13-22,Con bici paseo «Ponte Rosa» recorrerán las calles de La Huerta,trafilatura,trafilatura,1731,1.24,https://letrafria.com/con-bici-paseo-ponte-rosa-recorreran-las-calles-de-la-huerta/,,"Por: Jasmin Hurtado Torres
La Huerta, Jalisco. 13 de octubre 2022. (Letra Fría).- El próximo 17 de octubre en el municipio de La Huerta, se llevará a cabo el Bicipaseo «Ponte Rosa», con el objetivo de concientizar a las mujeres, fomentar el chequeo temprano y la prevención contra el cáncer de mama.
«El objetivo es concientizar a las mujeres a que se hagan un chequeo temprano en sus mamas y si detectan alguna bolita, alguna anomalía en sus pechos pues vayan al médico y vayan a que las valoren y así prevenir el cáncer de mama», comentó Lizandra Natali Zuazo Palacios, titular de la Jefatura Instancia Municipal de la Mujer.
El evento iniciará a las 6 de la tarde; se partirá del jardín principal y para así recorrer las principales calles del municipio, en un trayecto de aproximadamente 7.74 kilómetros.
Para la participación en este bici paseo se invita a los asistentes a utilizar, de preferencia, playera blanca, además de tener los cuidados necesarios, como evitar hacer maniobras con las bicicletas para no provocar accidentes.
«Tener los cuidados necesarios para no chocar con las bicicletas de en frente ni de los lados, porque luego los jóvenes de hoy en día van haciendo maniobras y pueden provocar un choque entre las bicicletas, pero más que nada tomar precauciones», afirmó Lizandra Zuazo.
Al finalizar el bici paseo, se invita también a continuar con las actividades en el jardín municipal, en donde se realizará una rifa.
De igual forma, Lizandra Zuazo, afirma que las actividades durante el marco del Día Mundial de la Lucha contra el Cáncer de Mama continuarán con la marcha del próximo martes 18 de octubre.
Edición: MV
Queda prohibida la reproducción total o parcial. El contenido es propiedad de Letra Fría."
44,NTR Guadalajara,10-11-22,Abandonan obras de ciclovía en Las Torres,trafilatura,trafilatura,1001,0.27,https://www.ntrguadalajara.com/post.php?id_nota=188573,,"Desde hace al menos tres semanas no hay trabajadores en las obras de la ciclovía de la avenida Las Torres, en la zona de El Colli, en Zapopan.
Tras un recorrido por la zona, NTR detectó obras sin terminar y nula señalética preventiva, lo que genera molestias y preocupación entre los vecinos.
Colonos relataron que el cruce de la avenida Las Torres y la calle Tecalitlán es uno de los puntos más riesgosos, incluso ya se han registrado accidentes. En el punto algunos motociclistas se han impactado en machuelos y automovilistas han chocado con banquetas de las esquinas debido a que abarcan parte del carril derecho.
""Queremos la ciclovía, esto que mencionamos no es para que la quiten, es para que la terminen. Nadie sabe por qué las obras se dejaron abandonadas"", señaló uno de los colonos, quien advirtió que desde hace tres semanas no se ve a personal de la obra.
En el recorrido hecho por este medio se constató que los trabajos están abandonados y que hay materiales de construcción regados.
JB"
45,Pagina 24 Jalisco,10-09-22,"""Que haya ciclovías… Pero bien planeadas""",trafilatura,trafilatura,2110,0.76,https://pagina24jalisco.com.mx/2022/10/09/local/que-haya-ciclovias-pero-bien-planeadas/,,"Urge crear red para viajar seguros por la ciudad: Usuarios
Por Rafael Hernández Guízar
Ciclistas exigieron que haya más ciclovías por calles principales y avenidas de la ciudad ya que según dijeron, se requiere de una red de vías que permitan desplazarse seguros.
Y es que al momento, se han estado poniendo varias ciclovías en diversos puntos de la ciudad, pero según usuarios de las ciclovías, deben de ofrecerse otras alternativas que ayuden a que el desplazamiento sea tranquilo y seguro, por avenidas como Enrique Díaz de León, para no tener que bajar hasta la avenida Federalismo.
""Pues sabemos que se necesita que se hagan más ciclovías, pero que se hagan de forma planeada, porque no queremos estar teniendo problemas con la gente, definitivamente por la de Enrique Díaz de León si es muy urgente porque debe haber más opciones, no nada más la de Federalismo que a veces sirve para que la gente camine, no así no sirven, no deben de estar sobre la banqueta, deben de estar a ras de suelo y sobre todo que se entienda por los automovilistas, que necesitamos que haya opciones reales de carriles especiales para nosotros, queremos ir seguros, y de verdad es una opción que puede hacer la diferencia, incluso por la misma economía, si está tan cara la gasolina pues para muchos sí es una opción agarrar la bicicleta, claro que no es para todos, tampoco somos intransigentes como muchos dicen"".
Además de esto, según los mismos usuarios de la bicicleta, las ciclovías deben ser de doble sentido, o bien tener opción para que haya una cerca de otra que vaya en sentido opuesto, o sea, de norte a sur y de regreso, o de oriente a poniente y viceversa.
Por ello, esperan que ahora que se ha iniciado con la remodelación de la avenida Enrique Díaz de León se incluya una ciclovía en ambos sentidos, pues dicen que tienen los mismos derechos que una persona que viaja a bordo de un automóvil.
Asimismo, indicaron que están a favor de los carriles Bus Bici, que si bien ha molestado a muchos es una excelente opción para que se permita el tránsito tanto del transporte público como de la movilidad no motorizada."
46,Mural,10-05-22,Va MC por ciclovías obligadas,trafilatura,trafilatura,531,0.83,https://www.mural.com.mx/va-mc-por-ciclovias-obligadas/ar2481479,,"COMUNIDAD
02 MIN 00 SEG
Martín Aquino
Guadalajara, México (05 octubre 2022) .-14:21 hrs
Diputada propone que nuevas edificaciones como condominios o conjuntos habitacionales deberán contar con espacios obligados para ciclovías. Crédito: Ángel Llamas
Las nuevas edificaciones en Jalisco, como condominios o conjuntos habitacionales, podrían ser obligadas a contar con espacios obligados para ciclovías, de acuerdo con una propuesta de reforma legal impulsada en el Congreso local por la diputada de MC, Alejandra Giadans Valenzuela."
49,El Informador,09-29-22,En enero iniciará construcción de ciclovía en Av. Javier Mina,trafilatura,trafilatura,2477,0.62,https://www.informador.mx/jalisco/Guadalajara-En-enero-iniciara-construccion-de-ciclovia-en-avenida-Javier-Mina-20220929-0069.html,,"En enero iniciará construcción de ciclovía en Av. Javier Mina
Esto a petición de los comerciantes para que les permitieran trabajar durante la temporada navideña, que es cuando hay mejores ventas
EL INFORMADOR / E. Gómez
A petición de los comerciantes que están ubicados por todo el corredor de avenida Javier Mina, punto estratégico comercial entre San Juan de Dios y la calle ílvaro Obregón, la construcción de la ciclovía en dicha avenida comenzará en enero de 2023.
Pablo Lemus Navarro, presidente municipal de Guadalajara, destacó que en la vialidad se harán labores de remozamiento, que incluyen mantenimiento de banquetas, construcción de la misma ciclovía, puertos seguros para peatones, puertos de carga y descarga para los vehículos de los comerciantes, luminarias y renovación de pavimento, lo cual tendrá una inversión de 32 millones de pesos.
""En Javier Mina se va a iniciar el próximo año (remozamiento), la solicitud de los comerciantes de Javier Mina es que puedan trabajar en la temporada navideña, de mejores ventas, y nosotros accedimos con muchísimo gusto, entonces Javier Mina inicia (construcción ciclovía) en la primera semana de enero"", comentó el alcalde.
Por su parte, Jesús Carlos Soto Morfín, director de Movilidad y Transporte del Municipio de Guadalajara, explicó parte de este proyecto, en el que se mantendrán los cuatro carriles para automotores que circulan de oriente a poniente.
""En enero arrancamos con el proyecto en el tramo de la Calzada "" Belisario Domínguez, es una renovación integral del corredor vamos a recuperar toda la banqueta que está levantada por las raíces del arbolado, tiene varias décadas que no se ha intervenido, empezamos recuperando banquetas y se incorpora la ciclovía con las medidas necesarias para conservar los cuatro carriles que actualmente hay, y también se conservan las bahías de carga y descarga que se tienen en los diferentes puntos, se agregan adicionales en las calles transversales petición que nos han hecho los comerciantes de Obregón y de San Juan de Dios frente a los que están por Javier Mina"", acotó.
La ciclovía en Javier Mina estará sobre el arroyo vehicular. El diseño es sobre el carril de extrema derecha de la vialidad; se redimensionarán las medidas para que se mantengan todos los carriles.
GC
Lee También
Recibe las últimas noticias en tu e-mail
Todo lo que necesitas saber para comenzar tu día
Registrarse implica aceptar los Términos y Condiciones"
50,Publimetro,09-29-22,Comerciantes piden se postergue construcción de nueva ciclovía de Javier Mina en Guadalajara,trafilatura,trafilatura,1965,1.22,https://www.publimetro.com.mx/jalisco/2022/09/28/ciclovia-en-la-avenida-javier-mina-comenzara-a-construirse-hasta-enero/,,"Ante el temor que las obras afecten sus ventas decembrinas que para ellos es su mejor temporada del año, comerciantes solicitaron postergar el inicio de la construcción de la ciclovía de la avenida Javier Mina en Guadalajara. La autoridad informó que la construcción iniciará hasta el próximo mes de enero atendiendo la recomendación.
Información relacionada: Inminente la construcción de ciclovía en la avenida Javier Mina de Guadalajara; socializan la obra
La obra que tendrá un costo cercano a los 39 millones de pesos, se compondrá de dos fases: una iniciará de la Calzada Independencia hasta la avenida Belisario Domínguez y otra más irá desde Belisario Domínguez hasta la calle Presa Laurel.
A decir de la autoridad, la obra contempla no sólo la construcción de la ciclovía sino de otras adecuaciones en la zona de Javier Mina, entre ellas la remodelación de banquetas que tendrán accesibilidad universal, instalación de bolardos y así como iluminación peatonal y construcción de bahías de carga y descarga para los comercios que hay en la zona.
Esta obra, igual que muchas otras de movilidad ciclista, ha generado opiniones divididas pues comerciantes temen que el proyecto impacte sus ventas, particularmente los locales ubicados en la acera norte de Javier Mina que será donde se encuentra de manera paralela a la ciclovía.
Las autoridades se comprometieron a que, a pesar de la instalación de la ciclovía, no se perderá ninguno de los cuatro carriles de la vialidad:
""No, la ciclovía va sobre el arroyo vehicular como tiene que diseñarse del lado derecho de la vialidad y se mantienen los cuatro carriles que se tienen actualmente"", explicó el director de Movilidad de Guadalajara, Jesús Soto Morfín.
Algunos comerciantes de la zona no están de todo de acuerdo en las obras que se pretenden, pues acusan se podría generar complicaciones viales, particularmente por los horarios de entrada, carga y descarga de los establecimientos ubicados en el corredor."
52,Pagina 24,09-27-22,"""Inútil"" ciclovía en avenida Patria",trafilatura,trafilatura,1651,0.63,https://pagina24jalisco.com.mx/2022/09/27/local/inutil-ciclovia-en-avenida-patria/,,"Poca gente la usa pues funciona como tiradero de escombros
Por Rafael Hernández Guízar
Otra ciclovía es catalogada como inútil, que sólo sirve para aglomerar bolsas de basura, se trata de la que se ubica en la calle Patria, en el municipio de Tonalá.
Y es que a decir de los que viven en los alrededores de esta vía ciclista que acaba de ser instalada, la gente –los ciclistas– no utilizan la ciclovía para transportarse ""seguros"" a bordo de las bicicletas, porque en realidad son usadas para dejar las bolsas de desperdicios, ya que el camión recolector de la basura casi nunca pasa.
""Mire, es un nido de ratas, es un sitio para la basura, está imposible de usar, y cuando hicieron esto de la ciclovía quedó como algo que no sirve porque la gente no la usa para andar, no hay ciclistas que la usen, es más bien que la usa la gente para poner escombros y basura, no dude usted que hasta la usan para esconderse y robar a la gente"", dijo una de las entrevistadas.
""Mire pues ahí está un casino, entonces la usan para asaltar a la gente que va pasando, luego llueve y se estanca el agua, es una ciclovía innecesaria, es algo que ni se usa, yo digo que deberían de quitarla"", dijo.
Y es que en un tramo de la avenida, se cerró la circulación de una calle pues se quemó un puente y ahora, es tomada como un basurero clandestino al aire libre: ""Se ve feo, está horrible, y a nosotros nos afecta mucho por los malos olores, los zancudos, además de que hay muchos indigentes y pues mire, aquí llega el montón de indigentes y se quedan, cuando les dan cosas como colchones pues aquí vienen y los despedazan y se llevan el metal y dejan ahí la basura"", indicó."
53,Zona docs,09-26-22,Celebran 15 años del movimiento ciclista con una Mega Rodada,trafilatura,trafilatura,5508,0.77,https://www.zonadocs.mx/2022/09/25/celebran-15-anos-del-movimiento-ciclista-con-una-mega-rodada/,,"Después de tres años de posponer las rodadas masivas del Dia Mundial sin Autos debido a la pandemia, la red de colectivos ciclistas de Guadalajara vuelve a apropiarse de las calles para festejar los logros de su trabajo a través de los años, pero también para seguir en la construcción de una ciudad que garantice los derechos de movilidad de las personas que se mueven en bicicleta.
Texto y fotografías por Ximena Torres / @ximena_tra
La tarde de este sábado alrededor de mil 500 ciclistas de todas las edades se dieron cita en el Parque Revolución para formar parte de la Mega Rodada por el Día Mundial sin Autos que se conmemora cada 22 de septiembre. ""Después de mucho tiempo en casa es tiempo de celebrar el día con una Mega Rodada que invite a todos a dejar su coche y demostrar que todos podemos disfrutar de Guadalajara sin autos… Celebraremos pedaleando"", decía la invitación de Rodando por Guadalajara en Facebook.
Los y las asistentes hicieron un recorrido de 13.25 kilómetros por las principales calles de Guadalajara. Entre ellas Av. Vallarta, Av. López Mateos, Calz. Lázaro Cárdenas y Av. Miguel Hidalgo, donde el 4 de septiembre pasado se inauguró el carril Bus-Bici de circulación exclusiva para ciclistas y unidades de transporte público del Sistema Integral del Tren Ligero. Durante el camino se escuchaba la consigna ""¡Menos autos, más bicicletas!""
Con la Mega Rodada se cumplieron 15 años desde la primera actividad de este tipo en Guadalajara. El primer llamado que los colectivos hicieron a los y las ciclistas para tomar las calles en el marco del 22 de septiembre fue en 2007, cuando se unieron para oponerse al Viaducto López Mateos. Dichas manifestaciones fueron la semilla para una red de colectivos que incidieron en la política pública local de movilidad.
Por eso se vivió un ambiente festivo, con música y baile en el Andador Escorza, donde terminó el recorrido. Sin embargo, quienes asistieron a la manifestación no perdieron de vista las exigencias que aún tienen para que la ciudad se convierta en un espacio accesible y seguro para todas las personas que transitan por ella.
""Han sido tiempos de lucha que nos han permitido pasar de un ideal de ciudad a una realidad que sigue en construcción"".
Desde Bici Blanca recordaron que en lo que va del año 12 ciclistas han muerto en el Área Metropolitana de Guadalajara. Cinco de ellos a causa del transporte público, cinco por camiones de carga, una persona a causa de una motocicleta y una por una caída por causa de un bache. El último fallecimiento se registró el mismo sábado de la Mega Rodada en la Carretera al Salto, a la altura de la colonia La Alameda en Tlajomulco de Zúñiga.
Anabel López asistió a la Mega Rodada como integrante del Rodantes Nocturnos Gdl, un grupo fundado hace 18 años que sale a pedalear las calles dos noches a la semana. Ella dice que uno de los logros más importantes que festejan es la visibilidad, la consciencia y el respeto cada vez mayor a quienes se mueven en bicicleta por la ciudad. También resalta la construcción de espacios limitados para ellos y ellas. Pero son esos mismos temas en los que aun hace falta trabajar según la ciclista.
""Los automovilistas todavía nos ven como un estorbo y no como personas. Hace falta todavía más respeto y empatía"".
Rodrigo Herrera, del grupo ciclista Webones con 15 años de trayectoria, está de acuerdo. ""Hoy hubo un poco más de respeto de los automovilistas que los otros años. Nos toleran más que antes, pero todavía se sienten dueños de la ciudad"" comenta él.
Además de las ciclovías explica que otro logro son las leyes que reconocen los derechos de quienes van en bici. Por ejemplo, las reformas a Ley de Movilidad y Transporte del Estado de Jalisco nombradas Biciley en 2016. Fue entonces cuando se estableció que los y las ciclistas tienen derecho a circular por el centro de los carriles del extremo derecho de las calles y la obligación de no usar las aceras, entre otras garantías y obligaciones.
Las personas ciclistas están en el segundo nivel de la pirámide de movilidad urbana. Esto se debe a su vulnerabilidad frente a los transportes motorizados, pero también a los beneficios que llegan con la movilidad activa.
Quienes participaron en la Encuesta de Hábitos y Percepción Ciclista 2021 del Municipio de Guadalajara respondieron que sus motivaciones para transportarse en bicicleta son el ahorro económico, el beneficio a la salud, la eficiencia y la ayuda al medio ambiente. Sin embargo, de entre los y las participantes que han vivido situaciones de riesgo como atropellos y mala convivencia con otros sujetos, 65.1% señalaron al automovilista particular como el vehículo más involucrado en dichos percances, seguido por el transporte público con 20.1% de las menciones.
Fui con mi hijo a él evento, vivimos en Tonalá
Municipio carente de ciclovías.
No estubo mal, pero tampoco como lo imaginamos, al principio parecía que era una forma de manifestación, algunos claxon nos recordaban la madre, los agentes viales se veían estresados, los polecias"" discutían e incluso amedrentaban a quienes comensamos a tomar los carriles completos
Nos gritaban que debíamos respetar a los demás.. Yo me pregunté, en que momento les estamos faltando al respeto?.
Se supone que estamos paseando, no estábamos bloqueando nunca paramos de avanzar.
Los agentes viales y polecias"" tienen que estar más conscientes, de el evento que el sábado se llevó a cabo…
Incluso tendrán que capacitarse, porque con toda seguridad, lo seguiremos haciendo.,
Saludos!."
54,Mural,09-25-22,Ruedan decenas de jaliscienses por el Día Mundial sin Auto,trafilatura,trafilatura,607,0.82,https://www.mural.com.mx/ruedan-decenas-de-jaliscienses-por-el-dia-mundial-sin-auto/ar2475749,,"Ruedan decenas de jaliscienses por el Día Mundial sin Auto
01 MIN 30 SEG
Mariana Quintero
Guadalajara, México (24 septiembre 2022) .-19:06 hrs
La Mega Rodada por el Día Mundial sin Auto se conmemora cada 22 de septiembre. Crédito: Renee Pérez
Loas ciclistas partieron rumbo al Andador Escorza. Crédito: Renee Pérez
Para hacer conciencia sobre los efectos ambientales del uso de los coches y promover el respeto a la movilidad ciclista, decenas de personas se reunieron esta tarde en el Parque Revolución para hacer parte de la Mega Rodada por el Día Mundial sin Auto, que se conmemora cada 22 de septiembre."
56,El Informador,09-25-22,Con exhibición de BMX y Skateboard cierran Semana de la Movilidad en Guadalajara,trafilatura,trafilatura,3799,0.58,https://www.informador.mx/jalisco/Guadalajara-Con-exhibicion-de-BMX-y-Skateboard-cierran-Semana-de-la-Movilidad-20220925-0064.html,,"Con exhibición de BMX y Skateboard cierran Semana de la Movilidad en Guadalajara
Distintos trucos y saltos en bicicletas y patinetas fueron presentados este domingo en la Glorieta La Normal
Entre las personas que realizaron las exhibiciones de este domingo se encontraron también Willy Figueroa, Iván Silva y Minerva Vargas. EL INFORMADOR / C. Zepeda
Distintos trucos y saltos en bicicletas y patinetas fueron presentados este domingo en la Glorieta La Normal como parte de las actividades de cierre que autoridades y colectivos impulsaron durante la Semana de la Movilidad, llevada a cabo desde el lunes pasado en el marco del Día Internacional sin automóvil.
La Agencia Metropolitana de Infraestructura para la Movilidad (AMIM) en conjunto con el colectivo ""Antifashion"" llevaron a cabo una activación en este punto con el objetivo de visibilizar las distintas disciplinas relacionadas con la movilidad no motorizada, como lo son las patinetas y las bicicletas especializadas.
Sergio Gerardo, conocido como ""Yeyo"" entre las comunidades ""biker"" y ""skate"", explicó que si bien estos vehículos suelen ser vistos como de fines ""recreativos"" las comunidades inmersas en estas disciplinas también los han convertido en sus medios de transporte, por lo cual se busca darles visibilidad en la movilidad.
""Lo importante es demostrar que existen distintos tipos de transportes alternativos, evitar el congestionamiento vial y sumarlo con el practicar alguna disciplina como estas, teniendo por ejemplo el Fixie, los trucos en bicicletas de ruta, en bicis de montaña. Demostrar que en la ciudad se puede hacer de todo en una bicicleta y que solo es cosa de tener ganas"", expresó el joven.
Por último, envió un mensaje para las y los conductores de vehículos motorizados para que generen conciencia de que las calles y avenidas no son solo suyas, sino también de peatones y usuarios de la movilidad no motorizada, por lo cual deben dejar de lado su ""autoridad"".
Entre las personas que realizaron las exhibiciones de este domingo se encontraron también Willy Figueroa, Iván Silva y Minerva Vargas, quienes hicieron demostraciones de disciplinas como BMX, Logboard, skateboard, entre otras.
La patineta también es un medio de transporte
Minerva, conocida como ""Mavo"" entre las comunidades ciclistas y patinadoras tiene solo 21 años y es una especialista en la patineta.
Comenzó desde hace seis años luego de haber tenido el antecedente de su hermano patinador, sin embargo, fue a los 15 que comenzó a tomarle cariño a la tabla y la hizo parte de su vida diaria.
Hoy toma la patineta para ir a la preparatoria todos los días con mucha precaución, aunque dijo, ha sido muy complicado debido a que las personas automovilistas suelen no tenerles tolerancia.
""Nosotros vamos atentos al camino, conscientes de que vienen vehículos atrás de nosotros, pero cuando nos pitan nos asustan porque creemos que van a atropellarnos y eso nos desoriente y podemos caer, es más peligroso que nos hagan eso. Recomiendo que mejor nos den espacio y nos rebasen, que no se molesten porque también nosotros tenemos derecho de usar la calle"", dijo la joven.
Durante las activaciones también estuvo presente personal paramédico de la Cruz Roja, quienes permanecieron al pendiente de cualquier percance.
GC
Lee También
- 
Estos son todos los cambios que tendrá el transporte público por el paso de la Romería
- 
¿LLUVIA en GDL por la noche?, pronóstico del clima para hoy, 10 de octubre
- 
Bajan lluvias el sábado en Guadalajara, pero se mantiene nublado
- 
Madrugan para asegurar lugar en concierto de Caifanes en Fiestas de Octubre
Recibe las últimas noticias en tu e-mail
Todo lo que necesitas saber para comenzar tu día
Registrarse implica aceptar los Términos y Condiciones"
58,El Informador,09-23-22,"Alcalde y Federalismo, las vías ciclistas más usadas de Guadalajara",trafilatura,trafilatura,3378,0.53,https://www.informador.mx/jalisco/Alcalde-y-Federalismo-las-vias-ciclistas-mas-usadas-de-Guadalajara-20220923-0056.html,,"Alcalde y Federalismo, las vías ciclistas más usadas de Guadalajara
Le siguen la avenida Revolución y la avenida México
Según revela el ejercicio, ocho de cada 10 ciclistas se mueven principalmente en el municipio de Guadalajara, seguido de Zapopan. EL INFORMADOR / ARCHIVO
Desde que Lucy se mudó de casa de Zapopan a Guadalajara, obtuvo su suscripción a MiBici Pública a fin de ir y venir en bici al trabajo. Su ruta habitual: de la zona de Tránsito y hasta el Centro de Guadalajara por la avenida alcalde, y posteriormente el Paseo Alcalde, el cual cuenta con ciclovía ida y vuelta.
""Antes de cambiarme busqué por la zona, precisamente para poder irme en bici al trabajo. Me gusta mucho porque aunque hay camiones que me llevan, me deja más cerca la bici, voy a mi ritmo, me distraigo y hago ejercicio. La ciclovía del Paseo Alcalde la siento muy segura, lo único malo es que mucha gente se va caminando por ahí y hay que irles timbrando con la campanilla"", contó Lucy.
De acuerdo con la Encuesta de Hábitos y Percepción Ciclista 2021, presentada ayer jueves en el marco del Día Mundial sin Automóvil por autoridades y organizaciones en materia de movilidad, el Paseo Alcalde y Federalismo son las dos vías con infraestructura más utilizadas de la ciudad. Le siguen la avenida Revolución y la avenida México.
En cuanto a las vialidades sin ciclovías más utilizadas por las y los ciclistas son la Calzada Independencia - Gobernador Curiel, San Jacinto - Artesanos y Federalismo hacia el sur, por la avenida Colón.
Según reveló el ejercicio, ocho de cada 10 ciclistas se mueven principalmente en el municipio de Guadalajara, seguido de Zapopan, lo que de acuerdo con Víctor Manuel Clavellina, Gerente de Transporte Activo y Compartido de la AMIM, coincide porque estos municipios concentran el 75% de las ciclovías de la Metrópoli.
-  Además, lee: Más transporte público no disminuye autos
De acuerdo con la encuesta, las y los ciclistas que circulan en la ciudad ven como principales dificultades el compartir espacio con los automotores y la falta de infraestructura ciclista, por lo cual el 70.4% consideró el implementar campañas de respeto a las personas ciclistas y más infraestructura como propuestas para mejorar la seguridad vial.
Por otra parte, casi la mitad de las y los ciclistas consideró que el hacer más ciclovías y en generar más infraestructura para la movilidad no motorizada podrían ser estrategias para incrementar el número de ciclistas en la ciudad.
Saber más
Para la realización de esta encuesta se realizaron 468 encuestas de manera presencial a ciclistas, muestra determinada tomando en cuenta un universo de 25 mil 257 personas que usan la bicicleta en la ciudad.
Las encuestas se hicieron en tres turnos del día en 26 puntos elegidos bajo criterios como lugares donde han fallecido ciclistas, en estaciones de transporte público masivo, con infraestructura ciclista existente y según las actividades económicas, entre otros.
El ejercicio fue presentado en el marco de la Semana de la Movilidad en la Escuela de Arquitectura y Artes (ESARQ) por autoridades en materia de movilidad de Guadalajara, Zapopan, de la AMIM e integrantes de la sociedad civil.
OA
Lee También
Recibe las últimas noticias en tu e-mail
Todo lo que necesitas saber para comenzar tu día
Registrarse implica aceptar los Términos y Condiciones"
59,El Informador,09-22-22,Ocho de cada diez ciclistas usan la bici para ir a su trabajo,trafilatura,trafilatura,4744,0.51,https://www.informador.mx/jalisco/Dia-sin-auto-Ocho-de-cada-diez-ciclistas-usan-la-bici-para-ir-a-su-trabajo-20220922-0181.html,,"Ocho de cada diez ciclistas usan la bici para ir a su trabajo
De acuerdo con la Encuesta de Hábitos y Percepción Ciclista 2021, ocho de cada 10 ciclistas usan la bicicleta como medio de transporte para ir al trabajo
La encuesta también reveló el perfil ciclista: en su mayoría es hombre. EL INFORMADOR/ARCHIVO
Brandon es un estudiante de Biología que vive en Zapopan. Todos los días tomaba seis camiones para ir de su casa a la escuela, de la escuela al trabajo y de su trabajo a casa, sin embargo, al ver que el gasto estaba siendo muy alto optó por comprar una bicicleta para ahorrar al menos dos camiones diarios.
""No me era conveniente estar gastando ese dinero a la semana en camiones, entonces preferí ahorrar para comprarme mi bici y para ponerle distintas luces para que los carros me vean cuando voy circulando. Prefiero la bici que el camión porque además me sirve de ejercicio y me distraigo"", explicó el joven.
De acuerdo con la Encuesta de Hábitos y Percepción Ciclista 2021, presentada este jueves en el marco del Día Mundial sin Automóvil por autoridades y organizaciones en materia de movilidad, como Brandon, ocho de cada 10 ciclistas usan la bicicleta como medio de transporte para ir al trabajo. El resto lo utiliza para cuestiones como hacer compras, como recreación o para ir a la escuela.
Como Brandon, el 45.2% de las y los ciclistas que participaron en el ejercicio señalaron que fueron el ahorro económico y los beneficios a la salud lo que los motivó a usar la bici como medio de transporte.
La encuesta también reveló el perfil ciclista: en su mayoría es hombre, el 77% del total son ciclistas cotidianos, mientras que el 9.6% son ocasionales; el resto lo usan como medio de trabajo o con fines recreativos. La mayoría de las y los ciclistas de la ciudad tienen entre 20 y 29 años, seguido por el bloque de entre 30 a 39 años.
El ejercicio dio a conocer que el 43% de las personas ciclistas usan el transporte público como medio de transporte secundario, seguido de ""caminar"", el automóvil, la motocicleta y por último, taxis de plataforma. También el transporte público es el principal medio con el cual las y los ciclistas suelen completar sus viajes.
Según reveló la encuesta, la mitad de las y los ciclistas de la ciudad comenzó a utilizar la bicicleta como medio de transporte entre siete y poco más de 11 años atrás, coincidiendo con el ""boom"" de los movimientos sociales en 2007 y la llegada de MiBici pública.
Vania Contreras, del colectivo Metropolitano en Bici, quien participó en la presentación de este ejercicio celebró que año con año se tengan estas estadísticas para conocer el avance que tiene la ciudad en cuanto a la participación de las y los ciclistas de la ciudad, así como de sus hábitos y opiniones que sirven para que las autoridades presten atención a las necesidades de este sector de la movilidad, a fin de hacer infraestructura segura para su transitar en las calles.
Para la directora de Movilidad del Ayuntamiento de Zapopan, Paloma Cruz, el que los gobiernos en conjunto puedan lograr lo anterior favorecerá a que podamos acercarnos a tener una igualdad de condiciones para movernos por la ciudad, motivando a que cada vez más personas se suban a la bici y se contribuya a la salud y al medio ambiente.
Su homólogo en Guadalajara, Jesús Soto, señaló que si bien se ha avanzado en generar infraestructura ciclista para favorecer a la movilidad no motorizada, todavía es necesario que, desde la nueva Ley de Movilidad y Transporte que ya se trabaja, se logren generar condiciones para que los vehículos motorizados aprendan a convivir con ciclistas y peatones cumpliendo con la pirámide de la movilidad, pues hasta ahora esto no se ha logrado.
-  LEE TAMBIíN: En pandemia, ciclovías en Jalisco crecieron 61%
Saber más
Para la realización de esta encuesta se realizaron 468 encuestas de manera presencial a ciclistas, muestra determinada tomando en cuenta un universo de 25 mil 257 personas que usan la bicicleta en la ciudad.
Las encuestas se hicieron en tres turnos del día en 26 puntos elegidos bajo criterios como lugares donde han fallecido ciclistas, en estaciones de transporte público masivo, con infraestructura ciclista existente y según las actividades económicas, entre otros.
El ejercicio fue presentado en el marco de la Semana de la Movilidad en la Escuela de Arquitectura y Artes (ESARQ) por autoridades en materia de movilidad de Guadalajara, Zapopan, de la AMIM e integrantes de la sociedad civil.
-  LEE TAMBIíN: En Jalisco hay un auto por cada dos personas
JL
Lee También
Recibe las últimas noticias en tu e-mail
Todo lo que necesitas saber para comenzar tu día
Registrarse implica aceptar los Términos y Condiciones"
60,El Informador,09-22-22,"Con activación en Chapalita, niños y niñas celebran el Día Mundial sin Auto",trafilatura,trafilatura,3558,0.45,https://www.informador.mx/jalisco/Dia-sin-Auto-Asi-conmemoraron-ninas-y-ninos-esta-fecha-en-Guadalajara-y-Zapopan-20220922-0137.html,,"Con activación en Chapalita, niños y niñas celebran el Día Mundial sin Auto
Los pequeños participaron de la Biciescuela de las ""Ciudades Hermanas"", a fin de comenzar su enseñanza en el uso de la bicicleta y perfeccionar sus habilidades
En las actividades de este jueves participaron 26 niñas y niños de la Primaria Manuel Acuña. EL INFORMADOR/A. Camacho
Con el objetivo de crear conciencia sobre la importancia de la movilidad no motorizada, los ayuntamientos de Guadalajara y Zapopan llevaron a cabo una activación con niñas y niños de primaria en la colonia Chapalita, en el marco del Día Mundial Sin Automóvil.
En ella participaron 26 niñas y niños de la Primaria Manuel Acuña, quienes disfrutaron de un par de actividades llevadas a cabo a fin de ayudarles a que, desde la infancia, conozcan los distintos modos de transporte activos y sustentables para reducir el uso de los vehículos motorizados en las ciudades.
Para ello, las Direcciones de Movilidad y Transporte de Zapopan y Guadalajara cerraron la circulación a los vehículos motorizados en la calle Tepeyac, entre la avenida de Las Rosas y Niño Obrero, entre las 10:00 y las 11:30 horas, ""con el objetivo de recuperar el espacio para las personas"".
Ahí las niñas y los niños participaron de la Biciescuela de las ""Ciudades Hermanas"", a fin de comenzar su enseñanza en el uso de la bicicleta, perfeccionar sus habilidades ciclistas y enseñarles los principios básicos de la movilidad y la ciudad compartida.
También estuvieron presentes las y los Luchadores Viales, quienes montaron puestas en escena para transmitir, a través del teatro, el derecho que tienen todas y todos de disfrutar la ciudad por sobre la movilidad motorizada.
""Es un día para reflexionar cómo vivimos el espacio público y la ciudad que estamos construyendo, reflexionando sobre la manera como nos desplazamos. Es una actividad que hacemos en el límite municipal en conjunto con Guadalajara como Ciudades Hermanas, porque compartimos las mismas políticas en materia de Movilidad que se tratan de construir una ciudad incluyente, accesible, donde quepamos todas las personas, donde nos podamos mover con nuestro propio cuerpo y sustentable"", explicó Mercedes Cruz Vázquez, directora de Movilidad y Transporte de Zapopan.
Por su parte la directora de la Primaria Manuel Acuña, Janeth Gómez González, expresó que para ella el que se brinden este tipo de espacios es muy importante para las niñas y los niños, pues se conforman como actividades complementarias a la enseñanza en materia de movilidad que se les brinda desde las aulas.
""Es muy importante porque es un espacio para que las y los niños refuercen temas que nosotros estamos viendo en la escuela, y además de que este tipo de actividades les emociona muchísimo"", señaló la directora.
LA FRASE
""El objetivo es que aprendamos a compartir el espacio público entre todos y a movernos de una manera sana, incluyente, accesible y sustentable, porque también es importante el día de hoy hacer una reflexión sobre el tema de la crisis climática que estamos enfrentando. Este Día Mundial sin Auto es reflexionar que nosotros, con la manera y la decisión que tomemos cada día en cómo nos movemos, impactamos directamente en el aire que respiramos y en la salud de nuestras niñas y nuestros niños"".
Mercedes Cruz Vázquez, directora de Movilidad y Transporte de Zapopan.
JM
Lee También
Recibe las últimas noticias en tu e-mail
Todo lo que necesitas saber para comenzar tu día
Registrarse implica aceptar los Términos y Condiciones"
62,El Informador,09-21-22,"En pandemia, ciclovías en Jalisco crecieron 61%",trafilatura,trafilatura,3962,0.57,https://www.informador.mx/jalisco/Dia-sin-auto-En-pandemia-ciclovias-en-Jalisco-crecieron-61-20220921-0125.html,,"En pandemia, ciclovías en Jalisco crecieron 61%
Para 2021 este tipo de vías ciclistas llegó a los 288.23 kilómetros incluyendo las ciclovías emergentes impulsadas por los municipios
Los municipios beneficiados directamente por estas acciones fueron Guadalajara, Zapopan, San Pedro Tlaquepaque, Tonalá, Chapala, Jocotepec, Puerto Vallarta y Zapotlán el Grande, según indicó la AMIM a través de Transparencia. EL INFORMADOR/ARCHIVO
Con la finalidad de contar con espacios más seguros para las y los ciclistas de la Metrópoli y los entornos urbanos de Jalisco, y para motivar esta manera de la movilidad durante la contingencia por el COVID-19 a fin de desahogar el transporte público para prevenir contagios del virus, las vías ciclistas en la Entidad crecieron.
Mientras que 2019 cerró con un total de 178 kilómetros de ciclovías, para 2020 la cifra aumentó a 253.91 kilómetros, de acuerdo con información de la Agencia Metropolitana de Infraestructura para la Movilidad (AMIM).
Sin embargo, para 2021 este tipo de vías ciclistas llegó a los 288.23 kilómetros incluyendo las ciclovías emergentes impulsadas por los municipios, lo cual representa un aumento del 61% respecto de las ciclovías con las cuales concluyó el 2019.
-  LEE TAMBIíN: En Jalisco hay un auto por cada dos personas
Los municipios beneficiados directamente por estas acciones fueron Guadalajara, Zapopan, San Pedro Tlaquepaque, Tonalá, Chapala, Jocotepec, Puerto Vallarta y Zapotlán el Grande, según indicó la AMIM a través de Transparencia.
Algunas de las obras llevadas a cabo durante 2021 en la materia son, la construcción de la tercera etapa de la ciclovía de la avenida Revolución, en Guadalajara; la construcción de cuatro kilómetros de ciclovía en las inmediaciones del Centro Universitario de Tonalá; la construcción de 7.2 kilómetros de ciclovía de la Carretera Chapala - Jocotepec; y la intervención de la ciclovía del Boulevard Francisco Medina Ascencio en la cabecera municipal de Puerto Vallarta.
Pero no es todo, a la cifra de cierre del 2021 todavía falta sumar los 80 kilómetros de ciclovía ""ida y vuelta"" contemplados en el Periférico que correrán a la par del Peribús, mismo que fue inaugurado en enero de este año. Tal infraestructura, una vez concluida, será considerada como la más extensa de todo el País.
Además, este año también podrán sumarse a la estadística los 3.7 kilómetros del BusBici que corre desde este mes por la Avenida Hidalgo, sin dejar de lado que ya ha comenzado la socialización de la ciclovía que correrá por la Avenida Francisco Javier Mina, de Presa Laurel a la Calzada Independencia, contemplando alrededor de siete kilómetros en beneficio de la movilidad no motorizada. La meta es que, para 2024, se pueda contar con al menos 384 kilómetros de ciclovías en la Entidad.
En acuerdo con peticiones de ONU
Desde el inicio de la pandemia por el COVID-19 la OMS impulsó el uso de la bicicleta como un medio de transporte para disminuir la posibilidad de contagio de COVID-19.
""La crisis ha modificado las necesidades de transporte y las conductas conexas y ha llevado a muchas ciudades a repensar sus sistemas de transporte y a dar a la bicicleta un papel crucial como alternativa económica y no contaminante"", expresó la ONU en el marco del Día Mundial de la Bicicleta el 3 de junio pasado.
Sin embargo, señaló, esta mayor apuesta por la bicicleta debe acompañarse de más esfuerzos por mejorar la seguridad vial e integrar la bicicleta en la planificación y el diseño del transporte sostenible. ""Para ello es fundamental invertir en la infraestructura urbana, también en carriles protegidos y otras medidas para promover la seguridad y contrarrestar la hegemonía de la que disfruta el automóvil desde hace tiempo"", consideró la ONU.
JL
Lee También
Recibe las últimas noticias en tu e-mail
Todo lo que necesitas saber para comenzar tu día
Registrarse implica aceptar los Términos y Condiciones"
63,El Informador,09-21-22,Óscar vende su auto para comprarse una bici; ahorra tiempo y dinero,trafilatura,trafilatura,4165,0.56,https://www.informador.mx/jalisco/Dia-sin-Auto-Oscar-Alexei-vende-su-auto-para-comprarse-una-bici-ahorra-tiempo-y-dinero-20220921-0129.html,,"íscar vende su auto para comprarse una bici; ahorra tiempo y dinero
Destacó que ahora gasta 80% menos en traslados y se mantiene en excelente condición física
íscar Alexéi Abarca García, de 35 años, tiene nueve años trasladándose en bici en Guadalajara. EL INFORMADOR/ A. NAVARRO
Mañana 22 de septiembre se celebra el Día Mundial sin Automóvil y se ha hablado de la concientización de utilizar métodos alternos de movilidad en la ciudad para mejorara la calidad del aire y para tener una mejor calidad de vida.
íscar Alexéi Abarca García, de 35 años, tiene nueve años trasladándose en bici en Guadalajara. íl es originario de El Salto y contó a este medio que cuando llegó a vivir a la ciudad vendió su auto para comprarse su bicicleta.
Abarca García es ciclista y profesor de deporte, llegó a Guadalajara por una beca que obtuvo en el CODE para capacitarse como educador físico. Su cambio de la bici al auto fue en un principio casualidad, y ahora simplemente disfruta cada traslado.
Después de un tiempo moviéndose en bici comenzó a conocer y a aprovechar las ciclovías que hay en la metrópoli. íscar es uno de los principales impulsores de la educación vial en niños ciclistas en la Zona Metropolitana de Guadalajara.
""Llevo unos nueve años moviéndome en bicicleta y duré uno en coche recién llegué a la ciudad. Tenía el coche para moverme en la ciudad, y ya una vez conociendo la ciudad sentí que no me movía y que estaba gastando mucho dinero y perdiendo el tiempo, me dedicaba al deporte en el CODE haciendo ciclismo, nos pidieron una bicicleta. La bici no era nada barata, entonces consideré cambiar el carro por la bicicleta"", explicó.
Tiene más tiempo
íscar Alexéi destacó que ahora el tiempo le rinde más, además de que se mantiene en excelente condición física y se siente más tranquilo y sin estrés.
""Me di cuenta de que estaba gastando más dinero en el carro y tenía que comprar una bicicleta totalmente equipada, en ese tiempo que hice el cambio comenzaron con las ciclovías a poner una y a ensanchar otras. La infraestructura ha ido creciendo, la evolución que yo tuve en comparación del carro fue exagerada, mis tiempos me rinden. El costo beneficio es increíble también y no se diga la salud, disfrutar la ciudad, y en cuanto infraestructura ahora es más eficiente"", dijo.
En un principio el joven tenía temor de salir a la calle con su bicicleta, hasta que realmente valoró las diferentes ciclovías que lo apoyan para trasladarse de su casa al trabajo.
""Comencé a interactuar con personas que utilizaban la bicicleta, en un principio me daba miedo, del trabajo a otro lado y decía que era complicado. Ya que había espacios comencé utilizando la ciclovía de Federalismo, agarré confianza, fui a lugares más lejos, luego a la unidad deportiva López Mateos y hasta Periférico, hasta que se hizo una ramificación de rutas en las que yo podía hacer mi vida cotidiana por esos lugares que pasaba"", manifestó.
Celebra el BusBici
Sobre el carril de Busbici en avenida Hidalgo considera que es una excelente opción de movilidad para los tapatíos, ya que ha observado a ciclistas que se sienten seguros, además se han incluido madres de familias que trasladan a sus hijos en bicicletas.
""Me siento todavía más seguro, no habíamos utilizado un carril de Ciclovía y tan grande como el Busbici, tan exclusivo. Ahora observó a ciclistas cargando a niños, he visto más madres con sus hijos y que los van llevando, antes no veía eso, con una buena aceptación, esto ha servido en beneficio para todos"", destacó.
El ciclista también resaltó el ahorro económico que tiene semanalmente, ya que no gasta absolutamente nada en gasolina.
  ""Si yo de nueva cuenta usará el coche para andar en la ciudad y hacer mis cosas con naturalidad, si no tuviera la bici y me la pasará en auto serían unos 900 a mil pesos de gasolina a la semana, con la bicicleta me gasto 200 pesos a la semana y esto para hidratarme o alimentarme, 80% de ahorro"", acotó.
Lee También
Recibe las últimas noticias en tu e-mail
Todo lo que necesitas saber para comenzar tu día
Registrarse implica aceptar los Términos y Condiciones"
65,El Informador,09-18-22,Preparan rodadas y otras actividades para promover uso de la bici y transporte público en ZMG,trafilatura,trafilatura,3317,0.53,https://www.informador.mx/jalisco/Dia-sin-auto-Preparan-rodadas-y-otras-actividades-para-promover-uso-de-bici-y-transporte-publico-en-ZMG-20220918-0090.html,,"Preparan rodadas y otras actividades para promover uso de la bici y transporte público en ZMG
Realizarán la semana de la movilidad del 19 al 25 de septiembre por el Día mundial sin auto
Harán actividades para promover el uso de MiBici y el transporte público masivo. EL INFORMADOR/ ARCHIVO
A partir de mañana se realizarán distintas actividades en la Semana de la Movilidad para promover el sistema de bicicletas públicas MiBici y el uso de las conexiones del transporte público, en el marco del Día Mundial sin Auto que se celebra el 22 de septiembre.
La Agencia Metropolitana de Servicios de Infraestructura para la Movilidad (AMIM) en colaboración con el Instituto de Planeación y Gestión del Desarrollo del írea Metropolitana (IMEPLAN) y las dependencias de movilidad mañana arrancan con las actividades mañana con un panel sobre el tema.
-  Primer panel
Lunes 19 de septiembre
19:00 horas
Casa Iteso Clavigero.
Movilidad Activa en el írea Metropolitana de Guadalajara, en el cual hablarán de la visión a veinte años de políticas públicas pro movilidad activa.
-  Segundo panel
Martes 20 de septiembre
19:00 horas
Casa Iteso Clavigero
La seguridad vial será el tema de esta ponencia, organizado en coordinación con la Iniciativa de Seguridad Vial de Bloomberg. Abordará el incremento del tránsito automotor y cómo impacta la seguridad vial; en esta charla se busca sensibilizar sobre la importancia de usar el automóvil de manera responsable y segura.
-  Rodadas con MiBici
La rodadas con el programa de bicicletas públicas tiene el objetivo de que los usuarios de la movilidad conozcan el sistema y la infraestructura disponible en la ciudad para usar la bicicleta como su medio de transporte.
-  Arte urbano
Habrá intervenciones artísticas en la ciclovía de Marcelino Garcia Barragán; y en la estación de MiBici con mayor número de viajes, ubicada en el Parque Revolución.
-  Recorrido con perspectiva de género
Además, en colaboración con la Secretaría de Igualdad Sustantiva entre mujeres y Hombres realizarán un recorrido intermodal que incluye una caminata, en bicicleta y Tren Ligero, para compartir y visibilizar el conocimiento que tienen las personas usuarias del entorno donde viven y por donde se mueven
¿Cuándo? Viernes 23 de septiembre a las 18:00 horas en la Estación de Zapopan Centro hacia la Plaza de Armas.
Señalan que este recorrido intermodal tiene por objetivo, impulsar una planeación participativa, permitiendo conocer de quienes hacen uso del espacio público, cuáles son los mayores desafíos de seguridad y los obstáculos en la movilidad.
Durante el trayecto se darán charlas para informar a las usuarias sobre los mecanismos y vías de denuncia y actuación en caso de que atestigüen o reciban acoso en lugares públicos.
-  Presentación de encuesta
Se presentará la Encuesta de Hábitos y Percepción Ciclista 2021.
El jueves 22 de septiembre en Casa Clavigero Iteso a las 18:00 horas
PARA SABER
Todas las actividades son de entrada gratuita y los interesados pueden obtener más información sobre el programa completo en el Facebook de la AMIM https://www.facebook.com/AgenciaAMIM.
Lee También
Recibe las últimas noticias en tu e-mail
Todo lo que necesitas saber para comenzar tu día
Registrarse implica aceptar los Términos y Condiciones"
66,El Informador,09-18-22,Vía RecreActiva suma nuevos paseantes cada domingo,trafilatura,trafilatura,3908,0.5,https://www.informador.mx/jalisco/Via-RecreActiva-Suman-nuevos-paseantes-cada-domingo-20220918-0070.html,,"Vía RecreActiva suma nuevos paseantes cada domingo
A pesar de que tiene 18 años operando, cada domingo la Vía RecreActiva suma nuevos usuarios que disfrutan al máximo
Cada domingo es habitual ver a decenas de pequeñas y pequeños que pasean con sus familias montados en sus bicis aún con llantitas. EL INFORMADOR/R. BOBADILLA
Si bien la Vía RecreaActiva tiene 18 años en operación, cada domingo se suman nuevas y nuevos usuarios quienes disfrutan de este paseo dominical, como lo hizo Miguel Adrián, quien por primera vez se animó a tomar este paseo dominical en el municipio de Tlaquepaque, llegando hasta la Glorieta Minerva.
""Siempre ando muy apurado, pero hoy tenía un rato libre, entonces agarré la bici y me vine. Me gustó mucho, está muy padre. Lo que más me ha gustado es la organización que tiene y las actividades, tambien vi a los bomberos y una obra de teatro que está muy buena, todo eso me pareció muy atractivo, hay cosas para todas las edades. Seguro voy a volver a venir"", señaló Adrián.
Enrique Sánchez asistió por primera vez hace 15 días, y este domingo repitió dado lo mucho que le gustó el paseo y las actividades que la componen. De hecho, este domingo tras hacer su recorrido, decidió quedarse a disfrutar de un concierto de rock ofrecido en el Parque Juárez, también conocido como ""Parque Rojo"".
""Lo que más me gusta es el ambiente, toda la gente se ve feliz pedaleando y se ve muy chido"", dijo el hombre.
Jorge Jiménez tiene un mes acudiendo, por su parte, contó que tiene apenas un mes asistiendo a este paseo dominical, pese a que tiene casi 20 años existiendo, pero decidió por fin sumarse habiéndose dado cuenta de la conexión hecha entre Zapopan y Guadalajara en febrero de este año.
Semillero de nuevos ciclistas para la ciudad
La Vía RecreActiva también se ha conformado como un espacio donde las familias convergen para que niñas y niños comiencen a familiarizarse con las calles mientras comienzan a aprender a andar en bicicleta.
Cada domingo es habitual ver a decenas de pequeñas y pequeños que pasean con sus familias montados en sus bicis aún con llantitas.
Incluso, si se tiene suerte, es posible ver las primeras rodas de algunos menores ya sin dichos accesorios de apoyo, emocionados por darse cuenta que pueden circular equilibrados en sus vehículos aplaudidos por quienes les enseñan a andar en ellos.
Víctor Vazquez por ejemplo lleva a su hijo Mateo a la Vía RecreaActiva desde que era bebé, hace unos cuatro años. Adaptó su bicicleta para poder llevarlo consigo, y hoy ya tiene su propia bici con llantitas en la cual acompaña a su papá y a su hermana Alexa.
""Ya es un logro para los dos porque va pasando la enseñanza que uno como papá les deja, van hacia adelante y me da mucho gusto verlos crecer y que vayan aprendiendo de los beneficios de la movilidad no motorizada.
En general me gusta mucho la Vía porque es algo en lo cual podemos divertirnos en familia y hacer deporte, y más que nada que nos da más unión"", dijo Víctor.
Miriam por su parte lleva a su hija Karen en su bicicleta adaptada con un asiento para ella, y aunque no toma la Vía RecreActiva todos los domingos, le gusta llevar a la pequeña a que disfrute de las actividades montadas a lo largo de este paseo.
Para ella, el que su hija pueda aprender de los beneficios de la movilidad no motorizada la llena de orgullo, puesto que sabe que se trata de un beneficio para la salud y el medio ambiente.
""En la bici la llevo al kinder, con sus abuelas, nos podemos mover libremente. Siento que el carro no te da nada, al contrario, te que quita dinero por la gasolina, y la bicicleta en cambio te da muchos más beneficios y así ayudas a que haya menos contaminación"", contó la mujer.
JL
Lee También
Recibe las últimas noticias en tu e-mail
Todo lo que necesitas saber para comenzar tu día
Registrarse implica aceptar los Términos y Condiciones"
68,NTR Guadalajara,09-11-22,Celebran 18 años de la Vía RecreActiva,trafilatura,trafilatura,2529,0.38,https://www.ntrguadalajara.com/post.php?id_nota=187274,,"Hace 18 años, un domingo en punto de las 8 horas, Luciano Jiménez Ávila fue parte del arranque de la Vía RecreActiva en la ciudad. Era el 12 de septiembre de 2004 y el día comenzaba un poco nublado, pero con la posibilidad de poder andar por las principales avenidas de la ciudad sin temor al tráfico.
""Lo recuerdo muy bien. He venido a la Vía desde el primer domingo, sin falta. Soy ciclista desde hace muchos años y peleé junto con otros compañeros y ciudadanos para que el ayuntamiento creara este espacio. Juntábamos firmas, recuerdo, y ese día finalmente se consolidó la lucha"", narra Luciano, de 72 años de edad y quien este domingo, como todos los anteriores desde hace 18 años, acudió para ser parte del festejo del recorrido dominical.
A años de su arranque, el septuagenario considera que la Vía es más que un recorrido para andar en bicicleta.
""La ciudad se ha apoderado de él, es ya para muchas familias con las que hice amistad aquí una tradición de cada ocho días"", continúa Luciano, quien con casco y uniforme de ciclista profesional recorre cada domingo la avenida Vallarta a bordo de su bicicleta de carreras.
En comparación a cuando inició el recorrido, le ha bajado el ritmo, pero a su edad y con problemas de audición aún considera que es el espacio predilecto para arrancar el domingo.
Cuando el proyecto comenzó apenas contemplaba 11 kilómetros de trayecto: desde Tetlán hasta La Minerva. En su organización apoyaban sólo 50 elementos y duraba hasta las 12 horas, pero ha ido creciendo.
Actualmente, la Vía considera 31 kilómetros, así como más de 35 actividades permanentes y una asistencia promedio de 100 mil personas cada domingo. Ahora su horario es de 8 a 14 horas y es organizada por 25 dependencias municipales y 700 servidores sociales.
Se estima que, anualmente, la Vía registra una asistencia de 5 millones de personas.
Por el aniversario del recorrido el gobierno tapatío realizó una entrega simbólica de reconocimientos a representantes de instituciones y organismos de la sociedad civil que lo han apoyado, entre ellos la Policía de Guadalajara, las direcciones de Cultura y Turismo de Guadalajara, el Sistema de Educación Media Superior (SEMS) de la Universidad de Guadalajara (UdeG), MiBici, Narcóticos Anónimos, Decathlon, entre otros.
EN CIFRAS
- 31 kilómetros de trayecto tiene la Vía RecreActiva
- 35 actividades permanentes tiene
- 100 mil personas es la asistencia promedio de cada domingo
- 25 dependencias municipales la organizan
- 700 servidores sociales participan en ella
JB-jl/I"
69,El Informador,09-07-22,"Captan momento en el que un ciclista sufre aparatosa caída, tras atorarse con un cable (VIDEO)",trafilatura,trafilatura,2610,0.54,https://www.informador.mx/jalisco/Guadalajara-Captan-momento-en-el-que-un-ciclista-sufre-aparatosa-caida-tras-atorarse-con-un-cable-VIDEO--20220907-0166.html,,"Captan momento en el que un ciclista sufre aparatosa caída, tras atorarse con un cable (VIDEO)
En la colonia Santa Elena Alcalde, un hombre sufrió una aparatosa caída tras enrredarse en un cable suelto

ADVERTENCIA DE CONTENIDO: Las imágenes incluidas pueden herir la susceptibilidad de algunas personas
Esto ha causado gran indignación, pues a la par de que se viraliza el video, surgen los reclamos por la cantidad excesiva de cables sueltos que hay en la ciudad. ESPECIAL
A través de redes sociales, se ha difundido un video que fue captado el pasado 2 de septiembre, en el que se puede apreciar cómo una persona a bordo de una bicicleta sufre una aparatosa caída, luego de que se enredara con un cable suelto.
Los hechos sucedieron en la avenida fray Antonio alcalde 2418, en la colonia Santa Elena Alcalde, donde una cámara aparentemente de una de las casas, captó el momento exacto en el que un ciclista cae de su bicicleta tras enredarse en un cable. De hecho, la bici queda ""colgando"" del cable, mientras que el hombre cayó de cara contra el pavimento.
El ciclista se quedó tirado en el suelo por un buen rato, tras el escalofriante golpe que sufrió y aunque en el video se ve que un auto y una moto pasan a un lado, solo lo esquivan y no lo asisten. Hasta el momento se desconoce el estado de salud del ciclista involucrado en el accidente.
El video fue difundido en redes sociales por Paz Vial, un colectivo que trabaja para mejorar el conocimiento, la protección y el respeto a los ciclistas en la Zona Metropolitana de Guadalajara.
Esto ha causado gran indignación, pues a la par de que se viraliza el video, surgen los reclamos por la cantidad excesiva de cables sueltos que hay en la ciudad y que ponen en peligro a peatones, ciclistas y motociclistas.
El pasado 29 de abril, a causa de un cable suelto, José Fernando Ramírez Rodríguez, quien circulaba en su motocicleta sobre la calle Hospital al cruce con General Coronado, sufrió una caída que lo dejó convaleciente durante una semana completa y después falleció, tras no recuperarse de las heridas sufridas a causa del accidente.
Debido a que el caso de José Fernando Ramírez y el del ciclista no han sido los únicos, empresas cableras, en coordinación con el ayuntamiento tapatío han retirado más de 88 toneladas de cables obsoletos de 46 colonias del municipio de Guadalajara, a fin de salvaguardar a las personas que transitan por las calles de la ciudad.
JL
Lee También
Recibe las últimas noticias en tu e-mail
Todo lo que necesitas saber para comenzar tu día
Registrarse implica aceptar los Términos y Condiciones"
70,Zonadocs,08-31-22,Bici polo: construir otros juegos y otros mundos a bordo de una bicicleta,trafilatura,trafilatura,12589,0.9,https://www.zonadocs.mx/2022/08/31/bici-polo-construir-otros-juegos-y-otros-mundos-a-bordo-de-una-bicicleta/,,"#AlianzaDeMedios
En México una comunidad de jóvenes dedican sus tardes y noches a jugar bici polo, un deporte que les permite mejorar sus habilidades como ciclistas y desde donde construyen espacios seguros para mujeres y disidencias sexogenéricas
Texto y fotos: María Ruiz  / Pie de Página
Una pelota parte el centro de la cancha. A los extremos los equipos se alistan para pedalear lo más rápido que su cuerpo les permite y conseguir la ventaja del primer golpe. El objetivo, meter la pelota a la portería contraria a bordo de una bicicleta.
El bici polo se juega en equipos mixtos de tres personas durante partidos de diez o quince minutos. Mujeres cis, mujeres trans, hombres trans, no binaries, hombres cis… todes juegan las mismas partidas, durante las cuales sus pies no pueden tocar el suelo.
El bici polo nació en 1891 en Inglaterra. En ese año el irlandés Richard C. Mecredy ideó cambiar caballos por bicicletas. Casi cien años después llegó a los Juegos Olímpicos como deporte de exhibición en la edición de Londres de 1908. Hace poco más de diez años comenzó a jugarse en México, en su versión callejera, la que cambió las canchas de césped por canchas urbanas.
En el país existen cuatro ligas: una en San Luis Potosí, otra en Guadalajara y dos en Ciudad de México: Culhuacanes y Bikepolo DF, de la cual se desprende Bike Polo Féminas, comunidad polera para mujeres y disidencias sexogenéricas. Alguna vez existieron ligas en Monterrey y Sonora pero con el tiempo desaparecieron.
CDMX cuenta con una cancha profesional para jugar este deporte. Se encuentra en el deportivo Xochinahuac de la delegación Azcapotzalco, la liga paga una cuota por ella. Sus paredes, adornadas por murales hechos por las ilustradoras e integrantes de Bike Polo Féminas Mitch Veloz y Nina Robott, son muestra de la comunidad que con mucho esfuerzo y cariño han formado.
Nina Robott y Mitch Veloz durante el torneo Safari en la cancha del deportivo Xochinahuac el cual pintaron con sus ilustraciones. En este torneo había que asistir a jugar con un disfraz puesto de algún animal. Marian Aranda comenzó a jugar hace once años. Lo que este deporte le ha dejado es mejorar sus habilidades para andar en bici y a nivel personal el trabajo en equipo, aprender que todo es mejor haciéndolo en comunidad.
Mitch Veloz conoció el bici polo en una rodada de morras hace cuatro años. Para ella este deporte le ha ayudado a perder el miedo durante sus traslados en la ciudad y le ha dado confianza.
Las ligas entrenan distintos días. Culhuacanes juega al sur, en Coyoacán, lunes y viernes. Bike Polo DF y Polo Féminas juegan los domingos en la cancha de Xochinahuac. Algunos días las, les y los jugadores se organizan para visitar Rabaul, una cancha secreta a la que pueden acceder a su antojo.
""Todo es autogestivo. Hacemos rondas, llevamos la comida, somos jugadoras. Cuando se hace un evento se saca un permiso. Tener la cancha profesional nos llevó bastantes años. En el último cambio de administración de la delegación Azcapotzalco nos subieron la cuota"" cuenta Diana Mendiola, una de las jugadoras con más experiencia de la ciudad.
Diana Mendiola comenzó a jugar hace once años, en ese tiempo el boom bicicletero apenas comenzaba al igual que la inclusión de mujeres y disidencias dentro de este deporte underground pero las reglas de ese entonces impedían realmente un juego mixto y justo.
""Todo el tiempo había contacto. En Estados Unidos dijeron que no se podía jugar siempre a golpe y golpe. Una de las reglas que cambió fue que si no tienes la pelota entonces no hay contacto. Eso fue clave para poder entrar al juego y abrió la puerta no solo a nosotras sino a esta diversidad de cuerpos. Al final las reglas son las que nos abren la puerta para dar paso a que todes podamos seguir jugando y tener la posibilidad de tocar la pelota"" explica Mendiola.
Cuando Diana habla del nivel de juego que hay en México profundiza en el tema de la diversidad. Recuerda una conversación con uno de sus colegas de EU. Para él la salud de un buen club se ve en la cantidad de mujeres que hay. Cuando hay diversidad significa que hay juego y no sólo golpes.
Diana Mendiola, una de las mejores jugadoras de Bici Polo en México, es fundadora de Bikepoloféminas junto a Marian Aranda , ilustradora conocida como Nina Robott. A Diana Mendiola el bici polo le ha enseñado a conocer su cuerpo, lo que piensa, siente. A compartir sus aprendizajes personales con su equipo.
Pero generar una comunidad diversa y segura tiene sus retos. Es un camino que puede tener desencuentros y las poleras de Féminas se han aferrado a crear una comunidad a base del amor al juego.
""No es fácil porque tenemos diferencias y no siempre todes te caen bien pero en este mundo y sistema los espacios se van perdiendo por el 'ay, ya no me interesa porque no me gusta o no me cae bien tal. A todas las personas que estamos nos encanta jugar y todas esas diferencias al entrar a la cancha se acaban, con tu equipo quieres ganar y quieres hacerlo juntas. Afuera puede que no siempre estarás de acuerdo pero se trata de que cada quien pueda ir buscando su espacio y tener oportunidad, eso en cualquier comunidad de bici polo en el mundo lo vas a encontrar. Es una comunidad con mucha hermandad"" comparte Diana.
La competencia no desaparece pero les, los y las poleras de Bike Polo Féminas buscan romper con la estructura tradicional de los deportes. Navegar en ella y aceptar querer ganar buscando otras narrativas. A veces les bromean con que son como una secta por lo unidas que están las personas de esta comunidad, Mendiola piensa que esta cercanía tiene que ver con que es un juego de equipo y de alto rendimiento. Conlleva mucho trabajo, energía y entrenamiento lo que hace que convivan mucho.
""El deporte debe ser un espacio para crear nuevas posibilidades de convivencia, crecimiento y narrativas diversas. Nuestro país está atravesado por violencia y nuestras historias de vida también. Es importante tener espacios seguros y libres para creer en otras realidades. Tomando en cuenta que además practicar un deporte en México es un privilegio, buscar alternativas y espacios siempre será una forma de luchar a todo lo que por derecho nos corresponde para tener una vida digna. Aún hay muchas cosas por conversar; trabajar; luchar; y sin duda jugar. También desde el juego se combate. Para mí jugar polo ha sido el performance de mi propia resistencia ante las estructuras que me decían que no podía ser o hacer. Y no juego sola, lo hago en comunidad; en mi club; con gente que me ayudó a crecer y cuestionarme más allá de la cancha. En equipo y con diversión se pueden construir otros juegos, otros mundos"" cuenta Mendiola.
Los torneos son importantes para la comunidad polera. En la CDMX desde hace diez años organizan el Santo Torneo durante Semana Santa. Se invitan equipos de todo el mundo. Con el tiempo este torneo adquirió un alto nivel en la escena internacional del Bici Polo. De esta manera la comunidad mexicana mide su nivel de juego y se ha hecho consciente de sí misma gracias a la participación de jugadores de primer nivel de otras partes del globo.
Priscila Amador vive en Guadalajara y juega con el club Bici Polo Tapatío. Este club ha sido muy importante para el crecimiento del nivel polero mexicano. Lo fundaron en 2007 y lograron poner a México como sede en torneos internacionales como el Ladies Army, el torneo internacional de mujeres y disidencias. Y el Torneo Latinoamericano.
""A un año de estar en ese club la gente me ha ayudado mucho en cuanto a técnica y me ha motivado a crecer en el deporte. Soy muy competitiva y todo el tiempo me gusta mejorar, todo el tiempo pregunto y todos me han apoyado un montón"" cuenta Amador.
Allá cuentan con una escuelita donde tienen bicis comunitarias y mallets para que la gente se anime a jugar. Los retos que Priscila ve en la comunidad polera de Guadalajara son similares a los de la Ciudad de México, la principal preocupación es que la comunidad crezca, que el juego no desaparezca.
Kaleb Montes de Oca cumplió un año jugando bici polo. Cuando se enteró que la bici escuela estaba abierta para disidencias decidió acercarse:
""Soy una persona que anda en bici diario y tengo un taller mecánico, me dedico de lleno a la bicicleta. El bici polo me ha dado habilidades y reflejos para el rodar del día a día. Actualmente en la liga me parece que sólo habemos tres disidencias pero es bien importante y por eso decidí quedarme"" cuenta.
«¿Cómo es buscar construir espacios seguros para mujeres y disidencias en un estado como Guadalajara donde el pensamiento de derecha permea?» Se le pregunta a la jugadora.
""Siento que todavía en el bici polo es algo que se está trabajando. Al ser de Argentina si veo la diferencia, en México en general falta socialmente que haya una sensibilidad más grande, concientización y empatía para lograr que los espacios sean seguros para mujeres y disidencias sexogenéricas"" explica.
Mitch Veloz coincide:
""Estamos en desarrollo. No puedo decir que estamos del otro lado pero es un trabajo constante gestionar eventos solo de mujeres y disidencias para que sientan esa confianza de acercarse. Existe ese temor de la fuerza física que nos han vendido desde hace mucho tiempo. El mayor reto es lidiar con las mentalidades obsoletas donde algunos hombres piensan todavía que queremos beneficiarnos pero no se dan cuenta que es para incluirnos"" comparte Veloz.
Elena Alderman tiene apenas unos meses jugando bici polo. Empezó a jugar en Culhuacanes porque varios de sus amigos con quienes entrena en el velódromo juegan en ese club. Durante toda su vida le han gustado los deportes de contacto como el rugby y ahora el bici polo. Estos deportes le dan confianza y seguridad en su cuerpo y en la forma en la que se presenta ante el mundo.
Escuela polera
La Escuela de Bici polo es un proyecto de Bike Polo DF impulsado principalmente por Bike Polo Féminas. Con la pandemia los torneos y entrenamientos del club pararon, muchas personas dejaron de ir. Cuando el año pasado se reactivó la vida nació la iniciativa de la escuela con el fin de reclutar nuevas personas y mantener el nivel de juego.
Pegue conoció el deporte hace un año durante una feria por el mes de la bicicleta. Bike Polo Féminas dio un taller de bicipolo. Se integró a la primera generación de Escuelita Bicipolo junto a Lore, Kaleb, Eli, Mire, Elisa y Balam.
""Es uno de los pocos deportes donde no hay una división por género, es mixto, incluyente y se me hace algo muy sincronizado con lo que trato de hacer en mis días. Hay mucho compañerismo, amistad, alegría, lágrimas, un abanico muy grande de emociones. En la parte más técnica las habilidades que adquirimos nos ayudan para sobrevivir las calles de la Ciudad de México que son muy salvajes y complejas"" cuenta le jugadore.
Antes se realizaban clínicas de fin de semana pero las, los y les integrantes se dieron cuenta que necesitaban dar seguimiento a las enseñanzas y aprendizajes como el control de bola, de portería, de tiro… por eso dedicaron meses a la escuelita, la cual terminó con un torneo como graduación.
""Si en algún momento los veteranos ya no quieren jugar, que vengan nuevas generaciones hará que el club siga creciendo"" recuerda Diana Mendiola.
Para Mendiola aprender a jugar bici polo es una oportunidad de reconocer fortalezas y debilidades. Para quién quiera incursionar en este deporte un consejo que da la integrante de Bike Polo Féminas es buscar reconocer miedos y fortalezas sobre la bicicleta, identificar su cuerpo y qué puedes hacer con él.
Actualmente se está gestando una próxima generación de Bici Escuela. Hay que estar pendientes de las redes del club donde publican los próximos eventos. Mientras tanto los entrenamientos son abiertos y gratuitos.
""Si quieren ir a ver jugar o a practicar pueden escribir a las redes de los clubes, en cualquiera les van a recibir y no les van a decir que no puedes entrar. Solo lleven su bicicleta con buenos frenos. Una de las cosas que me gusta del bici polo es la paciencia. Pensar que eso que creo que no puedo hacer va a salir tarde o temprano si tengo dedicación. Nadie llegó sabiendo todo, es una realidad que hay gente con talentos pero todos tenemos la capacidad. Nuestro ser siempre tiene impulso de intentar las cosas y nuestra comunidad trata de hacer eso, no presionar. A todes nos costo, no se desesperen. Van a ser bienvenides"" comparte Diana a quienes lean esta nota y quieran adentrarse al mundo del bici polo.
***
Este texto se publicó originalmente en Pie de Página:
Bici polo: construir otros juegos y otros mundos a bordo de una bicicleta"
73,Meganoticias,08-28-22,En 10 días arranca construcción de ciclovía de Javier Mina,trafilatura,trafilatura,1652,0.47,https://www.meganoticias.mx/guadalajara/noticia/en-10-dias-arranca-construccion-de-ciclovia-de-javier-mina/355385,,"Movilidad
                                                                    
                                                Por:
                                                                    Dalia Rojas
                     
                    
Guadalajara
Fecha: 28-08-2022
                                        Guadalajara
Fecha: 28-08-2022
En 10 días iniciará la construcción de la ciclovía de Javier Mina, informó Jesús Carlos Soto Morfín, Director de Movilidad y Transporte de Guadalajara.
La ciclovía irá desde la avenida Presa Laurel, hasta la Calzada Independencia, en la primera etapa las obras partirán de Belisario Domínguez a la Calzada, en la zona de San Juan de Dios, con una inversión de 32 millones de pesos, se prevé que concluya en marzo de 2023. ""Es un tramo de un kilómetro 200 metros donde se hace una reconfiguración completa de la calle, un corredor integral donde se va a hacer un ajuste en los carriles, se mantienen los cuatro que hay actualmente, con dimensiones distintas, se incorpora infraestructura ciclista y lo más importante es que se renueva toda la infraestructura peatonal"" detalló Soto Morfín.
Para evitar afectaciones para los locatarios del Mercado San Juan de Dios, las obras se suspenderán en el mes de diciembre, que es cuando mejores ventas tienen, explicó. Así mismo, informó que la segunda etapa, que irá de Belisario Domínguez a Presa del Laurel, será de 6 km con una inversión de 20 mdp e iniciará una vez que concluya la primera etapa.
Actualmente Guadalajara tiene 112 kilómetros de ciclovías, con el Bus Bici y la ciclovía de Javier Mina se sumarán 11 kilómetros más."
74,El Occidental,08-28-22,Ciclovías: modelo integral para reducir el caos vial en Guadalajara,trafilatura,trafilatura,1438,1.7,https://oem.com.mx/eloccidental/local/ciclovias-modelo-integral-para-reducir-el-caos-vial-en-guadalajara-15901418,,"Localdomingo, 28 de agosto de 2022
Son una opción para la accesibilidad de bicicletas, transporte público y vehículos
LOCAL
Tanto vecinos, como personas de colonias aledañas que utilizan la vialidad, afirman que urge atención por parte de autoridades
El organismo revisará el tramo entre San Gaspar y Periférico para detectar otros puntos vulnerables; en 2025 se localizaron dos afectaciones en la misma vialidad
Laura Imelda Pérez hablo de las inversiones en infraestructura en diversas colonias y los programas sociales, pero evitó hablar de las vialidades del municipio con destrozos en el pavimento
Las autoridades recomendaron evitar los puntos afectados y atender las indicaciones del personal de emergencia
Las tormentas se desarrollarían en los alrededores del Área Metropolitana de Guadalajara, principalmente hacia el sur y el este.
El legislador morenista detalló que los recursos están destinados además a carreteras, mantenimiento, infraestructura y dar certeza jurídica a inversionistas
Con esta acción que realizaron decenas de familias de empresas tequileras y personal del Gobierno del Estado se plantaron 400 pinos
Mirza Flores acusa a Morena de ""grillar"" y lucrar políticamente con el tema del agua
Destacó que en ese municipio su administración invirtió más de 150 millones de pesos en el periodo 2025-2026 en obras de alto impacto para sus habitantes
El delito por el que fue denunciado Eduardo N, es por acoso sexual"
77,Canal 44,08-26-22,Inseguridad que se vive en calles no debe ser limitante para moverse en la ciudad: Génesis Hernández,trafilatura,trafilatura,221,0.77,https://www.youtube.com/watch?v=qrNp6YqP1sk,,"Acerca de
Prensa
Derechos de autor
Comunicarte con nosotros
Creadores
Anunciar
Desarrolladores
Condiciones
Privacidad
Políticas y seguridad
Cómo funciona YouTube
Prueba funciones nuevas
NFL Sunday Ticket
© 2026 Google LLC"
80,EL Informador,08-24-22,Movilidad en Guadalajara: Realizarán una ciclovía en Javier Mina,trafilatura,trafilatura,1791,0.51,https://www.informador.mx/jalisco/Movilidad-en-Guadalajara-Realizaran-una-ciclovia-en-Javier-Mina-20220824-0147.html,,"Movilidad en Guadalajara: Realizarán una ciclovía en Javier Mina
La construcción de la obra comenzará en los siguientes días y durará 10 meses, detalla el Ayuntamiento de Guadalajara
La ciclovía tiene un costo asignado de 32 millones de pesos. EL INFORMADOR/ARCHIVO
El Comité Mixto de Obra Pública del Ayuntamiento de Guadalajara aprobó la construcción de la ciclovía de Javier Mina, así como la renovación de banquetas en Avenida Enrique Díaz de León.
La construcción de la ciclovía de Javier Mina comenzará en los siguientes días y durará 10 meses, informó el regidor de Guadalajara, Luis Cisneros.
El comité emitió el fallo de la empresa que se encargará de construir la ciclovía que irá desde Presa Laurel hasta la Calzada Independencia.
La obra comenzará su construcción en la zona de San Juan de Dios y avanzará hacia el oriente. Esto con el fin de que la construcción no empate con las ventas decembrinas y afecte al corredor comercial aledaño al Mercado Libertad.
Cisneros informó que la obra tiene un costo asignado de 32 millones de pesos.
Afirmó que ya se inició la socialización de la obra, que estaría ubicada en la acera norte de Javier Mina.
En la sesión también se aprobó iniciar los trabajos de renovación de banquetas, cruces seguros de acceso universal y las tomas domiciliarias en Enrique Díaz de León para poder hacer la migración de cableado aéreo al subterráneo, de Avenida Miguel Hidalgo a Avenida Agustín Yañez.
Esto tendrá un costo de 35 millones de pesos y contempla equipamiento urbano, señaletica, balizamiento, arbolado y ductos para comunicaciones subterráneas.
JM
Lee También
Recibe las últimas noticias en tu e-mail
Todo lo que necesitas saber para comenzar tu día
Registrarse implica aceptar los Términos y Condiciones"
86,Mural,08-18-22,Genera dudas el bus-bici,trafilatura,trafilatura,524,0.78,https://www.mural.com.mx/genera-dudas-el-bus-bici/ar2455216,,"Genera dudas el bus-bici
02 MIN 30 SEG
Maggie Urzúa
Guadalajara, México (18 agosto 2022) .-05:00 hrs
Los vehículos privados invaden el carril exclusivo y ciclistas circulan a contraflujo. Crédito: Ángel Llamas
La señalética en el piso indica que solamente debe ser utilizado por ciclistas y transporte público. Crédito: Ángel Llamas
A días de que entre en funciones el bus-bici de Avenida Hidalgo -carril confinado para el transporte público y los ciclistas- las dudas persisten entre vecinos, comerciantes y automovilistas."
87,EL Informador,08-18-22,"BusBici, una prueba de fuego para los tapatíos",trafilatura,trafilatura,3502,0.53,https://www.informador.mx/ideas/BusBici-una-prueba-de-fuego-para-los-tapatios--20220817-0028.html,,"LO íLTIMO DE Ideas
BusBici, una prueba de fuego para los tapatíos
BusBici, una prueba de fuego para los tapatíos
El nuevo BusBici tapatío se ha gestado con las premuras de un parto imprevisto. Un día aparecieron los segregadores en Avenida Hidalgo, luego anunciaron las multas de casi 20 mil pesos por invadir el carril exclusivo y el próximo mes comenzará su operación.
Si la ejecución rápida y sin dolor fue o no una estrategia del ayuntamiento (""un, dos, tres calabaza"", conjuraba un editor para ejecutar un plan radical), lo cierto es que este proyecto nos pone a prueba a todos: autoridades, peatones, ciclistas y automovilistas.
Con el carril exclusivo del BusBici a lo largo de 3.72 kilómetros de Avenida Hidalgo, entre Victoriano Salado ílvarez y Contreras Medellín, se beneficiarán 20 mil usuarios de transporte público al día que realizan ese trayecto. De entrada, su viaje será hasta 60 por ciento más rápido. También 700 ciclistas que circulan en ese corredor tendrán una opción más segura para transitar.
Pero estos beneficios llegarán sólo si cada quien cumple su parte. Que los autobuses sólo se detengan en la parada oficial sin circular a más de 30 kilómetros por hora. Que los taxistas no suban pasaje a media calle. Que los automovilistas den vuelta a la derecha con precaución y prendan su direccional. Que los autos particulares no invadan el carril exclusivo en horas pico como ocurre en el BusBici de CDMX. Ni lo hagan tampoco los motociclistas. Que los ciclistas respeten los semáforos, rebasen al autobús por la izquierda y no por la derecha cuando abordan los usuarios. Que los choferes tengan la capacitación y pericia para identificar los puntos ciegos y evitar accidentes. Y finalmente que la autoridad vigile y sancione a los infractores.
Todo lo anterior se resume en una expresión: cultura vial. Sólo hay que preguntarnos, ¿respetamos cotidianamente las normas viales? Quiero ser optimista y pensar que, al igual que pasa con algunos ""limbos virtuosos"" en donde el comportamiento cívico de los tapatíos es ejemplar o al menos decente, lo mismo ocurrirá con el BusBici.
Sólo lamento informarles que hay malas noticias para los automovilistas. Sé que muchos no tardan en respingar: ¿y el tráfico? El BusBici no se hizo para los coches. El tráfico continuará y, si bien nos va, se mantendrá igual sin empeorar.
Porque el verdadero objetivo de un proyecto como este no es hacerle la vida más fácil al automovilista sino a los 20 mil pasajeros del transporte público que realizan ese trayecto a diario. Ese derrotero, además, se convierte en una apuesta para que más familias visiten el Centro Histórico.
En el fondo, el objetivo de un proyecto como el BusBici es que dejemos el automóvil para subirnos al transporte público: un cambio modal. Esa es la verdadera prueba de fuego y el gran beneficio de estos proyectos. ¿Alguien cree que eso ocurrirá? Quizás, pero sólo en esa ciudad ideal con la que hace años soñamos. 
  
Lee También
- 
Estos son todos los cambios que tendrá el transporte público por el paso de la Romería
- 
¿LLUVIA en GDL por la noche?, pronóstico del clima para hoy, 10 de octubre
- 
Bajan lluvias el sábado en Guadalajara, pero se mantiene nublado
- 
Madrugan para asegurar lugar en concierto de Caifanes en Fiestas de Octubre
Recibe las últimas noticias en tu e-mail
Todo lo que necesitas saber para comenzar tu día
Registrarse implica aceptar los Términos y Condiciones"
91,EL Informador,08-16-22,BusBici: Más de 2 mil 100 ciclistas aprovecharían diariamente el carril exclusivo,trafilatura,trafilatura,2604,0.56,https://www.informador.mx/jalisco/BusBici-Mas-de-2-mil-100-ciclistas-aprovecharian-diariamente-el-carril-exclusivo-20220816-0147.html,,"BusBici: Más de 2 mil 100 ciclistas aprovecharían diariamente el carril exclusivo
Se espera que al iniciar del mes de septiembre ya esté operando formalmente el carril exclusivo
BusBici es un proyecto impulsado por la Dirección de Movilidad y Transporte del Gobierno de Guadalajara en colaboración con Bloomberg Philanthropies. EL INFORMADOR / ARCHIVO
A partir del próximo mes los ciclistas tapatíos podrán hacer uso de una nueva opción para circular de una forma segura, se trata del carril exclusivo para bicicletas y transporte público BusBici.
De acuerdo con autoridades municipales se estima que este carril sea utilizado por más de 2 mil 100 ciclistas en su etapa de madurez.
-  TAMBIíN LEER: Estos son todos los detalles del BusBici, el nuevo carril exclusivo en Avenida Hidalgo
Jesús Carlos Soto Morfín, director de Movilidad y Transporte del Ayuntamiento de Guadalajara, explicó que actualmente se movilizan 700 ciclistas diariamente por algún punto de Avenida Hidalgo, pero se prevé que se triplique en el corto plazo una vez colocada la infraestructura.
""Tenemos en un aforo que levantamos hace unos meses, detectamos 700 ciclistas por día, sin embargo la capacidad de este nuevo carril es de 400 ciclistas por hora"", detalló.
Añadió que se encuentran en los últimos días de la instalación de delimitadores del carril, pero la lluvia a veces impide avanzar con las obras.
""Tenemos programado terminar el lunes la colocación de los segregadores, aunque podría retrasarse hasta el miércoles por las lluvias, vamos a dejar la siguiente semana ya con el carril 100 por ciento confinado de socialización y ya empezando septiembre con la operación formal"", explicó.
A partir de este miércoles se comenzarán a colocar pendones en varios puntos de la vía para informar sobre cómo se debe dar la vuelta a la derecha, los límites de velocidad, los movimientos de ascenso y descenso y de carga y descarga que se tienen que realizar entre otras maniobras.
-  TE RECOMENDAMOS: Automóviles no podrán invadir carril BusBici ni para dar vuelta
El BusBici es un carril habilitado en una avenida de velocidad máxima de 30 kilómetros. Es un proyecto impulsado por la Dirección de Movilidad y Transporte del Gobierno de Guadalajara en colaboración con Bloomberg Philanthropies, que comenzaron a operar a mediados de agosto.
El carril operará sobre Avenida Hidalgo entre Victoriano Salado ílvarez y Contreras Medellín.
MM
Lee También
Recibe las últimas noticias en tu e-mail
Todo lo que necesitas saber para comenzar tu día
Registrarse implica aceptar los Términos y Condiciones"
92,EL Informador,08-16-22,Automóviles no podrán invadir carril BusBici ni para dar vuelta,trafilatura,trafilatura,1846,0.57,https://www.informador.mx/jalisco/BusBici--Automoviles-no-podran-invadir-carril-ni-para-dar-vuelta-20220816-0039.html,,"Automóviles no podrán invadir carril BusBici ni para dar vuelta
Los automovilistas que no respeten la norma podrían ser acreedores a multas que van de los 14 mil a los 19 mil pesos
Para dar vuelta en ese sentido las unidades motorizadas tienen que tomar la vía contigua al BusBici. EL INFORMADOR/A. Navarro
Ni para dar vuelta a la derecha los vehículos particulares como motos, autos o camionetas pueden utilizar el nuevo carril BusBici en avenida Hidalgo, que, según se prevé, comenzará operaciones a finales de este mes.
De lo contrario, podrían ser acreedores a multas que van de los 14 mil a los 19 mil pesos.
Así lo dieron a conocer las autoridades estatal y municipal. Explicaron que para dar vuelta en ese sentido las unidades motorizadas tienen que tomar la vía contigua al BusBici.
Sin embargo, deben disminuir la velocidad y usar las direccionales con la anticipación adecuada para anunciar la vuelta.
Todo, además con la precaución de espejear para asegurarse de que no viene un ciclista o alguna unidad del transporte público, únicos vehículos que pueden circular por el BusBici y quienes tienen la prioridad, de acuerdo con la pirámide de movilidad.
Si los choferes circulan por calles que corren en perpendicular y desean incorporarse a Hidalgo en los tramos por donde correrá el BusBici, deberán hacerlo en la vía contigua al carril segregado, dando prioridad al ciclista o transporte público, y hacerlo siempre en luz verde en calles donde haya semáforo.
En el caso de que no haya semáforo, deberá hacerse un alto total antes de incorporarse a Hidalgo, según las indicaciones de la Dirección de Movilidad y Transporte del Ayuntamiento de Guadalajara.
Lee También
Recibe las últimas noticias en tu e-mail
Todo lo que necesitas saber para comenzar tu día
Registrarse implica aceptar los Términos y Condiciones"
93,Trafico ZMG,08-16-22,Trabajos en carril Bus-Bici causa confusión y siniestros viales,trafilatura,trafilatura,2065,1.07,https://traficozmg.com/2022/08/trabajos-en-carril-bus-bici-causa-consfusion-y-siniestros-viales/,,"Trabajos en carril Bus-Bici causa confusión y siniestros viales
Todavía no entra en servicio el carril exclusivo del Bus-Bici sobre Avenida Hidalgo y conductores de vehículos, motociclistas y hasta vecinos de la zona ya señalan la falta de socialización sobre el avance de los trabajos para segmentar este espacio que dará prioridad al paso de ciclistas y dos rutas del transporte público.
En los dos últimos días, en la zona delimitada de Victoriano Salado Álvarez a Contreras Medellín, ya se han registrado algunos siniestros, entre estos vehículos con llantas tronadas luego de haber pisado los topes de caucho y bolardos, choques entre autos particulares y con motociclistas, además de confusión e invasión del carril confinado.
Al respecto el alcalde tapatío, Pablo Lemus Navarro respondió que la socialización se ha hecho por etapas y que la conclusión de esta y el entendimiento de quienes manejan por la zona, no tardará más de dos meses.
""Nosotros empezamos una socialización importante desde hace un mes primero con todos los comerciantes de avenida Hidalgo, después se hizo material para toda la ciudadanía a través de diversos medios informativos para que sepan cómo funciona el carril; nosotros no estamos pensando en multas"".
Lemus Navarro agregó que la prioridad es mejorar la movilidad de la ciudad y que ese carril beneficiara a 20 mil personas todos los días, además de que se estima que cada usuario ahorre hasta 19 minutos de traslado.
El primer edil confirmó que la fecha de entrega del carril confinado en su totalidad para el sistema de Bus-Bici será el primero de septiembre.
Lemus Navarro reconoció que la socialización es tarea de la Policía Vial y de la Dirección de Movilidad Municipal deben estar presentes; ultimó que ese carril tendrá topes para evitar que el transporte público pueda ir a una velocidad provoque accidente y que estos mismos topes desmotivaran a conductores de vehículos para que no transiten en esta zona.
II
También te podría interesar: Conductores de transporte público reciben capacitación por llegada de Bus-Bici"
96,El Occidental,08-16-22,Cemex y ONG´s crean manual para cuidar al ciclista y prevenir accidentes,trafilatura,trafilatura,1446,0.68,https://oem.com.mx/eloccidental/local/cemex-y-ong-s-crean-manual-para-cuidar-al-ciclista-y-prevenir-accidentes-15846431,,"Localmartes, 16 de agosto de 2022
Tan sólo en la Ciudad de México casi 14 millones de personas utilizan la bicicleta a diario
LOCAL
Tanto vecinos, como personas de colonias aledañas que utilizan la vialidad, afirman que urge atención por parte de autoridades
El organismo revisará el tramo entre San Gaspar y Periférico para detectar otros puntos vulnerables; en 2025 se localizaron dos afectaciones en la misma vialidad
Laura Imelda Pérez hablo de las inversiones en infraestructura en diversas colonias y los programas sociales, pero evitó hablar de las vialidades del municipio con destrozos en el pavimento
Las autoridades recomendaron evitar los puntos afectados y atender las indicaciones del personal de emergencia
Las tormentas se desarrollarían en los alrededores del Área Metropolitana de Guadalajara, principalmente hacia el sur y el este.
El legislador morenista detalló que los recursos están destinados además a carreteras, mantenimiento, infraestructura y dar certeza jurídica a inversionistas
Con esta acción que realizaron decenas de familias de empresas tequileras y personal del Gobierno del Estado se plantaron 400 pinos
Mirza Flores acusa a Morena de ""grillar"" y lucrar políticamente con el tema del agua
Destacó que en ese municipio su administración invirtió más de 150 millones de pesos en el periodo 2025-2026 en obras de alto impacto para sus habitantes
El delito por el que fue denunciado Eduardo N, es por acoso sexual"
102,Pasajero 7,08-12-22,CAPACITA A OPERADORES DE SITREN SOBRE CARRIL BUS-BICI DE AVENIDA HIDALGO EN GUADALAJARA,trafilatura,trafilatura,2777,0.7,http://www.pasajero7.com/capacita-a-operadores-sitren-carril-bus-bici-avenida-hidalgo-en-guadalajara/,,"La Secretaría de Transporte de Jalisco a través de la Dirección de Cultura Vial, realizó una capacitación esta semana, en conjunto con la Dirección de Movilidad y Transporte de Guadalajara, en las instalaciones del patio de maniobras del Sistema del Tren Eléctrico Urbano (Siteur) con los operadores de SITREN, quienes formarán parte del carril unidireccional de uso exclusivo de ciclistas y transporte público en Av. Hidalgo.
Durante la capacitación, además de presentar el proyecto y disipar dudas de los participantes, se llevaron a cabo ejercicios para sensibilizar a las y los conductores simulando el carril Bus-Bici con las dimensiones exactas, para que conozcan y experimenten la convivencia con otros usuarios del carril, con prácticas como el rebase ciclista –por la izquierda, y mientras la unidad se encuentra detenida haciendo ascenso y descenso de pasajeros, colocando la unidad lo más próxima a la derecha–.
También se realizaron dinámicas relativas a personas con discapacidad subiendo a los conductores en sillas de ruedas y utilizando un bastón blanco para personas ciegas.
Otros temas importantes con los conductores fueron el respeto de la distancia de seguridad, los ingresos y salidas de cocheras de otros automóviles, vueltas a la derecha desde el segundo carril e incorporación a la avenida desde calles transversales.
El Carril Bus-Bici, habilitado en una avenida con velocidad máxima de 30 km/h en sus tres carriles, es un proyecto impulsado por la Dirección de Movilidad y Transporte del Gobierno de Guadalajara, en colaboración con Bloomberg Philanthropies y contempla que en una distancia de 3.72 km sobre Av. Hidalgo (de la calle Victoriano Salado Álvarez hasta Contreras Medellín) se utilice un carril segregado exclusivo para vehículos no motorizados, así como de emergencia y unidades del transporte público, que en este caso serán las dos rutas de SITREN que circulan por esta vía.
El carril, que se espera comience a operar a mediados de agosto, contará con señalamiento horizontal y vertical, dispositivos de control de velocidad, iluminación con sentido peatonal, rehabilitación de esquinas con accesibilidad universal, colocación de dispositivos de caucho tráfico, vialetas y bolardos abatibles.
Este Carril Bus-Bici garantiza una distribución equitativa del espacio Público y brindará un espacio exclusivo para ciclistas, a fin de disminuir significativamente la interacción con los vehículos, y con ello, el riesgo de tener una siniestralidad vial, además, favorece la intermodalidad, puesto que permite utilizar diversos medios de transporte durante los traslados, favoreciendo la reducción de tiempos y costos. Con esto también se espera que las unidades de SITREN puedan reducir sus tiempos de traslado en este segmento de la avenida."
103,EL Informador,08-12-22,Prevén que Bus-Bici de Guadalajara arranque a mediados de agosto,trafilatura,trafilatura,3606,0.53,https://www.informador.mx/jalisco/Movilidad-en-ZMG-Preven-que-Bus-Bici-de-Guadalajara-arranque-a-mediados-de-agosto-20220812-0087.html,,"Prevén que Bus-Bici de Guadalajara arranque a mediados de agosto
Aunque se tenía previsto que arrancara a principios de este mes, las lluvias han retrasado la colocación de la señalética
Este carril Bus-Bici garantiza una distribución equitativa del espacio público y brindará un espacio exclusivo para ciclistas. EL INFORMADOR / ARCHIVO
Será a mediados de este mismo mes cuando se prevé, comience operaciones el Bus-Bici de Guadalajara, el carril unidireccional de uso exclusivo de ciclistas y transporte público que correrá por la avenida Hidalgo.
Así lo dieron a conocer el Gobierno de Jalisco y el Ayuntamiento de Guadalajara, e incluso, ya se ha comenzado con la capacitación de los conductores del Sitren, transporte que correrá sobre este carril exclusivo.
De acuerdo con el director de Movilidad en Guadalajara, Jesús Carlos Soto, si bien se tenía previsto que arrancara a principios de este mes, las lluvias habían retrasado la colocación de la señalética, sin embargo, este día se comenzará con ello para que estén listos a tiempo.
Con una inversión de 20 millones de pesos, el proyecto ha sido impulsado por la Dirección de Movilidad y Transporte del Gobierno de Guadalajara, en colaboración con Bloomberg Philanthropies, y operará entre Victoriano Salado ílvarez y Contreras Medellín, con una velocidad de 30 kilómetros por hora, mientras que en el resto de los carriles de la avenida será de 40 kilómetros por hora.
Contempla que en una distancia de 3.72 km sobre la avenida Hidalgo, entre las vías ya mencionadas, se utilice un carril segregado exclusivo para vehículos no motorizados, así como de emergencia y unidades del transporte público, que en este caso serán las dos rutas de Sitren que circulan por esta vía.
Contará con señalamiento horizontal y vertical, dispositivos de control de velocidad, iluminación con sentido peatonal, rehabilitación de esquinas con accesibilidad universal, colocación de dispositivos de caucho tráfico, vialetas y bolardos abatibles, informaron las autoridades.
¿Cuál es el objetivo de este carril?
Este carril Bus-Bici garantiza una distribución equitativa del espacio público y brindará un espacio exclusivo para ciclistas, a fin de disminuir significativamente la interacción con los vehículos.
Con ello, señalaron las autoridades, se espera que el riesgo de tener algún percance vial sea menor, además de que favorece la intermodalidad, ""puesto que permite utilizar diversos medios de transporte durante los traslados, favoreciendo la reducción de tiempos y costos"".
Con esto también se espera que las unidades de Sitren puedan reducir sus tiempos de traslado en este segmento de la avenida hasta en un 60%, según indicó Soto Morfín.
¿Habrá multas para quienes no respeten el Bis-Bici?
La respuesta es sí. Al convertirse en un carril exclusivo o ""confinado"", dentro de su operación se contempla que automovilistas, motociclistas, o cualquier otro vehículo motorizado que lo invada será acreedor a una multa que puede ir de los 114 mil 433 pesos a los 19 mil 244, según se establece en la Ley de Movilidad y Transporte del Estado y su reglamento.
Según explicó Soto Morfín, a partir de la puesta en marcha de este sistema se convierte en un espacio como lo son el Macrobús o el Peribús, donde solo puede circular el transporte al cual están destinados, y los vehículos de emergencia como ambulancias, patrullas y vehículos de bomberos.
GC
Lee También
Recibe las últimas noticias en tu e-mail
Todo lo que necesitas saber para comenzar tu día
Registrarse implica aceptar los Términos y Condiciones"
108,NTR Guadalajara,08-03-22,Asesorará bikeNcity a Guadalajara en infraestructura no motorizada,trafilatura,trafilatura,1252,0.38,https://www.ntrguadalajara.com/post.php?id_nota=185597,,"Guadalajara fue una de las siete ciudades del país que este año fueron seleccionadas para ser asesoradas y tener acompañamiento de la empresa bikeNcity en proyectos de movilidad activa.
El proyecto de la compañía se llama Re-Activa.mx y busca implementar infraestructura de movilidad en modos de transporte no motorizado a través de asistencia técnica.
Las otras ciudades elegidas fueron Cuautitlán Izcalli, Estado de México; Cuernavaca, Morelos; Irapuato y León, Guanajuato; Morelia, Michoacán, y Tepic, Nayarit.
En el portal de Re-Activa.mx se señala que los gobiernos municipales se comprometieron a llevar a cabo las obras públicas a más tardar en diciembre de 2022. También confirmaron que tienen presupuesto para realizarlas.
""Las ciudades elegidas recibirán acompañamiento técnico en el proceso de planeación, implementación, operación, monitoreo y evaluación de las obras, así como en la estrategia de comunicación y gestión territorial"", señala la plataforma.
Como parte del acompañamiento, integrantes de la iniciativa Re-Activa.MX llevaron a cabo una visita técnica a Guadalajara con el objetivo de trabajar conjuntamente en la implementación de infraestructura para la movilidad activa y, de esta forma, mitigar la crisis climática.
EH-jl/I"
110,El Occidental,08-01-22,Colocan bicicleta blanca en memoria de joven atropellado,trafilatura,trafilatura,934,0.72,https://oem.com.mx/eloccidental/policiaca/colocan-bicicleta-blanca-en-memoria-de-joven-atropellado-15738643,,"Policiacalunes, 1 de agosto de 2022
El fatal percance ocurrió en la colonia Polanco de Guadalajara
POLICIACA
Principalmente engañaban a personas de la tercera edad
En mes y medio se han asegurado y destruido más de medio millón de plantas en ese municipio
Van cinco casos detectados, la mayoría a estudiantes del Centro Universitario de Ciencias de Salud
El operativo dejó cuatro presuntos delincuentes y un militar muertos, además de dos elementos castrenses heridos
Los implicados quedaron a disposición del Ministerio Público
Durante el operativo aseguraron implementos y precursores químicos
Algunos de los hallazgos han ocurrido en los límites con los estados de Zacatecas y Michoacán
Autoridades, familiares y habitantes de la región mantienen activa su búsqueda
La agresión ocurrió en un establecimiento ubicado en el cruce de Xóchitl y Prados de los Laureles
La identidad de la víctima se confirmó por medio de exámenes de ADN"
111,Pasajero 7,08-01-22,PIDEN CICLISTAS EN JALISCO MAYOR SEGURIDAD E INFRAESTRUCTURA,trafilatura,trafilatura,2862,0.6,http://www.pasajero7.com/piden-ciclistas-en-jalisco-mayor-seguridad-e-infraestructura/,,"El 11 de julio en la mañana falleció Itzco. Se trasladaba en su bici por la avenida 8 de julio y al llegar al cruce de la calle Arturo Carrillo en la colonia Polanco fue atropellado por un camión de carga. Con él son ya ocho las personas que han fallecido en las calles de la Zona Metropolitana de Guadalajara en los siete meses que van del 2022.
Los lamentables siniestros fatales de estas personas han sido causados por cinco unidades de transporte público y tres camiones de carga.
Mediante un comunicado, la organización Bicicleta Blanca, explicó que, Itzco circulaba por una avenida donde desde hace años los municipios de Tlaquepaque y Tlajomulco han construido ciclovías, infraestructura que falta mejorar ya que no tuvo la mejor implementación.
El Municipio de Guadalajara, en la administración pasada, empezó a construir carriles segregados que mejoran la seguridad de las personas que se trasladan por 8 de julio, pero que solo va desde avenida Washington hasta la calle 3 de la Zona Industrial, a solo ocho cuadras de este punto.
El que hubiera una ciclovía segregada pudo haber sido la diferencia entre una lesión o una fatalidad en Itzco o cualquier otra persona. En la avenida 8 de julio y su prolongación han fallecido ocho personas desde el 2009.
Bicicleta Blanca hacemos un llamado a:
- Que en la avenida 8 de julio desde Guadalajara hasta Tlajomulco se termine la ciclovía segregada y adecuada para dar mayor seguridad a las personas que se mueven en bici en la zona sur del Área Metropolitana de Guadalajara, zona con poca infraestructura ciclista.
- Que se coordinen desde la Mesa Metropolitana de Movilidad del IMEPLAN los tres municipios en cuestión.
- Que se regulen adecuadamente los horarios del transporte de carga en la ciudad y los vehículos de grandes dimensiones.
- Que la Secretaría de Transporte y el gobierno del estado de Jalisco redoblen esfuerzos para tener unidades de transporte público más seguras, que continúen las capacitaciones a las personas que operan estas unidades y mejoren sus condiciones de trabajo.
Muchas personas jóvenes han ido reconociendo la importancia de usar menos el coche y utilizar la bici para no depender de los combustibles fósiles que están afectando al medio ambiente y que están causando una crisis climática. Se tiene que redoblar los trabajos de los gobiernos Municipales y Estatal, de las empresas de transporte público y de carga para seguir avanzando en dar las condiciones para una movilidad segura que permita avanzar en los cambios que tanto necesitamos en la ciudad.
Señalaron que, ""nos solidarizamos con todas las familias y amigos de las personas que han fallecido, de Itzco, y exigimos justicia; así como construir ciclovías adecuadas que ayuden a disminuir los siniestros viales y la no repetición de hechos viales fatales. Queremos una ciudad en donde no cueste la vida movernos""."
114,Trafico ZMG,07-29-22,Por iniciar obras de ciclovía y corredor comercial Javier Mina,trafilatura,trafilatura,1519,0.36,https://traficozmg.com/2022/07/por-iniciar-obras-de-ciclovia-y-corredor-comercial-javier-mina/,,"Por iniciar obras de ciclovía y corredor comercial Javier Mina
Se estima que en seis semanas inicien los trabajos de obra para la ciclovía y corredor comercial y gastronómico sobre Avenida Javier Mina; está intervención y la de Avenida Hidalgo por el BusBici son las más relevantes en cuanto a avenidas con importante carga vehicular, así lo anunció el alcalde de Guadalajara, Pablo Lemus Navarro.
""Se hizo una socialización principalmente con comerciantes, en el caso de Javier Mina se hizo un cambio de proyecto por las opiniones de los propios comerciantes de la zona, para tomarles en cuenta , Para no perjudicar sus comercios, para que se puedan permitir paradas en islas y para evitar también que se establezca comercio informal al frente de sus propios negocios"". Este proyecto arrancará en máximo seis semanas.
Con relación al BusBici resaltó que ""no es una ocurrencia, es un estudio técnico basado en una opinión profesional""; se van a iniciar los trabajos para que nadie pueda invadir los carriles, se debe dar prioridad al transporte público y beneficiar la colectividad.
Lo anterior lo señaló Lemus Navarro tras supervisar los trabajos de remodelación de la academia municipal número 30 en donde se habilitará un Centro Integral de Emprendimiento de la Mujer y se ofrecerán cursos que contemplan áreas como salud, moda y diseño, artes, estilismo y bienestar personal, gastronomía, organización de eventos y área cultural.
II
Te puede interesar: Se dio el banderazo de salida a 220 toneladas de aguacate Hass"
115,NTR Guadalajara,07-28-22,"BusBici, listo para el 15 de agosto: GDL",trafilatura,trafilatura,1583,0.27,https://www.ntrguadalajara.com/post.php?id_nota=185329,,"Los trabajos del BusBici, proyecto que contempla confinar el carril de la extrema derecha de avenida Hidalgo para el Sitren y ciclistas, avanzan. Según estimaciones del gobierno tapatío, la vía exclusiva estará listo para el 15 de agosto.
El confinamiento en la vialidad irá de la calle Victoriano Salado Álvarez a Contreras Medellín. Tras hacer un recorrido por el tramo, NTR encontró que ya se aprecian notables avances en la delimitación de carriles.
En el trayecto ya hay rayas de cebra color verde y letras de gran tamaño que advierten que el carril de la extrema derecha será de uso exclusivo para el paso del también conocido como Trolebús y ciclistas.
El argumento del ayuntamiento para promover el proyecto es que de 2017 a 2019 en la vialidad se registró un total de 166 siniestros viales en los que se vieron involucrados ciclistas. El objetivo, añadió, es evitar este tipo de accidentes.
Lo que aún no ha quedado claro es la manera en que van a convivir al mismo tiempo ciclistas y transporte público. En el balizamiento, que se pretende concluir para finales de este mes, no se señala los espacios que usarán ciclistas y trolebús; lo único que se advierte es que la velocidad máxima será de 30 kilómetros por hora.
El proyecto contempla una inversión de 4 millones de pesos, así como multas para los automovilistas que invadan el carril confinado. La sanción podría ser de hasta 20 mil pesos, monto similar al que se impone a quienes invaden el carril exclusivo del Macrobús.
Hasta el momento no hay una fecha estimada de cuándo comenzarán las sanciones económicas.
jl/I"
116,NTR Guadalajara,07-28-22,"Corredor en Javier Mina, para finales de agosto",trafilatura,trafilatura,1625,0.23,https://www.ntrguadalajara.com/post.php?id_nota=185355,,"A finales de agosto iniciaría la habilitación de un corredor gastronómico y comercial con ciclovía en avenida Javier Mina, informó el alcalde de Guadalajara, Pablo Lemus Navarro.
Se prevé que la licitación de los trabajos inicie la próxima semana y que el proceso tome un mes, a lo largo de agosto.
En avenida Hidalgo ya está en marcha un proyecto para destinar el carril de la extrema derecha sólo al transporte público y ciclistas. Arrancará a mediados de agosto.
En avenida Javier Mina la intervención será similar, aunque en esta vialidad también se intervendrá el entorno para propiciar la actividad económica del corredor gastronómico y comercial.
El primer edil fue cuestionado sobre por qué destinar carriles de circulación sólo a ciclistas y transporte público y, en respuesta, dijo que favorecen a la colectividad por sobre el interés individual de los automovilistas.
""Hay una visión equivocada en la ciudad, generalmente un automovilista dice '¿por qué me quieren quitar un carril?' cuando en un automóvil va una, dos o máximo tres personas en promedio. Lo que debemos de ver es que, en un sistema de transporte público, en un camión, por ejemplo, pues viajan 60 a 80 personas. ¿A quién beneficiamos, al que vaya solo en su automóvil o a donde vayan 60 u 80 personas?""
En el caso de Javier Mina, indicó que ""se hizo un cambio completamente de proyecto por las opiniones de los propios comerciantes de la zona para tomarles en cuenta, para no perjudicar sus comercios, para que se puedan permitir paradas seguras y para evitar también que se establezca comercio informal al frente de sus propios negocios"".
EH-jl/I"
117,Pasajero 7,07-26-22,GUADALAJARA APUESTA POR CARRIL BUSBICI SOBRE AV. HIDALGO,trafilatura,trafilatura,1581,0.34,https://www.pasajero7.com/guadalajara-apuesta-carril-busbici-av-hidalgo/,,"El director de Movilidad de Guadalajara, Jesús Carlos Soto Morfín, informó que a partir de la siguiente semana se asignará para uso exclusivo del transporte público y los ciclistas el carril de extrema derecha de Avenida Hidalgo.
Morfín agregó que esto tiene como objetivo dar prioridad al transporte público, por lo que quienes invadan el carril podrían ser acreedores de una multa de hasta 20 mil pesos por invadir el carril BusBici.
""Se tiene proyectada una mejora de 50 a 60% del tiempo de traslado del trolebús en este tramo. Está en promedio en 26 minutos, en hora pico a veces más, y se va a reducir a 12 minutos máximo con la exclusividad del carril. Está considerada la ampliación, el tema es presupuesta, pues hay otros proyectos y corredores contemplados antes de su ampliación"", añadió.
El arranque de este carril BusBici llegará acompañado de una campaña de socialización que contempla objetivos, beneficios y consecuencias por invadirlo.
Una de las complicaciones de la modificación será la vuelta a la derecha, por lo que Soto Morfín explicó que el conductor debe poner sus direccionales y dar preferencia al transporte público, bicicleta u otros dispositivos de baja velocidad.
Aunque las vueltas a la derecha estarán prohibidas en intersecciones semaforizadas a manera de piloto, pero con señalamiento; para vigilar que se cumpla, los agentes viales estarán en todo el corredor.
También te podría interesar: ¿Cómo va la unificación del prepago en Edomex?
El costo de las modificaciones, señalética y balizamiento de la avenida fue en total de 20 millones de pesos."
118,El Informador,07-26-22,"Estos son todos los detalles del BusBici, el nuevo carril exclusivo en Avenida Hidalgo",trafilatura,trafilatura,3074,0.61,https://www.informador.mx/jalisco/BusBici-Estos-son-todos-los-detalles-del-nuevo-carril-exclusivo-en-Avenida-Hidalgo---20220726-0151.html,,"Estos son todos los detalles del BusBici, el nuevo carril exclusivo en Avenida Hidalgo
Próximamente la Avenida Hidalgo en Guadalajara tendrá un carril exclusivo para la circulación de ciclistas y del trolebús. Aquí te contamos las claves del proyecto
Este proyecto sería el primer Bus-Bici que operará en la ciudad, ya que no hay otro en ninguna parte de la metrópoli. EL INFORMADOR / ARCHIVO
En marzo el Ayuntamiento de Guadalajara dio a conocer que habrá un carril exclusivo para la circulación de ciclistas y del Trolebús en Avenida Hidalgo, dicho proyecto se llama BusBici. Ahora está a punto de ser una realidad.
Para que no te agarre de sorpresa y sepas su funcionamiento como ciclista o como conductor, aquí te contamos todo lo que tienes que saber del BusBici.
- ¿Dónde estará? 
Estará en el carril de extrema derecha sobre Avenida Hidalgo, en Guadalajara.
- ¿De dónde a dónde abarcará? 
De Victoriano Salado ílvarez a Contreras Medellín.
- ¿Qué distancia tendrá? 
3.72 kilómetros .
- ¿Quienes pueden circular por ah� 
Será exclusivo para ciclistas y para el Trolebús.
- ¿Convivirán los ciclistas con el Trolebús? 
Sí, pero de una forma segura. Estarán en el mismo carril, pero no el mismo espacio, el ciclista estará orientado a la derecha y el transporte público a la izquierda con reductores de velocidad cada tantos metros.
- ¿Habrá multa si invado el carril con mi auto? 
Sí, al ser un carril exclusivo costarán lo mismo que en el caso del Macrobús: de 14 mil a 20 mil pesos.
- ¿Qué involucra el proyecto del BusBIci? 
Aparte de la renovación del reencarpetamiento, mejorarán los señalamientos, accesibilidad a las esquinas y ajustes en los carriles de circulación vehicular.
- ¿Cuánto costará el proyecto? 
20 millones de pesos.
- ¿Cuándo dará inicio? 
La primera semana de agosto comenzará la segregación del carril y pasará a ser único y exclusivo del proyecto BusBici, aunque la segunda quincena de agosto comenzará a funcionar el carril y la socialización del mismo.
- ¿Mejorará el tiempo de traslado del Trolebús? 
Sí, en ese tramo tendrá una mejora de 50 a 60% del tiempo, es decir, hoy en promedio hace 26 minutos (o más en hora pico), y se va a reducir a 12 minutos máximo con la exclusividad del carril.
- ¿Cuál es el objetivo del proyecto? 
El fin es reducir el tiempo de traslado del Trolebús, así como el número de accidentes en esa vía.
-  Ciclistas y automovilistas ven con buenos ojos BusBici de Hidalgo
Cabe señalar que en el caso de las vueltas a la derecha, el conductor deberá poner sus direccionales y dar preferencia al transporte público, bicicleta u otros dispositivos de baja velocidad que pasen.
Las primeras semanas habrá agentes viales en el sitio que estarán instruyendo a los conductores a no utilizar el carril, posterior a ese periodo, se comenzará con las sanciones a quien utilice el carril exclusivo.
Lee También
Recibe las últimas noticias en tu e-mail
Todo lo que necesitas saber para comenzar tu día
Registrarse implica aceptar los Términos y Condiciones"
121,El Informador,07-26-22,Alistan multas de hasta 20 mil pesos por invadir BusBici,trafilatura,trafilatura,1332,0.5,https://www.informador.mx/jalisco/Movilidad-en-Guadalajara-Alistan-multas-de-hasta-20-mil-por-invadir-BusBici-20220726-0032.html,,"Alistan multas de hasta 20 mil pesos por invadir BusBici
A partir de la siguiente semana el carril derecho en avenida Hidalgo será exclusivo para los autobuses del transporte público y las bicicletas
El reencarpetado y señalización de la vía tuvo un costo de 20 millones de pesos. EL INFORMADOR/A. Camacho
Con el proyecto de BusBici en avenida Hidalgo, a partir de la siguiente semana el carril de la extrema derecha será sólo para las unidades del transporte público y las bicicletas.
El director de Movilidad del Ayuntamiento de Guadalajara, Jesús Carlos Soto Morfín, advirtió que las multas para quienes no respeten este ordenamiento serán de hasta 20 mil pesos, como en el caso del Macrobús.
""Las sanciones las va a poner la Policía Vial. El acuerdo que tenemos con ellos es dar un margen de dos semanas de socialización. Habrá agentes que estarán instruyendo a los conductores a no utilizar el carril. Posterior a ese periodo se comenzará con las sanciones"", destacó.
En la intervención se invirtieron 20 millones de pesos.
Incluyó segregación del carril, colocación de señalamientos y también trabajos de balizamiento y reencarpetamiento. 
  
Lee También
Recibe las últimas noticias en tu e-mail
Todo lo que necesitas saber para comenzar tu día
Registrarse implica aceptar los Términos y Condiciones"
122,El Informador,07-25-22,¿Cuándo iniciará la división de carril del BusBici en Avenida Hidalgo?,trafilatura,trafilatura,2952,0.52,https://www.informador.mx/jalisco/Movilidad-en-Guadalajara-Cuando-iniciara-la-division-de-carril-de-BusBici-en-Avenida-Hidalgo-20220725-0111.html,,"¿Cuándo iniciará la división de carril del BusBici en Avenida Hidalgo?
A continuación te contamos todo lo que tienes que saber acerca del proyecto del BusBici
Para segregar el carril y poner señalamientos, se invirtieron cinco millones de pesos, aunque el costo, incluyendo balizamiento y reencarpetamiento de Avenida Hidalgo fue en total de 20 millones de pesos. EL INFORMADOR/A. CAMACHO
El director de Movilidad de Guadalajara, Jesús Carlos Soto Morfín, dio a conocer cuándo dará inicio el proyecto del BusBici que traerá consigo la división de un carril en Avenida Hidalgo.
Será a partir de la siguiente semana, cuando el carril de la extrema derecha pase a ser única y exclusivamente para el proyecto de BusBici, es decir para el transporte y las bicicletas. Asimismo, en la segunda quincena de agosto se pretende que comiencie a funcionar el carril y la socialización del mismo.
Asimismo, el director detalló que habrá multas para quien invada el carril, las cuales serán equivalentes a las que se aplican en el caso del Macrobús.
-  LEE MíS SOBRE LAS MULTAS: Esto costarán las multas por invadir el carril de BusBici en Avenida Hidalgo
En el caso de las vueltas a la derecha, señaló que el conductor debe poner sus direccionales y dar preferencia al transporte público, bicicleta u otros dispositivos de baja velocidad que pasen. Aunque estas se prohibirán en intersecciones semaforizadas a manera de piloto, pero con señalamiento. Para vigilar que se cumpla, los agentes viales estarán en todo el corredor.
Jesús Carlos Soto Morfín destacó que aunque no habrá mayor complicación con ciclistas, sí será más complejo dar la vuelta a la derecha. Además, aunque por ahora el carril solo estará de Victoriano Salado ílvarez a Contreras Medellín (3.72 kilómetros), se contempla completar el circuito de la Línea 1 y 3 del Trolebús.
""Se tiene proyectada una mejora de 50 a 60% del tiempo de traslado del trolebús en este tramo. Está en promedio en 26 minutos, en hora pico a veces más, y se va a reducir a 12 minutos máximo con la exclusividad del carril. Está considerada la ampliación, el tema es presupuesta, pues hay otros proyectos y corredores contemplados antes de su ampliación"", añadió.
Para segregar el carril y poner señalamientos, se invirtieron cinco millones de pesos, aunque el costo, incluyendo balizamiento y reencarpetamiento de Avenida Hidalgo fue en total de 20 millones de pesos.
JL
Lee También
- 
Estos son todos los cambios que tendrá el transporte público por el paso de la Romería
- 
¿LLUVIA en GDL por la noche?, pronóstico del clima para hoy, 10 de octubre
- 
Bajan lluvias el sábado en Guadalajara, pero se mantiene nublado
- 
Madrugan para asegurar lugar en concierto de Caifanes en Fiestas de Octubre
Recibe las últimas noticias en tu e-mail
Todo lo que necesitas saber para comenzar tu día
Registrarse implica aceptar los Términos y Condiciones"
123,Meganoticias,07-22-22,Bus bici un proyecto,trafilatura,trafilatura,2501,0.47,https://www.meganoticias.mx/guadalajara/noticia/bus-bici-un-proyecto-donde-circularan-bicicletas-y-trolebus/346478,,"Movilidad
                                                                    
                                                Por:
                                                                    Israel Rangel
                     
                    
Guadalajara
Fecha: 22-07-2022
                                        Guadalajara
Fecha: 22-07-2022
El proyecto Bus-Bici se trata de un carril exclusivo para la operación y circulación de transporte público y movilidad activa, la bicicleta, el patìn eléctrico, las líneas 1 y 2 de Sitren y el Trolebús.
El director de Movilidad de Guadalajara, Jesús Carlos Soto Morfín, señala que el carril que se intervendrá es aquel donde actualmente circula el Trolebús, un medio de transporte público que tiene una velocidad controlada de 30 kilómetros por hora y que permite la interacción con los ciclistas en un espacio lo suficientemente ancho para que sea compartido por ambos medios de transporte.
""Y se va a tratar de un carril segregado exclusivamente para estos modos de transporte, habrí sanciones para el automovilista que utilice este carril exclusivo, solamente vehículos de emergencia podrín utilizarlo llegado el caso, los otros tres carriles que quedan de la vialidad son para el uso de los vehículos motorizados incluyendo motocicletas"".
El proyecto de Bus-Bici contempla 3.73 kilómetros de distancia en la Avenida Hidalgo, desde la calle Victoriano Salado Álvarez hasta llegar a la calle Contreras Medellín a la altura del Mercado Corona en el Centro Histórico de la ciudad.
Se invirtieron 5 millones de pesos para la configuración de todo este carril y adicionalmente un presupuesto cerca de 20 millones de pesos para todo el reencarpetado de la avenida Hidalgo en este mismo tramo
""Estamos en estos dìas colocando señalamiento vertical también en toda la avenida para indicarle a los conductores la manera nueva de operar, por ejemplo las vueltas a la derecha van a tener la peculiaridad de que se tiene que dar prioridad de paso a los ciclistas o a los usuarios del transporte pùblico en esta arteria"". 
""Lo que vamos a generar de beneficios con esta obra es una reducciòn de hasta el 50 o 60 por ciento del tiempo de traslado de los usuarios del transporte pùblico"".
Hasta el momento, los trabajos que se han concluido son de pintura y señalización a nivel de piso, aún faltan señalizar a nivel vertical y la colocación de lonas informativas, será a principios del mes de agosto cuando comience a operar Bus-Bici"
124,Meganoticias,07-22-22,Ciclistas ven favorable el carril bus bici,trafilatura,trafilatura,1282,0.1,https://www.meganoticias.mx/guadalajara/noticia/ciclistas-ven-favorable-el-proyecto-bus-bici/346484,,"Movilidad
                                                                    
                                                Por:
                                                                    Israel Rangel
                     
                    
Guadalajara
Fecha: 22-07-2022
                                        Guadalajara
Fecha: 22-07-2022
Ciclistas ven con buenos ojos que el carril de extrema derecha en avenida Hidalgo sea exclusivo para que transiten los ciclistas y el trolebús, según lo planea el proyecto Bus-Bici.
 ""Pues para nosotros sí nos beneficia mucho porque yo en lo personal uso la bicicleta como mi principal medio de transporte y eso nos da un poquito más de seguridad  al movernos dentro de la ciudad"", expresa Alejandro Aguilar. 
Pará Gabriela el proyecto es algo increíble ""Pues se me hace algo increíble, no tenía idea, creo que para los que andamos en bici nos va hacer un gran, gran favor y pues también la seguridad para los ciclistas se me hace muy chido"".
""Pues me parece una muy buena idea así ya vamos a poder andar más fácilmente sin taparle a los coches o ir por la banqueta"", dice Daniel.
Este proyecto sería el primer Bus-Bici que operará en la ciudad, ya que no hay otro en ninguna parte de Jalisco por ahora."
129,Mural,07-17-22,Viajes de MiBici crecen en 29%,trafilatura,trafilatura,522,0.82,https://www.mural.com.mx/viajes-de-mibici-crecen-en-29/ar2438005?v=2,,"COMUNIDAD
02 MIN 00 SEG
Mariana Quintero
Guadalajara, México (17 julio 2022) .-05:00 hrs
La estación de destino más popular de Mi Bici se ubica en López Cotilla y Marcos Castellanos. Crédito: Archivo
Mientras que en el primer semestre de 2021 se registraron 1 millón 431 mil 143 viajes de MiBici, para el primer semestre de 2022 esta cifra ascendió a 2 millones 29 mil 228 traslados, es decir, un aumento del 29.4 por ciento, de acuerdo con datos reportados por el Instituto de Información Estadística y Geográfica (IIEG)."
133,NTR Guadalajara,07-13-22,"MiBici, sin recuperar nivel de viajes previo a pandemia",trafilatura,trafilatura,1339,0.3,https://www.ntrguadalajara.com/post.php?id_nota=184724,,"La cantidad de viajes realizados en el sistema de bicicleta pública MiBici a partir de marzo casi es igual a la que se reportaba antes del inicio de la pandemia de Covid-19.
Entre marzo y junio, la cantidad mensual de viajes osciló entre los 330 mil y 377 mil, mientras que entre noviembre de 2019 y febrero de 2020, es decir, antes de la contingencia, fue de entre 317 mil y 378 mil, de acuerdo con un reporte del Instituto de Información Estadística y Geográfica (IIEG).
Sin embargo, entre marzo y junio de 2019 el mínimo fue de 361 mil y el máximo de 419 mil. Históricamente, el mes con mayor cantidad de viajes ha sido octubre de 2019, cuando se realizaron más de 422 mil.
En total, en los primeros seis meses de 2022 los usuarios completaron 2 millones 29 mil viajes, de los cuales 27 por ciento, o 547 mil, fue realizado por mujeres y 72.6 por ciento, o 1 millón 473 mil, por varones. En los casi 9 mil viajes restantes no se tiene identificado el género del usuario.
Por grupos de edad, los usuarios de 25 a 34 años de edad son quienes más usan MiBici, pues concentraron 48.6 por ciento del total de los viajes del primer semestre del año. Los viajes de personas de 35 a 44 años representaron 19.5 por ciento y los de jóvenes de 16 a 24, 18.9 por ciento. El IIEG identificó 255 viajes realizados por personas de más de 70 años.
jl/I"
134,El Informador,07-13-22,"Millennials, los que más usan MiBici",trafilatura,trafilatura,1782,0.51,https://www.informador.mx/jalisco/Millenials-son-quienes-mas-utilizan-MiBici-en-el-primer-semestre-del-ano-20220713-0148.html,,"Millennials, los que más usan MiBici
Los millennials han realizado en el primer semestre del año casi la mitad de todos los viajes en MiBici
Casi la mitad de los viajes son realizados por personas de entre 25 y 34 años. EL INFORMADOR/ ARCHIVO
En el primer semestre de este año, los usuarios de MiBici realizaron dos millones 029 mil 228 viajes. De los cuales 547 mil 476 fueron realizados por mujeres (27%) y el resto, un millón 473 mil 037, por hombres.
Son las personas de entre 25 y 34 años quienes más emplean este medio de transporte, realizando el 48.6% de los viajes totales.
Los jóvenes de entre 16 y 24 años realizan el 18.9% de traslados y quienes tienen de 35 a 44 años concentran el 19.5%. Del resto se desconoce la edad.
Los días favoritos para pedalear
De acuerdo con el estudio, el uso de este medio de transporte fluctúa de acuerdo con el día de la semana, pues los días con menos traslados son los fines de semana y aquellos de vacaciones. Los días de mayor uso son martes, miércoles y jueves.
Durante ese periodo se hicieron en promedio 11 mil 221 viajes al día.
Las distancias que recorren
La distancia lineal más larga entre estaciones recorridas con MiBici fue de mil 472 metros.
Los viajes realizados con una distancia lineal de alrededor de 600 y mil metros entre las estaciones de origen y destino fue lo más común durante este periodo.
Para el cálculo de las distancias únicamente se cuenta con la información de las estaciones de origen y destino. El 7.9% de los viajes iniciaron y terminaron en la misma estación, por lo que su distancia lineal se contabiliza como de 0 metros.
Lee También
Recibe las últimas noticias en tu e-mail
Todo lo que necesitas saber para comenzar tu día
Registrarse implica aceptar los Términos y Condiciones"
136,Pagina 24,07-11-22,Muevan a la banqueta la ciclovía de Guadalupe,trafilatura,trafilatura,2026,0.87,https://pagina24jalisco.com.mx/2022/07/11/local/muevan-a-la-banqueta-la-ciclovia-de-guadalupe/,,"En vez de que vehículos usen el espacio usen: Habitantes
Irán a los eventos del presidente municipal de Zapopan para demandar que se reajuste el proyecto
Por Rafael Hernández Guízar
Vecinos de la avenida Guadalupe en el municipio de Zapopan, recrudecieron medidas contra la ciclovía que instaló el ayuntamiento.
Desde que se anunció la instalación de la ciclovía los vecinos la rechazaron, una vez funcionando se manifestaron en contra, y ahora preparan manifestaciones y hasta un plantón.
""Ya estamos hartos de que no nos hagan caso, necesitamos que quiten ya esta ciclovía, que la quiten de aquí, que la suban a la baqueta porque hay tanto espacio que lejos de que lo usen para algo bueno lo han usado como estacionamiento, y de que estén los carros sobre la banqueta a que vaya la ciclovía pues creo que no hay ni que preguntarse, obviamente que sea la vía"", sentenció Rafael Gómez, uno de los entrevistados.
""Nosotros como ya tratamos de que nos recibiera el presidente Juan José Frangie y no sirvió de nada, por eso es que ahora pues vamos a tratar de ver otras opciones, a ver si cerramos el paso en la avenida, o si nos ponemos en plantón en la ciclovía o incluso, si no nos hacen caso pues vamos a tener que estarlo siguiendo a él sus eventos, en cada evento que tenga ahí vamos a estar con las lonas y pancartas, porque pusimos lonas en la misma avenida pero no hacen nada, eso es señal de que estamos en protesta"", agregó.
En las afueras de diversos cotos, han sido colocadas lonas en las cuales se deja en claro el rechazo de los vecinos a la ciclovía.
En dichas lonas, los vecinos exigen al ayuntamiento que regresen el espacio público que les fue quitado por la instalación de la ciclovía, es decir, el carril de extrema derecha que según los vecinos es muy necesario, pues avenida Guadalupe es la única vía que cruza el Anillo Periférico y por la cual pasan miles de automóviles al día.
Con todo esto, los vecinos dieron un ultimátum al alcalde, o les dan una respuesta, o saldrán a tomar acciones por sí mismos."
137,El Informador,07-11-22,"Crece MiBici, pero usuarios solicitan más estaciones",trafilatura,trafilatura,1446,0.54,https://www.informador.mx/jalisco/Crece-MiBici-pero-usuarios-solicitan-mas-estaciones-20220711-0035.html,,"Crece MiBici, pero usuarios solicitan más estaciones
La empresa en 2019 realizó una inversión en la compra de 479 bicicletas nuevas y en 2020 otras 275 más, sin embargo, usuarios comentan que desde ése momento no han visto mejoras
Hoy MiBici cuenta con tres mil 200 bicis y 300 puntos de anclaje. EL INFORMADOR/ Archivo
El sistema de MiBici suma dos millones de viajes; sin embargo, los usuarios piden más estaciones, bicicletas y mantenimiento.
Luis íngel Bautista utiliza el servicio desde hace cuatro años. Comenta que en ese tiempo no ha visto mejoras. ""Hace tres meses fallaban, se quedaban sin luz las estaciones. Tenías que caminar más. Faltan más bicis porque en horas pico no hay"".
Víctor Reyes, miembro del programa desde hace dos años, resalta que las personas deben mantener los equipos en buen estado. ""No tenemos la conciencia de su cuidado"".
MiBici se lanzó al público el 1 de diciembre de 2014 con 860 bicicletas y 86 estaciones en el Centro de Guadalajara. Hoy cuenta con tres mil 200 bicis y 300 puntos de anclaje también en Zapopan, Tlaquepaque y Tonalá.
Vía Transparencia, la Agencia Metropolitana de Infraestructura para la Movilidad informó que en 2019 se compraron 479 bicicletas nuevas y en 2020 otras 275 más. Desde entonces no hay más inversión.
Lee También
Recibe las últimas noticias en tu e-mail
Todo lo que necesitas saber para comenzar tu día
Registrarse implica aceptar los Términos y Condiciones"
140,Mural,07-01-22,Crece inseguridad en torno a ciclistas,trafilatura,trafilatura,332,0.75,https://www.mural.com.mx/crece-inseguridad-en-torno-a-ciclistas/ar2429371?v=2,,"COMUNIDAD
02 MIN 00 SEG
Tania Casillas
Guadalajara, México (01 julio 2022) .-05:00 hrs
Colectivos como Femibici y Calle sin Acoso han gestionado actividades para visibilizar el acoso a mujeres ciclistas. Crédito: Archivo
Cada vez hay más ciclistas en la Ciudad... y los delincuentes han aprovechado ese auge para hacer de las suyas."
143,Mural,06-11-22,Ahora sí nos ven': ruedan desnudos en GDL,trafilatura,trafilatura,440,0.68,https://www.mural.com.mx/ahora-si-nos-ven-ruedan-desnudos-en-gdl/ar2418626,,"'Ahora sí nos ven': ruedan desnudos en GDL
02 MIN 00 SEG
Mariana Quintero
Guadalajara, México (11 junio 2022) .-20:41 hrs
El contingente pasó por la Minerva. Crédito: Mariana Quintero
Ciclistas circularon Avenida Hidalgo para hacerse visibles y exigir sus derechos. Crédito: Maricarmen Galindo
Cientos de ciclistas utilizaron la desnudez para hacerse visibles esta tarde durante el World Naked Bike Ride Guadalajara en su edición número 11."
144,NTR Guadalajara,06-11-22,Llevan la Vía RecreActiva a colonias de Zapopan,trafilatura,trafilatura,1060,0.26,https://www.ntrguadalajara.com/post.php?id_nota=183269,,"Con la finalidad de llevar el deporte a todos los rincones de Zapopan, este viernes inició en San Juan de Ocotán el programa 'La Vía en tu colonia', que busca extender la zona de operación de la Vía RecreActiva.
La rodada consistió en un recorrido en bicicleta saliendo de la Colmena San Juan de Ocotán rumbo a la plaza de La Indígena pasando por las calles principales.
Posteriormente, se presentaron grupos de baile y dinámicas en conmemoración del Día Mundial de la Bicicleta, que se celebra el 3 de junio y el Día Mundial del Medio Ambiente que se conmemora el 5 de junio.
'La Vía en tu colonia' se llevará a cabo los viernes de 16:00 a 20:00 horas en distintas colonias del municipio.
Se cerrarán las calles principales y se aprovecharán los espacios públicos aledaños a las colonias que se visiten y se instalarán exposiciones, actividades de carácter cultural, académico, social, deportivo, recreativo, de salud y de protección y cuidado al medio ambiente.
Zapopan cuenta con 24.2 kilómetros de Vía RecreActiva y con más de 70 kilómetros de ciclovía.
JB"
146,Trafico ZMG,06-07-22,Piden modificar vía recreativa de Mariano Otero y Periférico,trafilatura,trafilatura,2292,0.34,https://traficozmg.com/2022/06/piden-modificar-via-recreativa-de-mariano-otero-y-periferico/,,"Piden modificar vía recreativa de Mariano Otero y Periférico
Una petición para modificar la vía recreativa que pasa por Av. Mariano Otero recolecta firmas, pues los domingos se complica la circulación por la zona debido a la disminución de los carriles laterales casi al llegar a Periférico.
La vía recreativa se realiza todos los domingos y tiene varias rutas en distintos puntos de la Zona Metropolitana de Guadalajara; uno de los puntos es Av. Mariano Otero, donde se utilizan los carriles centrales para la vía y los laterales para los automóviles, camiones de transporte público y demás vehículos.
Desde hace algunos meses se realizó una obra de remodelación en los carriles laterales de Av. Mariano Otero, en el sentido de poniente a oriente, por lo que los días de vía recreativa se genera un ""cuello de botella"" antes de llegar a Periférico, y el congestionamiento se extiende hasta Av. Azaleas, por lo que un usuario llamado Carlos realizó una petición en la plataforma change.org en la que solicita que se modifique la vía recreativa para que no se vuelva tan difícil transitar por Av. Mariano Otero los domingos, pues usuarios refieren que para salir a Periférico prácticamente sólo existe un carril para todos, incluyendo camiones del transporte público y desean que se agilice el tránsito los domingos.
""Los Domingos incrementa la cantidad de autos que transitan la Av Mariano Otero de Poniente a Oriente. La vía recreativa utiliza el carril central de Mariano Otero de Poniente a Oriente, obligando a los autos a transitar por el carril lateral hasta periférico. En los últimos años el carril lateral fue reducido causando gran acumulación de autos y un cuello de botella antes de llegar a periférico, extendiéndose el congestionamiento hasta Av Azaleas.
Se propone que las autoridades Municipales o Estatales (a quien corresponda) cambien la vía recreativa y que use el carril contrario (Oriente-Poniente) que tiene menos flujo vehicular en Domingo"" se lee en la petición, la cual se puede encontrar aquí
La petición se generó el pasado domingo 5 de junio, solicitando alcanzar un total de mil 500 firmas, de las cuales ya cuenta con mil 264 al momento de la realización de esta nota.
Alejandrina Sandoval
También te podría interesar: Aseguran 250 vehículos con reporte de robo"
148,Mural,06-06-22,Ciclovías en la ZMG: Un camino de obstáculos,playwright,playwright,131,12.22,https://www.mural.com.mx/aplicacioneslibre/preacceso/articulo/default.aspx?__rval=1&urlredirect=https://www.mural.com.mx/ciclovias-en-la-zmg-un-camino-de-obstaculos/fg112451?v=2&referer=--7d616165662f3a3a6262623b727a7a7279703b767a783a66707467767d2a64287b7a617c767c7466--,,"La construcción de ciclovías ha ganado terreno en la ZMG en los últimos siete años, aunque su andar sigue padeciendo varias trabas."
149,Mural,06-06-22,Van a pedalear desnudos por sus derechos,trafilatura,trafilatura,415,0.75,https://www.mural.com.mx/van-a-pedalear-desnudos-por-sus-derechos/ar2415076,,"CULTURA
01 MIN 30 SEG
Alejandra Carrillo
Guadalajara, México (06 junio 2022) .-05:00 hrs
La visibilidad ciclista en Guadalajara organiza otra rodada desnudos el próximo 11 de junio. Crédito: Archivo
Guadalajara se unirá tras 12 años y 11 rodadas al movimiento World Naked Bike Ride (WNBR), la rodada mundial desnuda, en su traducción más directa, que se lleva a cabo simultáneamente en más de 80 ciudades del mundo."
151,Mural,06-05-22,Ciclovías sí reflejan un aumento en usuarios de bicicletas,trafilatura,trafilatura,357,0.71,https://www.mural.com.mx/ciclovias-si-reflejan-un-aumento-en-usuarios-de-bicicletas/ar2414743?v=2,,"COMUNIDAD
01 MIN 30 SEG
Fernanda Carapia
Guadalajara, México (05 junio 2022) .-05:00 hrs
Ciclistas que circulan en la unión de las ciclovías de Avenida Manuel Ávila Camacho y Calzada del Federalismo. Crédito: Maricarmen Galindo
La construcción de infraestructura ciclista ha disparado un 51 por ciento los viajes que se realizan en este medio de transporte."
152,NTR Guadalajara,06-04-22,Falta mayor inversión en ciclovías y programas que incentiven uso de la bicicleta,trafilatura,trafilatura,2093,0.25,https://www.ntrguadalajara.com/post.php?id_nota=182980,,"En los últimos 15 años el panorama de las ciclovías y el uso de la bicicleta como transporte público cambió en gran medida, de una pequeña ciclovía a 200 kilómetros de ciclovías en Guadalajara y Zapopan, pero aún falta mucho para mejorarlas, conectarlas e incluir al resto de los municipios de la Zona Metropolitana de Guadalajara en este sistema de transporte, consideró Yeriel Salcedo, de Guadalajara en Bici.
Insistió que los gobierno deben invertir de forma constante en la seguridad de los ciclistas, en la construcción de más ciclovías y el mantenimiento de las ya existentes, además municipio como Tonalá, Tlaquepaque, El Salto y Juanacatlán deben integrarse a la red de ciclovías.
""Seguir exigiendo las extensiones y conectarlas, hacer una red porque sí tenemos algunas ciclovías que conectan, pero todavía falta, seguir impulsando el tema de promover el uso de la bicicleta, desde las empresas, la escuela, educación vial a nivel general para todas las personas que nos movemos en la ciudad más importantes de educación y la ley armonizada, la ley general de seguridad vial dar pasos fuertes para seguir mejorando la movilidad en general"".
Ante el rechazo de las ciclovías porque algunas personas consideran que aumentan la carga vehicular en la ciudad al disminuir los espacios para que circulen los automovilistas, Yeriel Salcedo consideró que las ciclovías no son el problema sino el gran parque vehicular que existe en la ciudad señaló que al día se suman 200 automóviles nuevos.
E insistió que el problema es el desarrollo urbano que privilegió un sistema de movilidad sobre otro. Confía que si se crean más ciclovías y mejora el sistema de transporte público a mediano y largo plazo, es posible que los mismo automovilistas cambien sus coches por una bicicleta o por el transporte público.
Aseguró que el gobierno de Jalisco debe seguir trabajando en el programa de Bici Pública y llevarlo a todas las zonas de la ciudad, no solo en Zapopan o Guadalajara, porque de lo contrario este programa que sí funciona se estancaría y se convertiría en el privilegio para unos cuantos.
EH"
153,El Informador,06-03-22,"La bicicleta blanca, más que un homenaje a los ciclistas fallecidos",trafilatura,trafilatura,4655,0.51,https://www.informador.mx/estilo/La-bicicleta-fantasma-y-la-triste-historia-su-significado-20220603-0085.html,,"La bicicleta blanca, más que un homenaje a los ciclistas fallecidos
Al principio, la bicicleta blanca tenía el propósito de ser usada por cualquier persona para transportarse de forma gratuita
En abril de 2018, la Asamblea General de las Naciones Unidas declaró el 3 de junio como el Día Mundial de la Bicicleta. GETTY IMAGES ISOTCK/TexPhoto
Cada 3 de junio se conmemora El Día Mundial de la Bicicleta, con el objetivo de visibilizar la importancia de este medio de transporte ecológico y, por muchos, invisibilizado en el ecosistema de la vía pública.
Esta efeméride surge gracias a un decreto de la Organización de las Naciones Unidas (ONU), proclamado en el año 2018, y a propósito de su conmemoración queremos presentarte el significado y causa de un tipo de bicicleta que seguramente ya has visto o escuchado y hoy nos viene bien con la finalidad de conmemorar el transporte del ciclista.
La bicicleta fantasma
Colgadas de postes en las calles, fotografiadas en los medios y exhibidas en las manifestaciones, las bicicletas blancas son una forma simbólica de protesta pacífica que conmemora la muerte de un ciclista.
La colocación de las también llamadas ""bicicletas fantasma"" pretende generar conciencia en la sociedad, principalmente en automovilistas, para reflexionar las formas adecuadas de compartir la vía de tránsito.
Nacimiento
El movimiento de bicicleta blanca es empleado en distintos países, y tiene su origen en la década de los 60 ""s, en ímsterdam.
Aunque inicialmente el símbolo tenía un significado distinto que se fue agravando en la medida en la que la necesidad de proteger al ciclista se hizo cada vez más urgente.
Al principio, la bicicleta blanca tenía el propósito de que fueran usadas por cualquier persona para transportarse de forma gratuita.
Cuando la bicicleta se desocupaba, la dejaban a la vista para que alguien más pudiera utilizarla.
En la actualidad es distinto: existen muchos colectivos y asociaciones que se dedican a documentar las muertes llevando un conteo de los ciclistas afectados, rindiendo homenaje al colocar en alto y a la vista ciudadana una bicicleta blanca.
La ""bicicleta fantasma"" generalmente es colocada donde se supone que un ciclista ha sido asesinado o severamente herido.
 De esta forma, cumple un doble propósito, además de su función de memorial, la bicicleta blanca busca recordar a los automovilistas que pasan por el lugar su obligación de compartir la calle con vehículos más frágiles. 
La bici blanca suele ir acompañada de un cartel que aclara en homenaje a quién ha sido colocada en el lugar.
 El periódico británico The Guardian, ha informado que la primera bicicleta blanca se registró en St. Louis, Missouri, USA, en el año 2003. 
Y fue el ciudadano, Patrick van der Tuin, testigo del choque entre un automotor y una bicicleta, la colocó en el punto exacto de la ciclovía donde murió el ciclista.
El ciudadano colocó además una placa en la bici con el siguiente texto: ""Un ciclista fue chocado aquí"".
En el 2002, el artista de San Francisco, Jo Slota, desarrolló un proyecto que bautizó como Ghost Bike: pintaba de blanco bicicletas abandonadas en la vía pública o partes de ellas y las utilizaba para fotografiarlas y colgar esas fotos en su página web (www.ghostbike.net).
""Las veo como ""bicis muertas"" y pintar su esqueleto apunta a enfatizar su cualidad fantasmal"", manifestaba Slota.
""El proyecto Ghost Bike tiene vida propia y espero que salve y mejore la vida de los ciclistas de todo el mundo. Ser incluso una pequeña parte de eso es muy gratificante y satisfactorio para mí"", expresó el artista cuando descubrió el uso que dio Patrick van der Tuin a la imagen.
En el portal de https://bicicletablanca.org/ se registran los días sin ciclistas muertos en el írea Metropolitana de Guadalajara (AMG), los mapas de riesgo, sitios de mortalidad en el AMG, los kilómetros de ciclovías construidos, así como la muerte de ciclistas por año y deferidas por gobiernos estatales y municipales.
En su presentación el portal con información local destaca que una Bicicleta Blanca es colagada para visibilizar la ""alarmante frecuencia"" con la que a los ciclistas, peatones y otros usuarios vulnerables mueren por la irresponsabilidad de automovilistas, dueños de camiones y gobiernos omisos.
""Nuestro quehacer no es sólo instalar bicis, tomamos acciones de conciencia, de desobediencia civil, protesta y educación, presionamos y seguiremos presionando"", sentencia el colectivo.
AD
Lee También
Recibe las últimas noticias en tu e-mail
Todo lo que necesitas saber para comenzar tu día
Registrarse implica aceptar los Términos y Condiciones"
154,Quadratin,06-03-22,Mayoría de muertes de ciclistas por falta de prudencia de automovilistas,trafilatura,trafilatura,2535,0.34,https://jalisco.quadratin.com.mx/principal/mayoria-de-muertes-de-ciclistas-por-falta-de-prudencia-de-automovilistas/,,"Electa Violeta Vega como nueva presidenta del Ejido El Zapote
                
                
Guadalajara, Jal. a 01 de septiembre de 2026            
        
              03 de junio de 2022                  
            
 , 
             
              16:03 
            
          
            
            Javier Frías/Quadratín Jalisco             
          
        PUERTO VALLARTA, Jal., 3 de junio de 2022.- Al menos 6 ciclistas han muerto en los últimos 9 años en los municipios de Bahía de Banderas, Nayarit y Puerto Vallarta, Jalisco, principalmente derivado de la imprudencia.
Lo anterior de acuerdo con el recuento del Consejo Ciudadano de Movilidad, en el marco del Día Mundial de la Bicicleta.
Gabriela Velasco, integrante de este organismo civil detalla que estos seis casos, dos de ellos en Bahía de Banderas, Nayarit y el resto en Puerto Vallarta, pudieron haberse evitado.
""Nosotros hacemos la colocación de las bicicletas blancas que sin el memorial para recordar precisamente a los ciclistas que han caído por un accidente con automotores. Llevamos actualmente 6 personas que han fallecido a causa de accidentes viales, en Bahía de Banderas se han registrado dos de estos 6 casos y el resto han sido un Puerto Vallarta. Y bueno, la realidad es que la mayoría de los casos son por imprudencia, son situaciones que pudieron haberse evitado"", destacó Gabinete Velasco.
De acuerdo con la activista estos hechos sucedieron debido a la falta de prudencia de los automovilistas, además, señaló, a pesar de que en Puerto Vallarta existen ciclovías, estas no son respetadas por los conductores de automotores.
""Ciudadanos que nos pasan reportes de motociclistas utilizando la ciclovía, pero hay quien de plano se voló la barda. Fue el conductor de un transporte de personal de una cadena hotelera que se subió a la ciclovía para poder pasar varios coches y que casi atropella a un ciclista. Entonces ¿en qué nivel estamos que estamos llegando ese tipo de situaciones?"", cuestionó.
Por tal razón, hizo un llamado a los automovilistas a tener conciencia de que por la vía pública circulan otro tipo de vehículo, principalmente las bicicletas cuyos conductores tienen el mismo derecho que ellos y que no es necesario, por tratar se llegar pronto, ocasionar un accidente que puede terminar con la vida de una persona.
Peláez ratifica a Cadena con Chivas y presenta a técnico del Tapatío
              
                                  
                
                 Dinamarca sorprende a Francia en la Nations League"
155,NTR Guadalajara,06-03-22,Alertan a ciclistas sobre peligros viales y de seguridad,trafilatura,trafilatura,2702,0.63,https://www.ntrguadalajara.com/post.php?id_nota=182950,,"Ante los riesgos de inseguridad criminal e inseguridad vial que sufren los ciclistas, la Secretaría de Seguridad los alertó para que tengan cuidado con motivo del Día Mundial de la Bicicleta, conmemorado este viernes.
Una vulnerabilidad de inseguridad es por los robos que suelen padecer los ciclistas, ya que los delincuentes aprovechan momentos de distracción para despojarlos de sus pertenencias. Llamó a prestar atención al entorno y tomar precauciones al usar la bicicleta.
Una de las medidas de seguridad sugeridas es llevar consigo una cadena y un candado resistentes para el momento de dejar la bicicleta afuera de un estacionamiento, así como acudir a sitios con seguridad como establecimiento, inmuebles con ciclopuerto o que permitan ingresar con ella a sus instalaciones.
Además, pidió compartir con personas de confianza la ubicación en tiempo real durante los traslados rodantes, evitar lugares solitarios y, en las noches, pedalear acompañado en sitios iluminados, evitando zonas desconocidas. Otra recomendación es evitar el uso de distractores, como audífonos y teléfonos celulares para estar alerta de lo que sucede alrededor.
También recomendó unirse a grupos de mensajería con temática ciclista para crear redes de apoyo en caso de ser necesario, reportar cualquier emergencia al 911 y denunciar los robos ante la Fiscalía del Estado.
La Comisaría de la Policía Vial enfatizó que los ciclistas pertenecen a una de las primeras escalas de prioridad en la pirámide de movilidad, pero los hechos de tránsito pueden ocurrir por que alguien no respete los señalamientos. Recalcó que hay mayor vulnerabilidad si no se usan los aditamentos de seguridad necesarios para conducir bicicleta en el área metropolitana de Guadalajara (AMG).
A pesar que no hay sanciones para una obligatoriedad, la institución pidió evitar circular en sentido contrario a la vialidad, por banquetas o zonas destinadas para el tránsito exclusivo de peatones, así como usar el carril de extrema derecha si no existe ciclovía y abstenerse de pedalear por túneles, puentes o pasos a desnivel.
Exhortó a respetar los señalamientos y acatar las luces de los semáforos, siempre portar el equipo de seguridad consistente en casco, chaleco reflejante y luces para hacerse visibles, principalmente en la noche y el temporal de lluvias.
Es recomendable también mantenerse siempre a la vista de los conductores, señalar con la mano vueltas y movimientos, así como evitar circular junto a unidades de carga o de transporte público.
Además, llamó a los conductores de vehículos motorizados a respetar los espacios exclusivos para el tránsito seguir de ciclistas, guardando 1.5 metros de distancia al circular junto a ellos.
jl"
157,Pasajero 7,06-03-22,CICLOVÍAS GENERAN 42 MIL VIAJES DIARIOS EN AMG,trafilatura,trafilatura,3339,0.66,http://www.pasajero7.com/ciclovias-generan-42-mil-viajes-diarios-en-amg/,,"Alcalde, Federalismo y Las Torres son las ciclovías que presentan mayor número de viajes en bici con una participación de 5.1, 4.5 y 4.1% respectivamente, lo anterior de acuerdo a los datos del estudio ""Cómo se mueven los ciclistas en el AMG 2021"" realizado por la Agencia Metropolitana de Servicios de Infraestructura para la Movilidad del AMG (AMIM) y el cual arroja un total de 42,232 viajes en ciclovías en un día típico.
Comparada con los datos del año 2020 hubo un aumento en el promedio de viajes realizados cada 15 minutos, en el año 2020 fue de 438 y en 2021 fue de 660 viajes, este aumento refleja el regreso a la normalidad después de la pandemia por Covid-19 y cómo los usuarios encuentran en la bicicleta un medio de transporte seguro y sustentable.
En el porcentaje de mujeres que utilizan la bicicleta en 2021 fue el 11%, desde la AMIM se ha promovido su uso a través del apoyo a Jefas de Familia que son parte del programa Mi Pasaje Apoyo a Mujeres y se continúa trabajando en la biciescuela con perspectiva de género.
Guadalajara es el municipio que registra el mayor número de viajes con el 64.1%, seguido de Zapopan con 26.9%, Tlajomulco 6.1, Tlaquepaque 2.5 y Tonalá 0.4%.
Sobre la distribución global de los viajes registrados en el Área Metropolitana de Guadalajara, se observaron dos momentos importantes de incremento del flujo en el aforo de ciclistas, el primero entre las 7:00 am y las 9:30 am, y el segundo entre las 4:45 pm y las 7:45 pm, en dichos horarios, el aforo de ciclistas superó la media general de 660 viajes.
Este estudio fue realizado de manera direccional en un día típico, entre semana y en condiciones normales de movilidad, los horarios de los aforos fueron entre las 6:00 y 22:00 horas en 54 de los puntos de aforo, mientras que en 27 puntos el horario fue de 7:00 a 21:00 horas derivado de las condiciones de seguridad.
Ciclovías con mayor número de viajes ciclistas
Actualmente la red de infraestructura ciclista en el AMG contempla 246.6.km de ciclovías y 116 kilómetros de carriles prioridad. Para que la red cumpla con su función de vincular los traslados entre las centralidades metropolitanas de manera segura, desde la AMIM a través del Programa de Infraestructura para la Movilidad Activa, se realiza el constante mantenimiento preventivo y la atención a reportes.
MiBici se recupera ante pandemia
En los primeros cuatro meses de este año, el Sistema de Bicicletas Públicas MiBici ha registrado una fuerte recuperación; presenta un incremento de más del 50% en los viajes en comparación con el año pasado, subiendo de 909,859 a 1'347,356.
Los registros de nuevos usuarios también reflejan un aumento de más del doble pasando de 1,785 a 3,345, actualmente se tienen registrados más de 120 mil usuarios en sus 7 años de operación.
Los viajes diarios entre semana aumentaron más del 20% recuperando números respecto al año pasado pasando de 9,802 a 12,260; el total de viajes de MiBici hasta este día es de 19,793,486.
MiBici sigue siendo una alternativa sustentable de transporte público en la metrópoli. Su acceso a la intermodalidad a través del método de pago unificado la hace accesible y económica, con un costo de $443 por año, $1.2 por día. Además, cada año contribuye con el Plan de Acción Climática del AMG al reducir con sus viajes 1,000 toneladas de emisiones de Co2e al año."
159,El Informador,06-02-22,"Revelan la estación más usada, el viaje favorito y el perfil de los usuarios de MiBici",trafilatura,trafilatura,3030,0.56,https://www.informador.mx/jalisco/MiBici-Revelan-la-estacion-mas-usada-el-viaje-favorito-y-el-perfil-de-los-usuarios-20220602-0140.html,,"Revelan la estación más usada, el viaje favorito y el perfil de los usuarios de MiBici
El Instituto de Información Estadística y Geográfica de Jalisco (IIEG) analizó todos los detalles sobre el transporte MiBici y aquí te los compartimos
De enero a abril, se realizaron en promedio 10 mil 889 viajes por día. EL INFORMADOR/ARCHIVO
Con motivo del Día de la Bicicleta que se celebra este 3 de junio, el Instituto de Información Estadística y Geográfica de Jalisco (IIEG) realizó un análisis de las estadísticas del uso del medio de transporte MiBici en el primer cuatrimestre de 2022.
De acuerdo con el IIEG, del 1 de enero del 2022 al 30 de abril del 2022, los usuarios de MiBici realizaron un total de un millón 306 730 viajes. De los cuales 352 mil 075 fueron mujeres (26.9%) y 949 mil 217 fueron hombres (72.6%), de los 5,438 restantes no se tiene identificado el género del usuario.
En relación a los grupos de edad, las personas de entre 25 y 34 años son quienes más emplean este medio de transporte, realizando un 48.7% de los viajes totales; los jóvenes de entre 16 y 24 años realizan el 18.6%, y los grupos de personas de 35 a 44 años concentran el 19.7%. Además, existe un 0.4% de viajes en los que no se identifica la edad de los usuarios.
De enero a abril, se realizaron en promedio 10 mil 889 viajes por día. El sábado 1 de enero de 2022 fue el día con menos viajes del periodo, con 2 mil 777 viajes; mientras que el miércoles 16 de marzo de 2022 fue el día con el mayor número de traslados con 14 mil 748 viajes. Los días con menos traslados son fines de semana y periodos vacacionales, los de mayor uso son martes, miércoles y jueves.
En los traslados por día, son 11 mil 492 viajes en lunes, 12 mil 808 en martes, 12 mil 659 en miércoles, 12 mil 313 en jueves, 11 mil 956 en viernes, 8 mil 159 en sábado y 7 mil en domingo.
En cuanto a los viajes realizados por mes, se encontró que se realizan un promedio de 326 mil 682 viajes. En el mes de enero se registraron menos traslados, con un total de 313 mil 752; mientras que en marzo fue el mes que mayores traslados tuvo con 377 mil 505 viajes.
-  LEE TAMBIíN: Aumentan muertes por accidentes de camiones
La estación con más afluencia de viajes es López Cotilla esquina con Marcos Castellanos con 28 mil 151 viajes; y en la que hay menor afluencia de usuarios es la de la calle Zalatitán esquina con calle Jalisco, 262 viajes.
A su vez, el recorrido más frecuente utilizado por los usuarios es el de la estación que se localiza en la Avenida J. Parres Arias, esquina Prolongación López Cotilla, con rumbo a la estación Avenida Periférico Manuel G. Morín, esquina con Avenida J. Parres, este trayecto ha sido realizado un total de 2 mil 413 veces. El destino más popular se ubica en López Cotilla y Marcos Castellanos, donde se finalizaron un total de 36 mil 747 viajes.
JL
Lee También
Recibe las últimas noticias en tu e-mail
Todo lo que necesitas saber para comenzar tu día
Registrarse implica aceptar los Términos y Condiciones"
161,NTR Guadalajara,05-31-22,Vecinos dan ultimátum a ciclovía de Av. Guadalupe,trafilatura,trafilatura,2298,0.28,https://www.ntrguadalajara.com/post.php?id_nota=182797,,"Los vecinos de la Asociación Civil Rescate a Avenida Guadalupe plantearon este martes un ultimátum a las autoridades de Zapopan: o se llega a acuerdos y se modifica la ciclovía ubicada en la vialidad o recurrirán a amparos o juicios administrativos.
El vocero de la asociación, Ricardo Oliveras, mencionó que se busca una reunión con el alcalde de la Ex Villa Maicera, Juan José Frangie Saade, para hacerle diversos planteamientos en torno a la ciclovía.
El primero de ellos es que la avenida tenga de nuevo tres carriles −dos para vehículos y uno para transporte público− al reducir el ancho de éstos y quitar las quesadillas de la ciclovía.
El segundo planteamiento es hacer un carril de ciclovía bidireccional en un solo sentido.
Oliveras señaló que el problema de la ciclovía de avenida Guadalupe −va de Rafael Sanzio a Periférico− es que quita un carril a los vehículos.
""No pusieron la ciclovía en la banqueta, le quitaron un carril de circulación (a la avenida), anulando el 33 por ciento de la superficie de rodamiento y paralizando en un 60 por ciento la movilidad de la avenida. Lo que debieron haber hecho es lo que dice el plan parcial, dejar los tres carriles (para autos, donde uno es exclusivo para el transporte público)"", afirmó.
Por su parte, el presidente de Rescate a Avenida Guadalupe, Enrique Campos, insistió en que se buscará una cita con el alcalde para revisar el tema y tratar de llegar a acuerdos antes de recurrir a otras medidas.
Si el gobierno de Frangie Saade no acepta sus propuestas, aseguró que no quitarán el dedo del renglón y las harán a la siguiente administración.
""Vamos a seguir, no porque Zapopan dijo que 'no' nos vamos a quedar con eso. Ellos son gobierno, no son Dios, son gobierno y hay instancias para hacerles saber los errores que están cometiendo"", afirmó.
El vocero jurídico de la asociación, Arturo Corona, reveló que se analiza una ruta jurídica que considera la presentación de 527 amparos e igual número de juicios administrativos si no hay acuerdos con el ayuntamiento.
El 2 de mayo, Frangie Saade informó que tras sostener varias charlas con expertos y analizar las peticiones de vecinos inconformes se determinó que la ciclovía de avenida Guadalupe permanecerá como está.
La vía ciclista fue construida en la administración pasada.
JB-jl/I"
164,Mural,05-26-22,Sólo 6% de ciclistas son mujeres en el AMG,trafilatura,trafilatura,402,0.75,https://www.mural.com.mx/solo-6-de-ciclistas-son-mujeres-en-el-amg/ar2409885?v=3,,"COMUNIDAD
02 MIN 30 SEG
Violeta Meléndez
Guadalajara, México (26 mayo 2022) .-19:37 hrs
Mujer ciclista en la Vía RecreActiva, en Guadalajara. Crédito: Archivo
Aunque la bicicleta urbana es un medio de transporte reconocido como tal incluso en la Ley de Movilidad, su uso tiene un importante sesgo de género en el Área Metropolitana de Guadalajara, ya que solo 6 por ciento de sus ciclistas son mujeres."
165,Tribuna de la Bahia,05-25-22,"Ciclovía en avenida de los Poetas, totalmente descuidada",trafilatura,trafilatura,1348,0.89,https://tribunadelabahia.com.mx/ciclovia-los-poetas-descuidada-55543/,,"Ciclovía en avenida de los Poetas, totalmente descuidada
Sin señalamientos, sucia y destruida se encuentra la ciclovía de avenida de los poetas desde la colonia 12 de octubre, necesaria incluso para los peatones que se sienten seguros en ella ante la falta de banquetas en la mayor parte de esta ruta desde la calle Víctor Iturbe hasta la avenida México.
En un recorrido por esta transitada avenida se pudo constatar el pésimo estado de esta que debería ser una vía confinada en la que tanto ciclistas como peatones puedan utilizar y sentirse seguros.
Este proyecto está viciado de inicio, ya que además de inseguro, no cuenta con ningún tipo de señalamiento sobre la presencia de dicha ciclovía, en algunas partes ya sin los topes que impiden el paso de los vehículos o de los motociclistas que eventualmente la invaden.
Debemos mencionar que esta avenida fue construida por el gobierno del estado y desde su apertura no se le ha realizado ninguna mejora tendiente a consolidarla como un espacio seguro en el que se pueda tener la seguridad de que se respetará.
Quien denunció señala que por las noches quienes viven por esa zona prefieren ir por la avenida por donde se ve mejor con el alumbrado aunque peligran al ir con circulando con el tránsito de los carriles principales, además de que la vigilancia de elementos de vialidad es inexistente."
170,Meganoticias,05-05-22,Rechazan vecinos de Guadalupe estudio de Zapopan sobre ciclovía,trafilatura,trafilatura,1929,0.44,https://www.meganoticias.mx/guadalajara/noticia/rechazan-vecinos-de-guadalupe-estudio-de-zapopan-sobre-ciclovia/326515,,"Movilidad
                                                                    
                                                Por:
                                                                    Dalia Rojas
                     
                    
Guadalajara
Fecha: 05-05-2022
                                        Guadalajara
Fecha: 05-05-2022
Sin que se llegaran a nuevos acuerdos fue como concluyó la nueva reunión entre integrantes de la Asociación Rescate Avenida Guadalupe y el alcalde zapopano, Juan José Frangie
La reunión entre integrantes de la Asociación Rescate Avenida Guadalupe y el presidente municipal de Zapopan, Juan José Frangie, se llevó a cabo sin que se llegara a nuevos acuerdos. A decir de Enrique Campos, Coordinador de la agrupación, los datos que presentó el gobierno de Zapopan para sustentar la viabilidad de que el proyecto no tenga modificaciones, son erróneos y están manipulados. 
Aseguró que mientras el municipio argumenta que la ciclovía es utilizada por tres mil personas diariamente, los vecinos han documentado que la cifra es menor a los dos mil. Señaló que detrás del estudio se encuentran activistas radicales. ""Estamos segurísimos de que los datos con los que alimentan el sistema son erróneos, manipulados y falsos. Esto es porque nos muestran datos como que en horas pico vas a hacer en el tramo que estamos en discusión de modificar, en hora pico haces ocho minutos de Tchaikovsky a Periférico... son cosas totalmente sin sentido. Hablando con los vecinos hemos registrado tiempos de hasta 40 minutos en ese tramo"".
Sobre las alternativas propuestas por el alcalde, como la utilización de vialidades alternas, Campos señaló que si no se hacen modificaciones a la ciclovía de poco servirá y se mostró firme en continuar con la propuesta de que la vía sea bidireccional y que se agregue un tercer carril de oriente a poniente para vehículos motorizados."
171,NTR Guadalajara,05-04-22,Habría rutas alternas a la ciclovía de avenida Guadalupe,trafilatura,trafilatura,1585,0.29,https://www.ntrguadalajara.com/post.php?id_nota=181587,,"Luego de que el alcalde de Zapopan, Juan José Frangie Saade, anunciara el lunes que el gobierno de Zapopan no modificará ni quitará la ciclovía de avenida Guadalupe, este martes mencionó que se podrían habilitar rutas alternas en las inmediaciones y con ello dar una solución a quienes se oponen a la vía ciclista.
Aunque colonos han dicho que la ciclovía ha aumentado el tráfico en la zona, este martes el primer edil reiteró que la obra construida en la administración pasada se queda.
Para hoy se prevé una reunión con vecinos de la avenida para dialogar en torno a la vía, pero lo que es un hecho es que continuará.
""Estoy sensible también a la gente motorizada, pero yo no puedo dar un paso atrás a una política que venimos trabajando desde hace seis años. Lo que voy a hacer el día 4 de mayo será presentarles a los vecinos el estudio y vamos a ver algunas alternativas para mejorar la situación, pero definitivamente no va a desaparecer"", reiteró el edil.
Entre las soluciones que contempla el Municipio para mejorar el tráfico en la zona está la apertura de nuevas calles que funjan como rutas alternas. Para ello se dialogaría con la iniciativa privada a fin de convertir algunos predios en calles.
Sin ofrecer más detalles al respecto, abundó que el Municipio podría comprar los terrenos. Mientras esto se concreta o no, adelantó que se instalará señalética en la zona para informar de rutas alternas.
Recalcó a la vez que la propuesta de mover la ciclovía al camellón de la avenida no es opción, pues implicaría la tala de cientos de árboles con más de 50 años de vida.
jl/I"
173,Mural,05-03-22,Reaccionan vecinos opositores a la ciclovía de Guadalupe,trafilatura,trafilatura,338,0.66,https://www.mural.com.mx/reaccionan-vecinos-opositores-a-la-ciclovia-de-guadalupe/ar2396370?v=2,,"COMUNIDAD
02 MIN 00 SEG
Grupo REFORMA
Guadalajara, México (03 mayo 2022) .-13:36 hrs
Enrique Campos, líder de asociación Rescate Av. Guadalupe. Crédito: Grupo REFORMA
Vecinos de la zona Poniente de Avenida Guadalupe se dijeron decepcionados del Presidente Municipal Juan José Frangie, por no atender su propuesta de reajustar la ciclovía."
174,NTR Guadalajara,05-03-22,"Ciclovía de Guadalupe se queda, insiste Juan José Frangie",trafilatura,trafilatura,1050,0.27,https://www.ntrguadalajara.com/post.php?id_nota=181546,,"El alcalde de Zapopan, Juan José Frangie, reiteró que la ciclovía de avenida Guadalupe no va a desaparecer. El edil señaló que ya se analizan adecuaciones para rutas alternas y aliviar así el tráfico vehicular, y entre las opciones está el hacer acuerdos en predios de la iniciativa privada para crear calles que sirvan como rutas alternas, aunque no abundó más en cuáles serían.
A esto se le sumaría una ""señalización de primera, y aunque dijo ser sensible con quienes se oponen al proyecto, la opción de quitar la vía no es viable"".
Dijo que se debe seguir apostando por la movilidad no motorizada y que tras un análisis se descarta que la vía ciclista en esta zona se mueva de lugar o haga modificaciones.
EH
""Tenemos que seguir optando por la movilidad no motorizada; por generaciones hemos ignorado esto de la contaminación"", explicó el edil.
En próximos días se presentará a los vecinos inconformes las alternativas de rutas alternas, que serían la solución, como lo es en avenida México, para liberar de la carga vehicular a avenida Guadalupe."
175,Quadratin,05-03-22,Se queda la ciclovía de la avenida Guadalupe,trafilatura,trafilatura,1399,0.45,https://jalisco.quadratin.com.mx/principal/se-queda-la-ciclovia-de-la-avenida-guadalupe/,,"Recibe El Salto reconocimiento de Alcaldes de México como motor económico
                
                
Guadalajara, Jal. a 27 de agosto de 2026            
        
              03 de mayo de 2022                  
            
 , 
             
              18:14 
            
          
            
            Redacción/Quadratín Jalisco            
          
        ZAPOPAN, Jal., 3 de mayo de 2022.- Descartan modificaciones a la ciclovía de avenida Guadalupe. El alcalde Zapopan, Juan José Frangie, comentó que se analizó reubicarla en el camellón central o en la banqueta, pero aseguró que no es factible, y sentenció que el espacio para el tránsito de los ciclistas se queda.
El primer edil zapopano, dijo que es una política pública que tiene seis años realizándose y garantizó la existencia de estudios de justifican la decisión.
""El meternos a los camellos tenemos que derribar árboles; número dos el meterlo a la zona de las banquetas tenemos que meter todo el cable que hay, reducir la parte peatonal y esto iba a afectar muchísimo"", explicó el alcalde.
Frangie dijo que este lunes se reunió con activistas de la bicicleta, mientras que tambien tendrá una reunión con los vecinos de la zona que insisten en realizar las modificaciones, por lo que expondrán algunas opciones, entre ellas rutas alternas para evitar los conflictos viales, como ha sucedido en la avenida México."
176,Meganoticias,05-03-22,No hay marcha atrás con ciclovia de Av. Guadalupe,trafilatura,trafilatura,1796,0.23,https://www.meganoticias.mx/guadalajara/noticia/no-hay-marcha-atras-con-ciclovia-de-av-guadalupe/325722,,"Movilidad
                                                                    
                                                Por:
                                                                    Karla Jiménez
                     
                    
Guadalajara
Fecha: 03-05-2022
                                        Guadalajara
Fecha: 03-05-2022
Remover, modificar o eliminar la ciclovía de Av. Guadalupe, sería un retroceso para los trabajos que el gobierno estatal y los municipios han hecho para impulsar la movilidad no motorizada
Remover, modificar o eliminar la ciclovía de Avenida Guadalupe, sería un retroceso para los trabajos que el gobierno estatal y los municipios han hecho para impulsar la movilidad no motorizada, aseguró el presidente municipal de Zapopan, Juan José Frangie. Pese a la solicitud de colonos de esta vía ciclista, las alternativas no incluyen eliminar o modificar la ciclovía; ""para meternos a los camellones teníamos que derribar árboles, para meternos a las banquetas teníamos que meter todo el cableado que hay, reducir la parte peatonal y esto iba a afectar muchísimo"".
El 4 de mayo está contemplada una reunión con los vecinos inconformes, para presentarles algunas opciones como rutas alternas, con señalización y compras de predios para permitir conexiones directas. ""Hoy me pueden decir, es que esta no está muy llena la ciclovía, hay poca gente, por eso vamos a seguir haciendo más para que cada día haya más [...] Yo quiero el bienestar de las zapopanas y zapopanos, que quede claro, pero tampoco voy a darle en la torre a un proyecto que es el rumbo que tenemos que tenemos que tomar"".
En este estudio también fueron detectados algunos puntos de encharcamientos en la propia ciclovía y serán atendidos antes del temporal."
183,EL Informador,05-03-22,"Uso de rutas alternas, solución para caos vial en Av. Guadalupe: Frangie",trafilatura,trafilatura,3419,0.32,https://www.informador.mx/jalisco/Zapopan-Uso-de-rutas-alternas-solucion-para-caos-vial-en-Avenida-Guadalupe-Frangie-20220503-0092.html,,"Uso de rutas alternas, solución para caos vial en Av. Guadalupe: Frangie
""Muchas veces nos acostumbramos a una ruta y no nos movemos de ahí, hay que empezar a buscarle. Ejemplo claro es la Avenida México"", dijo el alcalde de Zapopan
Frangie reiteró que no dará un paso atrás ""en una política que venimos trabajando desde hace seis años de tratar de usar menos el vehículo"". EL INFORMADOR / ARCHIVO
Luego de que el alcalde de Zapopan, Juan José Frangie, diera a conocer que la ciclovía de la avenida de la avenida Guadalupe ""no se moverá ni un centímetro"", el munícipe señaló que una solución a corto y mediano plazo es la de utilizar rutas alternas.
""Muchas veces nos acostumbramos a una ruta y no nos movemos de ahí, hay que empezar a buscarle. Ejemplo claro es la Avenida México, se hizo la ciclovía y fue un problema al principio, hoy la gente ya empieza a tomar diferentes rutas y hoy Avenida México bajó a 25 kilómetros la velocidad y nunca está saturada a tal grado"", expresó el munícipe.
Indicó que, de manera inmediata, los colonos y personas que transitan por la zona pueden usar vías cercanas, como por ejemplo la avenida Tepeyac, y sus paralelas, mientras que se dialoga con particulares para abrir otras vialidades en la zona a partir de la compra de terrenos o de su adquisición bajo contraprestaciones.
Aseguró también que se trabaja en establecer ""señalización profesional"" en la zona a fin de que las vialidades fluyan.
""Yo no puedo dar un paso atrás a una política que venimos trabajando desde hace seis años de tratar de usar menos el vehículo y meternos a la parte de otro tipo de movilidad"", señaló.
Será el próximo 4 de mayo cuando el alcalde zapopano vuelva a reunirse con las y los colonos inconformes para mostrarles los resultados de los estudios emprendidos en la zona, y a partir de esto volver a dialogar con ellos respecto a las nuevas propuestas.
 
 ""Yo no puedo dar un paso atrás a una política que venimos trabajando desde hace seis años""
""Tenemos que seguir apostando a la movilidad no motorizada, recordemos que venimos de una generación en la que no nos ha importado esa parte de contaminación, de medio ambiente, y que a final de cuentas, el primer vehículo que maneja una niña o un niño es una bicicleta, tenemos que fomentarlo. Me dicen 'es que no está muy llena la ciclovía, hay poca gente', por eso, por eso, vamos a seguir haciendo más para que cada día haya más ciclistas"", manifestó Frangie Saade.
Este martes este medio de comunicación dio a conocer que la directora de Movilidad y Transporte de Zapopan, Mercedes Cruz, informó que la ciclovía se quedará tal como está tras analizar los criterios técnicos y de seguridad vial, tanto para peatones, ciclistas y automovilistas.
Para llegar a esta determinación se analizaron las propuestas de los colonos inconformes: hacer la ciclovía bidireccional o ampliar a tres carriles la avenida.
El primer punto, explicó la directora, quedó desechado de inicio por considerar que complicaría los cruces viales al no permitir incorporaciones y la volvería más insegura. El segundo no prosperó, debido a que, representaba complicaciones medioambientales al considerar quitar el camellón y derribar árboles en algunos puntos.
GC
Lee También
Recibe las últimas noticias en tu e-mail
Todo lo que necesitas saber para comenzar tu día
Registrarse implica aceptar los Términos y Condiciones"
184,Publimetro,05-03-22,Frangie dice no a modificar la ciclovía en Zapopan y vecinos enfurecen,trafilatura,trafilatura,2536,1.56,https://www.publimetro.com.mx/jalisco/2022/05/03/ciclovia-en-zapopan-pone-entre-la-espada-y-la-pared-al-ayuntamiento/,,"El ayuntamiento de Zapopan se encuentra en una encrucijada. El anuncio del alcalde, Juan José Frangie de no modificar la polémica ciclovía de avenida Guadalupe a pesar de las quejas de vecinos de la zona, ha generado inconformidad entre los opositores de la obra.
Si bien integrantes de colectivos ciclistas aplaudieron la medida, vecinos de colonias como Arcos de Guadalupe, Guadalupe Inn, entre otras, lo consideraron como un doble discurso luego que este 4 de mayo estaba programada una reunión para revisar el tema.
El edil afirmó que no hay condiciones para hacer modificaciones a la ciclovía y que los estudios técnicos así lo revelan.
""Número uno, el meternos a los camellones tenemos que derribar árboles; número dos el meterlo a la zona de las banquetas tenemos que meter todo el cable que hay, reducir la parte peatonal y esto iba a afectar muchísimo (...) Tenemos que seguir apostando a la movilidad no motorizada, recordemos que venimos de una generación en la que no nos ha importado esa parte de contaminación, de medio ambiente, y que a final de cuentas, el primer vehículo que maneja una niña o un niño es una bicicleta, tenemos que fomentarlo. Me dicen 'es que no está muy llena la ciclovía, hay poca gente', por eso, por eso, vamos a seguir haciendo más para que cada día haya más ciclistas"", señaló el edil.
El alcalde afirmó que a pesar de la inconformidad por la determinación, este miércoles buscará mantener una reunión con los vecinos inconformes para dar algunas opciones. A mediados de abril los vecinos advirtieron con bloquear la avenida Guadalupe en señal de protesta, pero finalmente se conjuró la protesta después que se acordó la reunión. Los vecinos pedían que al menos se redimensionara la ciclovía.
Que la gente busque rutas alternas
El alcalde Frangie afirmó como recomendación que una opción para que avenida Guadalupe no se sature, es que la gente busque rutas alternas.
""Muchas veces nos acostumbramos a una ruta y no nos movemos de ahí, hay que empezar a buscarle. Ejemplo claro es la Avenida México, se hizo la ciclovía y fue un problema al principio, hoy la gente ya empieza a tomar diferentes rutas y hoy Avenida México bajó a 25 kilómetros la velocidad y nunca está saturada a tal grado"", expresó el munícipe, quien sugirió el uso de vialidades como Tepeyac y otras paralelas.
""Yo no puedo dar un paso atrás a una política que venimos trabajando desde hace seis años de tratar de usar menos el vehículo y meternos a la parte de otro tipo de movilidad""
— Juan José Frangie, alcalde de Zapopan."
189,Pagina 24,05-03-22,¡Dan ultimátum a Juan Frangie sobre ciclovía!,trafilatura,trafilatura,2392,0.9,https://pagina24jalisco.com.mx/2022/05/03/local/dan-ultimatum-a-juan-frangie-sobre-ciclovia/,,"Que la reubique o modifique, exigen vecinos de avenida Guadalupe
Luego de que el alcalde zapopano anunciara en redes sociales que no haría modificaciones a la obra, decenas de habitantes de criticaron la postura
Por Rafael Hernández Guízar
Vecinos de la avenida Guadalupe en el municipio de Zapopan indicaron que de no haber respuesta por parte del ayuntamiento para reubicar o modificar la ciclovía por esta vialidad, tomarán diversas acciones.
Desde el año pasado vecinos de la avenida Guadalupe, ubicada al poniente de la Zona Metropolitana de Guadalajara (ZMG), han solicitado al ayuntamiento de Zapopan que reubiquen o modifiquen la ciclovía que corre por esta gran transitada vía, pero no hay respuesta ni del ayuntamiento ni tampoco de la Secretaría de Transporte, pero fue el mensaje del alcalde Juan Frangie en redes sociales acerca de que no habrá modificaciones, lo que detonó el berrinche de muchos avecindados que no están en contacto con las asociaciones que han platicado con el alcalde.
""Nosotros no nos metemos en política ni en nada de eso porque no nos interesa, nosotros simplemente queremos poder circular tranquilos por aquí, porque vivimos aquí, y el presidente pues que me disculpe pero él no vive por aquí, por eso es claro que no le importa, lo mismo a los de los colectivos de ciclistas que dicen que defienden los derechos de los ciclistas, pero todos los demás les damos lo mismo"", sentenció Carlos Alberto Mora, uno de los entrevistados.
""Nosotros no queremos que la quiten, queremos que se entienda que en la avenida Guadalupe hay mucho espacio de banqueta, la servidumbre mide casi 15 metros en algunas partes, y han sido aprovechadas por los negocios, lo cual no está bien. También algunos dueños de casas la usan como cochera, ahí debería de estar la ciclovía, pero en lugar de que pasen las bicicletas hay hasta cinco carros estacionados; no me creas a mí, date una vuelta para que veas cómo está"", agregó.
Tras el mensaje que el alcalde lanzó en redes sociales, los vecinos entrevistados indicaron que de no haber una respuesta favorable a sus peticiones no dudarán en tomar acciones, como bloquear el tráfico de la avenida Guadalupe o incluso el Anillo Periférico, como lo han hecho vecinos de otras comunidades del municipio de Zapopan.
Le fijaron un ultimátum al alcalde, o resuelve la situación en menos de dos semanas o habrá acciones en consecuencia."
191,Mural,04-30-22,Ruedan a favor de Ciclovía de Guadalupe,trafilatura,trafilatura,411,2.31,https://www.mural.com.mx/ruedan-a-favor-de-ciclovia-de-guadalupe/ar2394924?v=2,,"COMUNIDAD
01 MIN 30 SEG
Grupo REFORMA
Guadalajara, México (30 abril 2022) .-18:52 hrs
Ciclistas salen del Parque Rojo para manifestarse a favor de Ciclovía en Avenida Guadalupe. Crédito: Grupo REFORMA
Los ciclistas de la Ciudad confían en que el 4 de mayo, el Gobierno de Zapopan dirá ""no"" a la modificación de la Ciclovía de Avenida Guadalupe. Para manifestar su postura, la tarde de hoy realizaron una rodada."
192,Meganoticias,04-29-22,Vecinos a favor de modificaciones a ciclovía de Guadalupe,trafilatura,trafilatura,2501,0.49,https://www.meganoticias.mx/guadalajara/noticia/vecinos-a-favor-de-modificaciones-a-ciclovia-de-guadalupe/325108,,"Movilidad
                                                                    
                                                Por:
                                                                    Dalia Rojas
                     
                    
Guadalajara
Fecha: 29-04-2022
                                        Guadalajara
Fecha: 29-04-2022
Vecinos de la colonia Jardines de Guadalupe en #Zapopan se manifiestan a favor de que se realicen modificaciones a la ciclovía de Av. Guadalupe
Vecinos de la colonia Jardines de Guadalupe en Zapopan se manifiestan a favor de que se realicen modificaciones a la ciclovía de la avenida Guadalupe, al señalar que el congestionamiento vial es cada vez mayor en la zona. Se pronuncian a favor de que pueda ir en doble sentido o que se reduzca el ancho, propuestas que en días pasados el presidente municipal Juan José Frangie aseguró que se analizan. ""Vivo aquí también y sé lo complicado que está siendo para los automovilistas, se hace un caos la verdad, a mí me beneficia porque sí me muevo pero estoy conciente de que sí es un caos... a lo mejor sí recortarla, entiendo el enojo de la gente porque hay mucha casa habitación aquí"", refirió Gaby
""Me sirve aunque creo que solamente tiene que ir en un sentido, deberían de dejar esta y quitar la de enfrente... a mi punto de vista es un carril completo lo que se quita, entonces en este carril cabe ida y vuelta sin problema"", dijo Miguel Ruiz. 
Además señalan que por su diseño algunos tramos son inseguros, como ejemplo el que se encuentra a la altura de la clínica 178 del IMSS al cruce con la calle Tchaikovsky, donde la ciclovía va por algunos metros sobre la banqueta. ""Mi esposa no puede caminar bien, entonces hemos tenido conflictos en ese sentido de que no hay un respeto y no hay una señalización que es algo muy importante... un estudio perfectamente con gente capacitada que para eso están y que el gobierno no le cuesta nada, simple y sencillamente asesorarse con los mejores si es viable que se pueda poner en una vía tan importante como esta que es avenida Guadalupe"" opinó Juan Carlos.
En contraparte también hay vecinos que se pronuncian a favor de que se quede como está. ""La gente no tiene conciencia yo creo porque nunca han andado en bici, siempre han andado en carro, entonces pues no valoran lo que los ciclistas tenemos que sufrir cuando no hay una ciclovía... de doble sentido yo creo que reduciría más la calle pero me parece bien como está"" finalizó."
195,Mural,04-28-22,El sistema MiBici Pública ha fallado por tres días,trafilatura,trafilatura,267,0.71,https://www.mural.com.mx/el-sistema-mibici-publica-ha-fallado-por-tres-dias/ar2393878?v=2,,"COMUNIDAD
01 MIN 00 SEG
Grupo REFORMA
Guadalajara, México (28 abril 2022) .-20:57 hrs
Estación del sistema MiBici. Crédito: Archivo
Durante el martes, miércoles y hoy jueves, el sistema de MiBici Pública ha presentado fallas en estaciones de la zona Centro y Minerva."
197,Meganoticias,04-25-22,Zapopan analiza modificación a ciclovía de avenida Guadalupe,trafilatura,trafilatura,1501,0.24,https://www.meganoticias.mx/guadalajara/noticia/zapopan-analiza-modificacion-a-ciclovia-de-avenida-guadalupe/323731,,"Movilidad
                                                                    
                                                Por:
                                                                    Dalia Rojas
                     
                    
Guadalajara
Fecha: 25-04-2022
                                        Guadalajara
Fecha: 25-04-2022
Ante los reclamos de varios vecinos inconformes de la zona, el Gobierno Zapopan proyecta modificaciones a la ciclovía de Av. Guadalupe
El Gobierno de Zapopan proyecta modificaciones a la ciclovía de avenida Guadalupe, ante los reclamos de vecinos inconformes de la zona. El alcalde Juan José Frangie señaló que será en los primeros días del mes de mayo cuando se dé a conocer la propuesta, aunque adelantó que se analiza la posibilidad de reducir el ancho de la ciclovía y hacerla de doble ruta. ""Tuve la reunión con ellos, yo en los primeros días de mayo quedé de presentar una propuesta. Ellos no están oponiéndose a quitarla, ellos saben que tenemos que quitar mucho el vehículo motorizado, pero hay que buscar las soluciones para que tampoco a ellos les cause problema"" refirió.
Dijo que se analizan algunas adecuaciones. ""Podemos hacerla de doble ruta, recortar el camellón un poco, hacerla más angosta, o sea hay varias soluciones que ya está trabajando mi equipo para yo presentarlas en los primeros días que fue mi compromiso con ellos"".
El alcalde reiteró una vez más que no se prevé la desaparición de la ciclovía."
199,NTR Guadalajara,04-19-22,Falta perspectiva de género en programa MiBici,trafilatura,trafilatura,1956,0.39,https://www.ntrguadalajara.com/post.php?id_nota=180953,,"Si bien el programa de movilidad alterna MiBici en el Área Metropolitana de Guadalajara se ha ampliado y dotado de una herramienta importante a la ciudadanía, aún falta darle una perspectiva de género para que el programa sea integral, consideró Génesis Hernández Díaz, coordinadora del Observatorio de Movilidad y Transporte de Jalisco.
Explicó que el Sistema de Bicicletas Públicas (MiBici) ha sido ampliado con tres tipos de bicis, aunque no se han adecuado a la necesidades de las mujeres, quienes tienen una dinámica diferente de movilidad que los hombres, ya que hacen desplazamientos más largo, labores cuidado y abasto y hasta transporte de menores.
En entrevista para InformativoNTR con Sergio René de Dios, comentó que a raíz de la pandemia el usó de la bicicleta incrementó como una alternativa al transporte público por el riesgo de contagio.
""Una bici pública, a pesar de que ya tiene como tres ediciones, tiene una roja, una verde y otra verde más liviana, aún así esas son muy pesadas como para que una mujer las pueda utilizar en el día a día. ¿Por qué? Porque las mujeres, a parte que hacen desplazamientos más largos por la ciudad, las condiciones en las que las hacen también generan un impacto diferente; la mujer generalmente se mueve para movilidad de cuidado, el acarreo de víveres, a veces viajas con infantes… entonces esos también son algunos aspectos que estamos tratando y se ha dialogado con algunas instancias de que es importante que lo contemplen.""
Génesis Hernández Díaz puntualizó que el uso de la bicicleta no solo es benéfico para quien lo utiliza, ya que activa físicamente a las personas, sino también para el aire que se respira en la ciudad, pues reduce la emisión de dióxido de carbono que generan los vehículos motorizados. Además, es uno de los medios de transporte más económicos que existen en la actualidad.
Actualmente el AMG tiene 219 kilómetros de ciclovías, de los cuales 166 son con prioridad ciclista.
jl"
201,Pagina 24,04-14-22,"""Que 'Mi Bici' se amplíe al oriente de la ciudad""",trafilatura,trafilatura,2249,0.68,https://pagina24jalisco.com.mx/2022/04/14/local/que-mi-bici-se-amplie-al-oriente-de-la-ciudad/,,"El programa deja de lado zonas históricamente olvidadas: Leticia Pérez
Por Elizabeth Ríos Chavarría
Con la finalidad de abonar a este tipo de movilidad que es cada vez más utilizado en la ciudad, diputados locales aprobaron un punto de acuerdo legislativo a fin de exhortar a la Agencia Metropolitana de Servicios de Infraestructura para la Movilidad del Área Metropolitana de Guadalajara (AMG), a fin de que amplíe la cobertura del servicio de transporte público ""Mi Bici"".
El acuerdo, impulsado por la diputada local de Morena, Leticia Pérez Rodríguez, lo que busca es acortar la brecha para quienes no pueden aprovechar este tipo de transporte, ya que el programa no llega a toda la ciudad dejando desprotegidas áreas históricamente olvidadas como lo es el oriente. ""En el oriente no hay acceso a Mi Bici, entonces, nosotros presentamos un acuerdo para pedir que se amplíe en toda la zona metropolitana ya que el programa ha sido muy exitoso puesto que muchos ciudadanos lo usan. No sólo lo están pidiendo ciudadanos del oriente, sino en otras partes como Ocotlán, Vallarta y Bahía de Banderas"".
Tras recalcar la importancia del programa, la morenista mencionó que ciudadanos de estas otras partes de la ciudad se sienten prácticamente discriminados a pesar de que la exigencia por este tipo de transporte es alta.
""Ha habido quienes han comentado que quizá hay desconfianza de que por la zona no sea respetado el programa o que habría vandalización en ese sentido, pero ellos mismos dicen que sí funcionaría el programa porque muchísimas personas sí lo quieren para hacer más fácil su movilidad"".
Para dimensionar la buena recepción del programa recordó que durante 2021 la demanda del mismo incrementó un 43 por ciento con respecto al 2020, con un total de 5 mil 719 usuarios. Además, detalló que se han realizado 2.8 millones de viajes –8 por ciento más que el año 2020–, lo que ha representado un incremento del doble del promedio de viajes.
""Apenas se acaba de aprobar este acuerdo, entonces la intención es esa, buscar que crezca el programa. A partir de esto hacer la gestión y pues fomentar que haya alguna consulta ciudadana, inclusive pues hablar de quien vaya a intervenir en esos programas para que se haga con toda la transparencia""."
203,El Occidental,04-13-22,¿Usas la ciclopista de la avenida Federalismo? Esto te interesa,trafilatura,trafilatura,262,0.86,https://oem.com.mx/eloccidental/local/usas-la-ciclopista-de-la-avenida-federalismo-esto-te-interesa-15835977,,"Localmiércoles, 13 de abril de 2022
La ciclopista abarca desde la avenida Washington hasta Ávila Camacho
LOCAL
Mirza Flores acusa a Morena de ""grillar"" y lucrar políticamente con el tema del agua
El delito por el que fue denunciado Eduardo N, es por acoso sexual"
204,Pagina 24,04-11-22,Que se mueva la ciclovía de la avenida Guadalupe,trafilatura,trafilatura,2609,0.64,https://pagina24jalisco.com.mx/2022/04/12/local/que-se-mueva-la-ciclovia-de-la-avenida-guadalupe/,,"Cabe en el camellón o en la banqueta, pero no en la calle: Vecinos
Habitantes de esta parte de Zapopan piden cambios al carril confinado; ya hay una cita pactada con el alcalde Juan Frangie para encontrar una solución, pues el caos vial que se genera es enorme
Por Rafael Hernández Guízar
Mientras que unos vecinos de la avenida Guadalupe, en Zapopan, piden que se modifique la ciclovía, otros exigen al ayuntamiento de Zapopan que se mande a la banqueta o los camellones.
Y es que aunque hay un grupo de vecinos que incluso ha pactado ya una cita con el presidente municipal Juan José Frangie para plantear propuestas de reducción a la ciclovía, hay otros vecinos que exigen que la misma sea colocada sobre la servidumbre que en algunos es tramos mayor a 10 metros, o bien que se pase al camellón, que es bastante ancho a lo largo de toda la avenida.
""Estaba contemplada la ciclovía, claro que sí, hay planos de la misma avenida que contemplan los tres carriles de circulación, la ciclovía, la banqueta y la servidumbre, porque es bastante ancho el tramo que se tiene. Pero también, si nosotros nos fijamos hay quienes agarraron parte de ese terreno, sobre todo los negocios, las gasolineras, los bancos, las plazas comerciales, todos ellos tienen que ceder parte del terreno para que pueda pasar la ciclovía y dejar banqueta de forma segura para el peatón, tiene que entender el presidente municipal y los regidores de todos los partidos que una ciclovía como está nos está asfixiando a todos"", destacó José Hernández, uno de los vecinos entrevistados.
Por su parte, Fernanda Escamilla, otra de las vecinas consultadas, dijo en entrevista con Página 24 que el camellón de la avenida Guadalupe es lo suficientemente ancho para poder albergar una ciclovía con dos carriles para que los ciclistas vayan de forma segura.
""En toda la avenida hay oportunidad de que así sea, y nosotros lo que estamos pidiendo es un poco de consideración. Como el presidente municipal y los encargados de haber puesto la ciclovía no viven por aquí no entienden el problema que se hace casi todo el día y más a las horas pico, porque llegas a tardar hasta 30 minutos para poder avanzar a veces cuatro o cinco cuadras, una cosa muy fea ya vivir así"".
Tras un recorrido ocular que hicimos a lo largo de la avenida encontramos que en la mayoría de la avenida hay oportunidad de aplicar cualquiera de las dos propuestas mencionadas por los vecinos.
Sin embargo, en efecto constatamos que los negocios y sobre todo las plazas comerciales han tomado gran parte de la servidumbre e incluso han desaparecido las banquetas en muchos tramos."
207,NTR Guadalajara,04-10-22,Busca Zapopan acuerdo por ciclovía en avenida Guadalupe,trafilatura,trafilatura,1048,0.27,https://www.ntrguadalajara.com/post.php?id_nota=180594,,"El gobierno de Zapopan está buscando una solución a las quejas de vecinos sobre la ciclovía de avenida Guadalupe a través del diálogo por lo cual reunirán el 4 de mayo.
El alcalde Juan José Frangie reconoció que hay inconformidades con este proyecto y están dialogando para buscar el mejor acuerdo y cuáles serían las alternativas a aplicar.
""Un diálogo muy cordial, pusimos fechas, pusimos arreglo, pero en ningún la ciclovía (se vaya), ellos tampoco quieren que desaparezca, ellos están conscientes de que requerimos que la gente se mueva, sobre todo en esa zona que la usa para el trabajo"", afirmó.
Aseguró que llegarán a un acuerdo y las conclusiones definitivas para arreglar ese entorno.
Las direcciones de Movilidad, Servicios Públicos y Obras públicas buscarán mejor solución sin afectar la población y sin afectar el proyecto de quitar vehículos motorizados.
Ayer estaba programada una manifestación de vecinos con bloqueos en Avenida Guadalupe y se suspendió porque tuvieron un encuentro con el Alcalde zapopano para buscar otras vías.
jl"
209,Mural,04-08-22,Llegan a acuerdos y ajustarían ciclovía de Guadalupe,trafilatura,trafilatura,317,0.82,https://www.mural.com.mx/llegan-a-acuerdos-y-ajustarian-ciclovia-de-guadalupe/ar2382282?v=2,,"COMUNIDAD
01 MIN 30 SEG
Grupo REFORMA
Guadalajara, México (08 abril 2022) .-19:15 hrs
Enrique Campos, líder de la Asociación Rescate de Avenida Guadalupe. Crédito: Grupo REFORMA
Se canceló la manifestación programada hoy contra la ciclovía de Avenida Guadalupe, pues vecinos y Gobierno de Zapopan alcanzaron acuerdos."
210,El Informador,04-08-22,"Movilidad: Se cancela manifestación en Guadalupe Inn, Zapopan",trafilatura,trafilatura,1796,0.63,https://www.informador.mx/jalisco/Movilidad-Se-cancela-manifestacion-en-Guadalupe-Inn-Zapopan-20220408-0131.html,,"Movilidad: Se cancela manifestación en Guadalupe Inn, Zapopan
Vecinos de la colonia aseguraron que la manifestación se suspende a raíz del diálogo que tuvieron con el Gobierno de Zapopan
El alcalde Juan José Frangie señaló que están en pláticas para abrir una vialidad para que no haya embotellamientos. EL INFORMADOR/ARCHIVO
Coordinadores de rescate de avenida Guadalupe informaron a través de redes sociales que su manifestación planeada en la vialidad a su cruce con Misión de San Lorenzo en la colonia Guadalupe Inn que estaba programada a las 17:30 horas se cancela. Buscaban bloquear las vialidades con sus autos para constatar a las autoridades las vivencias de los vecinos en horas pico por el tráfico.
En el texto señalan el motivo:
""Se sugirió a todos los vecinos de la zona a suspender las manifestaciones del día de hoy a raíz de la excelente junta que se tuvo con las diferentes dependencias del Gobierno de Zapopan"", describen en un post.
Además, destacaron que próximamente el 4 de mayo tendrán noticias formales del Ayuntamiento, las cuales determinarán las acciones a seguir de este movimiento civil.
Por su parte Juan José Frangie, presidente municipal zapopano, señaló que están en pláticas para abrir una vialidad para que no haya embotellamientos.
""Estamos en pláticas y esperamos poder lograrlo. Tenemos ya un mes en pláticas con esta familia para poder comprarle para abrir esa calle o tomárselo como una donación"", resaltó.
La junta previa con los vecinos de la zona fue a las 14:00 y llegaron a diferentes acuerdos, solamente quedó un tema pendiente por resolver, destacó Frangie.
JM
Lee También
Recibe las últimas noticias en tu e-mail
Todo lo que necesitas saber para comenzar tu día
Registrarse implica aceptar los Términos y Condiciones"
211,El Occidental,04-08-22,Vecinos de la zona de Chapalita suspendieron manifestación para pedir se modifiqué la ciclovía,trafilatura,trafilatura,280,0.48,https://oem.com.mx/eloccidental/local/vecinos-de-la-zona-de-chapalita-suspendieron-manifestacion-para-pedir-se-modifique-la-ciclovia-15878578,,"Localviernes, 8 de abril de 2022
Además del tráfico, también hay mucha contaminación, además de motoladrones y ambulantaje
LOCAL
Mirza Flores acusa a Morena de ""grillar"" y lucrar políticamente con el tema del agua
El delito por el que fue denunciado Eduardo N, es por acoso sexual"
212,Meganoticias,04-08-22,Pese a inconformidad sigue ciclocía en Av. Guadalupe; Frangie,trafilatura,trafilatura,1586,1.41,https://www.meganoticias.mx/guadalajara/noticia/pese-a-inconformidad-sigue-ciclocia-en-av-guadalupe-frangie/320118,,"Movilidad
                                                                    
                                                Por:
                                                                    Karla Jiménez
                     
                    
Guadalajara
Fecha: 08-04-2022
                                        Guadalajara
Fecha: 08-04-2022
Pese a la inconformidad de vecinos de Av. Guadalupe, la ciclovía que atraviesa esta importante arteria vial no será removida, ni retirada, confirmó el alcalde, Juan José Frangie
Pese a la inconformidad de vecinos de Av. Guadalupe que buscaban manifestarse este viernes, la ciclovía que atraviesa esta importante arteria vial no será removida, ni retirada, confirmó el presidente municipal, Juan José Frangie.
El edil insistió en que ha mantenido comunicación con los vecinos y que han cumplido todas las peticiones de los inconformes, por lo que incluso ya analizan opciones para reducir el tránsito vehicular. ""No se mueven. ""Policía vial y si no es policía vial, puedes ser policía de Zapopan. No tengo ningún inconveniente que podamos poner 6, 8 patrullas en el transcurso del día que le dé movilidad a lo largo del día en esa zona""
Otra de las opciones que está en negociación, es la compra de un predio privado del que no mencionaron la ubicación y que podría conectar directo a Periférico.
La circulación en vías ciclistas es poca, sin embargo, el presidente insistió en que es importante seguir con la promoción de estos espacios para que aumente el uso de la bicicleta y se reduzca el del automóvil."
213,Meganoticias,04-08-22,Cancelan manifestación en avenida Guadalupe tras reunión con alcalde,trafilatura,trafilatura,1676,0.09,https://www.meganoticias.mx/guadalajara/noticia/cancelan-manifestacion-en-avenida-guadalupe-tras-reunion-con-alcalde/320137,,"Movilidad
                                                                    
                                                Por:
                                                                    Dalia Rojas
                     
                    
Guadalajara
Fecha: 08-04-2022
                                        Guadalajara
Fecha: 08-04-2022
Luego de sostener una reunión con el presidente municipal de Zapopan, Juan José Frangie, vecinos de la asociación Rescate Avenida Guadalupe, suspendieron la manifestación y bloqueo previsto para esta tarde para expresar su inconformidad con las ciclovías y el caos vial que generan en la zona.
Aseguran que no buscan que desaparezcan pero sí que se realicen diversas adecuaciones al proyecto, por lo que presentaron algunas propuestas que serán analizadas por las autoridades, detalla Enrique Campos, Coordinador de la asociación. ""Sí hubo como siempre disposición de él pero esta vez poquito diferente a las anteriores un compromiso más formal (...) Hemos reducido a dos muy viables y bueno lo van a revisar técnicamente, estuvo Movilidad, Obras Públicas, el presidente municipal, los representantes de este movimiento y pues estamos esperando una solución, se nos dio el 4 de mayo y a partir de ahí veremos qué procede (...) Es la más subtilizada, es la más ancha, es una vergüenza de proyecto para la ciudad, afortunadamente hay apertura, hay reconocimiento de los errores"".
Será hasta el próximo 4 de mayo cuando se den a conocer las soluciones que se tendrán, en tanto las autoridades se comprometieron a brindar en los próximos días el apoyo de elementos para desahogar la vialidad en la zona."
215,El Informador,04-03-22,El Ayuntamiento tapatío impulsa actividad física y cultura vial con Biciescuela,trafilatura,trafilatura,3011,0.5,https://www.informador.mx/jalisco/El-Ayuntamiento-tapatio-impulsa-actividad-fisica-y-cultura-vial-con-Biciescuela-20220403-0039.html,,"El Ayuntamiento tapatío impulsa actividad física y cultura vial con Biciescuela
Los niños que asisten al curso no sólo aprenden a pedalear, sino también de los reglamentos de movilidad y la manera segura de circular
La Biciescuela es un curso dirigido a niños y niñas desde los tres hasta los 12 años de edad. EL INFORMADOR/A. Camacho
Además de la habilidad de pedalear, los niños de entre tres y 12 años que participan en la Biciescuela de la Dirección de Movilidad del Ayuntamiento de Guadalajara adquieren otros conocimientos que les ayudan en su desarrollo, explicó Laura Leticia Larios, educadora desde hace más de 30 años.
""Es todo un proceso donde los niños, a través de su cuerpo, del movimiento, pueden tener una disciplina, una conciencia social, socioemocional. Esta parte es muy importante que los niños absorban"", comentó.
Los cursos de la Biciescuela se ofrecen los miércoles en el parque de la glorieta de La Normal, de las 16:00 a las 18:00 horas. También se participa en escuelas y los domingos en la Vía RecreActiva.
Niños aprenden sobre la movilidad no motorizada
Enrique Cruz, coordinador de Educación y Seguridad Vial de la Dirección de Movilidad y Transporte del Ayuntamiento de Guadalajara, indicó que en la Biciescuela los pequeños no sólo aprenden a hacer uso de este vehículo, sino que también se les explica la teoría sobre el funcionamiento de la movilidad, a través de la enseñanza de los señalamientos y la preferencia vial, antes de dar paso a la práctica.
""Necesitamos enseñarles desde edades muy tempranas que existen otros medios de transporte que facilitan la movilidad, que son más eficientes. El tema ambiental también es importante. Usar la bicicleta y otros medios no motorizados tienen muchos beneficios"".
Elías tiene cuatro años y es uno de los menores más pequeños que participó durante la semana en este curso. Para su mamá, Fabiola Hernández, la actividad fue muy atractiva porque les fomentan la educación vial y el funcionamiento de la movilidad. ""Me parece que han sido muy incluyentes. Me daba un poco de miedo que estuviera difícil o riesgoso, porque hay niños grandes y niños pequeños. Pero los profesores les están dedicando el tiempo adecuado, además de que tienen bicis de equilibrio, que son propias para los niños más pequeños que todavía no pueden andar en una bici con pedales. El hecho de que se les esté inculcado la educación vial desde su primera infancia es algo fundamental"", dijo Fabiola.
Los cursos de la Biciescuela son ofrecidos para menores entre los tres y los 12 años, en una sesión que se repite los miércoles de las 16:00 a las 18:00 horas, aunque también se participa en las escuelas y los domingos en la Vía RecreActiva.
Las personas interesadas pueden seguir la información compartida en las redes sociales de @MovilidadGDL.
Lee También
Recibe las últimas noticias en tu e-mail
Todo lo que necesitas saber para comenzar tu día
Registrarse implica aceptar los Términos y Condiciones"
216,El Informador,03-30-22,¡Impactante! Niña ciclista sobrevive tras ser atropellada en Guadalajara (VIDEO),trafilatura,trafilatura,1153,0.5,https://www.informador.mx/jalisco/Impactante-Nina-ciclista-es-arrollada-por-una-camioneta-en-Guadalajara-VIDEO-20220330-0122.html,,"¡Impactante! Niña ciclista sobrevive tras ser atropellada en Guadalajara (VIDEO)
Ayer fue atropellada una adolescente de 14 años que iba en su bicicleta entre Libertad y Pavo, en el Centro de Guadalajara (Video fuerte)
Luego de que el día de ayer se reportó un choque entre dos vehículos particulares en la calle Reforma e Ignacio Ramírez, en la colonia Santa Teresita de Guadalajara, donde una joven de 23 años perdió la vida.
El día de hoy circula un nuevo video en el que se ve como una camioneta arrolla a una niña de 14 años, los hechos ocurrieron el día de ayer en la calle Libertad y Pavo del Centro Histórico.
Según testigos, el conductor aceleró al momento de aparecer la luz preventiva, a la vez que la niña de 14 años cruza en sentido contrario, probablemente confiando en el semáforo, y lamentablemente es impactada fuertemente por el auto; sin embargo, a pesar de que la camioneta se detiene, los testigos reportan que la niña, sorprendentemente se fue caminando.
DO
Lee También
Recibe las últimas noticias en tu e-mail
Todo lo que necesitas saber para comenzar tu día
Registrarse implica aceptar los Términos y Condiciones"
218,El Informador,03-28-22,Llevan caso de ciclovía de avenida Guadalupe a Derechos Humanos; buscan reubicarla,trafilatura,trafilatura,2603,0.57,https://www.informador.mx/jalisco/Llevan-caso-de-ciclovia-de-avenida-Guadalupe-a-Derechos-Humanos-buscan-reubicarla-20220328-0095.html,,"Llevan caso de ciclovía de avenida Guadalupe a Derechos Humanos; buscan reubicarla
La asociación ""Rescate Avenida Guadalupe"" se reunió con el Ombudsman, Alfonso Hernández Barrón, a quien le recordaron que la ciclovía ha traído daño social, ambiental y a la salud
Vecinos dicen que desde el inició de los trabajos, se les dio opciones al Ayuntamiento para que la ciclovía no afectara al resto de los habitantes de la zona. EL INFORMADOR / ARCHIVO
Por la subutilización de bicicletas, el uso que le dan motociclistas y el peligro que representa para peatones, la asociación ""Rescate Avenida Guadalupe"" se reunió con la Comisión Estatal de Derechos Humanos de Jalisco (CEDHJ), pues buscan reubicarla.
Ricardo Oliveras, vocero de la asociación, recordó que desde hace dos años existe una queja por la ciclovía, sin embargo, se les dio carpetazo, por lo que decidieron acudir a la Comisión Nacional de Derechos Humanos (CNDH) y hacer presión.
Este lunes, la asociación se reunió con el Ombudsman, Alfonso Hernández Barrón, a quien le señalaron las quejas y posibles soluciones.
Durante la reunión, las víctimas destacaron que la ciclovía ha traído daño social, ambiental y a la salud.
Como ejemplos, afirmaron que por la ciclovía tardan tres veces más en recorrer un tramo de 800 metros, lo que ocasiona más contaminación; que dos personas han sido atropelladas al bajar del camión por motociclistas que usan la ciclovía; y que las llamadas quesadillas de cemento obstruyen el paso de peatones y personas con discapacidad motriz y visual.
Por su parte, Hernández Barrón les recordó que se les debe hacer reparación integral del daño y que buscarán las vías en coordinación para resolver la queja.
""Nos dieron un canal para avanzar y hacer un proyecto interesante, ya que se nos habían puesto muchas trabas y excusas para no encontrar una solución definitiva. Tenemos más escucha con el presidente (Juan José) Frangie que la que tuvimos con (Pablo) Lemus, pero no hay una opción real para que subsista la ciclovía y la ciudadanía"", afirmó Enrique Campos, presidente de la asociación.
Destacó que desde el inició de los trabajos se les dio opciones al Ayuntamiento para que la ciclovía no afectara al resto de los habitantes de la zona, sin embargo, no fueron escuchados.
Añadió que aunque no les dieron tiempo de resolución, hicieron hincapié para que no tardara mucho, ya que ya tienen dos años de lucha.
GC
Lee También
Recibe las últimas noticias en tu e-mail
Todo lo que necesitas saber para comenzar tu día
Registrarse implica aceptar los Términos y Condiciones"
221,Pagina 24,03-28-22,"""¡Muevan la ciclovía de la avenida Guadalupe!""",trafilatura,trafilatura,2479,0.67,https://pagina24jalisco.com.mx/2022/03/28/local/muevan-la-ciclovia-de-la-avenida-guadalupe/,,"Sólo estorba y genera accidentes, truenan vecinos
Al severo congestionamiento vial se suma que no hay suficiente alumbrado en algunos tramos, lo que ha devenido en percances de motociclistas
Por Rafael Hernández Guízar
Que se retire de inmediato la ciclovía que se ubica en avenida Guadalupe al poniente de la zona metropolitana, exigieron ayer vecinos de la zona.
Y es que se generan enormes congestionamientos vehiculares que no son atendidos por la Policía Vial, y que por desgracia causan enormes estragos en la vida de los vecinos y comerciantes.
""Es un desmadre, porque nada más está esta avenida para cruzar al Periférico, la otra opción para poder cruzar del otro lado es hasta la avenida Mariano Otero. Entonces ya sabrás cómo se pone aquí, a las horas pico es un estacionamiento, es horrible lo que vivimos aquí todos los días y así no estaba antes, empezó de esta manera cuando pusieron su chingada ciclovía"", indicó Manuel Pozos, uno de los vecinos molestos.
""Les dijimos que no la queríamos y no nada más nos ignoraron, empezaron a consolidarla con la ayuda de grupo ciclistas de gente que ni siquiera vive aquí en la zona, porque cualquiera va a decir que sí que está bien que haya ciclovía y que son buenas para que la gente pueda andar en bicicleta pero cuando ya vives aquí y esto te causa graves daños porque no puedes salir de tu casa, entonces ya no es lo mismo, además ya ha habido varios accidentes porque hay quienes sean estampado contra los topes esos que pusieron"".
A decir de este molesto ciudadano, en varias ocasiones han vivido accidentes fatales debido a los topes colocados para el confinamiento del carril de la ciclovía.
Son sobre todo motociclistas quienes han sido afectados por estos, pues en algunos tramos de la avenida hace falta alumbrado público.
""Cuando vienes por Guadalupe antes de llegar a la de Clouthier hace una curva, y no se ven las cosas esas y un pobre motociclista salió volando porque además, ahí las lámparas se tapan por los árboles y entonces no se ve mucho y pues salió volando y se fracturó el brazo y una pierna, y qué necesidad de estar viviendo ese tipo de cosas"".
Vecinos y comerciantes de la zona indicaron que no están en contra de que haya una ciclovía para el uso y disfrute de la vida pública sino más bien de que esta sea colocada de manera eficiente, es decir, sobre el enorme camellón que va por toda la avenida, o bien sobre la banqueta que tiene en su mayoría de extensión servidumbres de hasta 10 metros."
225,NTR Guadalajara,03-22-22,Conductores reprueban carril para Bus-Bici,trafilatura,trafilatura,1391,0.26,https://www.ntrguadalajara.com/post.php?id_nota=179781,,"Luego de que el gobierno de Guadalajara diera a conocer que este año el carril de extrema derecha de la avenida Hidalgo se convertirá en un carril exclusivo para la circulación de bicicletas y el trolebús, automovilistas reprobaron el proyecto.
El proyecto del ayuntamiento, llamado Bus-Bici, contempla que el carril por donde actualmente circula el trolebús sea únicamente para este medio de transporte público y para ciclistas. El tramo en el que ambos coincidirán es de 3.7 kilómetros y comprende desde Victoriano Salado y hasta casi el Mercado Corona.
NTR realizó un sondeo entre automovilistas que circulan frecuentemente por la vialidad y la mayoría rechazó la intervención con el argumento de que se volverá más complicada.
""Siempre se les ocurren obras que carecen de investigación y de un verdadero plan que resuelva el tema de la movilidad. Se piensa mucho en los ciclistas y está bien, lo que no se ponen a ver es que la mayoría no tenemos opción de trasladarnos en bicicleta a nuestros trabajos y acaban por afectarnos"", compartió Alfonso Hernández, quien todos los días debe tomar tres veces avenida Hidalgo.
Otros que rechazaron el proyecto consideraron que el tramo de Chapultepec a Federalismo se volverá intransitable. ""Si con los cuatro carriles en horas pico cruzar este tramo nos lleva hasta 20 minutos, no quiero imaginar con un carril menos"", comentó un conductor.
jl/I"
226,El Informador,03-17-22,BusBici: Ciclistas serán confinados al carril del Trolebús; obras comienzan en dos meses,trafilatura,trafilatura,2379,0.55,https://www.informador.mx/jalisco/BusBici-Ciclistas-seran-confinados-al-carril-del-Trolebus-obras-comienzan-en-dos-meses-20220317-0109.html,,"BusBici: Ciclistas serán confinados al carril del Trolebús; obras comienzan en dos meses
La inversión para la primera etapa de este proyecto de 3.7 kilómetros será de 20 millones de pesos
En los años previos a la pandemia, avenida Hidalgo registró 166 siniestros viales con muertos o lesionados permanentes. EL INFORMADOR/ARCHIVO
Con el proyecto BusBici, que es un carril compartido para los ciclistas y el Sitren en Avenida Hidalgo, los ciclistas quedarían confinados al carril del también llamado Trolebús y se proyecta que los trabajos comiencen en dos meses, explicó el director de Movilidad y Transporte de Guadalajara, Jesús Carlos Soto Morfin, a un medio local.
 
 ""Es un carril confinado de 4.60 metros. Lleva confinadores tipo el Macrobús de la Calzada, que llamamos 'confibuses', cada ciertos metros""
""Es un carril confinado de 4.60 metros. Lleva confinadores tipo el Macrobús de la Calzada, que llamamos 'confibuses', cada ciertos metros. Lleva unos reductores de velocidad para mantener el eje del transporte público que va a operar en este carril alineado. Del costado derecho, digamos, pegado a la banqueta, queda el espacio para la circulación de ciclistas y la habilitación de plataformas de acceso al transporte público. También vamos a generar bahías de ascenso y descenso"", detalló.
Explicó que aunque se mantendrán los cuatro carriles existentes, habrá una reconfiguración de sus dimensiones.
Afirmó que, aunado a intentar disminuir la siniestralidad de avenida Hidalgo, el confinamiento abonará el proyecto para reactivar el Centro Histórico de Guadalajara.
La inversión para la primera etapa de este proyecto de 3.7 kilómetros será de 20 millones de pesos.
En los años previos a la pandemia, avenida Hidalgo registró 166 siniestros viales con consecuencias fatales o lesionados permanentes.
JM
Lee También
- 
Inicia entrega de tarjetas Pensión Mujeres Bienestar en Jalisco; ¿cómo y dónde recogerla?
- 
Estos son todos los cambios que tendrá el transporte público por el paso de la Romería
- 
Pensión Mujeres Bienestar: ¿Cómo saber si ya está disponible tu tarjeta?
- 
Pagos de la beca Rita Cetina: calendario oficial por letra, ¿quién cobra hoy?
Recibe las últimas noticias en tu e-mail
Todo lo que necesitas saber para comenzar tu día
Registrarse implica aceptar los Términos y Condiciones"
227,El Informador,03-16-22,Guadalajara: Ciclistas y automovilistas ven con buenos ojos BusBici de Hidalgo,trafilatura,trafilatura,2999,0.55,https://www.informador.mx/jalisco/Guadalajara-Ciclistas-y-automovilistas-ven-con-buenos-ojos-BusBici-de-Hidalgo-20220316-0141.html,,"Guadalajara: Ciclistas y automovilistas ven con buenos ojos BusBici de Hidalgo
Este año se implementará un carril exclusivo para ciclistas y el Trolebús en la Avenida Hidalgo, en Guadalajara, desde López Mateos hasta el Mercado Corona
00:00:00
Ciclistas y automovilistas vieron con buenos ojos que el carril de extrema derecha en Avenida Hidalgo sea exclusivo para que transiten los ciclistas y el trolebús, según lo planea el Ayuntamiento de Guadalajara en el proyecto Bus-Bici.
La obra de 3.7 kilómetros, desde caso Avenida López Mateos hasta el Mercado Corona, en el Centro tapatío, tendrá una inversión de 20 millones de pesos de recursos municipales este año.
Luis Guerrero, quien tiene un local de comida entre Hidalgo y Marsella, dijo que sería muy funcional el Bus-Bici porque ahí pasan mucho los ciclistas.
""En esta zona se mueven muchos en bicicleta y no creo que tengamos algún problema con el negocio. Creo que sí se puede adaptar, aquí entra la cultura vial del Trolebús o el Pretren que pasa por aquí. En cuestión los automovilistas, tienen que entender de no pasar por ahí, pueden convivir en armonía el camión y el ciclista, es cuestión de cultura"".
Alexéi Abarca, quien dijo ser 100% ciclista, destacó esta transformación vial, pues comentó que muchas personas que van al Centro y a Chapultepec se transportan en bicicleta. Consideró que sí funcionaría la convivencia del Trolebús y ciclistas.
""Me parece muy bien (el Bus-Bici) en lo particular me beneficia, es parte de las rutas en las que yo me muevo, pero siempre vamos a tener problemas con la gente que conduce. Si todos tenemos una cultura vial, se podrá llevar a cabo y estoy de acuerdo. Se tendría que tener un margen entre el trolebús y el ciclista para que no esté tan pegado. Los estudios tienen que ser exactos para que al final no haya quejas""
¿Qué dicen los automovilistas?
Los conductores entrevistados coincidieron en que habrá más tráfico, pero que se le debe dar prioridad a las personas que se trasladan en bici.
El automovilista Juan señaló que para que Guadalajara sea incluyente es importante tener espacios para los ciclistas, sin provocar congestionamientos viales en las horas pico.
""También hay que darle espacio a los ciclistas. Creo que si sería complicado por el tráfico aquí en Hidalgo, pero si se hace una excelente planeación se puede combinar, estaría bien"", acotó.
Antecedentes del proyecto
Este proyecto sería el primer Bus-Bici que operará en la ciudad, ya que no hay otro en ninguna parte de Jalisco por ahora.
El plan del Bus-Bici fue promovido desde junio de 2020 por el Gobierno municipal. En ese año colocaron un ligero balizamiento en el asfalto, el cual ya se borró, pero nunca instalaron separadores, boyas u otros elementos para confinar el carril debido a que no había recursos disponibles.
Lee También
Recibe las últimas noticias en tu e-mail
Todo lo que necesitas saber para comenzar tu día
Registrarse implica aceptar los Términos y Condiciones"
229,Mural,03-15-22,Las fallas en la seguridad vial para ciclistas,trafilatura,trafilatura,427,0.38,https://www.mural.com.mx/las-fallas-en-la-seguridad-vial-para-ciclistas/ar2366656?referer=--7d616165662f3a3a6262623b78606774793b767a783b786d3a--,,"COMUNIDAD
00 MIN 30 SEG
Enrique Osorio
Guadalajara, México (15 marzo 2022) .-05:00 hrs
Avances hay, los distintos gobiernos han procurado construir ciclovías y diseñar programas para incentivar el uso de la bicicleta, no obstante, las muertes de ciclistas no cesan y aún hay pendientes para garantizar su seguridad vial y llegar a las cero víctimas. Te presentamos qué es lo que falla, de acuerdo con asociaciones de ciclistas."
231,Pagina 24,03-15-22,"""¡Quiten la ciclovía de Guadalupe!""",trafilatura,trafilatura,1476,1.04,https://pagina24jalisco.com.mx/2022/03/15/local/quiten-la-ciclovia-de-guadalupe/,,"Genera caos vial a toda hora: Vecinos
Por Rafael Hernández Guízar
Vecinos de la avenida Guadalupe, al poniente de la Zona Metropolitana de Guadalajara (ZMG), están hartos de la ciclovía que instaló el ayuntamiento zapopano.
Y es que aseguran que gracias a ésta el tráfico ha colapsado, al grado que muchos negocios se han ido a la ruina.
""Sí empezaron a quitar negocios, porque a mucha gente se la piensa, si nosotros que vivimos aquí por la avenida mejor nos quedamos en casa a veces y no salimos porque se pone horrible, a vuelta de rueda, no puedes ni pasar"", dijo Mercedes García, una de las entrevistadas.
Desde el Anillo Periférico hasta la glorieta Chapalita, el tráfico por esta avenida es ya imposible de soportar según vecinos entrevistados, quienes exigieron que el ayuntamiento retire la ciclovía de la zona.
""Antes eran tres carriles y ya nada más son dos, eso ha provocado pues que definitivamente aquí se ponga muy difícil poder andar, a la hora que sea es lo mismo, pero en las horas pico no te quiero ni contar lo que se vive"", agregó.
Las cosas se ponen aún peor si es que sucede un accidente en esta zona, puesto que de tres carriles quedaron sólo dos, y a veces nada más por uno se puede circular.
Por ello, las personas esperan que Juan José Frangie, presidente municipal de Zapopan, sea capaz de analizar las opciones para que en determinado momento, la ciclovía sea planeada de una manera distinta que ayude a que todos puedan circular con tranquilidad."
233,Mural,03-06-22,Urgen más infraestructura ciclista tras muerte,trafilatura,trafilatura,398,0.7,https://www.mural.com.mx/urgen-mas-infraestructura-ciclista-tras-muerte/ar2362053?v=2,,"COMUNIDAD
02 MIN 00 SEG
Enrique Osorio
Guadalajara, México (06 marzo 2022) .-05:00 hrs
La persona atropellada por un camión el 3 de marzo era un zapatero de 54 años, quien perdió la vida en la Colonia San Eugenio. Crédito: Archivo
Luego de registrarse la segunda muerte de una persona atropellada por un camión urbano cuando viajaba en bicicleta, la asociación Bici Blanca urgió a realizar cambios."
234,Meganoticias,03-03-22,Califican positiva la implementación de la biciescuela,trafilatura,trafilatura,3026,0.43,https://www.meganoticias.mx/guadalajara/noticia/califican-positiva-la-implementacion-de-biciescuela/311471,,"Educación
                                                                    
                                                Por:
                                                                    Dalia Rojas
                     
                    
Guadalajara
Fecha: 03-03-2022
                                        Guadalajara
Fecha: 03-03-2022
Con el fin de incentivar políticas de movilidad sostenible y el uso de la bicicleta como medio de transporte en la ciudad, fue inaugurada este miércoles en la Glorieta la Normal la primera biciescuela fija, dirigida a primeras infancias de seis a 12 años de edad de Guadalajara y Zapopan.
Consta de dos secciones; la primera estará destinada para que las niñas y niños practiquen ejercicios de coordinación, sorteo de obstáculos y destrezas, que ayuden a darles mayor seguridad.
La segunda sección es un circuito que representa las calles en la ciudad con señalamientos verticales y horizontales, límites de de 22 velocidad y pasos peatonales, con la finalidad de proporcionar aprendizajes significativos sobre la movilidad urbana. ""Es un curso teórico y práctico y entonces la idea es que todos los niños puedan aprender el modelo de ciudad que estamos construyendo en dichos municipios (...) Este es para niños de la primera infancia que son de seis a 12 años, para que puedan aprender a utilizar la bicicleta como tal y sobretodo sortear la parte de obstáculos que es la parte más complicada, pero es para esas edades para que crezcan ya sabiendo cómo moverse en bicicleta y cómo interactuar en la ciudad con los demás modos de transporte"", refirió Jesús Carlos Soto Morfín, Director de Movilidad y Transporte de Guadalajara.
En el arranque estuvieron presentes principalmente vecinos de la zona, quienes consideraron que se trata de una política pública positiva. ""Es muy interesante, también traigo a mi niño de 9 años. Se me hace una política pública muy interesante porque impulsa desde pequeños al uso de otros medios de transporte, también para apostar a la movilidad sustentable. Ya hay demasiados carros, es imposible que las calles sigan absorbiendo esa demanda, entonces tenemos que apostar por otros medios más sustentables, más ecológicos y económicos"", opinó Carlos Veitia.
""No pues la verdad está súper bien, el espacio es muy amplio y eso de la biciescuela no donde quiera hay"" 0:21/0:34 ""No sabe andar en bicicleta, inclusive ahí lo están enseñando y ahí está aprendiendo"" 0:40/1:10 ""Mi hija y yo también cuando salgo a sitios cortos es lo que he usado bicicletas"" dijo por su parte Luz María Reyna. 
Las sesiones se realizarán dos veces al mes en un horario de las 16:00 a las 18:00 horas, previamente los interesados deberán llenar un formulario de inscripción que estará disponible en las redes sociales de la dirección de Movilidad tanto de Guadalajara como Zapopan. En el lugar se proporcionarán las bicicletas, chalecos de seguridad y kits de protección para los menores, así como los insumos para realizar la parte teórica."
236,El Occidental,03-02-22,Presentan GDL y Zapopan biciescuela en La Normal,trafilatura,trafilatura,270,0.57,https://oem.com.mx/eloccidental/local/presentan-gdl-y-zapopan-biciescuela-en-la-normal-15908663,,"Localmiércoles, 2 de marzo de 2022
Dicha estrategia busca fomentar el crecimiento de la infraestructura ciclista
LOCAL
Mirza Flores acusa a Morena de ""grillar"" y lucrar políticamente con el tema del agua
El delito por el que fue denunciado Eduardo N, es por acoso sexual"
237,Publimetro,02-24-22,¡Desairan las bicis! Ciclovías y programas públicos no le bastan a tapatíos para usar las bicicletas,trafilatura,trafilatura,5399,1.34,https://www.publimetro.com.mx/jalisco/2022/02/24/ciclovias-y-programas-publicos-no-le-bastan-a-los-tapatios-para-comenzar-a-usar-las-bicicletas/,,"A pesar que en los últimos años autoridades incrementaron la infraestructura ciclista en la zona metropolitana de Guadalajara e incluso la ampliación del sistema de transporte público de MiBici, un estudio desarrollado por el Instituto Metropolitano de Planeación (IMEPLAN) revela que sigue siendo bajo el porcentaje de personas que se desplazan a sus destinos en bicicleta.
Según datos del IMEPLAN, cada día se realizan en la Zona Metropolitana de Guadalajara 1.5 millones de viajes, de los cuales apenas 2.7% de ellos (43 mil 908) son en bicicleta. Los medios principales de transporte de la ciudadanía son el transporte público (40.18% de los viajes), caminar (26.9%), automóvil (15.7%) y moto (4.07% de los viajes).
Si bien el estudio se desarrolló durante la pandemia por el Covid-19, sin clases presenciales y algunas actividades en casa, lo que podría generar algunas afectaciones en los parámetros de movilidad, los hallazgos señalan que el uso de la bicicleta se incrementó durante la contingencia, pero en totales, la cifra es baja.
Durante la pandemia se desarrollaron algunas políticas públicas con el supuesto que se incentivara la bicicleta para evitar las aglomeraciones, por ejemplo en el transporte público y ello derivó en la construcción de ciclovías emergentes, por ejemplo en avenida México o avenida Guadalupe.
- 28 minutos, el tiempo promedio de un viaje en bicicleta por la ciudad
- 45% de la población de Guadalajara dice no usar la bicicleta por temas de seguridad
En los últimos seis años la infraestructura ciclista se disparó: mientras en 2016 había 36 kilómetros de ciclovías, para 2021 se cuenta con 288 kilómetros de ciclovías. El IMEPLAN señala que 14.6 kilómetros de estas ciclovías se instalaron a causa de la pandemia por Covid-19.
El sistema de MiBici también ha tenido una expansión, con 300 estaciones y tres mil 200 unidades y más de 104 mil usuarios. A pesar de ello, aún hay muchas personas que prefieren desplazarse en otros medios.
¿Por qué no usar la bicicleta en Guadalajara?
En una encuesta con población no ciclista, el IMEPLAN documentó que las principales barreras para no andar en bicicleta son el clima, los viajes largos, el no saber andar en bicicleta, el que sea peligroso y la necesidad de llevar o recoger a alguien en un viaje. El peligro es un señalamiento constante, pues de acuerdo al colectivo ciclista Bicicleta Blanca, desde el año 2009 hasta noviembre del 2021 se han registrado 280 ciclistas víctimas fatales de hechos de tránsito.
""Falta conectividad en muchas de las ciclovías, por ejemplo en Periférico, las que se construyeron a la par del Peribús, hay tramos que están incompletos, pero además te llevan a vialidades que no tienen infraestructura para seguir el camino, eso por un lado y, por el otro, que aún no se desarrollan políticas para transporte multimodal, porque no tiene garantía que tu bicicleta esté cuando regreses. Por ejemplo, dejas tu bici en una estación del tren, luego tomas el tren, sigues en BRT y llegas a tu destino, no sé, pero no hay esas facilidades para transportarse en diferentes medios"", señaló Manuel Medina, ciclista y analista de la movilidad sustentable.
El estudio toma en consideración este aspecto: los viajes unimodales representan poco más del 88% de los viajes en el área metropolitana de Guadalajara, mientras que los viajes bimodales (dos modos de transporte) corresponden a menos del 10% y los multimodales (tres o cuatro modos) sólo constituyen el 0.9%.
¿Por qué sí usar la bicicleta?
La mayor parte de las personas ciclistas mencionó que la principal motivación para utilizar la bicicleta en Guadalajara es su rapidez y practicidad (45%), seguido por motivos de mejora de salud (40%), menor costo (7%), por la emergencia sanitaria por Covid-19 (6%) y finalmente, porque es bueno para el medio ambiente (3%). El 20% de los usuarios de las bicis dijo combinar su movilidad con otros medios de transporte.
Un aspecto para fomentar el uso de la bicicleta es el económico, pero los usuarios señalan que a pesar de utilizar este medio de transporte, también realizan gastos. El gasto promedio en transporte en la ciudad es de 17 pesos por viaje, aunque se presentan valores de hasta 400 pesos gastados en un sólo viaje al interior de los municipios. Los taxis y transporte privado son los medios más caros.
""Cabe destacar que pocos usuarios de modos no motorizados reportaron un gasto por viaje, incluso cuando se preguntaba por el gasto en bicicleta pública"", señala el informe del IMEPLAN.
Otros aspectos importantes en el estudio del IMEPLAN
- 45% de las personas encuestadas identificó la seguridad como el factor más importante en su decisión de tomar un modo de transporte, seguido de la rapidez (29.8%), y el precio (17.6%).
- Cerca del 50% de los motivos de traslado en el área metropolitana corresponden a regresar a casa, mientras que el 30% se relaciona con asistir a trabajar. La suma de diferentes motivos relacionados a estudiar, hacer deportes o recreación y otros representa un 10%. El abasto corresponde a poco más del 6% de los viajes, mientras que los viajes para recibir algún tipo de atención del sector salud representan cerca del 2%.
- Las zonas de la ciudad a donde se dirige el mayor número de viajes o desplazamientos son al Centro Guadalajara (160 mil 420), Las Águilas (106 mil 046), Centro Zapopan (105 mil 329), Miravalle (99 mil 427) y Oblatos (92 mil 732)."
238,Mural,02-17-22,Suma 3 millones de viajes MiBici,trafilatura,trafilatura,337,1.09,https://www.mural.com.mx/suma-3-millones-de-viajes-mibici/ar2351257,,"COMUNIDAD
02 MIN 30 SEG
Enrique Osorio
Guadalajara, México (17 febrero 2022) .-05:00 hrs
El IIEG informó ayer que entre diciembre de 2020 y todo 2021, Mi Bici tuvo 3 millones 343 mil 177 viajes. Crédito: Rodolfo Lasso
El uso de las bicicletas del sistema MiBici se va recuperando, aunque aún no alcanza los niveles previos a la pandemia."
240,El Informador,02-14-22,Guadalajara y Zapopan amplían la Vía RecreActiva 5 kilómetros ,trafilatura,trafilatura,2707,0.51,https://www.informador.mx/jalisco/Guadalajara-y-Zapopan-amplian-la-Via-RecreActiva-5-kilometros-20220214-0030.html,,"Guadalajara y Zapopan amplían la Vía RecreActiva 5 kilómetros
Las rutas de la vía se conectarán con estaciones de Mi Bici
Alianza. Los alcaldes de Zapopan, Juan José Frangie, y de Guadalajara, Pablo Lemus, caminaron ayer junto a la ciudadanía en la extensión del paseo dominical. Especial
Ayer los alcaldes de Guadalajara, Pablo Lemus, y de Zapopan, Juan José Frangie, inauguraron la ampliación de la Vía RecreActiva. El paseo tiene múltiples conexiones con estaciones de Mi Bici y suma puntos de interés como el Parque El Refugio y el Mercado de las flores, son 5 kilómetros más que permitirán a los usuarios prolongar su trayecto.
""Esta es la lógica de una metrópoli, de una ciudad sin fronteras, lo que queremos los ciudadanos es andar en nuestras bicicletas, patines, correr, pasear a nuestras mascotas y no tener interrupciones entre los dos municipios"", comentó el alcalde tapatío.
La Vía RecreActiva de Guadalajara se amplió en 5.07 kilómetros con la ruta Calzada Federalismo-Fidel Velázquez-Enrique Díaz de León; ahora el paseo cuenta con 31 kilómetros de longitud en total.
Por su parte, el alcalde de Zapopan, Juan José Frangie, destacó la política de coordinación intermunicipal para contar con espacios deportivos y educativos para la ciudad.
""Esto es lo que necesitamos, recuperar espacios, que le ganemos a los vehículos, que andemos caminando y corriendo"", dijo el alcalde zapopano.
Alejandro usará el nuevo tramo para entrenar
Alejandro Valadez, vecino de Atemajac, destacó que la extensión de la Vía RecreActiva le servirá para sus actividades deportivas.
""Está muy padre, qué bueno que la ampliaron, a mí me sirve para entrenar con más kilómetros para diferentes carreras de atletismo y maratones, es bueno que no haya fronteras entre Guadalajara y Zapopan"", dijo.
La ampliación ayudará a conectar los 6.2 kilómetros de que hay en Zapopan y los 12.5 kilómetros que ya tiene Guadalajara, por los que se puede pedalear, correr, caminar, patinar o pasear mascotas, entre otras actividades al aire libre. Todo con total seguridad.
Este nuevo tramo partirá hacia Guadalajara por la avenida Enrique Díaz de León desde su cruce con avenida Patria, continuando hacia Fidel Velázquez y Federalismo hasta llegar al Parque Revolución.
La Vía RecreActiva tiene un horario de operación de 08:00 a 14:00 horas y cuenta con la participación de 20 dependencias municipales y estatales, y 60 instituciones educativas mediante servicio social. Se estima que el tramo será usado por 29 mil 500 ciclistas.
MQ
Lee También
Recibe las últimas noticias en tu e-mail
Todo lo que necesitas saber para comenzar tu día
Registrarse implica aceptar los Términos y Condiciones"
241,El Informador,02-13-22,Policía Vial multa a 67 conductores por invadir ciclovía de Periférico,trafilatura,trafilatura,1888,0.5,https://www.informador.mx/jalisco/Policia-Vial-multa-a-67-conductores-por-invadir-ciclovia-de-Periferico-20220213-0074.html,,"Policía Vial multa a 67 conductores por invadir ciclovía de Periférico
Las multas se aplicaron principalmente en el tramo de Tabachines y Alcalde, en la ciclovía de Periférico
Autoridades hacen un llamado a la corresponsabilidad de la ciudadanía para mantener el ordenamiento vial y que los conductores eviten invadir los espacios exclusivos como la ciclovía y el carril del Peribús. ESPECIAL
Tras la publicación de hoy de esta casa editorial en la que se mostró que automovilistas se estacionan en ciclovía de Periférico, principalmente en el tramo de Tabachines y Alcalde, la Policía Vial informó que han elaborado 67 folios a los propietarios de vehículos que se colocan fuera de ley en el área que es para ciclistas.
En un boletín informativo destacaron que la Secretaría de Seguridad del Estado en su área de la Comisaría de la Policía Vial no ha sido omisa en la aplicación de sanciones a los conductores de vehículos motorizados que lamentablemente no respetan el espacio de los usuarios de bicicletas.
""Asimismo, se cuenta con vigilancia permanente en la zona con la finalidad de que sean respetados los espacios para cada usuario de esta importe vía como son peatones, usuarios del transporte público, ciclistas, motociclistas, automovilistas y conductores del transporte de carga. En lo que va del año, los oficiales viales han elaborador 67 folios a automovilistas que han dejado sus vehículos sobre la ciclovía de Periférico, obstruyendo el paso de los ciclistas"", destacó en la información.
Además hacen un llamado a la corresponsabilidad de la ciudadanía para mantener el ordenamiento vial y que los conductores eviten invadir los espacios exclusivos como la ciclovía y el carril del Peribús.
MF
Lee También
Recibe las últimas noticias en tu e-mail
Todo lo que necesitas saber para comenzar tu día
Registrarse implica aceptar los Términos y Condiciones"
242,NTR Guadalajara,02-13-22,Amplían Vía RecreActiva; conductores se molestan,trafilatura,trafilatura,1070,0.4,https://www.ntrguadalajara.com/post.php?id_nota=178196,,"A partir de este domingo la Vía RecreActiva en Guadalajara se amplió en Federalismo hasta su cruce con la calle Fidel Velázquez a fin de conectar con la ciclovía de Zapopan. La medida fue celebrada por ciclistas y asistentes al recorrido dominical, pero criticada por automovilistas.
Tras un sondeo, varios conductores consideraron que la ampliación no se socializó correctamente ni se colocó señalética de rutas alternas, lo cual generó atorones viales en cruces de Federalismo con vialidades como Maestros, Fidel Velázquez y otras arterias.
""No sé si el del error fui yo o la autoridad, pero creo que deben de tener más empatía quienes cuidan el recorrido y dejarnos al menos salir de nuestras casas. Se entiende la necesidad de la Vía, del recorrido, pero también (se pide que) prevean a los que vivimos cerca de Federalismo"", reclamó el señor Ernesto Villa, habitante de la zona de Atemajac.
En contraste, ciclistas agradecieron la ampliación y destacaron que Federalismo se haya habilitado para el recorrido, pues permite una conexión con la Vía de Zapopan.
JB-jl/I"
243,Trafico ZMG,02-11-22,Ajustan rutas de transporte por ampliación de Vía Recreactiva,trafilatura,trafilatura,1691,1.03,https://traficozmg.com/2022/02/ajustan-rutas-de-transporte-por-ampliacion-de-via-recreactiva/,,"Ajustan rutas de transporte por ampliación de Vía Recreactiva
A partir de este domingo cinco rutas del transporte público modificarán su derrotero debido a la ampliación de la Vía Recreativa en Guadalajara. Los ajustes iniciarán a partir de este domingo 13 desde Federalismo hasta su cruce con la calle Fidel Velázquez para conectar con la ciclovía de Zapopan.
Las rutas que cambiarán su derrotero únicamente en su recorrido de ida, es decir, del centro de Guadalajara hacia el norte, son las siguientes: T14B (50), T14B-C01 (50B), T15-C01 (636A Coronilla), T15-C02 (636A Mesa Colorada), C43 (636 Haciendas del Valle/ 636 Valdepeñas).
De circular sobre Federalismo, las rutas T14B (50) y T14B-C01 (50B) se desviarán hacia la calle Aldama, seguirá por Niños Héroes, Av. Atemajac, Av. Munguía, Av. Enrique Díaz de León, Av. Manuel Ávila Camacho y Guanajuato para luego de pasar por Mariano de la Bárcena retomar su derrotero habitual.
Por su parte, de Av. Atemajac la ruta C43 dos vías (636 Haciendas del Valle/ 636 Valdepeñas) se desviará hacia Av. Munguía, continuará por Av. Enrique Díaz de León y en Av. Circunvalación se incorporará a su trayecto ordinario.
A su vez la ruta T15-C01 (636A Coronilla) de la calle Ramón Corona se desviará hacia Aldama, seguirá por Niños Héroes, Av. Munguía, Av. Enrique Díaz de León y en Av. Circunvalación continuará su recorrido habitual.
Por último la ruta T15-C02 (636A Mesa Colorada) de Federalismo se desviará hacia la calle Aldama, luego por Niños Héroes, Av. Munguía, Av. Enrique Díaz de León hasta incorporarse a su trayecto ordinario en Av. Circunvalación.
II
También te podría interesar: Ciclovía de Javier Mina aún no está decidida: Pablo Lemus"
244,El Informador,02-06-22,Don Antonio aprovecha programa tapatío y pedalea a sus 75 años,trafilatura,trafilatura,2630,0.49,https://www.informador.mx/jalisco/Don-Antonio-aprovecha-programa-tapatio-y-pedalea-a-sus-75-anos-20220206-0073.html,,"Don Antonio aprovecha programa tapatío y pedalea a sus 75 años
Antonio Rosales de 75 años ve como una tradición asistir a la Vía RecreActiva
El programa Vía RecreActiva promueve los domingos actividades gratuitas para todas las edades. EL INFORMADOR/ARCHIVO
Cada domingo, Antonio Rosales de 75 años toma la Vía RecreActiva y llega en su bicicleta al parque San Jacinto, donde más de 50 tapatíos se dan cita para participar en las actividades artísticas y deportivas del programa Vía RecreActiva.
Don Antonio comenta que es una tradición para él venir a este espacio. Recuerda que en los años 70 solía organizar retas de fútbol con sus amigos en las instalaciones del parque. Además, jugaba en Los Pericos, un equipo del barrio de Medrano que también tomaba este punto de reunión.
Sin embargo, en 1989 un caída le dejó una lesión en su columna, por lo que se retiró del fútbol pero hasta la fecha toma su bicicleta para dar un paseo y participar en las actividades que se realizan en San Jacinto al aire libre.
""Vengo todos los domingos aquí un rato, es una buena distracción para todo el mundo, tanto la muchachada como las personas grandes vienen y se llenan de pura energía, de pura salud. Me gusta ver a los jóvenes en los bailables, en el voleibol, a los papás con sus niños, ver que la gente sale a distraerse"".
El programa Vía RecreActiva promueve los domingos actividades gratuitas para todas las edades, tales como tiro con arco, juegos de tenis, pintura, papiroflexia, cuentacuentos e introducción a la música. Realizadas en áreas con una capacidad de 30 a 50 personas desde las 9:00 hasta las 12:00 horas.
""Estos programas benefician a la ciudadanía porque las familias podemos salir de un ambiente de estrés, por ejemplo los niños aunque ya regresaron a la escuela hay quienes se mantienen encerrados en su domicilio y esto los motiva a hacer actividades diferentes"" comentar Josafat Toledo, quien con su hijo Jared de 12 años, acuden desde hace cuatro años al tiro con arco.
Por su parte, María Guadalupe González asiste con sus hijas de 11 y 4 años al taller de pintura, considera que estas actividades fomentan el aprendizaje y la psicomotricidad de los menores de una manera divertida.
""Me gusta traerlas al taller de pintura porque son actividades recreativas. Les hablan de cultura general, medio ambiente como el día de hoy que hicieron pinturas por el tema de la conservación del ajolote. Aquí se divierten y aprenden"".
JL
Lee También
Recibe las últimas noticias en tu e-mail
Todo lo que necesitas saber para comenzar tu día
Registrarse implica aceptar los Términos y Condiciones"
246,El Informador,01-31-22,Usuarios festejan crecimiento de trayecto en Vía RecreActiva,trafilatura,trafilatura,1733,0.51,https://www.informador.mx/jalisco/Usuarios-festejan-crecimiento-de-trayecto-en-Via-RecreActiva-20220131-0037.html,,"Usuarios festejan crecimiento de trayecto en Vía RecreActiva
A partir del 13 de febrero, el recorrido aumentará cinco kilómetros por Federalismo. La distancia adicional generará una conexión de 12.5 kilómetros en Guadalajara
CONVIVENCIA. Ciudadanos acuden a hacer el recorrido en familia. EL INFORMADOR/ A.CAMACHO
Ciudadanos consideraron que el proyecto de ampliar cinco kilómetros la Vía RecreActiva por Avenida Federalismo es una manera de fomentar el deporte y facilitar la movilidad en la ciudad.
""Me parece muy bien que se esté extendiendo la movilidad al ciclista en diversos lados de la ciudad porque es una manera más rápida de llegar a un punto evitando el tráfico. Mucha gente que toma el camión hace más tiempo esperando la línea que los lleva hasta su casa"", dijo el ciclista José Vázquez.
Marcela Sánchez destacó que se trata de un espacio que propicia la convivencia familiar, mientras que Iván Gómez indicó que el incremento de estas rutas beneficia a la movilidad. ""Y que haga que la gente se vaya acostumbrando a este transporte, es bueno definitivamente"".
La ampliación de la Vía RecreActiva será a partir del 13 de febrero. Recorrerá Federalismo Norte desde Avenida Juárez a su cruce con la calle Fidel Velázquez, y hasta Avenida Patria donde conectará con la ciclovía de Zapopan.
El presidente municipal de Guadalajara, Pablo Lemus Navarro, informó que estos kilómetros adicionales generarán una conexión de 12.5 kilómetros de distancia en Guadalajara y 6.2 kilómetros en Zapopan, lo que beneficiará a 29 mil 536 usuarios.
MQ
Lee También
Recibe las últimas noticias en tu e-mail
Todo lo que necesitas saber para comenzar tu día
Registrarse implica aceptar los Términos y Condiciones"
247,El Informador,01-29-22,Ciclista tapatío exhibe en video agresión de chofer de camión en López Mateos,trafilatura,trafilatura,1532,0.53,https://www.informador.mx/jalisco/Seguridad-en-Jalisco-Ciclista-tapatio-exhibe-en-video-agresion-de-chofer-de-camion-en-Lopez-Mateos-20220129-0073.html,,"Ciclista tapatío exhibe en video agresión de chofer de camión en López Mateos
En las imágenes se ve cómo la unidad lo embiste
El ciclista grabó la agresión con una cámara que tenía instalada en su bicicleta. ESPECIAL
Un ciclista tapatío denunció hoy en redes sociales la agresión de un chofer de transporte público de la ruta C130 hacia Tlajomulco. El hecho sucedió sobre la avenida López Mateos.
ídgar Enríquez subió un video en su Twitter donde ve circulando en su bicicleta y atrás de él se observa una unidad de dicho derrotero que acelera para pasarle por un costado y lo embiste.
Sin embargo, él no pierde el equilibrio y molesto continúa su camino en la bicicleta.
El hombre evidencia el ataque del chofer en un video que subió a su cuenta acompañado de lo siguiente:
""Este operador atentando contra mi integridad por avenida López Mateos a la altura de Palolmar dirección Sur a Norte. Así el transporte público, nuestra evidencia en video "".
En las imágenes se alcanza a observar que se trata de la unidad U-26 con placas 32-HB-78.
 
   Este operador atentando contra mi integridad por avenida López Mateos a la altura de Palolmar dirección Sur a Norte.... @TransporteJal @EnriqueAlfaroR
 Ccp. @semaforoenambar @Ramiro_Escoto @Ramiro_Escoto @sonia_ssi @joseangelgtz @omar_comunica @yoCelia @BirulaRadio @gdlenbici pic.twitter.com/nJx4nxL0DO
Lee También
Recibe las últimas noticias en tu e-mail
Todo lo que necesitas saber para comenzar tu día
Registrarse implica aceptar los Términos y Condiciones"
248,El Informador,01-28-22,"COVID: Usar la bici para distancias cortas, opción para evitar camiones llenos",trafilatura,trafilatura,2373,0.51,https://www.informador.mx/jalisco/COVID-Recomiendan-tomar-medios-de-transporte-alternativos-contra-saturacion-en-camiones-20220128-0107.html,,"COVID: Usar la bici para distancias cortas, opción para evitar camiones llenos
Propone reducir las aglomeraciones en transporte público ahora que han aumentado los contagios de COVID
Expertos proponen como una alternativa, implementar la reducción del número máximo de pasajeros por autobús. EL INFORMADOR/ARCHIVO
El coordinador de la maestría de Movilidad Urbana Transporte y Territorio del Centro Universitario de Tonalá. Fernando Calonge, explicó que eliminar la aglomeración en camiones no ha sido posible porque existe una tensión entre seguir las indicaciones sanitarias de debida distancia, y que estas unidades vayan lo suficientemente llenas para que sean rentables. Pues, dijo, las unidades semi vacías implican más gasto de mantenimiento, operación y recursos humanos.
Propuso como una alternativa implementar la reducción del número máximo de pasajeros por autobús, cuando las olas de COVID-19 son más fuertes, cuando hay un mayor riesgo de contagios o si las variantes son más letales.
""En este sentido se tienen que tomar en cuenta las medidas sanitarias, pero también el cuidado ambiental, no se puede comprar más autobuses porque implica gastos, pero tampoco se puede cambiar al uso del automóvil porque eso es negativo para el aire que respiramos. Así que la solución para esos viajes de corta o media distancia es la movilidad activa, pero eso no depende solamente de los ciudadanos, eso implica una mejor infraestructura así como mayor seguridad en las calles"".
Otra de las alternativas es la movilidad activa, que consiste en utilizar otros medios de transporte como bicicletas en viajes a destinos de menos de 8 kilómetros, sobre todo en temporadas como diciembre, donde además de las aglomeraciones en el transporte público, la ciudad también presenta un incremento en contaminación.
Para esta movilidad activa, el académico en Movilidad Sustentable de la Universidad ITESO Yeriel Salcedo propuso mejorar la infraestructura en las avenidas más transitadas.
""Hay avenidas que incluso no tienen banquetas, Avenida de la Aviación es una de ellas donde la gente tiene que caminar por donde pueda y a veces entre los coches para utilizar el transporte público"".
JL
Lee También
Recibe las últimas noticias en tu e-mail
Todo lo que necesitas saber para comenzar tu día
Registrarse implica aceptar los Términos y Condiciones"
249,Mural,01-28-22,Pedalea' riesgo en el Periférico,trafilatura,trafilatura,896,0.94,https://www.mural.com.mx/pedalea-riesgo-en-el-periferico/ar2339606,,"Ciclovías truncas, sin señalizaciones y en varios tramos invadidas por vehículos y peatones... ese es el escenario de riesgo al que se enfrentarán ciclistas con el lanzamiento de Mi Macro Periférico.
Ciclovías truncas, sin señalizaciones y en varios tramos invadidas por vehículos y peatones... ese es el escenario de riesgo al que se enfrentarán ciclistas con el lanzamiento de Mi Macro Periférico.
Uno de los tramos donde la ciclopista está inconclusa es a la altura del Iteso.
Mientras que en Prolongación Guadalupe, la ciclovía se ve bloqueada por el parabús.
Un poste ""se atravesó"" en la ciclorruta afuera de la Estación Periférico Norte, del Tren Ligero.
Al estar incompleta, usuarios deben usar los carriles vehiculares.
Aunque promete ser la ciclovía más grande de México, con 84 kilómetros de ida y vuelta, lo cierto es que no estará lista el próximo domingo, cuando arranque el Peribús."
255,Vallarta independiente,01-26-22,Piden ciclistas no se elimine ciclovía del malecón,trafilatura,trafilatura,1542,1.17,https://vallartaindependiente.com/2022/01/26/piden-ciclistas-no-se-elimine-ciclovia-del-malecon/,,"Tras el percance en el que un ciclista arrolló a una mujer en el malecón, cientos de personas se han volcado para exigir que se elimine esta vía; la comunidad ciclista rechaza esta petición.
El pasado fin de semana, un video se hizo viral en redes sociales, donde se muestra cómo un ciclista, que iba a una velocidad alta, arrolla a una mujer en pleno malecón de la ciudad.
El pequeño fragmento de video muestra al ciclista 'zigzagueando' en el malecón y no específicamente por la ciclovía; en un momento, la mujer es embestida y se desconoce realmente cuáles fueron las consecuencias del encontronazo.
Sin embargo, este video ha recogido cientos de comentarios de la gente que exigen se elimine la vía ciclista, pues aseguran, muchos de los ciclistas no la respetan y andan a altas velocidades, poniendo en riesgo a la gente.
No obstante, la comunidad ciclista organizada de Puerto Vallarta ha pedido prudencia, pues, aseguran, son muy pocos los ciclistas que no respetan los límites de velocidad e, incluso, están en disposición de recibir sanciones en caso de no conducirse con responsabilidad, pero rechazan contundentemente la posibilidad de que la ciclovía se elimine.
Esta ciclovía funciona desde la puesta en marcha del nuevo malecón y cada vez es más utilizada, sin embargo, hay quienes todavía no se acostumbran y la invaden, por lo que los ciclistas deben esquivarlos y ahí está el riesgo.
Hasta el momento, la autoridad municipal no se ha pronunciado al respecto y ningún regidor ha adelantado que llevará la propuesta al cabildo."
256,El Informador,01-25-22,Buscan hacer frente a la seguridad para ciclistas y peatones con Mapa de Siniestralidad,trafilatura,trafilatura,1854,0.53,https://www.informador.mx/jalisco/Buscan-hacer-frente-a-la-seguridad-para-ciclistas-y-peatones-con-Mapa-de-Siniestralidad-20220125-0129.html,,"Buscan hacer frente a la seguridad para ciclistas y peatones con Mapa de Siniestralidad
Esta herramienta permitirá entender la problemática de vialidad en el Área Metropolitana
El Mapa Siniestral dice que de 2015 a 2020 fallecieron 83 personas que circulaban en bicicleta. EL INFORMADOR/ARCHIVO
El académico del Instituto Tecnológico y de Estudios Superiores de Occidente (ITESO) Yeriel Salcedo, considera que la presentación del Mapa de Siniestralidad, es una herramienta que permite entender la problemática de vialidad en el írea Metropolitana, aunque, opina que aún hay aspectos a tratar para garantizar la seguridad vial en ciclistas y peatones.
Este Mapa de Siniestralidad presentado por el Instituto de Información Estadística y Geográfica del estado de Jalisco, es resultado del registro de todos los incidentes viales desde 2015 a 2020. Permite buscar por diferentes categorías y numerología de la problemática.
Sin embargo, el académico Yeriel Salcedo ha observado que si bien la herramienta es útil para dimensionar la situación vial en el írea Metropolitana de Guadalajara, hace falta actualizar los datos.
De acuerdo con el académico, el Mapa Siniestral dice que en ese período fallecieron 83 personas que circulaban en bicicleta, mientras que el colectivo Bici Blanca registró 110 siniestros, lo cual habla de una diferencia del 32 por ciento en esta información.
Además, señala que la velocidad es una de las principales causas de estos siniestros.
""En general falta una infraestructura que garantice la seguridad a peatones y ciclistas, muchos de los siniestros viales se dan en cruces de las avenidas, donde la velocidad es uno de los principales factores"".
JL
Lee También
Recibe las últimas noticias en tu e-mail
Todo lo que necesitas saber para comenzar tu día
Registrarse implica aceptar los Términos y Condiciones"
257,NTR Guadalajara,01-25-22,Mueren 84 ciclistas en accidentes en la ZMG en cinco años,trafilatura,trafilatura,2578,0.28,https://www.ntrguadalajara.com/post.php?id_nota=177409,,"De 2015 a 2020, murieron 84 ciclistas en accidentes viales en seis municipios del Área Metropolitana de Guadalajara (AMG), de acuerdo con datos del Mapa de Siniestralidad en Jalisco, presentado este martes.
La herramienta desarrollada por el Instituto de Información Estadística y Geográfica del Estado (IIEG) recoge información de distintas fuentes oficiales.
Según su base de datos, en ese período hubo accidentes fatales para ciclistas en 65 intersecciones en 84 disantos hechos viales en los que estuvo involucrada una bicicleta. Los muertos fueron el conductor, el pasajero o un peatón y, adicionalmente, hubo ocho personas que sobrevivieron con lesiones.
Saúl Alveano Aguerrebere, coordinador del Sistema Seguro en la Secretaría de Transporte (Setran), acotó que con la herramienta se pueden determinar algunos puntos críticos de accidentes viales, considerados blackspots, por su reiterada incidencia de accidentes.
Las muertes y lesiones están asociadas a factores de riesgo ya conocidos que se deben gestionar para prevenir. La detección de los blackspots permitiría determinar puntos donde no han ocurrido accidentes de manera azarosa, sino por algún factor que se presenta reiteradamente, para realizar modificaciones desde las instituciones de gobierno.
""Queríamos que esta herramienta fuera útil, principalmente a los tomadores de decisión, no generar una plataforma nada más por tener y decir ""sabes qué, ya tenemos un check, una palomita en esto de tener una plataforma"". Queríamos que esto realmente guiara a los tomadores de decisión y fueran mucho más estratégicos con las acciones que se realizan al nivel geográfico"", explicó el funcionario.
Justificó que no se mapearon todos los siniestros porque los que resultan con personas heridas y lesionadas guardan una dependencia espacial y siguen patrones de agrupación, a diferencia de los que solamente resultan en daños a vehículos, de acuerdo con datos del Foro Internacional de Transporte.
""Las muertes y lesiones en estos sitios pueden y deben prevenirse. Por eso es que estamos generando esta plataforma, para que se reproduzcan estrategias muy específicas. El mapeo de siniestros con daños materiales no necesariamente está adecuados con la aparición de muertes y lesiones, son eventos azarosos y existe un gran subregistro"", abundó.
La herramienta está disponible en la liga https://iieg.gob.mx/
Permite desagregar la información por datos de vehículo, características de la víctima y de los involucrados como sexo y edad, así como el día de la semana y el horario en que se produjeron los accidentes.
EH"
258,Trafico ZMG,01-21-22,Ciclovía de Javier Mina aún no está decidida: Pablo Lemus,trafilatura,trafilatura,1254,0.25,https://traficozmg.com/2022/01/ciclovia-de-javier-mina-aun-no-esta-decidida-pablo-lemus/?fbclid=IwAR3QvVRQnSmx1xhOPxwQ1SAD25-gN17vBkCpD92XCGkMvxzMSi98liSIFLk,,"Ciclovía de Javier Mina aún no está decidida: Pablo Lemus
La ciclovía de Javier Mina en Guadalajara todavía no está decidida pero sí se encuentra dentro del programa de ""movilidad no motorizada"" que presentó el Instituto Metropolitano de Planeación (IMEPLAN), así lo indicó el alcalde tapatío, Pablo Lemus Navarro.
El primer edil invitó a las y los vecinos a que mantengan la calma pues todavía se está evaluando que se va hacer durante este 2022.
""Si habrá construcción de 25 kilómetros de ciclovía para este año, eso es definitivo, sin embargo se trabaja con el gobierno del estado para definir si se hace ciclovía de Javier Mina, o bien por Enrique Díaz de León, la continuación de 16 de septiembre hasta la antigua estación de trenes, pero todavía no hay nada decidido"".
Lemus Navarro destacó que el gobierno municipal presentó un paquete de 15 obras; la inversión para estas durante el presente año y podrían alcanzar los 200 millones de pesos.
Lo anterior fue dicho luego de la entrega de obra e intervención artística y rehabilitación del Parque Hundido, en la colonia Jardines del Country, tercera sección en dónde se invirtieron casi 550 mil pesos.
Isela Ibarra
Te puede interesar: Brigadistas de Jalisco se preparan para la temporada de estiaje"
261,El Informador,01-13-22,Proyectan ciclovía en Javier Mina de Presa Laurel a la Calzada,trafilatura,trafilatura,2443,0.56,https://www.informador.mx/jalisco/Proyectan-ciclovia-en-Javier-Mina-de-Presa-Laurel-a-la-Calzada-20220113-0094.html,,"Proyectan ciclovía en Javier Mina de Presa Laurel a la Calzada
También se contempla el mantenimiento de la red de ciclovías ya existente en Guadalajara y la habilitación de cinco cruceros seguros
El alcalde Pablo Lemus Navarro presentó su cartera de proyectos para 2022 ante integrantes de la Cámara de la Industria de la Construcción. ESPECIAL
Como parte de las obras del Ayuntamiento de Guadalajara para este año, se proyecta una ciclovía en la Avenida Javier Mina, de Presa Laurel a la Calzada Independencia (7.36 k.m), pese a que a finales del año el alcalde, Pablo Lemus Navarro, anticipó que tenían dos contempladas en la zona oriente de la ciudad.
Lemus Navarro añadió que también se contempla el mantenimiento de la red de ciclovías ya existente en la ciudad y la habilitación de cinco cruceros seguros, durante la presentación de su cartera de proyectos para 2022 ante integrantes de la Cámara de la Industria de la Construcción.
El plan también contempla reforzar la infraestructura educativa y los espacios de convivencia social, aseguró el alcalde.
En diciembre, el edil también afirmó que tenía un plan para intervenir el entorno del Parque Agua Azul, lo cual incluía una ciclovía para continuar la de Paseo Alcalde y conectarla hasta avenida Circunvalación, aunque en el plan solo contempla la construcción de una Colmena dentro del lugar.
Para este año se tienen presupuestados mil 092 millones de pesos para infraestructura y obra pública, en proyectos como la construcción de Colmenas, la renovación de vialidades principalmente en el oriente de la ciudad, remodelación de planteles con el programa Escuelas con Estrella, unidades deportivas y acciones preventivas para el temporal de lluvias, entre otras.
Otras de las obras de intervención que se realizarán son la unidad Cruz Verde Ruiz Sánchez, las nuevas oficinas de atención y recaudadora en el sótano de Plaza Guadalajara, las estaciones de bomberos 1 y 4, el Centro de Control Animal, las academias municipales 30 y 36 y la sede de la Dirección de Obras Públicas será un edificio cero carbono.
El mandatario municipal destacó que lo presupuestado es sólo de recurso municipal, ""es decir, crecimos el presupuesto de obra pública de un ejercicio a otro en 225 por ciento"".
JM
Lee También
Recibe las últimas noticias en tu e-mail
Todo lo que necesitas saber para comenzar tu día
Registrarse implica aceptar los Términos y Condiciones"
262,Tribuna Bahia,01-07-22,Denuncian abandono de ciclovía en Avenida de Los Poetas,trafilatura,trafilatura,1655,1.82,https://tribunadelabahia.com.mx/denuncian-abandono-de-ciclovia-52048/,,"Denuncian abandono de ciclovía en Avenida de Los Poetas
La Avenida de Los Poetas, se encuentra abandonada y poco a poco se deteriora, pues el Gobierno del Estado la dejó incompleta, sin banquetas, con la ciclovía mal diseñada, llena de tierra y saturada de concreto que tiran los camiones tipo trompo, que derraman sus desechos sin control.
Luego de que se terminara esta importante vialidad, no ha recibido ningún tipo de mantenimiento, exceptuando la instalación de lámparas en el tramo de la Avenida México y calle Oporto, en el Fraccionamiento Lisboa que duró por más de un año a oscuras.
En el caso de la ciclovía, en la parte que corresponde a la colonia 12 de Octubre, es la peor parte de esta línea de seguridad para los usuarios, que incluso usan como área peatonal, debido a que solo hay una posibilidad de caminar por la estrecha banqueta saturada de estorbos.
Dicho carril es el más descuidado por las autoridades, ya que tiene un nulo mantenimiento y de limpieza ni hablar. Desde el machuelo, hasta los topes de plástico, hay todo tipo de basura, gravilla, tierra y cemento que dejan a su paso los camiones tipo revolvedoras, que no tienen la responsabilidad de limpiar el cochinero que van dejando a su paso por las calles y avenidas de la ciudad.
Por si fuera poco, en el espacio que está destinado para las banquetas, se observa que la maleza se ha apoderado de dicho lugar sin ningún control, ya que estos no forman parte de la programación de limpieza de espacios públicos de la ciudad, que en general estos trabajos se realizan en céntricas avenidas. No obstante, las de la periferia y de zonas marginadas, quedan sin atención por años."
1,Reporte indigo,12-23-22,"Bicicleta Blanca, por una ciudad sin muertes de ciclistas",playwright,playwright,711,3.41,https://www.reporteindigo.com/reporte/bicicleta-blanca-por-una-ciudad-sin-muertes-de-ciclistas/,HTTP 403,"Bicicleta Blanca, por una ciudad sin muertes de ciclistas
Bicicleta Blanca de Guadalajara quiere alcanzar una ciudad donde las muertes de ciclistas dejen de formar parte del escenario cotidiano
En Guadalajara una organización se ocupa de honrar la memoria de los ciclistas que pierden la vida en la ciudad, colocando una ofrenda mortuoria muy peculiar: una bici pintada completamente de blanco
La organización Bicicleta Blanca de Guadalajara está sostenida sobre dos objetivos primordiales: primero, visibilizar todas las muertes de los ciclistas que ocurren en esta Área Metropolitana; y segundo, dejar de existir lo antes posible, esto es, disolverse tan pronto como se pueda para enterrar al colectivo en algún jardín del pasado.
¿Por qué una organización de activistas tendría como uno de sus fines más anhelados la disolución de eso que son? Pues justamente porque lo que se quiere es alcanzar una ciudad donde las muertes de ciclistas dejen de formar parte del escenario cotidiano que ofrecen sus calles; una urbe donde la posibilidad de morir en bicicleta se vuelva tan remota que termine despertando una auténtica indignación cada vez que, por la mala fortuna, se haga realidad.
Ollin Monroy, uno de los integrantes del colectivo, explica cuáles son los orígenes de Bicicleta Blanca, y cuáles son las actividades que realizan para concretar sus metas, incluyendo una que es particularmente potente en el plano simbólico: la colocación de una bici blanca en el sitio exacto donde ha acaecido la muerte de un ciclista.
""Bici Blanca, la acción como tal de colgar una bicicleta pintada de blanco en un lugar donde un ciclista muere, no es una idea original de nosotros; se hace en muchos países del mundo, principalmente en Europa, Estados Unidos y Canadá. Esto empieza en 2009 en Guadalajara, un poco la diferencia que nosotros hemos intentado llevar con el tema es que colgamos el
memorial.
""Pero además de eso llevamos una base de datos desde 2009, desde la primera bici blanca que pusimos, en la que intentamos de cierto modo subsanar esta invisibilización que la autoridad hace al no tener pues datos reales; hay una problemática importante, (…) por ejemplo, como en 2013 me acuerdo más o menos había un subregistro en los datos oficiales como del 80 por ciento"".
Para elaborar este registro independiente sobre los fallecimientos de ciclistas en la metrópoli, comenta Ollin, el colectivo obtiene información de las noticias que les envían las personas
""Por suerte como que ya nos ubican y la gente en cuanto ve algo nos lo manda, o incluso ellos mismos nos dan un 'pitazo' de un accidente que sucedió, aunque no haya salido en medios y nosotros vamos y lo verificamos"".
Además de estas acciones, agrega el activista, intentan hacer trabajo de incidencia para mejorar la situación legal y para pedir que se construya más infraestructura segura.
En una ciudad donde el rey de la calle sigue siendo el automovilista, los fallecimientos de los ciclistas parecían guardar poca relevancia, como si se les considerara polizones en el
uso del espacio público y su infraestructura. Este colectivo se cansó de eso: la muerte de un ciclista no sería más apenas un mal rato que, cuando llega a haber suerte, obtiene alguna pequeña mención perdida en la sección de nota roja de algún diario cualquiera. La bici blanca significa eso.
""Sí, es una visibilización del problema, obviamente también es una especie de honrar la memoria de la persona; como que también a nosotros como ciclistas nos caía muy pesado
ver que nos atropellaran como cucarachas, y que de verdad se olvidaba; no queremos que se olvide. Y también para mantenerlo en la conciencia de la gente, en quienes generan el riesgo que desgraciadamente en la ciudad son principalmente camiones del transporte público, camiones de carga, y queremos que no se les olvide que tienen la vida de mucha gente en sus manos"".
Ofrendas mortuorias de Bicicleta Blanca para el consuelo
Los efectos que pueden suscitar estas ofrendas mortuorias con dos llantas, y los sentimientos que llegan a despertar entre los asistentes en el momento en que son instaladas, fueron destacados por el entrevistado.
""Es muy impresionante, porque hay casos en los que conocemos a las familias y, bueno, pues es una situación muy emotiva, muy dura pero que sentimos que devuelve cierta dignidad a las víctimas. Que puedan estar presentes, que puedan despedirse, que puedan dejar una marca, que pueda haber un punto de demanda de aquí sucedió una injusticia y queremos que se resuelva"" Ollin Monroy, Integrantes de Bicicleta Blanca
""Honrar el recuerdo de la persona y un poco conectarlo con esta tradición mexicana de poner una crucecita con la fecha de la muerte y el nombre de una persona cuando fallece en la calle"".
-Luego de desarrollar durante tantos años este activismo por la seguridad de los ciclistas ¿perciben algún tipo de cambio en la sociedad tapatía en este ámbito?
""Nosotros hacemos un activismo que es muy concretamente medible, y siempre obviamente nos quejamos porque no ha llegado ese mágico objetivo al que aspiramos que es que pase un año sin que se muera un solo ciclista; está chistoso porque para nosotros el mayor objetivo es que el colectivo desaparezca: cuando pasemos un año sin ciclistas muertos nos vamos a disolver. No ha sucedido y, sin embargo, los números tienen una tendencia general a la baja, ya tenemos 13 años llevando este registro y sigue bajando a pesar de que según los últimos estimados el número de ciclistas en Guadalajara se ha cuadruplicado en los últimos cinco años. Aun así sigue habiendo menos muertos que los que había en uno de los peores años, por ejemplo, que fue 2012 que murieron como 35 personas"".
Para poner esta cifra en perspectiva, durante este año 2022 se han registrado 16 fallecimientos de ciclistas y más o menos 35 por ciento mueren por una unidad del transporte público
""Ha ido para abajo este número lo cual es impresionante, y nosotros se lo atribuimos siempre a la construcción de infraestructura. También es un tema de 'seguridad en números', que es otro fenómeno bastante estudiado, en el que mientras más ciclistas va viendo la gente en la calle, los automovilistas empiezan a meterlo en su imaginario, y entonces ya los esperan, de cierto modo ya los ven. (…) Es una lucha en el discurso que va a tomar todavía varias décadas pero sí siento que va entrando; sí siento que no podemos dejar de presionar"", finaliza Ollin."
16,UDGTV,11-25-22,"Por abandono y fallas del servicio, MiBici pierde casi la mitad de usuarios en tres años",playwright,playwright,113,4.77,https://udgtv.com/noticias/por-abandono-y-fallas-mibici-pierde-usuarios/,HTTP 404,"Por abandono y fallas del servicio, MiBici pierde casi la mitad de usuarios en tres años
Si eres una de las personas que está a punto de cancelar su suscripción al programa MiBici, no estás solo. La falta de mantenimiento y crecimiento desordenado del programa ha ocasionado que, en los últimos tres años, el sistema de bicicleta pública haya perdido más del 40% de los usuarios.
De acuerdo con información solicitada vía Ley de Transparencia, el programa vivió su mejor momento en el ocaso del sexenio anterior. Durante 2019 se tenían 29 mil 488 personas
registradas y con una cuenta activa; es decir, que automáticamente les descontaban la anualidad de 365 pesos que se cobraba entonces.
Una pandemia después y la falta de mantenimiento y crecimiento del proyecto han ocasionado que, paulatinamente, 12 mil 146 personas hayan dejado de pagar esa anualidad. Una anualidad que, además, se incrementó a 443 pesos y que seguirá subiendo en 2023, pues el presupuesto aprobado para el siguiente año considera un cobro de 457 pesos por el servicio.
Si en cinco años la inflación subió 20 por ciento, en MiBici el cobro aumentó en 25 puntos porcentuales. Pero los números son sólo eso. Los usuarios son quienes califican su experiencia actual al utilizar ese servicio que gozó de muy buenas críticas durante sus primeros años en función.
""Lo malo aquí es que a veces llegas y el mantenimiento no está bueno. Cuando le pedaleas, las llantas están bajas. Y a veces están muy descuidadas"", dijo Jaime Solís, a quien se le vio descender de una de las bicicletas en la estación ubicada en la calle Morelos y Avenida Federalismo.
""Sí haría falta un poco más de seguridad o una cámara, para que vean quién les provoca daños a las bicicletas"".
Por su parte, Aletia García mencionó que ""estaría bien que se agregaran más puertos en algunas calles en donde no hay; es complicado porque tienes que depender de la aplicación en lugares donde no conoces o donde no ubicas, pues llegas por azar"".
Específicamente, esta usuaria se refiere a la falta de crecimiento. De acuerdo con la Agencia de Infraestructura de Movilidad, en los últimos tres años no ha habido inversión para la compra de más unidades. La última vez que se compraron bicicletas fue en 2019: 479 bicis, por un monto de 756 mil 566 dólares; es decir, cada una costó mil 580 dólares.
Así, las cifras y la experiencia de los usuarios confirman que el programa que se convirtió en un emblema para impulsar la movilidad no motorizada, paulatinamente ha sufrido de
abandono. Y las consecuencias hoy no sólo se advierten en la condición que guardan las unidades, sino en el éxodo de los usuarios que, de plano, decidieron dejar de pedalear."
7,UDGTV,12-06-22,Limpieza de la ciclovia de Santa Elena,playwright,playwright,113,4.65,https://udgtv.com/radio/limpieza-la-ciclovia-santa-elena/,HTTP 404,"""La Dirección de Aseo Público en Lagos de Moreno realizó labres de limpieza en la ciclovía de Santa Elena, el titular Alberto Reyes Pérez detalló que constantemente se da mantenimiento en este lugar ya que es un lugar en el que acuden los ciudadanos a hacer ejercicio.
El Director comentó que la cuadrilla de limpieza retiró maleza y se dio una sopleteada para quitar la tierra que se junta en la ciclovia siendo esta una de las avenidas que se tienen programadas por la dependencia: ""Dividimos las cuadrillas en 12 gentes y se programa el que acudan a las distintas labores que se tienen, la ciclovia se programa cada 15 días y es parte de nuestra programación""
Además, detalló que es una de las avenidas en las que menos basura se genera sin embrago se acude a retirar la tierra que se acumula o a realizar el respectivo corte de maleza."""
39,Milenio,10-18-22,Ciclovías son necesarias para seguridad de ciclistas; colectivo Bici Blanca a manifestantes,error,error,0,1.95,https://www.milenio.com/politica/comunidad/bici-blanca-ciclovias-necesarias-seguridad-ciclistas,HTTP 403,"Ciclovías son necesarias para seguridad de ciclistas; colectivo Bici Blanca a manifestantes
El colectivo señaló que hay motivaciones políticas detrás de la oposición a la ciclovía por parte de algunos habitantes de avenida Guadalupe.
Las ciclovías no generan tráfico y son necesarias para la seguridad de aquellos que se mueven por la ciudad en bicicleta, aseguró el colectivo Bici Blanca, tras la manifestación de habitantes de avenida Guadalupe en Zapopan que se oponen a dicha infraestructura.
""Lo que genera tráfico es la excesiva cantidad de automóviles privados, recordemos que un automóvil en promedio en la ciudad de Guadalajara lleva 1.2 personas solamente y utiliza por lo menos 9 metros cuadrados de espacio público"", detalló Ollin Monroy, integrante del colectivo Bici Blanca.
El colectivo señaló que hay motivaciones políticas detrás de la oposición a la ciclovía por parte de algunos habitantes de avenida Guadalupe.
""Mediante esta oposición irracional a la ciclovía de Guadalupe no dejan de repetir los mismos argumentos, pero existen razones políticas detrás"", señaló.
Ollin Monroy, comentó además que las ciclovías son un derecho de movilidad que tienen todos los ciudadanos.
""Tienen una visión sesgada de los derechos y privilegios que tienen, la gente de los cotos no es dueña de la avenida, ellos no deciden que se usa o qué no se usa y cómo se distribuye el espacio"", dijo.
Bici Blanca destacó, una solución al tráfico que se genera es que los fraccionamientos ubicados sobre avenida Guadalupe opten por tener más salidas hacía otras avenidas.
""Deciden vivir en cotos privados que no se conectan al resto de las calles y luego se quejan porque tienen una sola salida. Invitamos a esta gente a que se den cuenta que
todos los que usamos la ciudad tenemos derechos sobre estas calles, que existen todos los estudios necesarios para y justificar la instalación de esta ciclovía y que intenten integrarse con el resto de la ciudad en vez de querer seguir teniendo privilegios que pues ya no se les van a respetar"", aseveró.
De acuerdo con el colectivo, en lo que va de 2022 han muerto 12 ciclistas en percances viales, relacionados con no transitar por una ciclovía, ante la inexistencia de la misma."
64,Milenio,09-19-22,En 14 años se han construido más de 250 kilómetros de ciclovía en el AMG,error,error,0,2.2,https://www.milenio.com/politica/comunidad/amg-14-anos-construido-250-kilometros-ciclovia,HTTP 403,"""En 14 años se han construido más de 250 kilómetros de ciclovía en el AMG
Fue en el 2008 cuando se construyó la primera ciclovía en el Área Metropolitana de Guadalajara, en la Calzada Federalismo, con una longitud aproximada de 8.85 kilómetros  Fue en 2008 cuando se construyó la primera ciclovía en el Área Metropolitana de Guadalajara (AMG), en Calzada Federalismo, con una longitud de 8.85 kilómetros. 14 años después suman 250 kilómetros de ciclovía segregada en la metrópoli, informó el administrador general de la Agencia Metropolitana de Infraestructura para la Movilidad (AMIM), Adrián López.
Cerca de 400 ciclistas por hora utilizan el carril de Bus Bici
""Está regado ahora sí que en toda el área metropolitana. Dentro de las que tienen más uso, es el Paseo Alcalde, pues es de las más recientes, desde 2018, y es la que actualmente se usa más en el área metropolitana de Guadalajara"", dijo.

Enfatizó que se acercan al Plan de movilidad no motorizado de 2009, que hablaba de 500 kilómetros de infraestructura ciclista; cabe destacar que, en el 2020, se añadieron casi 80 kilómetros de ciclovía, derivado del proyecto de Mi Macro Periférico.

""Algo que tiene todavía en puerta y que actualmente se está construyendo es la prolongación de la avenida Federalismo, que es de Circunvalación hasta Atemajac, es un proyecto que trae la SIOP (Secretaría de Infraestructura y Obra Pública) y actualmente se está consolidando"", informó el administrador general de la AMIM.
La agencia metropolitana tiene varias tareas de mantenimiento que incluye limpieza, restitución de señalamiento vertical y horizontal, para que cada una cumpla con las condiciones de seguridad.
Así como integrar y renovar los equipos que tienen que ver con la segregación de los espacios, es decir, delineadores de plástico, bolardos, entre otros. Resaltó que la infraestructura tiene que seguir en crecimiento, por eso la mayoría de las veces voltean con la dependencia para crecer el sistema de bicicletas públicas 'Mi Bici', siendo programas que tienen que ir a la par para que los ciclistas puedan transitar en un espacio seguro. Actualmente cuentan con 300 estaciones de Mi Bici Macro Periférico.
""Algo que tiene todavía en puerta y que actualmente se está construyendo es la prolongación de la avenida Federalismo, que es de Circunvalación hasta Atemajac, es un proyecto que trae la SIOP (Secretaría de Infraestructura y Obra Pública) y actualmente se está consolidando"", informó el administrador general de la AMIM.
https://www.milenio.com/politica/comunidad/amg-14-anos-construido-250-kilometros-ciclovia Resaltó que la infraestructura tiene que seguir en crecimiento, por eso la mayoría de las veces voltean con la dependencia para crecer el sistema de bicicletas públicas ""Mi Bici"", siendo programas que tienen que ir a la par para que los ciclistas puedan transitar en un espacio seguro.
Actualmente cuentan con 300 estaciones de Mi Bici en tres municipios: Guadalajara, Zapopan y Tlaquepaque; sin embargo, constantemente está la demanda de usuarios que solicitan un incremento, por lo que trabajarán en el presupuesto del próximo año para aumentar las 3 mil bicicletas que circulan en la ciudad."
