Unnamed: 0,medio,fecha,titulo,nivel,estado,chars,segundos,url_final,error,texto
0,El Occidental,31/12/2023,Reduce afluencia de visitantes a la Vía RecreActiva en el último domingo del 2023,trafilatura,trafilatura,1266,0.64,https://oem.com.mx/eloccidental/local/reduce-afluencia-de-visitantes-a-la-via-recreactiva-en-el-ultimo-domingo-del-2023-13161054,,"Localdomingo, 31 de diciembre de 2023
Los que asistieron suelen realizar alguna actividad física
LOCAL
Las tormentas se desarrollarían en los alrededores del Área Metropolitana de Guadalajara, principalmente hacia el sur y el este.
El legislador morenista detalló que los recursos están destinados además a carreteras, mantenimiento, infraestructura y dar certeza jurídica a inversionistas
Con esta acción que realizaron decenas de familias de empresas tequileras y personal del Gobierno del Estado se plantaron 400 pinos
Mirza Flores acusa a Morena de ""grillar"" y lucrar políticamente con el tema del agua
Destacó que en ese municipio su administración invirtió más de 150 millones de pesos en el periodo 2025-2026 en obras de alto impacto para sus habitantes
El delito por el que fue denunciado Eduardo N, es por acoso sexual
El señalado es también líder del Sindicato de Trabajadores al Servicio del Estado y sus Municipios en el Sistema DIF Jalisco y Sistemas DIF Municipales
El nivel de preparatoria es en donde se focaliza el mayor número de casos, el segundo lugar es el de nivel secundaria
La víctima está protegida y hasta el momento se desconoce su identidad
Inició operaciones el 12 de septiembre de 2020 y actualmente lo utilizan 183 mil pasajeros al día"
1,Lider 919,29/12/2023,Piden 24 colectivos al ayuntamiento de Zapopan continuar proyecto de remodelación de la avenida Copérnico,trafilatura,trafilatura,5100,0.49,https://lider919.com/piden-24-colectivos-al-ayuntamiento-de-zapopan-continuar-proyecto-de-remodelacion-de-la-avenida-copernico/,,"Este viernes, 24 colectivos emitieron un comunicado para dar su respaldo a la obra de remodelación de la avenida Copérnico, en Zapopan.
Entre los firmantes están La red ""Sí A La Ciclovía"". Aseguran que La obra beneficiará a las personas más vulnerables de la movilidad urbana como son las adultas mayores, niños y niñas o personas con alguna discapacidad.
Sostienen que la obra mejorará las banquetas, se construirán rampas en todas las esquinas, se instalará alumbrado público para quienes caminan por la banqueta, lo cual ayudará a mejorar la percepción de seguridad de quienes caminan.
Destacan que además, se construirá una ciclovía y un parque lineal, lo cual aumentará el arbolado en la avenida, ayudará a mitigar la contaminación ambiental y a regular el calor que causa el concreto.
Subrayan que se mejorarán las paradas de transporte público con mobiliario urbano, y se intervendrán cinco cruceros y el entorno a la glorieta, lo cual ayudará a tener mejor seguridad vial.
Agregaron que también se construirán áreas de ascenso y descenso de vehículos de carga así como estacionamiento de vehículos para los negocios locales.
Recordaron que este proyecto ganó el premio nacional de ""Mejores Calles para México"", convocado por el Instituto de Políticas para el Transporte y el Desarrollo (ITDP), para promover el diseño e implementación de proyectos de «calles completas» en el país: calles seguras, cómodas y accesibles para todas las personas sin importar su edad, género, condición de discapacidad ni modo de transporte, en beneficio de la comunidad que vive y usa la avenida, en especial a quienes caminan, usan la bicicleta y el transporte público.
Frente a la inconformidad de un grupo de vecinos al proyecto, plantearon tomar en cuenta los siguientes puntos:
Los argumentos que pretenden mostrar a la ciclovía como una fuente de contaminación o de caos vial son absurdos, como se ha demostrado en vialidades mucho más importantes como lo son Av. México, Niños Héroes o Federalismo. Las calles completas con banquetas seguras, ciclovías y arbolado son, al contrario de lo que dicen, una forma de ordenar el tráfico y dar más opciones de movilidad segura a todas las personas.
Los recursos legales interpuestos por otros grupos opuestos a la construcción de la infraestructura incluyente han resultado invariablemente en derrota, pues no existen argumentos legales reales ni pruebas de que la construcción de ciclovías afecte negativamente a los habitantes de la ciudad. Por ejemplo, la sentencia definitiva del amparo indirecto 1359/2019 que interpusieron contra la ciclovía de Av. Niños Héroes y Av. Guadalupe (Enlace) en la cuál un juez sustenta, con dictámenes periciales, que no asiste a los quejosos ningún interés jurídico al no encontrarse sus intereses particulares por sobre aquellos del medio ambiente, la colectividad y los efectos favorables de la infraestructura incluyente.
En el AMG apenas una tercera parte de las personas son dueñas de un automóvil privado, mientras todas somos o podemos ser peatones, personas con discapacidad, ciclistas o usuarias del transporte público.
Solo sobre el trazo de este proyecto de calle completa han perdido la vida Luis octavio Herrera Carmona el 13 de marzo de 2023 y Mirna Obdulia Zazueta Padilla el 14 de marzo de 2015 mientras se transportaban en bicicleta. Además, según datos del Municipio de Zapopan, en los últimos años han ocurrido 33 siniestros viales causando lesiones a 42 personas. Basta de poner su comodidad sobre nuestra seguridad.
Refieren que la calle es un espacio público cuyo uso y diseño debe obedecer al beneficio colectivo y no solo al de los vecinos de la misma, rechazamos tajantemente la visión excluyente, cortoplacista y egoísta de aquellas personas que se oponen a que la calle empiece a servirnos a todas y todos y no solo a quienes poseen un automóvil.
Exhortaron al presidente municipal interino, Rodrigo Escoto Leal; a Ismael Jáuregui, director de Obras Públicas e Infraestructura de Zapopan a sostener las políticas públicas, proyectos y acciones que se han realizado desde hace ya varias administraciones tanto municipales como del gobierno del estado de Jalisco, donde se prioriza la movilidad no motorizada ""para tener una mejor ciudad, con menos contaminación, que evita muertes y mediante las cuales se busca garantizar que las personas tengan un acceso democrático al espacio público"".
El escrito lo firman las siguientes dos redes de colectivos:
- Red Sí A La Ciclovía
- Red Ciudad Posible
- Los colectivos firmantes son los siguientes:
- GDL en Bici
- Bicicleta Blanca
- Liga Peatonal
- Desde La Calle
- Movilidad ITESO
- Sociedad de Alumnos de Gestión Pública / ITESO
- Programa de radio / En bicicleta
- Programa de Movilidad Urbana / COINCIDE ITESO
- Colegio de profesionistas de la movilidad urbana del estado de Jalisco, A.C. / COMUJ
- Paseo Camaleones
- Rueda Verde
- Barbas Bike
- Bici On
- Rebeldes Bike
- Paz Vial
- Bici 10
- Webones Bike
- Bike Revolución
- Naranja's Bike
- Osos Polares Bike
- Fénix Bike
- Clásicos Bikers
- Ponchados
- Metropolitano en Bici
Elizabeth Rivera Avelar"
2,Canal 44,23/12/2023,Vecinos de Paseos del Sol inconformes por obra vial | Imagen GDL con Fabiola Anaya,trafilatura,trafilatura,221,1.22,https://www.youtube.com/watch?v=rTvICkn_ez8,,"Acerca de
Prensa
Derechos de autor
Comunicarte con nosotros
Creadores
Anunciar
Desarrolladores
Condiciones
Privacidad
Políticas y seguridad
Cómo funciona YouTube
Prueba funciones nuevas
NFL Sunday Ticket
© 2026 Google LLC"
3,NTR Guadalajara,23/12/2023,Habrá Vía RecreActiva el 24 y 31 de diciembre,trafilatura,trafilatura,1166,0.34,https://www.ntrguadalajara.com/post.php?id_nota=207688,,"Como todos los domingos de 2023, este 24 y 31 de diciembre también habrá Vía RecreActiva en Guadalajara.
El Consejo Municipal del Deporte de Guadalajara informó a través de un comunicado que durante la ""temporada vacacional, la Vía Recreactiva se desarrollará de manera habitual el 24 y 31 de diciembre, en un horario de 8 a 14 horas"".
Además, recordó que este paseo tiene la distinción de Vía de Oro de la Red de Ciclovías Recreativas de las Américas, por sus estándares de calidad y buenas prácticas. Este paseo cumplió 19 años de operación y suma 31 kilómetros de longitud conectándose en 2022 con la ruta de Zapopan.
Aparte del paseo ciclista, en la Vía RecreActiva hay 33 actividades diferentes como culturales, musicales y deportivas. ""Tenemos inclusive clases de ajedrez, voleibol, básquetbol en diferentes puntos y tenemos también los paseos guiados"", explicó Albino Galván Martínez, directo general de Comude Guadalajara.
A inicios de diciembre, la Vía RecreActiva celebró mil jornadas.
A los asistentes se les recomienda acudir con prendas abrigadoras debido a las bajas temperaturas, pero también vestir ropa cómoda o deportiva y mantenerse hidratados.
EH"
4,Milenio,21/12/2023,"Suspenden ciclovía en Copérnico, Zapopan por desaprobación de los vecinos",trafilatura,trafilatura,2441,0.43,https://www.milenio.com/politica/comunidad/zapopan-suspenden-ciclovia-copernico-desaprobacion-vecinos,,"Está suspendida hasta nuevo aviso la construcción de una ciclovía y un parque lineal en avenida Copérnico, en la colonia Paseos del Sol en Zapopan, informó el ayuntamiento, esto luego de que desde el 11 de diciembre, habitantes de la colonia han manifestado su rechazo al proyecto pues argumentan que causará más tráfico vehicular en la zona.
Sin embargo, usuarios de transporte público, ciclistas y peatones ven en la obra aspectos favorables.
""Bueno pues a mí me parece un proyecto lo de la ciclovía muy bueno porque el tiempo que he estado aquí he mirado que muchas personas sí se transportan en bicicleta"", dijo Jesica Yarleth, usuaria de transporte público.
""Para los que andan en bicicleta y la gente que lo necesita está muy bien, pero yo he notado que los comerciantes son los que más padecen"", compartió Ana María.
Christian es ciclista y vive sobre avenida Copérnico. Comentó que con la ciclovía sus traslados a la escuela serán más ágiles y seguros.
""Para mí es algo más favorable ya que yo estudio aquí en el CBTIS 38 y para mi venirme aquí en ciclovía y no tenerme que estar pasando por aquí la banqueta es un poco más favorable para nosotros"", comentó Christian Ronaldo, ciclista estudiante, a favor de la ciclovía.
¿Hay afluencia de ciclistas en la zona?
Nuestra cámara captó que sí hay afluencia de ciclistas en avenida Copérnico.
La obra también contempla la construcción de un parque lineal en la parte central de la ciclovía, donde ahora está el camellón, sobre esto, los ciudadanos comentaron que es innecesario y temen se corten los árboles.
Por otro lado, comerciantes de la zona como Antonio, ven pros y contras en el proyecto.
""Sí beneficia a los ciclistas porque sí está peligroso, las glorietas son peligrosas, pero en segundo término sí afecta a los vehículos porque ya recortaron medio carril nomas en el andador y aquí van a recortar la ciclovía"", dijo Antonio Balderrama, comerciante.
El hombre vende tacos al vapor justo en la esquina de Copérnico y Felipe Zetter, lamentó que el ayuntamiento de Zapopan no socializó la obra pues hasta el momento desconoce sí afectará sus ventas.
""Lo primordial hubiera sido que hubieran venido a exponer como iba a quedar la obra, y no nada más así sin decirnos nada"", mencionó Balderrama.
Antonio aseguró que desde la semana pasada no acude personal para laborar en la obra. En el lugar hay escombros, trafitambos y malla, para delimitar el área que ha sido intervenida.
JMH"
5,Telediario,21/12/2023,"Suspenden construcción de ciclovía en avenida Copérnico, Zapopan, por desaprobación de los vecinos",trafilatura,trafilatura,3166,0.41,https://www.telediario.mx/comunidad/construccion-ciclovia-avenida-copernico-zapopan-suspendida,,"Suspenden construcción de ciclovía en avenida Copérnico, Zapopan, por desaprobación de los vecinos
Algunos vecinos afirman estar de acuerdo con la construcción de la ciclovía.
La construcción de una ciclovía y un parque líneal sobre la avenida Nicolás Copérnico, en la colonia Paseos del Sol, del municipio de Zapopan, fue suspendida de acuerdo al ayuntamiento, luego de que el 11 de diciembre, los colonos se manifestaron en contra de este proyecto porque aseguraron que causará más tráfico vehicular en la zona.
No obstante, usuarios del transporte público, ciclistas y peatones están a favor de la construcción de estas obras sobre la avenida, como Jesica Yarleth, quien confirmó que ha visto a muchas personas transportándose en bicicleta por la zona.
""Bueno, pues a mí me parece un proyecto lo de la ciclovía muy bueno porque el tiempo que he estado aquí he mirado que muchas personas sí se transportan en bicicleta"", dijo.
Por su parte, Christian Rolando, un peatón de la zona, vive sobre la avenida y comentó que con la construcción de la ciclovía sus traslados a la escuela serían más ágiles y seguros.
""Para mí es algo más favorable, ya que yo estudio aquí en el CBTIS 38, y para mí venirme aquí en ciclovía y no tenerme que estar pasando por aquí la banqueta es un poco más favorable para nosotros. Tal vez genere un poco más de tráfico pero pues qué podemos hacer"", explicó Christian.
Cabe señalar que la obra también contempla la construcción de un parque lineal en la parte central de la ciclovía, donde ahora está el camellón, sobre esto, los ciudadanos comentaron que es innecesario y temen que se corten los árboles.
Por otro lado, comerciantes de la zona como Antonio Valderrama, ven beneficios y perjuicios sobre la construcción de esta obra.
""Sí beneficia a los ciclistas porque sí está peligroso, las glorietas son peligrosas, pero en segundo término sí afecta a los vehículos porque ya recortaron medio carril nomás en el andador y aquí van a recortar la ciclovía"", dijo Antonio.
Antonio vende tacos al vapor justo en la esquina de Nicolás Copérnico y Felipe Zetter, y lamentó que el ayuntamiento de Zapopan no socializó la obra, ya que hasta ahora no sabe si la construcción afectará sus ventas.
""Lo primordial hubiera sido que hubieran venido a exponer cómo iba a quedar la obra, no nomás así sin decirnos nada"", comentó.
Pero Antonio confirmó que desde la semana pasada no va personal para trabajar en la obra. En el lugar hay escombros, trafitambos y malla para delimitar el área que ha sido intervenida.
- Captan robo de auto a plena luz del día en colonia de Tlaquepaque | Video
- Tiroteo en una universidad deja varios muertos y decenas de heridos en Praga
- Madre de Guadalajara busca a sus 5 hijos desaparecidos: ""estoy buscando hasta debajo de las piedras""
- Mujer se NIEGA a ceder su asiento de avión a un niño que quería sentarse con sus padres | VIDEO
AA
Queda prohibida la reproducción total o parcial del contenido de esta página, mismo que es propiedad de TELEDIARIO; su reproducción no autorizada constituye una infracción y un delito de conformidad con las leyes aplicables."
6,NTR Guadalajara,15/12/2023,Protestan contra ciclovía y obras en Paseos del Sol,trafilatura,trafilatura,1661,0.23,https://www.meganoticias.mx/guadalajara/noticia/protestan-contra-ciclovia-y-obras-en-paseos-del-sol/483837,,"Movilidad
                                                                    
                                                Por:
                                                                    								Héctor Escamilla
                    							 
                    							
Guadalajara
Fecha: 15-12-2023
                                        Guadalajara
Fecha: 15-12-2023
Vecinos de la colonia Paseos del Sol en Zapopan se manifestaron inconformes por las obras en la avenida Enrique Ladrón de Guevara, de Felipe Ruvalcaba al templo del Señor de la Salud, para la construcción de un parque lineal en la avenida y una ciclovía. Acusan que el proyecto reducirá la avenida a dos carriles y eso provocará que se ahorque la circulación de la colonia.
Durante la reunión de vecinos se presentó el director de Obras Públicas, Ismael Jáuregui, quien afirmó que el proyecto no se cancela, pero podrían escucharse propuestas para realizar adecuaciones.
Entre los vecinos hay quienes rechazan rotundamente el proyecto y advierten que no permitirán la construcción y otros que piden no colocar la ciclovía, o eliminar carriles. La ciclovía, mencionan, pudiera ser reubicada en el canal de Santa Catalina o en el mismo camellón central.
Los manifestantes, en su gran mayoría usuarios del automóvil, acusan que se forma un congestionamiento con la avenida tal y como está, pero angostarla provocará muchos más problemas.
Los inconformes con el proyecto adelantaron que recolectarán firmas y recurrirán a medios jurídicos para oponerse a la obra. El proyecto de adecuación de Copérnico eventualmente se pretende llegue desde Mariano Otero hasta la avenida Guadalupe."
7,Telediario,12/12/2023,Cuándo es la rodada navideña organizada por MiBici Pública Guadalajara,trafilatura,trafilatura,2378,0.19,https://www.telediario.mx/comunidad/mibici-publica-en-guadalajara-tendra-una-rodada-navidena,,"Cuándo es la rodada navideña organizada por MiBici Pública Guadalajara
La rodada será vespertina y se espera la participación de usuarios del servicio y ciclistas.
MiBici Pública ha informado sobre una rodada navideña que tendrán para que los usuarios de este servicio puedan ir y ejercitarse, así como divertirse y pasar un buen rato.
Con el afán de generar activación ciudadana respecto a ejercitarse y transportarse en bicicleta es que estas rodadas se hacen, además que es mucho más seguro para los ciclistas rodar con un grupo.
¿Cuándo es la rodada?
MiBici Pública informó sobre su rodada navideña, que cabe destacar que será vespertina, porque generalmente las rodadas son por las noches o mañanas, sin embargo ahora iniciará en punto de las 16:30 horas.
Esta rodada constará de 15 kilómetros y no solo pueden participar los usuarios de MiBici, pues están invitados todos los ciclistas que se quieran unir y hacer un poco de ejercicio andando por las calles de la ciudad.
La rodada iniciará en Thomás V. Gómez esquina con Avenida Hidalgo y se realizará el sábado 16 de diciembre, en donde se invita a los usuarios de MiBici y a los ciclistas que si pueden, llevar una vestimenta navideña o vestir su bicicleta con algo alusivo a la navidad, que finalmente de eso se trata esta rodada.
¿Por dónde pasará la ruta?
La ruta que comprenderá de 15 kilómetros por las calles de Guadalajara pasará por Av. Hidalgo, Federalismo y Av. Vallarta en la que si los ciclistas interesados no se pueden unir desde el principio, se podrán incorporar por alguno de estos puntos donde pasarán las bicicletas.
De acuerdo a los encargados, se pasará por algunos puntos de MiBici en los que se puede dejar la bicicleta y tomar una nueva, pues cabe recordar que las bicicletas de MiBici se pueden usar un máximo de 40 minutos para poder dejar en una estación y tomar otra.
Por otra parte, también se informó que MiBici prestará 20 bicicletas únicamente a usuarios, mismas que no será necesario que se carguen en puntos, pues podrán utilizarse durante todo el trayecto, aunque se pasen de los 40 minutos reglamentarios.
MQ
Queda prohibida la reproducción total o parcial del contenido de esta página, mismo que es propiedad de TELEDIARIO; su reproducción no autorizada constituye una infracción y un delito de conformidad con las leyes aplicables."
8,Milenio,11/12/2023,Vecinos de Zapopan se oponen a construcción de ciclovía en avenida Copérnico,trafilatura,trafilatura,2493,0.31,https://www.milenio.com/politica/comunidad/ciclovia-zapopan-vecinos-paseos-sol-oponen-obras,,"Vecinos de las diferentes secciones de la colonia Paseos del Sol en el municipio de Zapopan, manifestaron su inconformidad por el inicio de obras de construcción de una ciclovía que se pretende hacer sobre avenida Copérnico, los colonos denunciaron que el gobierno municipal no socializó los trabajos, además temen que los árboles que tienen más de 40 años sean derribados para esta obra.
""Se me hace una tontería que quieran poner un área recreativa en medio en el camellón, cuando esos árboles tienen más de 40 años, yo creo que deberíamos hablar a ambiente, para que valoren si realmente merecen quitarlos y poner una recreativa, cuando las familias ni van a los parques cuando es una colonia llena de parques"", detalló Isabel Ztter, representante vecinal.
Además del impacto ambiental, los habitantes de Paseos del Sol, advirtieron que en horas pico, la avenida Copérnico se convierte en un estacionamiento de autos, lo que además generará más contaminación, por lo que pidieron al Gobierno Municipal frenar estos trabajos.
""No queremos que se convierta esta avenida en un caos vehicular, como se convirtió la recién inaugurada obra de la calle Felipe Ruvalcaba, solo basta con que a gente vea que, en Felipe Ruvalcaba, para cruzar el semáforo en su reducción tengamos filas hasta de tres cuadras"", puntualizó Francisco Peredo, representante vecinal.
De acuerdo con la información que ha compartido el Gobierno Municipal, el ayuntamiento gastará 23 millones de pesos y en una primera etapa será de 700 metros sobre avenida Copérnico entre la avenida Felipe Ruvalcaba, hasta la calle Óscar Quintero, a la altura de la parroquia de El Señor de la Salud.
¿Cómo realizar una denuncia ambiental?
- 1.- En la página: https://bit.ly/2X4r7kM
- 2.- Llamando a la Lada sin costo: 01800 PROFEPA (01 800 776 33 72)
- 3.- También puedes escribir a denuncias@profepa.gob.mx proporcionando los siguientes datos:
B) Señalar la problemática a denunciar.
C) Señalar con la mayor precisión posible los datos que permitan localizar al presunto infractor (es) o la fuente contaminante, incluso fotografías o documentos.
D) Puedes solicitar que guardemos el secreto de tu identidad.
E) También puedes solicitar que te notifiquemos a tu cuenta de correo electrónico.
- 4.- La denuncia también la puedes realizar directamente en los módulos de atención ciudadana ubicados en cada estado o en el Distrito Federal. Ingresa a https://bit.ly/2X4r7kM para conocer los teléfonos de tu delegación PROFEPA más cercana.
MC"
9,Lider 919,09/12/2023,Zapopan gastará 11 mil 545 MDP en 2024,trafilatura,trafilatura,1769,0.23,https://lider919.com/zapopan-gastara-de-11-mil-545-millones-de-pesos-en-2024/,,"Con los votos en contra de Morena y Futuro, el Ayuntamiento de Zapopan autorizó su presupuesto de egresos para 2024; por un monto de 11 mil 545 millones de pesos.
El regidor morenista, Alejandro Puerto Covarrubias, sostuvo que la proyección de gasto no refleja las necesidades del municipio y puso como ejemplo que se incremente el gasto en consultorías y no consideran apoyos al campo.
""No podemos respaldar un presupuesto que carece de la transparencia necesaria, no atiende las carencias reales y no prioriza el bienestar y que en cambio castiga más a quienes menos tienen. Siendo honestos después de haber perdido 300 millones de pesos en una operación financiera tan opaca y sospechosa como es la trama Accendo esta administración carece de autoridad moral en la materia"", argumentó.
La regidora de Futuro, Ana Luisa Ramírez cuestionó la falta de perspectiva de género en el presupuesto y el aumento en el gasto en combustibles; por su parte al morenista Karla Díaz López advirtió una reducción a la dirección de aseo público. El regidor de Morena, Alberto Uribe, recriminó en el incremento en programas sociales como mochilas y uniformes, dijo que hay riesgo les den uso electoral.
En la contraparte, el encargado de despacho de la presidencia municipal, Rodrigo Manuel Escoto Leal, defendió el presupuesto aprobado que calificó como histórico y centrado en las necesidades del municipio.
A obra pública se etiquetaron mil 193 millones de pesos con proyectos con la Cruz Verde Sur, el Centro Cultural Miramar, el Museo en la presidencia municipal, el Parque Arqueológico El Ixtépete; entre otros. Además, hay fondos para continuar con las obras en la ciclovía de Avenida Copérnico, repavimentación de avenida Santa Margarita y concreto hidráulico en Pablo Neruda."
10,Trafico ZMG,08/12/2023,Se iguala cifra de 2022 de ciclistas fallecidos ,trafilatura,trafilatura,1533,0.97,https://traficozmg.com/2023/12/se-iguala-cifra-de-2022-de-ciclistas-fallecidos-en-la-zmg/,,"Se Iguala cifra de 2022 de ciclistas fallecidos en la ZMG
En lo que va de este 2023, en la Zona Metropolitana de Guadalajara (ZMG) ya suman 16 los ciclistas que han muerto atropellados en diferentes puntos de la metrópoli. La cifra podría superar al año anterior, toda vez que a poco menos de un mes de que concluya el año, el número total ya igualó al registrado el año anterior.
De acuerdo con datos y estadísticas publicadas por el colectivo Bicicleta Blanca, Zapopan y Guadalajara son los dos municipios con mayor número de ciclistas muertos a causa de atropellamiento, con un total de cinco muertes cada uno. En el segundo puesto se ubica Tlaquepaque con cuatro decesos.
En 2022 la cifra de personas ciclistas que murieron por esta causa llegó a 16. En este año el caso más reciente ocurrió apenas ayer sobre la avenida Juan Gil Preciado al cruce con la calle El Tigre, donde un hombre de 40 años que viajaba a bordo de su bici fue arrollado por las llantas de un vehículo de carga pesada.
Te puede interesar: Cacharon a servidor público tapatío pidiendo ""mordida""
Los casos de ciclistas muertos en la metrópoli no solo se mantienen, sino que han mostrado una tendencia al alza. Según las estadísticas del colectivo, 2020 cerró con 13 muertes, 2021 con 15, y 2022 con 16.
Desde diciembre de 2018 hasta lo que va de este año, en la ZMG han muerto atropellados un total de 80 ciclistas, mientras que de 2009 a la fecha, ya son 314 deceso de esta índole.
Abraham Maciel
Nota Relacionada: Busca la justicia a ex presidente del Atlas"
11,Mural,05/12/2023,Presumen expansión de MiBici,trafilatura,trafilatura,420,0.9,https://www.mural.com.mx/presumen-expansion-de-mibici/ar2721632,,"COMUNIDAD
01 MIN 00 SEG
Martín Aquino
Guadalajara, México (05 diciembre 2023) .-05:00 hrs
La Agencia de Infraestructura para la Movilidad reportó ante el Congreso que MiBici se encuentra en expansión. Crédito: Archivo
La Agencia de Infraestructura para la Movilidad del Área Metropolitana de Guadalajara (AMIM), reportó ante el Congreso de Jalisco que el proyecto de bicicletas públicas MiBici se encuentra en expansión."
12,NTR Guadalajara,04/12/2023,Van 15 ciclistas muertos en 2023,trafilatura,trafilatura,2067,0.23,https://www.ntrguadalajara.com/post.php?id_nota=206792,,"La organización Bici Blanca documentó que en este año han muerto 15 ciclistas durante siniestros viales en el Área Metropolitana de Guadalajara (AMG). En el sexenio del gobernador Enrique Alfaro Ramírez suman 79.
A través de la plataforma bicicletablanca.org, la agrupación documenta cada uno de los siniestros que derivan en víctimas mortales de ciclistas. El último ocurrió el 22 de noviembre en el cruce entre la calzada González Gallo y Río San Juan de Dios, en Guadalajara. La víctima fue un varón.
En cuanto a la primera muerte de este año, ocurrió el 19 de enero, cuando un hombre falleció en el cruce entre De las Rosas y Juan de la Barrera, en la colonia El Vergel, en Tlaquepaque.
De las 15 víctimas de 2023, 14 eran del sexo masculino y la restante, femenino; la mayoría era mayor de 40 años de edad. Además, sólo una fue identificada por la organización.
Además de la colonia El Vergel, también hubo siniestros con decesos en la Buenos Aires, Ciudad Universitaria, Colli Urbano, Bosques del Centinela, Oblatos, Jalisco, Villa de los Belenes, La Duraznera, Americana, San Juan de Ocotán y Paseos del Sol.
Los datos de la organización muestran que 14 de las personas fallecidas murieron atropelladas y una más, por caída provocada. En cinco de los casos estuvo involucrado un auto particular; en tres, el transporte público; en dos, un camión de carga; en uno, una motocicleta y una camioneta particular; mientras que en otro no se pudo identificar y en tres más, otro tipo de vehículo.
Quienes forman parte de la organización emprendieron la acción de colocar bicicletas blancas en la mayoría de los sitios de siniestros viales con víctimas fatales como una acción de protesta ante las muertes de ciclistas.
""Una bicicleta blanca marca el punto donde un ciclista murió atropellado por un vehículo motorizado. Las colgamos para visiblizar la alarmante frecuencia con la que a los ciclistas, peatones y otros usuarios vulnerables nos arrebata la vida la irresponsabilidad de automovilistas, dueños de camiones y gobiernos omisos"", describe en su portal.
jl/I"
13,El Occidental,04/12/2023,Se espera un mejoramiento del programa 'MiBici',trafilatura,trafilatura,1270,0.41,https://oem.com.mx/eloccidental/local/se-espera-un-mejoramiento-del-programa-mibici-13160644,,"Localdomingo, 3 de diciembre de 2023
La bicicleta es un modelo de transporte eficiente y sustentable
LOCAL
Las tormentas se desarrollarían en los alrededores del Área Metropolitana de Guadalajara, principalmente hacia el sur y el este.
El legislador morenista detalló que los recursos están destinados además a carreteras, mantenimiento, infraestructura y dar certeza jurídica a inversionistas
Con esta acción que realizaron decenas de familias de empresas tequileras y personal del Gobierno del Estado se plantaron 400 pinos
Mirza Flores acusa a Morena de ""grillar"" y lucrar políticamente con el tema del agua
Destacó que en ese municipio su administración invirtió más de 150 millones de pesos en el periodo 2025-2026 en obras de alto impacto para sus habitantes
El delito por el que fue denunciado Eduardo N, es por acoso sexual
El señalado es también líder del Sindicato de Trabajadores al Servicio del Estado y sus Municipios en el Sistema DIF Jalisco y Sistemas DIF Municipales
El nivel de preparatoria es en donde se focaliza el mayor número de casos, el segundo lugar es el de nivel secundaria
La víctima está protegida y hasta el momento se desconoce su identidad
Inició operaciones el 12 de septiembre de 2020 y actualmente lo utilizan 183 mil pasajeros al día"
14,Canal 44,04/12/2023,La avenida Copérnico será beneficiada por una ciclovía | Imagen GDL con Fabiola Anaya,trafilatura,trafilatura,221,0.94,https://www.youtube.com/watch?v=inupHxlgeYU,,"Acerca de
Prensa
Derechos de autor
Comunicarte con nosotros
Creadores
Anunciar
Desarrolladores
Condiciones
Privacidad
Políticas y seguridad
Cómo funciona YouTube
Prueba funciones nuevas
NFL Sunday Ticket
© 2026 Google LLC"
15,Milenio,03/12/2023,Vía Recreactiva cumple 19 años y le entregan distintivo de oro en Guadalajara,trafilatura,trafilatura,2159,0.32,https://www.milenio.com/politica/comunidad/guadalajara-via-recreactiva-cumple-19-anos,,"La vía RecreActiva celebró 19 años en el Área Metropolitana de Guadalajara y mil jornadas.
""Es muy significativo saber que en Guadalajara estamos siendo el ejemplo para todo el país y por supuesto más allá de nuestras fronteras de lo que es un proyecto exitoso, mil jornadas se dicen fácil, pero atrás de esto hay millones de personas que han disfrutado este proyecto y que también tenemos lo más poderoso un mensaje a todas las ciudades y a todo el mundo que siempre por encima de todo debemos tener y dar el privilegio a las y los ciudadanos"", dijo Francisco Ramírez Salcido, presidente municipal interino de Guadalajara.
¿Cuántos kilómetros mide la Vía Recreactiva en Guadalajara?
Ramírez Salcido destacó que la vía RecreActiva cuenta con 31 kilómetros de distancia, se implementa con la labor de 110 elementos operativos y 700 prestadores de servicio social.
""Aquí en Guadalajara es lo que demostramos qué debemos de dejar a los coches, a los automóviles a un lado, igualmente son nuestras herramientas, pero lo más importante es su gente"", comentó.
????Celebramos mil jornadas de nuestra querida Vía RecreActiva. Este domingo 3 de diciembre la Vía RecreActiva Gdl????
????Felicitaciones a nuestra querida Vía RecreActiva en sus 1000 jornadas ????#CampeonesPorTradicion#SoyComudeGdl
Para más información ➡️ https://t.co/DxLlanFMcK pic.twitter.com/NttewAqVi3
Entregan distintivo de etiqueta de oro a la Vía Recreactiva
Cabe señalar que fue entregado el distintivo etiqueta de oro por parte de Gabriel Michael Estrada, quien es secretario de la red de ciclovías de las Américas.
Tras la entrega del reconocimiento en el evento Earth Army se llevó a cabo un concierto gratuito en la glorieta de la Minerva, donde se congregaron cientos de personas asistentes a la vía RecreActiva.
¿Cuándo fue la primera vez que se abrió la Vía Recreactiva en Guadalajara?
Fue el 12 de septiembre de 2004 cuando los tapatíos pudieron ser partícipes por primera vez de la Vía Recreactiva en Guadalajara, aquella ocasión se dieron cita más de 30 mil personas. Actualmente se reciben cuatro veces más la cantidad de gente que acude a la Vía Recreactiva durante los domingos.
JMH"
16,Meganoticias,02/12/2023,El sistema de transporte MiBici cumple 9 años,trafilatura,trafilatura,1225,0.19,https://www.meganoticias.mx/guadalajara/noticia/el-sistema-de-transporte-mibici-cumple-9-anos/480902,,"Movilidad
                                                                    
                                                Por:
                                                                    								Israel Rangel
                    							 
                    							
Guadalajara
Fecha: 02-12-2023
                                        Guadalajara
Fecha: 02-12-2023
El programa Mi Bici cumple su noveno aniversario, por ello el gobernador de Jalisco, Enrique Alfaro, destacó el crecimiento de esta obra de movilidad en el Estado.
""Mi Bici cumple 9 años y nos llena de orgullo poder decir que, a esta apuesta de movilidad y resiliencia, le hemos entrado como pocos. Para darte una idea: pasamos de tener 116 estaciones y 1,276 bicis en 2014 a 360 estaciones y casi 4 mil bicis en este 2023"".
""Imagínate, ya van más de 26 millones de viajes hechos por más de 150 mil usuarios y no es casualidad. Tan solo este año le entramos con más de 197.6 mdp para su ampliación y mantenimiento para garantizar que Mi Bici se quede por muchos años más"", detalló el mandatario estatal a través de sus redes sociales.
Felicito a la Agencia Metropolitana de Infraestructura para la Movilidad del AMG y al Imeplanpor su compromiso."
17,Notisistema,30/11/2023,Confirman que avenida Copérnico tendrá ciclovía,trafilatura,trafilatura,938,0.29,https://www.notisistema.com/noticias/confirman-que-avenida-copernico-tendra-ciclovia/,,"El Ayuntamiento de Zapopan instalará una ciclovía en la avenida Copérnico aprovechando que inició la remodelación de dicha vía, desde la avenida Felipe Ruvalcaba hasta la calle Óscar Quintero, señala el director de Obras Públicas, Ismael Jáuregui.
Asegura que no se eliminará un carril, como piensan algunos vecinos molestos con la obra.
""La ciclovía es un complemento, pero no es que vaya a cambiar la configuración de la avenida Copérnico, sencillamente lo que estamos buscando es eficientar la geometría,  garantizar la conectividad total por banquetas priorizando al peatón, conectar una ciclovía que nos conecte a un proyecto total desde Mariano Otero hasta la avenida Guadalupe"".
Indica que esta ocasión se intervendrán 700 metros lineales, pero la avenida Copérnico es muy larga y existe un proyecto a ejecutarse en varios años.
Esta obra concluye en febrero próximo y se invierten 23 millones de pesos. (Por Claudia Manuela Pérez)"
18,El Informador,29/11/2023,Mejorar la movilidad y hacer ciudades máshumanas: Objetivos de Jalisco en dos ruedas,trafilatura,trafilatura,2239,0.69,https://www.informador.mx/jalisco/Mejorar-la-movilidad-y-hacer-ciudades-mashumanas-Objetivos-de-Jalisco-en-dos-ruedas-20231128-0119.html,,"Mejorar la movilidad y hacer ciudades máshumanas: Objetivos de Jalisco en dos ruedas
Jalisco En Dos Ruedas inaugura su nueva sede
Jesús Casillas destacó que su partido es ""la movilidad urbana sustentable"". FACEBOOK/Jalisco en Dos Ruedas
Con la asistencia de activistas, académicos, legisladores y afiliados, se inauguraron las instalaciones de la asociación Jalisco en dos ruedas, presidida por el ex senador Jesús Casillas, quien destacó los avances que en materia de movilidad se han generando en el país, en especial con las reformas constitucionales que establecen que la movilidad urbana son un derecho humano.
Para hacer efectivo ese derecho, los integrantes de la asociación han establecido las prioridades del organismo, entre las que destacan, incidir en la toma de decisiones en materia de movilidad con opiniones fundadas en elementos de valor y rigor técnico, difundir la cultura vial responsable, y la promoción del uso de la bicicleta como medio transporte inclusivo, sustentable, que genera beneficios a la salud.
Apuntó que el tema de la movilidad es tan sensible que se debe atender con seriedad, alejado de ocurrencias y sesgo político. Por esa razón, y aunque ya no ratificó su afiliación al partido político en el que militaba, dejó en claro que ha decidido renunciar a cualquier forma de activismo político partidista, para trabajar al cien por ciento por una movilidad sustentable.
-  TE PUEDE INTERESAR: Promete Samuel García defender la Denominación de Origen Tequila
Aunque la asociación no tiene afinidad con partido político alguno, afirmó que habría de hacer sinergia y colaborar con actores que establezcan a la movilidad dentro de sus prioridades, sin importar la filiación política de que se trate, pues ""nuestro partido es la movilidad urbana sustentable"".
Entre las labores que realiza figuran la produccion del programa de televisión ""En Dos Ruedas"", que se transmite cada semana en plataformas digitales, con temas relacionados a la movilidad, rodadas ciclistas con causa, cursos y conferencias, entre otras actividades.
YC
Lee También
Recibe las últimas noticias en tu e-mail
Todo lo que necesitas saber para comenzar tu día
Registrarse implica aceptar los Términos y Condiciones"
20,NTR Guadalajara,28/11/2023,"Expansión de MiBici, sólo en 29 colonias",trafilatura,trafilatura,1553,0.37,https://www.ntrguadalajara.com/post.php?id_nota=206510,,"Este año la Agencia Metropolitana de Infraestructura para la Movilidad (AMIM) lleva a cabo la quinta expansión del sistema de MiBici en el Área Metropolitana de Guadalajara (AMG). El proyecto contempla la instalación de 60 estaciones con 772 nuevas unidades, pero sólo en 29 colonias, varias de ellas céntricas.
Algunas de las colonias donde se instalan las nuevas estaciones son Alcalde Barranquitas, Analco, Santuario, Mezquitán, Revolución, Niños Héroes, Jardines Guadalupe, Patria y Tlaquepaque Centro.
Desde el primer semestre de este año se lanzó la licitación internacional para el proyecto y el 22 de mayo se dio el fallo.
Sólo participó una empresa: la canadiense PBSC Urban Solutions INC, misma que desde el inicio del programa ha sido la proveedora.
Las bicicletas más las estaciones y su instalación tuvieron un costo de 3.59 millones de dólares, según el acta de fallo publicada por la AMIM.
Vía transparencia, la agencia informó a NTR que la expansión responde a un incremento de la demanda del servicio. Con 14 mil viajes semanales al cierre de 2022, el sistema tuvo un aumento de 37 por ciento con relación a 2021.
Según la justificación del proyecto, la elección de las 29 colonias se basó en las zonas donde más incremento de demanda se tuvo y en un aumento hacia la zona oriente, lo que incluye la confluencia de calles como Gigantes y Javier Mina.
La ganadora
La empresa canadiense PBSC Urban Solutions INC fue la ganadora de la licitación para la ampliación. Es la misma compañía que se ha elegido desde el inicio del programa.
jl/I"
21,NTR Guadalajara,15/11/2023,Impulsa Biciescuela la Dirección de Movilidad,trafilatura,trafilatura,1062,0.2,https://www.ntrguadalajara.com/post.php?id_nota=205979,,"La Dirección de Movilidad y Transporte de Guadalajara llevó ayer a cabo en la Glorieta La Normal una edición más del proyecto Biciescuela, cuyo fin es que personas mayores de 16 años aprendan a andar en bici.
La coordinadora de Comunicación, Educación y Cultura Vial de la dirección, Mónica Livier, destacó que el proyecto se ha modificado para que más personas sepan usar la bicicleta: ""La primera vez que se implementó comenzó con infancias, pero se ha ido diversificando con las necesidades que detectamos"".
La Biciescuela inició en 2021. En personas adultas comenzó con mujeres y en esta edición por primera vez reunió a hombres y ellas.
""En nuestra primera Biciescuela tuvimos 29 asistentes, en el segundo tuvimos 20 y en este tuvimos 18 personas asistentes y el nivel de las y los que aprenden a andar en bicicleta es de un aproximado del 50 por ciento"", detalló.
El curso incluyó una introducción a buenas prácticas de movilidad y educación vial, así como otra sobre partes de la bici. También consideró una práctica asistida con personal instructor.
jl/I"
22,Mural,15/11/2023,Harán ciclovía en Avenida Copérnico,trafilatura,trafilatura,418,0.87,https://www.mural.com.mx/haran-ciclovia-en-avenida-copernico/ar2711645,,"COMUNIDAD
01 MIN 30 SEG
Maggie Urzúa
Guadalajara, México (16 noviembre 2023) .-05:00 hrs
Una ciclovía se construirá en la Avenida Copérnico-Enrique Ladrón de Guevara, en Paseos del Sol; irá de Mariano Otero a Guadalupe. Crédito: Renee Pérez
Una ciclovía se construirá en la Avenida Copérnico-Enrique Ladrón de Guevara, en la Colonia Paseos del Sol, de Zapopan, y los vecinos piden que sea ágil la ejecución de la obra."
23,Milenio,14/11/2023,Mi Bici Pública crece en cobertura y llegará a 29 colonias,trafilatura,trafilatura,2652,0.3,https://www.milenio.com/politica/comunidad/mi-bici-publica-nuevas-estaciones-y-colonias-que-se-amplia,,"Mi Bici Pública llega a su quinta etapa de ampliación del sistema con obras en avance del 70 por ciento; los trabajos consisten en la construcción de 60 nuevas estaciones, de las cuales ya se tienen 40 y la adquisición de 772 bicicletas con una inversión de 74.2 millones de pesos.
""Es una apuesta de largo plazo que incluye también más de 100 mdp para la operación del sistema, 23 mdp para poder reparar las bicicletas que ya estaban dañadas de las otras etapas y sobre todo la posibilidad de manera eficiente toda la gran apuesta de intermodalidad para que esta estación esté por ejemplo aquí, conectada con la Línea 3 del tren eléctrico, una visión integral de cómo Guadalajara se debe crecer"", indicó el gobernador Enrique Alfaro Ramírez.
Se prevé que con estás acciones MiBici aumentará su cobertura a 29 colonias de la ciudad, un incremento del 20 por ciento de la red en el Área Metropolitana de Guadalajara, focalizado en el crecimiento de la zona oriente.
Se verán beneficiadas colonias como Alcalde Barranquitas, Analco, Jardines Alcalde, Colinas de la Normal, El Real, El Retiro, El Santuario; entre otras.
La renovación del sistema de Mi Bici incluye también más de 100 mdp para la operación y 23 mdp para poder reparar las bicicletas que ya estaban dañadas. Se calcula que este proyecto beneficiará a más de 98 mil personas.
Diariamente se realizan 14 mil viajes con Mi Bici, el 70 por ciento de los usuarios utilizan la bicicleta para moverse al trabajo.
¿Cómo hacer el trámite de suscripción de Mi Bici Pública?
Para la suscripción anual, es necesario contar con tarjeta bancaria de débito o crédito (excepto saldazo y American Express) , una identificación oficial, y llenar el formato de inscripción, todo esto en el Centro de Atención ubicado en avenida Federalismo Sur #403, entre avenida La Paz y Libertad en Guadalajara. Puedes acudir de lunes a viernes en horario de 9:00 a 20:00 horas, sábado de 9:00 a 15:00 horas.
#MiBiciCrece llevamos el 70% de las estaciones instaladas en el AMG.
Esta #5EtapaMiBici se ha enfocado en fortalecer la zona oriente de Guadalajara, generando que más personas puedan realizar viajes intermodales en sus trayectos diarios. pic.twitter.com/XNdcbcdd0f
El costo de la suscripción anual es de $457. Además los menores de 16 y 17 años pueden adquirir una suscripción a su nombre acompañados por padre o tutor.
Ya con tu tarjeta Mi Movilidad dada de alta puede realizar tus viajes de hasta 30 minutos sin costo, sin embargo si te pasas de este límite se cobran tarifas extras como de 30:01 a 60 minutos se cobran 27 pesos a tu tarjeta, luego de 60:01 en adelante son $27 por cada media hora adicional
SRN"
24,Lider 919,13/11/2023,Para finales de noviembre estará lista la quinta etapa de Mi Bici Pública: Alfaro,trafilatura,trafilatura,580,0.45,https://lider919.com/para-finales-de-noviembre-estara-lista-la-quinta-etapa-de-mi-bici-publica-alfaro/,,"Avanza la quinta etapa de Mi Bici rumbo a la zona oriente de la ciudad para agregar 60 estaciones, con un avance de 70 por ciento; debe estar lista para finales de noviembre, explicó el gobernador de Jalisco, Enrique Alfaro.
""En 2023 tiene una inversión de 74.2 millones de pesos, que nos va a permitir crecer 60 estaciones y tener 772 bicicletas adicionales en el sistema, es una apuesta de largo plazo que incluye también más de 100 millones de pesos para la operación del sistema; 23 millones de pesos para poder reparar las bicicletas que estaban dañadas de las otras etapas."""
25,Mural,06/11/2023,Obligarían a ciclistas a contratar seguro,trafilatura,trafilatura,438,0.74,https://www.mural.com.mx/obligarian-a-ciclistas-a-contratar-seguro/ar2705632,,"COMUNIDAD
01 MIN 00 SEG
Martín Aquino
Guadalajara, México (06 noviembre 2023) .-05:00 hrs
Diputado plantea que ciclistas de Jalisco y quienes usen monopatines para transportarse sean obligados a tener seguro por daños a terceros. Crédito: A
Los ciclistas de Jalisco, así como las personas que usen monopatines como medio de transporte, podrían ser obligados a contar con un seguro por daños a terceros, además de utilizar casco protector."
26,Pagina24Jalisco,04/11/2023,Vecinos Buscarían Amparo Contra Ciclovía y Parque Lineal,trafilatura,trafilatura,974,0.83,https://pagina24jalisco.com.mx/2023/12/04/local/vecinos-buscarian-amparo-contra-ciclovia-y-parque-lineal/,,"En la Colonia Paseos del Sol
Por Rafael Hernández Guízar
Vecinos de la colonia Paseos del Sol, en el municipio de Zapopan, dicen que están hartos de las obras para instalar un parque central y la ciclovía sobre la avenida Nicolás Copérnico.
Los inconformes con la obra sin conocer los problemas reales"", criticó una de las vecinas entrevistadas por este reportero.
De acuerdo con información de algunos de los vecinos entrevistados dichas acciones tienden a la presentación de juicios de amparo, así como procedimientos administrativos en contra del Ayuntamiento y manifestaciones, que empezarán en breve con finalidad de visibilizar las problemáticas en esta comunidad.
""Algunos de los vecinos ya fueron con los abogados y me dicen que interpusieron los juicios para frenar esto de las obras, estamos esperando a ver qué es lo que sucede, pero es muy lamentable que tengamos que estar gastando nuestro dinero para que no pasen este tipo de cosas"", agregó a la entrevistada."
28,Trafico ZMG,19/10/2023,Llega a 14 la crifra de ciclistas por atropellamiento,trafilatura,trafilatura,1675,1.04,https://traficozmg.com/2023/10/llega-a-14-la-cifra-de-ciclistas-muertos-por-atropellamiento-en-la-zmg/,,"Llega a 14 la cifra de ciclistas muertos por atropellamiento en la ZMG
A poco más de dos meses de que termine este 2023, Jalisco está a solo dos casos de igualar la cifra de 2022 de ciclistas muertos a causa de atropellamientos en la Zona Metropolitana de Guadalajara (ZMG).
De acuerdo con información entregada por el colectivo Bici Blanca, que puntualmente lleva un recuento de las muertes de ciclistas por esta causa, en lo que va del año un total de 14 personas han muerto a bordo de sus bicis luego de haber sido embestidos por vehículos, ya sea particulares, del transporte público e incluso de carga pesada.
El 2022, según las estadísticas de este colectivo, terminó con un total de 16 ciclistas muertos, es decir que en vísperas de terminar el año en la ZMG ya casi se alcanza la cifra del año anterior e incluso podría superarse.
Te puede interesar: Macrobús, Macro Periférico y C5 compartirán cámaras de vigilancia
En las cifras de Bici Blanca se da cuenta que desde 2019 hasta lo que va de este 2023, un total de 312 ciclistas han muerto a causa de atropellamientos en Jalisco.
En este año los municipios con mayor índice de muertes de pasajeros de bicicletas han sido Tlaquepaque, Zapopan y Guadalajara, con un total de cuatro personas muertas por este motivo.
Del total de los 14 ciclistas fallecidos tras haber sido atropellados, cinco de ellos fueron adultos mayores en edades estimadas entre los 60 y los 75 años, mientras que uno más fue un menor que murió arrollado en la zona de Bosques de El Centinela, en Zapopan.
A. Maciel
Nota relacionada: Saldo de una persona muerta luego de choque entre dos bicicletas
Debe estar conectado para enviar un comentario."
29,Mural,18/10/2023,Mueven estación de MiBici tras violencia,trafilatura,trafilatura,488,0.73,https://www.mural.com.mx/mueven-estacion-de-mibici-tras-violencia/ar2695329?v=2,,"COMUNIDAD
02 MIN 00 SEG
Violeta Meléndez
Guadalajara, México (18 octubre 2023) .-19:32 hrs
La activista Triana Zepeda denunció las fallas en la estación. Crédito: Cortesía
Tras un robo con violencia a una usuaria, el abandono de una persona muerta y otra herida en el mismo lugar, la estación Mi Bici de Juan N. Cumplido y José Ma. Vigil, en Guadalajara, fue reubicada a Jesús García a raíz de la exigencia de dotar de seguridad a los usuarios de bicicleta y a transeúntes en dicho cruce."
30,Canal 44,17/10/2023,Agencia de Movilidad lanza Chatbot para reportar deficiencias de MiBici,trafilatura,trafilatura,221,1.06,https://www.youtube.com/watch?v=wgIXAmOQhx4,,"Acerca de
Prensa
Derechos de autor
Comunicarte con nosotros
Creadores
Anunciar
Desarrolladores
Condiciones
Privacidad
Políticas y seguridad
Cómo funciona YouTube
Prueba funciones nuevas
NFL Sunday Ticket
© 2026 Google LLC"
31,NTR Guadalajara,17/10/2023,Lanzan chatbot para reportes de infraestructura ciclista y semáforos,trafilatura,trafilatura,1684,0.28,https://www.ntrguadalajara.com/post.php?id_nota=204629,,"La Agencia Metropolitana de Servicios de Infraestructura para la Movilidad (Amim) puso ayer en marcha AMIMgo, un chatbot mediante el que se podrán levantar reportes de señalamientos, infraestructura ciclista, el programa de bicicleta pública MiBici y semáforos.
La agencia destacó que el nuevo canal de comunicación se apoya de la aplicación WhatsApp y recibirá reportes los 365 días del año desde cualquier teléfono móvil.
Para acceder a AMIMgo se debe ingresar a WhatsApp, dar clic en la opción ""nuevo chat"" en la categoría ""empresas"" y posteriormente buscar el perfil de la agencia metropolitana. La primera opción es el nuevo chatbot de la institución.
Las personas también podrán ingresar al chat a través del número 33 1514 5614 o a través del enlace https://wa.me/5213315145614
Mediante un comunicado, la AMIM precisó que una vez realizado el reporte la respuesta será inmediata y se otorgará a las y los usuarios un número para dar seguimiento, el cual también podrá realizarse a través de la página https://chat.amim.mx
La Amim añadió que, de acuerdo con un estudio sobre los hábitos de personas usuarias de Internet en México durante 2022, el smartphone es el principal punto de acceso a Internet y WhatsApp es la plataforma con mayor conocimiento y uso para una comunicación inmediata, motivo por el que se lanzó el chatbot mediante esa aplicación.
Además del nuevo chatbot, las y los usuarios podrán continuar con el reporte de anomalías a través de las redes sociales de AMIM (@AgenciaAMIM) y en los teléfonos 33 3819 2400 y 33 3819 2412.
¿CÓMO?
- Las personas podrán ingresar al chat a través del número 33 1514 5614 o mediante el enlace https://wa.me/5213315145614
jl/I"
32,NTR Guadalajara,16/10/2023,Lanzan AMIMgo para monitorear infraestructura ciclista,trafilatura,trafilatura,972,0.22,https://www.ntrguadalajara.com/post.php?id_nota=204603,,"La Agencia Metropolitana de Servicios de Infraestructura para la Movilidad (AMIM) en el Área Metropolitana de Guadalajara (AMG) lanzó un chatbot para atención ciudadana.
A través del nuevo canal de comunicación por WhatsApp, las personas podrán reportar señalamientos, infraestructura ciclista, programa de bicicletas públicas MiBici y semáforos.
Estos reportes podrán realizarse los 365 días del año desde cualquier teléfono móvil con la aplicación WhatsApp, donde se podrá acceder al chat ""AMIMgo"" para levantar el reporte y dar seguimiento, destacó AMIM.
Añadió qué para ingresar a AMIMgo se debe ingresar a WhatsApp, dar clic en la opción ""nuevo chat"" en la categoría ""empresas"", posteriormente se deberá buscar el perfil a la Agencia Metropolitana, agregaron que la primera opción es el nuevo Chatbot de la institución.
También explicaron que las personas podrán ingresar al chat a través del número 33 15 14 56 14 o a través del enlace https://wa.me/5213315145614
EH"
33,Mural,11/10/2023,Instalan este mes estaciones de Mi Bici al oriente del AMG,trafilatura,trafilatura,631,0.66,https://www.mural.com.mx/instalan-este-mes-estaciones-de-mi-bici-al-oriente-del-amg/ar2691038,,"COMUNIDAD
01 MIN 30 SEG
Mariana Quintero
Guadalajara, México (11 octubre 2023) .-13:04 hrs
La titular del Imeplan informó que el funcionamiento de las nuevas estaciones de Mi Bici al oriente delAMG arranca el próximo 23 de octubre. Crédito: Ismael Ramírez
Tras haber anunciado en junio pasado que el servicio de Mi Bici se ampliaría al oriente del Área Metropolitana de Guadalajara (AMG), la titular del Instituto de Planeación y Gestión del Desarrollo del Área Metropolitana de Guadalajara (Imeplan), Patricia Martínez Barba, informó que el funcionamiento de las nuevas estaciones arranca formalmente el 23 de octubre de este año."
34,El Informador,11/10/2023,"San Juan de Dios, entre las nuevas colonias a donde llegará Mi Bici",trafilatura,trafilatura,2671,0.61,https://www.informador.mx/jalisco/San-Juan-de-Dios-entre-las-nuevas-colonias-a-donde-llegara-Mi-Bici-20231011-0107.html,,"San Juan de Dios, entre las nuevas colonias a donde llegará Mi Bici
Las nuevas estaciones comenzarán a ser colocadas el próximo 23 de octubre
Actualmente se realiza la socialización con las personas vecinas de las colonias a donde llegará.El Informador/Archivo
La ampliación del sistema Mi Bici Pública fue anunciada a finales de junio pasado, contemplando 60 nuevas estaciones, sumando 660 bicicletas al programa y, de acuerdo con la titular del Instituto Metropolitano de Planeación (Imeplan), Patricia Martínez, San Juan de Dios será una de las zonas que se contemplan en esta extensión.
""San Juan de Dios es una de las zonas donde estarán, y vamos a mejorar la conectividad hacia Zapopan por ívila Camacho y hacia Tlaquepaque por Revolución. Habrá también algunas cercanas a Javier Mina, pero no sobre el eje de la nueva ciclovía"", dijo Barba Martínez.
En este sentido, indicó, ante las peticiones del alcalde de Guadalajara de llevar estaciones de Mi Bici a esta avenida, si bien no se contemplan en esta etapa estaciones sobre la vialidad, se está considerando poder mover algunas estaciones para completar la solicitud. ""No serían suficientes para cubrir todo el eje de la ciclovía, pero sí van a ser muy importantes para el servicio en el oriente"", añadió.
Las 60 nuevas estaciones, las cuales en su mayoría estarán en Guadalajara, comenzarán a ser colocadas el próximo 23 de octubre.
Patricia Martínez indicó que actualmente se realiza la socialización con las personas vecinas de las colonias a donde llegará, además de que se ha comenzado a delimitar los puntos donde se ubicarán las nuevas estaciones con bolardos. ""Ya las estarán viendo funcionar a finales de octubre, y esperamos estar concluyendo con la instalación a mediados de noviembre"", dijo.
Por otra parte, la titular del Imeplan también aseguró que ya fue reubicada la estación del cruce Juan N. Cumplido y José María Vigil, en Mezquitán, que había presentado problemas de inseguridad, ante reportes en redes sociales y algunos hechos registrados en la zona.
""El municipio nos solicitó a través de la agencia hacer la reubicación y se hizo. Estas cosas pueden pasar, pero lo importante es tener un protocolo para atenderlas y resolverlas en medida de lo posible. Por ello están ahorita los procesos de socialización (de las nuevas estaciones) para ir a ver cada una de las ubicaciones a fin de no ponerlas al azar o desde un escritorio en un mapa, sino ir a ver el campo"", finalizó Martínez Barba.
YC
Lee También
Recibe las últimas noticias en tu e-mail
Todo lo que necesitas saber para comenzar tu día
Registrarse implica aceptar los Términos y Condiciones"
35,UDGTV,26/09/2023,Abandonan a personas heridas en ciclopuerto reportado como riesgoso en Guadalajara; una de ellas muere,trafilatura,trafilatura,1847,0.34,https://udgtv.com/noticias/abandonan-a-personas-heridas-en-ciclopuerto/197634,,"Guadalajara, Jalisco.
Usuarios del programa Mi Bici solicitan a las autoridades tapatías reforzar la zona donde se ubica un ciclopuerto en la calle Juan N Cumplido y José María Vigil de la colonia Mezquitán, ya que de un tiempo a la fecha se han registrado asaltos.
Hace unos días los usuarios advertían en redes sociales que en dicho punto habían asaltado a las personas y la madrugada de este martes dos personas fueron abandonadas en el lugar con graves lesiones, donde se manera extraoficial se maneja que uno de ellos perdió la vida.
El señor Editado Guerra es usuario de Mi Bici y vecino de la zona y refiere que si existe presencia de la policía tapatía pero que los alrededores del panteón de Mezquitán se encuentran oscuros y eso abona a la inseguridad.
""Si tú ves todo alrededor del panteón es una zona oscura, tú caminas alrededor del panteón y tienes que cruzarte a la zona donde están las casas para sentirte más seguro
Porque del lado del panteón está muy oscuro por los árboles o por lo que tú quieras y tiene mucho tiempo así y falta luz, porque no podan los árboles y no limpian, no barren entonces tú no vas caminas en la noche por el panteón"".
En la publicación de redes sociales que denuncia la inseguridad de la zona, se indica que el ciclopuerto se encuentra entre muros ciegos, falta mayor iluminación y la estación de bicicletas falla constantemente.
Además de solicitar mayor seguridad tanto vecinos como usuarios de Mi Bici exhortan a las autoridades de Guadalajara
A implementar programas de apoyo para migrantes, ya que por el rumbo de Mezquitán la presencia de sudamericanos ha aumentado considerablemente.
Los pocos vecinos que habitan en esta calle también solicitan apoyo de las autoridades ya que:
- El lugar se ha convertido en un tiradero de basura y escombro además de requerir poda en las ramas de los árboles."
36,Mural,26/09/2023,Tiene Bus Bici cero fatalidades en un año,trafilatura,trafilatura,522,0.68,https://www.mural.com.mx/tiene-bus-bici-cero-fatalidades-en-un-ano/ar2682301,,"COMUNIDAD
02 MIN 00 SEG
Violeta Meléndez
Guadalajara, México (26 septiembre 2023) .-18:23 hrs
El carril de Bus Bici habilitado hace un año en Avenida Hidalgo arroja un saldo de cero ciclistas lesionados y fallecidos. Crédito: Archivo
El carril de Bus Bici habilitado hace un año en Avenida Hidalgo, pese a que tiene prioridad el transporte público, arroja un saldo de cero ciclistas lesionados y fallecidos, lo que la organización internacional Bloomberg cataloga como positivo y favorecedor en la infraestructura pública."
37,NTR Guadalajara,25/09/2023,"Ciclistas de la metrópoli, con derechos y obligaciones",trafilatura,trafilatura,1308,0.21,https://www.ntrguadalajara.com/post.php?id_nota=203662,,"El Manual de Ciclismo Urbano Metropolitano que dio a conocer la Agencia Metropolitana de Servicios de Infraestructura para la Movilidad del Área Metropolitana de Guadalajara (Amim) enlista derechos y obligaciones que deben tener en cuenta los ciclistas.
Para empezar, de acuerdo con el artículo 31 de la Ley de Movilidad Seguridad Vial y Transporte del Estado de Jalisco, las y los ciclistas cuentan con cinco derechos. Entre ellos está el que en vialidades con semáforos tienen garantía a contar con áreas de espera ciclista al frente del carril.
Otro derecho es el de transportar sus bicicletas en unidades de transporte público que tengan aditamentos para ello y uno más es el de contar con vías de circulación suficientes, seguras e interconectadas.
El manual recuerda además que, de acuerdo con el artículo 32 de la misma ley, las y los ciclistas deben atender 13 responsabilidades, entre ellas el respetar a transeúntes en zonas y espacios peatonales y áreas de ascenso y descenso de transporte público.
Otra obligación es que nunca deben circular en vialidades o ciclovías en sentido contrario y una más es ser visible en el espacio correcto y de noche; en contextos de poca luz los ciclistas deben utilizar accesorios como luces, reflejantes o chalecos de colores brillantes, mencionó el manual.
jl/I"
38,EL Occidental,25/09/2023,Denuncian ciclopuerto inseguro en la colonia Mezquitan; han reportado asaltos,trafilatura,trafilatura,1287,0.65,https://oem.com.mx/eloccidental/local/denuncian-ciclopuerto-inseguro-en-la-colonia-mezquitan-han-reportado-asaltos-13165032,,"Localmartes, 26 de septiembre de 2023
Usuarios del programa Mi Bici solicitan a las autoridades tapatías
LOCAL
Las autoridades recomendaron evitar los puntos afectados y atender las indicaciones del personal de emergencia
Las tormentas se desarrollarían en los alrededores del Área Metropolitana de Guadalajara, principalmente hacia el sur y el este.
El legislador morenista detalló que los recursos están destinados además a carreteras, mantenimiento, infraestructura y dar certeza jurídica a inversionistas
Con esta acción que realizaron decenas de familias de empresas tequileras y personal del Gobierno del Estado se plantaron 400 pinos
Mirza Flores acusa a Morena de ""grillar"" y lucrar políticamente con el tema del agua
Destacó que en ese municipio su administración invirtió más de 150 millones de pesos en el periodo 2025-2026 en obras de alto impacto para sus habitantes
El delito por el que fue denunciado Eduardo N, es por acoso sexual
El señalado es también líder del Sindicato de Trabajadores al Servicio del Estado y sus Municipios en el Sistema DIF Jalisco y Sistemas DIF Municipales
El nivel de preparatoria es en donde se focaliza el mayor número de casos, el segundo lugar es el de nivel secundaria
La víctima está protegida y hasta el momento se desconoce su identidad"
39,Lider 919,25/09/2023,Suman 13 ciclistas fallecidos en 2023 en el AMG,trafilatura,trafilatura,1085,0.42,https://lider919.com/suman-13-ciclistas-fallecidos-en-2023-en-el-amg/,,"Hasta el momento suman 13 ciclistas muertos en el Área Metropolitana de Guadalajara en lo que va de 2023. El más reciente murió este sábado, fue atropellado por una camioneta en la avenida Aviación y 5 de Mayo, en la colonia San Juan de Ocotan, en Zapopan, justo donde termina la ciclovía. Los colectivos GDL en Bici y Bici Blanca piden que se termine esa infraestructura.
El integrante de la asociación Bici Blanca, Ollín Monrroy ha manifestado que exigen que se inviertan más recursos en cruces seguros, ciclovías, banquetas, semáforos y en mecanismos tecnológicos para control de la velocidad.
""Queremos exigirle a SIOP y al gobierno del estado que terminen las ciclovías y las banquetas, que se aseguren de que todos los cruces sean cruces seguros porque la vida de la gente no es negociable, y no puede ser que siga tratándose como una prioridad menor"", expresó.
Los datos de la organización Bici Blanca dan cuenta de que en 2022 murieron 16 ciclistas en la mancha urbana, en lo que va de la gestión del gobierno del estado de Enrique Alfaro Ramírez suman 77 ciclistas fallecidos."
40,Mural,25/09/2023,Es Guadalupe la tercer ciclovía más demandada en el AMG,trafilatura,trafilatura,512,0.8,https://www.mural.com.mx/es-guadalupe-la-tercer-ciclovia-mas-demandada-en-el-amg/ar2681408,,"COMUNIDAD
03 MIN 00 SEG
Violeta Meléndez
Guadalajara, México (25 septiembre 2023) .-11:49 hrs
Mil 271 viajes diarios reportó la ciclovía de Av. Guadalupe a lo largo de 2022. Crédito: Renee Pérez
A pesar de que vecinos inconformes con la ciclovía de Avenida Guadalupe han utilizado el argumento de que casi no es utilizada con la finalidad de retirarla, en 2022 se mantuvo como la tercera vía ciclista más demandada por usuarios de la bicicleta en el Área Metropolitana de Guadalajara, con mil 271 viajes diarios."
43,EL Occidental,24/09/2023,"La Vía RecreActiva cumplió 19 años, ¿recuerdas sus inicios?",trafilatura,trafilatura,464,0.39,https://oem.com.mx/eloccidental/local/la-via-recreactiva-cumplio-19-anos-recuerdas-sus-inicios-15891405,,"Localdomingo, 24 de septiembre de 2023
Se calcula que al año a la Vía RecreActiva acuden alrededor de 5 millones de personas
LOCAL
Las autoridades recomendaron evitar los puntos afectados y atender las indicaciones del personal de emergencia
Mirza Flores acusa a Morena de ""grillar"" y lucrar políticamente con el tema del agua
El delito por el que fue denunciado Eduardo N, es por acoso sexual
La víctima está protegida y hasta el momento se desconoce su identidad"
44,El Informador,23/09/2023,Impulsan uso de la bicicleta por el día mundial sin auto,trafilatura,trafilatura,2800,0.63,https://www.informador.mx/jalisco/Zapopan-y-Guadalajara-Impulsan-uso-de-la-bicicleta-por-el-dia-mundial-sin-auto-20230922-0107.html,,"Impulsan uso de la bicicleta por el día mundial sin auto
Se llevó a cabo la primera edición de la Feria de la Movilidad en el marco del día mundial sin auto, con el fin de fomentar que la población reduzca el uso de los automóviles
El director de Transporte y Movilidad de Guadalajara, Jesús Carlos Soto, señaló que se busca un modelo general que abarque el replantear el sistema de movilidad de la ciudad. CORTESíA
Los ayuntamientos de Zapopan y Guadalajara llevaron a cabo la primera edición de la Feria de la Movilidad, en el punto que conecta a la estación Plaza Patria de la línea 3 del tren ligero con la plaza comercial del mismo nombre y que está ubicada en los límites entre ambos municipios.
El evento se realizó en el marco del día mundial sin auto, con el fin de fomentar que la población reduzca el uso de los automóviles y fomentar el uso de la bicicleta, señaló la directora de Movilidad y Transporte de Zapopan, Mercedes Cruz.
""El coche ocupa demasiado espacio, las calles se saturan entonces, ya no cabemos, va aumentando el parque vehicular y aparte es altamente contaminante, estamos enfrentando a nivel mundial una crisis climática entonces, una manera para movernos en la ciudad puede ser la bicicleta"".
El director de Transporte y Movilidad de Guadalajara, Jesús Carlos Soto, señaló que se busca un modelo general que abarque el replantear el sistema de movilidad de la ciudad.
""Va más allá solo del uso de la bicicleta y de la movilidad peatonal porque tiene que ver con el transporte público, pero también tiene que ver sobre cómo hemos ido replanteando nuestras ciudades y hoy se busca una ciudad a donde nos podamos mover a todas partes sin depender de un automóvil"".
El municipio compartió un mapa ciclista en el que se ofrece información sobre los polígonos de Zapopan que cuentan con infraestructura ciclista, incluyendo ciclovías y ciclopuertos, así como negocios ""biciamigables"" o recomendaciones para viajar seguro en bicicleta.
Entre estas recomendaciones, están las siguientes:
- Uso de casco de seguridad en todo momento.
- Utilizar ropa visible y elementos reflectantes.
- Uso de luces traseras y delanteras.
- Uso de campanita.
- Señales manuales para anticipar movimientos.
- Mantenerse siempre alerta y no usar audífonos o aparatos electrónicos.
- Respetar señalamientos viales y semáforos.
Entre los municipios de Guadalajara y Zapopan, suman más de 250 kilómetros de infraestructura ciclista, aunque titulares de movilidad de ambos municipios reconocieron que están trabajando en la conexión ciclista con zonas que no cuentan con ella, caso del norte de Zapopan.
MF
Lee También
Recibe las últimas noticias en tu e-mail
Todo lo que necesitas saber para comenzar tu día
Registrarse implica aceptar los Términos y Condiciones"
45,UDGTV,22/09/2023,"Con mil ejemplares físicos y sin estrategia de distribución dan a conocer el nuevo ""Manual de ciclismo urbano metropolitano""",trafilatura,trafilatura,2763,0.33,https://udgtv.com/noticias/con-mil-ejemplares-fisicos-y-sin-estrategia-de-distribucion/197182,,"Guadalajara, Jalisco.
Con un primer tiraje de poco más de mil ejemplares y sin una estrategia de distribución, es como la Agencia Metropolitana de Servicios de Infraestructura para la Movilidad (AMIM) presentó el ""Manual de ciclismo urbano metropolitano"".
El cual tiene como finalidad incentivar el uso de bicicleta y brindar información a los nuevos usuarios sobre sus derechos y obligaciones al momento de pedalear.
El gerente de Transporte Compartido de la AMIM argumentó que serán los municipios quienes van a crear la estrategia de difusión de los manuales en físico:
""En este momento iniciamos en este primer evento a repartirlos. Los municipios metropolitanos recibirán cien números, sino me equivoco, ellos definirán sus propias estrategias de difusión y en la agencia metropolitana también los tendremos a la mano"".
Y agregó que existen dos versiones: el físico y el digital, este último será difundido por redes sociales.
Y agregó que se tomó como precedente el antiguo manual de ciclismo publicado en 2016.
""En este momento tenemos dos formatos el digital y el físico. Estas dos versiones nos permite tener estrategias de difusión distintas, con la digital empezaremos con una campaña en nuestra redes sociales y demás para llegar a un público más amplio"".
Yeriel Salcedo Torres, integrante del Colectivo Gdl Bici y también elaborador de contenido del primer Manual de ciclismo urbano en 2014 comentó que la cantidad impresa en este primer tiraje queda corto y espera que la historia con este manual no se repita, es decir, que quede en el olvido:
""Esta herramienta la vamos a tomar y también hacer parte, pero sí sería bueno comenzar a trabajar de cómo va a hacer esa distribución, cuántos. Ahorita que íbamos saliendo escuché que se imprimieron mil son bien poquitos y hay que imprimir (...)
Cuando se hizo el manual de ciclismo urbano de hace varios años se imprimieron como 50 mil, y a mí se me hizo poco.
Ahorita es ver cuántos se va a necesitar y que se tenga ese presupuesto anualizado para seguir imprimiendo y que no quede como un saque que fue lo que pasó hace 8 años, que salió el manual, se hizo la primera impresión y ya no se hizo más"".
- Al momento queda pendiente que la AMIM informe cuánto fue el recurso destinado para la creación e impresión de este primer tiraje; sin embargo, refirió que el recurso se destinó desde el año pasado pero se atrasó la presentación para aprovechar el marco de la semana de la Movilidad.
- Colectivo Teocintle denuncia imposición de Zapopan para trabajar en el Parque Agroecológico - 11 febrero, 2024
- Sin avances, denuncia de subdirectora de la secundaria 56 tras señalar acoso- 09 febrero, 2024
- La UdeG oferta nueva carrera en Ciencias Ambientales y del Territorio en CUTlajomulco- 08 febrero, 2024"
46,Lider 919,21/09/2023,"Aumentó 24% el uso de la bici en el Área Metropolitana en 2022, según una Encuesta realizada por la AMIM",trafilatura,trafilatura,1052,0.49,https://lider919.com/aumento-24-el-uso-de-la-bici-en-el-area-metropolitana-en-2022-segun-una-encuesta-realizada-por-la-amim/,,"El uso de la bicicleta aumentó 24% en 2022, en comparación con 2021, según la Encuesta Metropolitana Ciclista Anual, elaborada por la Agencia Metropolitana de Infraestructura para la Movilidad (AMIM). En 2022 se realizaron un promedio de 52 mil 278 viajes ciclistas diarios, esto es, 9 mil 966 viajes más que el año previo, informó Manuel Clavellina Peñaloza, gerente de Transporte Activo y Compartido de la AMIM.""
Yo creo que el tema de generar más infraestructura ciclista empieza a generar un efecto dominó, un efecto multiplicador en el tema de los viajes. Si la red está conectada, si cada vez es más densa, es más probable que conecte con más orígenes y más destinos y sea una opción"", explicó.
Un dato que revela que la infraestructura ciclista y de la ciudad no está hecha para todos es que del total de usuarios de la bici, 89% son hombres y apenas 11% son mujeres.
La Encuesta Metropolitana Ciclista 2022 se presentó en un foro realizado en la Escuela Superior de Arquitectura, como parte de la Semana de la Movilidad, organizada por la AMIM."
47,Lider 919,21/09/2023,La ciclovía de La Paz es la más usada en la ciudad,trafilatura,trafilatura,1272,0.32,https://lider919.com/la-ciclovia-de-la-paz-es-la-mas-usada-en-la-ciudad/,,"La ciclovía que tiene mayor tráfico de ciclistas es la que va por avenida La Paz, desde calzada Independencia hasta avenida Los Arcos, en la zona Minerva, informó Manuel Clavellina Peñaloza, gerente de Transporte Activo y Compartido de la Agencia Metropolitana de Infraestructura para la Movilidad (AMIM).
""Pero, dentro del top 3, por ejemplo, la ciclovía de La Paz pasó a estar en el top 3. La ciclovía de La Paz es una ciclovía que ha tenido mucho trabajo, mucho re-trabajo -muchos bolardos- tiene historia esa ciclovía. Fue la primera que no se hizo, habría que decirlo, antes de Federalismo"", explicó.
La ciclovía de la Paz tuvo 1,438 viajes por día, en promedio, durante 2022. Le sigue en segundo lugar la polémica ciclovía de avenida Guadalupe-San Ignacio, con 1,319 viajes diarios promedio y cierre el top 3 la ciclovía de avenida Revolución-calle Corregidora, junto al CUCEI, con 1,206 viajes.
Un dato negativo es que durante 2022 se registraron 12 ciclistas fallecidos y 35 lesionados. Datos de ciclovías
TOP 3 DE CICLOVÍAS en 2022:
Ciclovía de avenida La Paz. 1.438 viajes, colonia Americana en Guadalajara.
Avenida Guadalupe-San Ignacio. 1,319 viajes, colonia Chapalita en Zapopan.
Avenida Revolución-Corregidora 1,206 viajes, colonia Revolución en Guadalajara."
48,El Informador,21/09/2023,Presentan nuevo manual ciclista para sumar a más personas a este medio de transporte,trafilatura,trafilatura,4424,0.53,https://www.informador.mx/jalisco/Presentan-nuevo-manual-ciclista-para-sumar-a-mas-personas-a-este-medio-de-transporte-20230921-0130.html,,"Presentan nuevo manual ciclista para sumar a más personas a este medio de transporte
Víctor Manuel Clavellina, gerente de Transporte Activo y Compartido de la AMIM, explicó que el objetivo del manual es que más personas conozcan la información sobre este sistema de transporte
Este jueves, en el marco de la semana de la Movilidad, la Agencia Metropolitana de Infraestructura para la Movilidad (AMIM), de la mano de colectivos ciclistas, presentaron el nuevo Manual Ciclista. CORTESíA
Este jueves, en el marco de la semana de la Movilidad, la Agencia Metropolitana de Infraestructura para la Movilidad (AMIM), de la mano de colectivos ciclistas, presentaron el nuevo Manual Ciclista.
Víctor Manuel Clavellina, gerente de Transporte Activo y Compartido de la AMIM, explicó que el objetivo del manual es que más personas conozcan la información fundamental sobre este sistema de transporte y la forma correcta y segura de andar en él y se sumen a utilizarlo en la ciudad.
Añadió que este manual, elaborado en conjunto con las direcciones de Movilidad de la Metrópoli, tomó como precedente el elaborado en 2016 por el hoy extinto Instituto Metropolitano de Transporte ""el cual ayudó enntonces en su contexto"", por lo que ahora se trató de sumar conceptos de la Ley de Seguridad Vial, Movilidad y Transporte y su reglamento de manera más accesible.
Carolina Cervantes, del colectivo ciclista Femibici, fue parte del equipo que se encargó del contenido de este manual, para lo cual, dijo, se trató de sintetizar los términos básicos de la moviliad ciclista, pero también la información configurada ""a manera de instrumentos y herramientas para incentivar y reforzar la movilidad no motorizada a través de la bicicleta"".
Miriame Lejeune, de la Unidad de Planeación y Dictaminación de la Dirección de Movilidad y Transporte de Zapopan, dijo, se trata de un esfuerzo colectivo que busca invitar a las personas a que se sumen a moverse en la ciudad en bicicleta, y a que las personas ciclistas se apropien de las calles y comiencen a exigir que se sumen más acciones para lograr una verdadera intermodalidad que abone a tener menos autos en las calles, donde por cada dos personas hay un vehículo automotor.
""Más allá de los beneficios personales que justamente se redactan en el manual deben verse los beneficios colectivos. ¿Como persona cómo estoy incidiendo en la ciudad? porque cualquier acción individual tiene una repercusión en la comunidad, entonces si hacemos este tipo de esfuerzos y nos sumamos, entonces podremos ir atacando la problemática de fondo que es la contaminación. La crisis climática en la que nos encontramos que es un problema gravísimo no lo va a solucionar una única persona, y la principal causa es el uso desmesurado del vehículo particular motorizado. Hay que bajarnos del coche y buscar otras alternativas de movilidad"", indicó Miriame Leujene.
Quien ilustró este manual es Paulina Magos, una ilustradora local con experiencia editorial, quien se enfocó en la representatividad de las imágenes para generar mayor impacto y representatividad de los contenidos ciclistas.
Carlos Armenta, de la editorial tapatía Impronta Casa Editora, indicó que luego de haber analizado la cantidad de texto y de imágenes para hacerlo lúdico, pero con el valor que tiene la bicicleta en la ciudad y en la movilidad de la misma. El mismo se elaboró con papel reciclado y materiales sustentables, además de tener procesos que se llevaron a cabo a mano.
Si bien el manual ya puede ser consultado y descargado en la liga www.amim.mx, solo se imprimieron mil ejemplares, de los cuales algunos se repartieron en la presentación del mismo, y ante lo cual la AMIM reconoció que no cuenta con una estrategia específica para la repartición de los restantes.
Tampoco se informó cuál fue el costo del proyecto en lo general ni el destinado para la impresión de los mismos.
MF
Lee También
- 
						Estos son todos los cambios que tendrá el transporte público por el paso de la Romería
- 
						Aseguran más huachicol en el municipio de Degollado
- 
						Continúa la entrega de tarjetas Yo Jalisco Apoyo para el Transporte este 9 de octubre
- 
						Habrá nuevos trenes y camiones para beneficiar a usuarios de transporte en la ZMG
Recibe las últimas noticias en tu e-mail
Todo lo que necesitas saber para comenzar tu día
Registrarse implica aceptar los Términos y Condiciones"
50,UDGTV,19/09/2023,Ciclistas hacen 817 viajes cada 15 minutos,trafilatura,trafilatura,1474,0.32,https://udgtv.com/noticias/ciclistas-hacen-817-viajes-cada-15-minutos-/196860,,"Guadalajara, Jalisco.
Si tienes duda por qué hay más ciclovías, aquí va un dato:
De acuerdo con la ""Encuesta Metropolitana Ciclista Anual 2022"", diariamente se realizan 52 mil 228 viajes ciclistas en las ciclovías de la ciudad, en promedio son 817 viajes cada 15 minutos.
El estudio completo será presentado este miércoles como parte de las actividades de la semana de la movilidad.
Por tercer año las dependencias de movilidad realizan actividades para promover el uso de la bicicleta y el transporte público y masivo; en este año se realiza a partir de este 19 hasta el 24 de septiembre.
Además, será presentado el Manual de Ciclismo Urbano Metropolitano, documento de bolsillo que servirá para moverte por la ciudad en bicicleta de manera segura.
Este año se realiza también el desafío multimodal, un viaje en diferentes medios de transporte para medir tiempos de recorrido de cada uno y seleccionar la mejor opción, el viaje se realizará en carro, bicicleta y un recorrido combinando bicicleta y transporte masivo.
El gobierno estatal también dio a conocer que el equipo de MiBici tiene nuevos asientos, puños y pedales que ya se reemplazaron en las unidades que contaban con un desgaste en estas piezas.
- En Ocotlán no tenemos miedo: presidente de muebleros- 07 febrero, 2024
- Alcaldes metropolitanos exigen que no se politice la inseguridad en Jalisco - 07 febrero, 2024
- Alfaro pide a Claudia Sheinbaum no usar la inseguridad como bono electoral - 06 febrero, 2024"
51,Lider 919,12/09/2023,En 2023 Guadalajara habilitará 30 km de nuevas ciclovías,trafilatura,trafilatura,1379,0.41,https://lider919.com/en-2023-guadalajara-habilitara-30-km-de-nuevas-ciclovias/,,"En la presente administración el ayuntamiento de Guadalajara construirá 30 kilómetros de nuevas ciclovías, este año se invertirán 25 millones de pesos en estos proyectos.
Actualmente están en construcción las ciclovías de Juan Palomar de avenida Vallarta a Montevideo, la de 16 de Septiembre de Niños Héroes a Agustín Yáñez, la de la glorieta Monraz y la de Francisco Javier Gamboa entre Agustín Yáñez y la Paz, el plan es que está última llegué hasta avenida México.
El titular de la dirección de Movilidad, Jesús Carlos Soto Morfín señaló que cuando el Imeplan presente el Plan Integral de Movilidad Urbana Sustentable que incluye una encuesta origen-destino del Área Metropolitana de Guadalajara se conocerán los efectos de la habilitación de esta infraestructura.
«Ahí vamos a poder evaluar qué tanto ha habido de disminución en viajes de auto o incremento en viajes no motorizados, que significa en automático una disminución de las lesiones y de las muertes en las vías de la ciudad, una disminución en los índices de contaminación también, porque no son fuentes adicionales que están contaminando nuestras calles, pero hasta que tengamos esos resultados lo podremos saber», expresó.
Actualmente en Guadalajara hay una red de 134 kilómetros de infraestructura ciclista, muy similar a la que tiene Zapopan, que son los municipios con más infraestructura ciclista del estado."
52,Lider 919,12/09/2023,Aumentan 500% recorridos ciclistas en avenida Hidalgo por Bus Bici,trafilatura,trafilatura,1464,0.23,https://lider919.com/aumentan-500-recorridos-ciclistas-en-avenida-hidalgo-por-bus-bici/,,"Con la habilitación del Bus Bici, el número de recorridos ciclista en la avenida Hidalgo aumentó en 500%, reportó el titular de la dirección de Movilidad Municipal, Jesús Carlos Soto Morin.
«A un año del Bus Bici que se ejecutó el 4 de septiembre del año pasado, tenemos hasta un 500% de incremento de viajes ciclistas, sobre todo en el cruce de avenida Federalismo con Hidalgo, solamente sobre avenida Hidalgo contamos 3,300 ciclistas en 12 horas de un día habitual, cuando un año antes habíamos contabilizado cerca de 650 ciclistas en ese mismo punto. Entonces estamos hablando de incremento de 500% ya en el uso de la bicicleta en este corredor lo que nos habla de de un gran éxito en el mismo», declaró.
El funcionario municipal refirió que para el próximo año esperan ampliar el carril exclusivo para autobuses y bicicletas por la calle de República, del centro de Guadalajara a la avenida Felipe Ángeles, un tramo de 4 kilómetros, con una inversión de más de 15 millones de pesos.
El responsable del área de Movilidad de la ciudad de Guadalajara reconoció que en el carril existen dos grandes baches; uno ubicado a dos cuadras de Enrique Díaz de León y antes de la avenida Federalismo y otro en Hidalgo y Contreras Medellín, los cuales deberán ser tapados y reparados.
Soto Morfín sostuvo que constantemente se vuelven a fijar los cojines reductores de velocidad y los volados abatibles, aseguró que en general la señalética y la pintura está en buen estado."
54,Notisistema,08/09/2023,Sigue en pie ampliación del BusBici de avenida Hidalgo-República,trafilatura,trafilatura,820,0.33,https://www.notisistema.com/noticias/sigue-en-pie-ampliacion-del-busbici-de-avenida-hidalgo-republica/,,"Sigue en pie el proyecto de ampliación del carril BusBici de la avenida Hidalgo que se convierte en República, de la Calzada Independencia hasta la calle Felipe Ángeles y se realizaría el próximo año, señala el director de Movilidad y Transporte de Guadalajara, Jesús Carlos Soto Morfín.
""Queda sobre la mesa concluir el BusBici de avenida Hidalgo justamente, el tramo que va del Centro a Felipe Ángeles en el oriente, es la parte que estaría faltante sobre avenida República, más o menos 15 millones se requerirían para poder terminar ese tramo, son otros cuatro kilómetros de infraestructura y sería para concluirlo antes de que termine la administración"".
Asegura que los viajes ciclistas se incrementaron 500 veces en el carril BusBici de la avenida Hidalgo a un año de su implementación. (Por Claudia Manuela Pérez)"
55,EL occidental,08/09/2023,Para el próximo año se aplicará el Bus Bici de Guadalajara,trafilatura,trafilatura,463,0.53,https://oem.com.mx/eloccidental/local/para-el-proximo-ano-se-aplicara-el-bus-bici-de-guadalajara-15863358,,"Localviernes, 8 de septiembre de 2023
Además se espera que las anomalías presentes en el paso sean arregladas a la brevedad
LOCAL
Las autoridades recomendaron evitar los puntos afectados y atender las indicaciones del personal de emergencia
Mirza Flores acusa a Morena de ""grillar"" y lucrar políticamente con el tema del agua
El delito por el que fue denunciado Eduardo N, es por acoso sexual
La víctima está protegida y hasta el momento se desconoce su identidad"
56,Mural,08/09/2023,Inauguran ciclovía de Av. Javier Mina... con detallitos,trafilatura,trafilatura,419,0.73,https://www.mural.com.mx/inauguran-ciclovia-de-av-javier-mina-con-detallitos/ar2671812,,"Inauguran ciclovía de Av. Javier Mina... con detallitos
03 MIN 00 SEG
Fernanda Carapia
Guadalajara, México (08 septiembre 2023) .-05:00 hrs
Ya que no se corrigió el declive de la calle, los encharcamientos son comunes. Crédito: Fernanda Carapia
Uno de los baches en medio de la ciclovía se cubre con agua cuando llueve. Crédito: Fernanda Carapia
Con una rodada, fue inaugurada, oficialmente, la ciclovía de Javier Mina."
57,El Informador,07/09/2023,Inauguran Corredor Integral Javier Mina en Guadalajara,trafilatura,trafilatura,2564,0.49,https://www.informador.mx/jalisco/Guadalajara-Inauguran-Corredor-Integral-Javier-Mina-20230907-0089.html,,"Inauguran Corredor Integral Javier Mina en Guadalajara
El primer tramo del corredor comprende de Calzada Independencia hasta Belisario Domínguez
Con la habilitación, Guadalajara suma 134 kilómetros de ciclovías interconectadas en la metrópoli tapatía. EL INFORMADOR / A. Navarro
Con algunos pendientes, sobre todo en banquetas, esta mañana fue inaugurado el Corredor Integral Javier Mina en Guadalajara.
El primer tramo del corredor comprende de Calzada Independencia hasta Belisario Domínguez por todo Javier Mina, donde se intervino de manera integral, esto es, banquetas con accesibilidad universal, iluminación vial y peatonal, sustitución de líneas hidrosanitarias, balizamiento, entre otras acciones.
Por otro lado, la ciclovía comprende el tramo desde Presa del Laurel hasta Calzada Independencia.
Son 7.3 kilómetros en total. Además, se hizo señalización en ciclovía y segregación.
El Alcalde de Guadalajara, Pablo Lemus, informó que la inversión total del Corredor Integral Javier Mina fue de alrededor de 83 millones de pesos.
""La ciclovía tendrá un sentido social importante porque conecta el Oriente de Guadalajara con la zona del Centro Histórico y posteriormente con la zona de la Minerva"", explicó.
Dijo que de esta manera todas las personas que viven en el Oriente de Guadalajara y trabajan en el centro o cerca de la Minerva se podrán transportar de manera segura en bicicleta con la ciclovía, y después se conectarán hasta la Minerva por Paseo Alcalde y luego Circunvalación.
""Será mucho más fácil llegar en bicicleta que en automóvil y es a lo que le estamos apostando"", aseguró.
Otras acciones fueron la sincronización de fases semafóricas, iluminación vehicular y peatonal, rampas con criterios de accesibilidad universal, poda y renovación de arbolado urbano.
La socialización del proyecto consistió en diversas reuniones con comerciantes en el polígono, mesas de trabajo, recorrido en campo con algunos líderes y jornadas visitando local por local a los comercios ubicados en la zona de intervención.
De acuerdo con el ayuntamiento de Guadalajara, el Corredor Integral Javier Mina impacta de manera positiva a 216 personas.
Con la habilitación de esta ciclovía, Guadalajara suma 134 kilómetros de ciclovías interconectadas en la metrópoli.
Además, se buscará que desde San Juan de Dios por todo Javier Mina se colocan más puertos de MiBici.
OF
Lee También
Recibe las últimas noticias en tu e-mail
Todo lo que necesitas saber para comenzar tu día
Registrarse implica aceptar los Términos y Condiciones"
58,NTR Guadalajara,07/09/2023,"BusBici, con 0 muertes en su implementación",trafilatura,trafilatura,3213,0.34,https://www.ntrguadalajara.com/post.php?id_nota=202882,,"Las muertes de ciclistas tras siniestros en la avenida Hidalgo, en Guadalajara, disminuyeron a cero tras la implementación del BusBici en avenida Hidalgo, afirmó el director de Movilidad y Transporte de Guadalajara, Jesús Carlos Soto Morfín.
En entrevista, precisó que de 2019 a 2022 se presentaron 21 siniestros con personas lesionadas o fallecidas en Hidalgo, principalmente en los cruces con Federalismo, Enrique Díaz de León y Mezquitán. Las motos y vehículos estuvieron involucrados en la mayor parte de los hechos viales.
Pero a partir de la implementación del BusBici, cuyo arranque fue el 4 de septiembre de 2022, no hay ""ningún siniestro relacionado con peatones ni con ciclistas en todo el corredor donde hayamos tenido algún lesionado o algún fallecimiento, sí ha habido hechos viales, pero sin lesiones y sin víctimas"", según el director de Movilidad.
En 2023, de enero a junio únicamente se han registrado cinco ""hechos viales"" con lesiones menores. ""Fundamentalmente fueron motociclistas y vehículos particulares los medios que interactuaron en estos siniestros viales"", añadió el funcionario.
Por otro lado, adelantó que existe un proyecto vial para extender el BusBici a la avenida República, así como un retorno.
""Lo que contempla el proyecto completo de este sistema es primero continuar hasta el extremo oriente a Felipe Ángeles con este mismo corredor que pasa a ser de avenida Hidalgo a avenida República hasta Felipe Ángeles y el retorno se regresa por calle Independencia y después hay una integración hacia avenida Juárez, Vallarta, puede pasar Paseo Alcalde, donde sería el regreso para llegar hasta la avenida Arcos, en la Minerva o Mariano Azuela, ahí es donde tendríamos el regreso y el inicio del BusBici en avenida Hidalgo"", detalló el director, quien afirmó el proyecto aún se encuentra en desarrollo, por lo que no existe una fecha concreta para su ejecución.
Cuestionado sobre las sanciones a personas que invaden el carril exclusivo para unidades del Sitren y ciclistas, sólo detalló: ""Al tratarse de vehículos en movimiento está establecido que sea la Policía Vial quien pueda sancionar y detener a los vehículos que cometan una invasión o una falta, ya sea por un exceso de velocidad o por el simple hecho de haber ingresado al carril exclusivo de circulación"".
GDL ha sancionado a 183 autos con inmovilizador
El director de Movilidad y Transporte de Guadalajara, Jesús Carlos Soto Morfín, apuntó que 183 vehículos han sido sancionados con inmovilizadores desde la implementación del programa, cuyo arranque fue el 5 de junio.
De los coches sancionados, 65 por ciento fue inmovilizado por estacionarse en línea amarilla; 15.3 por ciento, por estacionarse en andadores peatonales, y 7.7, por aparcarse en banquetas.
El funcionario mencionó también que ya se ha entablado diálogo con empresas de reparto, pues muchas de ellas son las que ""cometen la falta al estacionarse fuera de sus carriles de carga y descarga; se ha socializado mejor con ellos sobre cuáles son las vías permitidas y están realizando mucho mejores prácticas"".
Por otro lado, indicó que los andadores Galeana y General Pedro Rioseco actualmente se encuentran libres de invasiones vehiculares. Nancy Ángel
jl/I"
59,UDGTV,07/09/2023,De Tetlán a la Calzada: la ciclovía de Javier Mina es la más grande en Guadalajara,trafilatura,trafilatura,1234,0.44,https://udgtv.com/noticias/la-ciclovia-de-javier-mina-es-la-mas-grande-en-guadalajara/195768,,"Guadalajara, Jalisco.
El alcalde tapatío Pablo Lemus inauguró la ciclovía de Javier Mina que inicia en Tetlán y finaliza en la Calzada Independencia la cual se consolida como la ruta ciclista más larga del municipio de Guadalajara con 7.1 kilómetros.
Además Lemus dijo que está ciclovía tiene un importante sentido social ya que conectará el oriente de la ciudad con la zona centro y después con la Minerva.
""Tenemos la más larga en todo Guadalajara porque son 7.1 kilómetros lo que se inaugura el día de hoy desde esta zona de Tetlán hasta la Calzada.
Esta ciclovía tendrá un sentido social muy importante porque conecta el oriente de Guadalajara con la zona del centro histórico y posteriormente con la zona de la Minerva"", señaló Pablo Lemus.
Lemus Navarro detalló que el proyecto no sólo contempló la ciclovía sino la renovación de banquetas, se cambió la iluminación, se renovó el arbolado y se realizaron cruceros seguros con una inversión de 83 millones de pesos.
Con la habilitación de este espacio el municipio de Guadalajara suma 134 kilómetros de ciclovías interconectadas a la metrópoli tapatía.
- Además gracias a este nuevo espacio ciclista el corredor de Javier Mina tendrá un impacto positivo para más de 200 personas."
60,NTR Guadalajara,06/09/2023,"Pese a nueva ciclovía, aún falta cultura vial: ciclistas",trafilatura,trafilatura,1656,0.24,https://www.ntrguadalajara.com/post.php?id_nota=202832,,"Al quedar prácticamente lista la ciclovía de la avenida Javier Mina, en Guadalajara, ciclistas la catalogaron como un acierto, pero afirmaron que aún falta cultura vial en la ciudad.
La nueva vía arranca en Tetlán y llega hasta San Juan de Dios, en la Zona Centro de Guadalajara.
""Se me hace muy práctica, porque es mucho más rápido llegar al destino, la movilidad es muy buena, es muy rápido cruzar hasta el destino, que es el Centro"", expresó Carolina, quien es usuaria de la bici.
Ella, otros ciclistas y comerciantes calificaron de buena manera al proyecto, pero también señalaron los puntos a mejorar, los cuales tienen que ver, principalmente, con la cultura vial.
""En el tema de cultura vial, está muy mal, porque los automovilistas te echan el carro encima. En el tema de los carros es complicado porque van muy pegados a la ciclovía. Hay personas que no respetan al ciclista. De repente hay que tener mucha precaución porque las motos se meten a la ciclovía"", comentaron ciclistas.
Otros pendientes tienen que ver con infraestructura. ""Hay partes donde se encharca el agua, te mojas bastante y llegas empapada. En algunas partes se queda estancada el agua, es lo único que arreglaría a la nueva vía"", mencionó Carolina, en lo que coincidió el ciclista Víctor Torres.
Vecinos de la zona, principalmente comerciantes, apuntaron que la nueva vía ciclista representa una reducción a los carriles de Javier Mina, pero aun así la ven como una buena opción para las personas que utilizan bicicleta.
""He visto que más gente recorre en bicicleta por aquí, quedó más angosta la calle, pero la ciclovía quedó bien"", expresó Daniel, quien es comerciante.
jl/I"
61,NTR Guadalajara,05/09/2023,BusBici: toleran invasión de carril,trafilatura,trafilatura,2390,0.24,https://www.ntrguadalajara.com/post.php?id_nota=202774,,"El proyecto BusBici, conformado por 3.72 kilómetros de vía destinada a la circulación exclusiva del Trolebús y ciclistas, se encuentra a la derecha de la avenida Hidalgo, inicia en la calle Victoriano Salado Álvarez y termina en Contreras Medellín.
A un año de la implementación del BusBici, personas usuarias de bicicleta aún ven pendientes a trabajar en la vía para asegurar un trayecto seguro. Vera, usuaria de bicicleta, mencionó: ""Me gusta este carril porque es más cómodo, pero nunca falta el automovilista que se mete y sobre todos los motociclistas, les vale"".
""Aún hay muchos carros que invaden el carril y he visto que no hay muchos oficiales de tránsito para poner control y orden"": añadió Luis Fernando Rivera, otro usuario del BiciBus.
""Los automovilistas se meten a la vía con el riesgo de atropellarnos y el Trolebús he notado que nos cierran el paso, nos ha tocado que atropellan gente, incluso a mí casi me han atropellado"", dijo Rivera.
Javier Sánchez, recurrente usuario de la vialidad, mencionó: ""Muchas de las vías, incluso a las ciclovías, está un tanto complicado accederlas por el estado de las calles y los baches, eso merma mucho el cuidado de las bicis"".
Aunque la mayoría de personas usuarias aseguró como un acierto la implementación del BusBici en la zona centro, especificaron puntos a trabajar: vigilancia de oficiales viales, mejora a las condiciones de calles alternas y una segunda vialidad para tránsito en sentido opuesto.
CIRCULACIÓN OPUESTA
La vialidad de BusBici inicia con un solo sentido de tránsito en la calle Victoriano Salado Álvarez a la zona centro, situación que preocupa a las y los usuarios.
""Solo va hacia el oriente, se necesita solucionar algo que vaya hacia el lado contrario, hacia el poniente, porque lo utilizamos en doble sentido y es peligroso y contraproducente"", señaló un usuario de bicicleta.
Enrique Martínez, frecuente usuario del carril, señaló: ""Hay peligros porque los ciclistas vamos en los dos sentidos. Al dar vuelta es peligroso porque vienes en sentido contrario, además, cuando las bicicletas vienen en sentido contrario tienen que subirse a la banqueta y ahí está mal para las personas"".
El proyecto se implementó la segunda quincena de agosto de 2022, a un año, las y los usuarios de la vialidad extendieron la petición a las autoridades correspondientes para trabajar en el desarrollo de un trayecto seguro.
jl/I"
62,El Informador,05/09/2023,"Con nueva ciclovía de Javier Mina, llegarán a 134 kilómetros sólo para bicis en Guadalajara",trafilatura,trafilatura,1890,0.52,https://www.informador.mx/jalisco/Vialidad-Con-nueva-ciclovia-de-Javier-Mina-llegaran-a-134-kilometros-solo-para-bicis-en-Guadalajara-20230905-0040.html,,"Con nueva ciclovía de Javier Mina, llegarán a 134 kilómetros sólo para bicis en Guadalajara
El alcalde Pablo Lemus adelantó que habrán 38 nuevas estaciones de MiBici en el Oriente de la ciudad
Pese a que todavía no se inaugura, los habitantes ya circulan por la nueva ciclovía que las autoridades construyeron en Avenida Javier Mina. EL INFORMADOR/ A. Navarro
Una vez que se inaugure la ciclovía de Javier Mina, Guadalajara tendrá 134 kilómetros de ciclovías interconectadas con el resto de la metrópoli, además de estaciones de MiBici en puntos como San Andrés y Tetlán, para que los habitantes tengan la opción de trasladarse en bicicleta propia o mediante el sistema público.
Además, el Ayuntamiento tapatío adelantó que habrá 38 nuevas estaciones de MiBici en el Oriente de la ciudad, tras un acuerdo con el Instituto Metropolitano de Planeación (Imeplan).
El alcalde Pablo Lemus explicó que la nueva vía, cuya fecha de inauguración aún no se define, conecta desde la zona de Tetlán hasta el Centro Histórico, en San Juan de Dios.
""Una persona va a poder abordar su bici en la plaza de Tetlán y bajar por Javier Mina hasta la zona de San Juan de Dios, conectar en la Calzada con la ciclovía existente o bien seguir hasta Paseo Alcalde"".
Añadió que de la Catedral se puede ir hacia la zona del Parque Agua Azul, conectar con Circunvalación Agustín Yáñez y llegar hasta La Minerva. ""Es decir, vamos a poder tener una ruta ciclista desde Tetlán hasta La Minerva. Nosotros creemos que la ruta en bicicleta se puede hacer en 30 o 35 minutos, seguramente en coche se hará más"".
Otros espacios exclusivos sumados recientemente son el carril Bus-Bici en Avenida Hidalgo y la ciclovía de Paseo Alcalde.
CT
Lee También
Recibe las últimas noticias en tu e-mail
Todo lo que necesitas saber para comenzar tu día
Registrarse implica aceptar los Términos y Condiciones"
63,Mural,05/09/2023,Lista ciclovía Javier Mina; buscan instalar estaciones,trafilatura,trafilatura,497,0.77,https://www.mural.com.mx/lista-ciclovia-javier-mina-buscan-instalar-estaciones/ar2669875,,"Lista ciclovía Javier Mina; buscan instalar estaciones 
02 MIN 00 SEG
Fernanda Carapia
Guadalajara, México (05 septiembre 2023) .-11:32 hrs
Para promover el uso de la bicicleta, sobre todo en el oriente de Guadalajara, se prevé que al menos dos estaciones de MiBici se coloquen cerca del corredor Javier Mina. Crédito: Archivo
 Para promover el uso de la bicicleta, sobre todo en el oriente de Guadalajara, se prevé que al menos dos estaciones de MiBici se coloquen cerca del corredor Javier Mina."
64,EL occidental,04/09/2023,Ciclovías: La mayoría pone en riesgo a los ciclistas del Área Metropolitana de Guadalajara,trafilatura,trafilatura,349,0.35,https://oem.com.mx/eloccidental/local/ciclovias-la-mayoria-pone-en-riesgo-a-los-ciclistas-del-area-metropolitana-de-guadalajara-15902582,,"Locallunes, 4 de septiembre de 2023
Algunas ciclovías están mal diseñadas, descuidadas y mal conectadas con las avenidas
LOCAL
Mirza Flores acusa a Morena de ""grillar"" y lucrar políticamente con el tema del agua
El delito por el que fue denunciado Eduardo N, es por acoso sexual
La víctima está protegida y hasta el momento se desconoce su identidad"
65,EL occidental,04/09/2023,Periférico: Sus cruces resultan peligrosos para ciclistas y peatones,trafilatura,trafilatura,389,0.34,https://oem.com.mx/eloccidental/local/periferico-sus-cruces-resultan-peligrosos-para-ciclistas-y-peatones-15845339,,"Localdomingo, 3 de septiembre de 2023
Hace falta que las autoridades presionen a los desarrolladores para que dentro de sus planes urbanos se realicen ciclovías
LOCAL
Mirza Flores acusa a Morena de ""grillar"" y lucrar políticamente con el tema del agua
El delito por el que fue denunciado Eduardo N, es por acoso sexual
La víctima está protegida y hasta el momento se desconoce su identidad"
66,EL occidental,02/09/2023,Ciclistas piden rehabilitar carril del BusBici de Guadalajara,trafilatura,trafilatura,364,0.4,https://oem.com.mx/eloccidental/local/ciclistas-piden-rehabilitar-carril-del-busbici-de-guadalajara-15819737,,"Localsábado, 2 de septiembre de 2023
Usuarios solicitan a las autoridades que no abandonen el carril y le den un mantenimiento adecuado
LOCAL
Mirza Flores acusa a Morena de ""grillar"" y lucrar políticamente con el tema del agua
El delito por el que fue denunciado Eduardo N, es por acoso sexual
La víctima está protegida y hasta el momento se desconoce su identidad"
67,Nmas,27/08/2023,Edgar Salía de Trabajar En Su Turno Nocturno Cuando Fue Atropellado en Guadalajara,trafilatura,trafilatura,360,0.27,https://www.nmas.com.mx/jalisco/seguridad/accidentes/edgar-salia-trabajar-en-su-turno-nocturno-cuando-fue-atropellado-guadalajara/,,"Derechos reservados Tritón Comunicaciones, S.A. de C.V., prohibido su uso o reproducción total o parcial.
Accidentes
Edgar Salía de Trabajar En Su Turno Nocturno Cuando Fue Atropellado en Guadalajara
Edgar Daniel circulaba por la zona exclusiva de bus bici, ubicada en la avenida Hidalgo de Guadalajara, cuando fue atropellado por el conductor de una camioneta"
68,El Informador,19/08/2023,Presentan biciescuela itinerante para mujeres,trafilatura,trafilatura,2947,0.61,https://www.informador.mx/jalisco/Presentan-biciescuela-itinerante-para-mujeres-20230819-0098.html,,"Presentan biciescuela itinerante para mujeres
Fue presentado el programa ""Todas en Bici"", a través del cual se espera darle herramientas a las mujeres que tienen poca o nula experiencia en el uso de la bicicleta
El programa abonará a cambiar la perspectiva de las mujeres sobre el uso de la bicicleta. ESPECIAL/Imeplan
La Agencia Metropolitana de Infraestructura para la Movilidad del AMG (AMIM) y el Instituto de Planeación y Gestión del Desarrollo del írea Metropolitana de Guadalajara (Imeplan), presentaron el programa ""Todas en Bici"", a través del cual se espera darle herramientas a las mujeres que tienen poca o nula experiencia en el uso de la bicicleta.
El proyecto, que tendrá talleres teóricos y prácticos, se realizará los sábados y domingos en 22 sedes de El Salto, Guadalajara, Ixtlahuacán de los Membrillos, Juanacatlán, Tlaquepaque, Tlajomulco de Zúñiga, Tonalá, Zapopan y Zapotlanejo, con el objetivo de que participen dos mil 640 mujeres.
Adrian Jezhel López Gónzalez, administrador general de la AMIM, explicó que ""Todas en Bici"", nace para reforzar el programa de ""Mi Pasaje Apoyo a Mujeres"", que otorga una membresía anual al Sistema de Bicicletas Públicas para que puedan realizar sus viajes en bici y tengan la capacitación necesaria.
Patricia Martínez Barba, directora general del Imeplan, resaltó que el programa abonará a cambiar la perspectiva de las mujeres sobre el uso de la bicicleta al enfrentar los estereotipos de género que existen y ganar seguridad al andar en bicicleta.
""Queremos que ustedes salgan con una experiencia nueva, que las haga sentir renovadas, pero sobre todo, que las haga sentir que tienen otra forma de moverse, que puede ser divertida, segura y que también les puede ahorrar costos. Hay tantos beneficios que uno verdaderamente va a entender solo cuando se usa la bicicleta"", comentó Martínez Barba. El evento se presentó en el municipio de El Salto.
El programa se conforma de un taller teórico y práctico, además de que se realiza una capacitación con perspectiva de género por parte de las facilitadoras y se les brinda información sobre los beneficios del uso de la bicicleta como medio alternativo de transporte.
Otro de los objetivos es que las mujeres aprendan a ser visibles y cómo reaccionar ante un evento de acoso así como realizar reporte al respecto. Por otro lado, la biciescuela cuenta con una ludoteca con actividades para los hijos de las mujeres que estén participando y están al resguardo de personal capacitado, detalló el Imeplan a través de un comunicado.
 
 EL DATO
Para más información sobre próximas sedes e inscripciones se puede consultar el Facebook de la AMIM y a través del teléfono de ""Todas en Bici"", que es el 33-4345-5069 en horario de 08:00 a 16:00 horas.
Lee También
Recibe las últimas noticias en tu e-mail
Todo lo que necesitas saber para comenzar tu día
Registrarse implica aceptar los Términos y Condiciones"
69,Trafico ZMG,17/08/2023,Llega a 10 el numero de ciclistas muertos,trafilatura,trafilatura,1443,1.91,https://traficozmg.com/2023/08/llega-a-10-el-numero-de-ciclistas-muertos-en-este-2023/,,"Llega a 10 el número de ciclistas muertos en este 2023
A cuatro meses de que termine el año, 2023 está cerca de igualar e incluso superar la cifra de ciclistas que han muerto a causa de atropellamiento en la Zona Metropolitana de Guadalajara (ZMG). Tan solo en los primeros ocho meses del año, ya suman 10 las personas que han muerto luego de haber sido arrolladas a bordo de sus bicis.
En las cifras entregadas puntualmente por el colectivo Bici Blanca, el número creció en tan solo un mes, pasando de 9 a 10 las víctimas mortales a consecuencia de este tipo de percances. El caso más reciente fue un hombre que murió arrollado el pasado 3 de julio en calles de la colonia San Andrés del municipio de Guadalajara.
El año pasado, la cifra alcanzó los 16 ciclistas muertos a causa de atropellamiento, es decir que a poco menos de cuatro meses de que termine este 2023, la estadística ya rebasó la mitad de las muertes por este motivo.
De acuerdo a la lista de fallecimientos de ciclistas evidenciada en la plataforma de Bici Blanca, Guadalajara y Tlaquepaque han sido los escenarios donde más ciclistas han muerto; ambos municipios mantienen tres muertes cada uno. De ahí le sigue Zapopan con dos muertes, mientras que Zapotlanejo y Tonalá se mantienen con un caso.
En lo que va de mandato al frente del gobierno estatal por parte de Enrique Alfaro, en la metrópoli han muerto un total de 74 ciclistas tras haber sido arrollados.
Abraham Maciel"
70,Trafico ZMG,17/08/2023,Repartidor se impacta contra un ciclista,trafilatura,trafilatura,1063,1.69,https://traficozmg.com/2023/08/repartidor-se-impacta-contra-un-ciclista/,,"Repartidor se impacta contra un ciclista
Fue en el cruce de la avenida Colón en la calzada Lázaro Cárdenas, junto a la unidad deportiva López Mateos, que un ciclista fue impactado por un motociclista, cayendo ambos al suelo y quedando lesionados.
Tras los insistentes reportes a los números de emergencia, hasta el lugar llegaron los paramédicos de la Cruz Verde de Guadalajara, quienes atendieron a los dos hombres heridos.
Un ciclista de aproximadamente 40 años de edad, quien presentaba un golpe en la cabeza y el repartidor, un joven de aproximadamente 20 a 25 años de edad quien también presentó un golpe severo en el rostro, pues pese a que portaba su casco de seguridad no lo tenía ajustado.
Fueron llevados a distintos hospitales para qué fueron revisados y descartar que no presentaron alguna otra lesión, cabe señalar que la motocicleta quedó asegurada en el lugar, a la espera de que alguna autoridad se hiciera cargo, lo que generó intenso tráfico en la zona.
LTR
Te puede interesar: Muere hombre de la tercera edad arrollado por el transporte público"
71,El Informador,12/08/2023,Nuevo reglamento vial deja sin sanciones a los ciclistas,trafilatura,trafilatura,10001,0.54,https://www.informador.mx/Vialidad-Nuevo-reglamento-vial-deja-sin-sanciones-a-los-ciclistas-l202308120001.html,,"Nuevo reglamento vial deja sin sanciones a los ciclistas
Activista señala que implementar multas por circular de manera incorrecta en bicicleta sólo lograría desincentivar su uso
 
El pasado 9 de agosto, un usuario de las redes sociales compartió un video en el que se observa a un ciclista a toda velocidad por avenida Lázaro Cárdenas, en dirección a carretera a Chapala, uno de los puntos con más carga vehicular en la Zona Metropolitana de Guadalajara (ZMG).
De acuerdo con el Reglamento de la Ley de Movilidad, Seguridad Vial y Transporte del Estado, que entró en vigor el sábado pasado, y que contempla los derechos y las obligaciones para los ciclistas que circulan en la Entidad y principalmente en la ciudad, dicha acción está prohibida.
La normativa señala que no se puede pedalear en las vías rápidas, como la referida, ni en túneles. Sin embargo, no establece sanciones por ese tipo de hechos.
Tampoco lo hace para los que van en sentido contrario, o los que circulan por las banquetas, poniendo en peligro a los peatones. Ni considera castigos para los que no usan casco o no respetan la luz roja de los semáforos (deben hacerlo como cualquier otro vehículo).
Ante esto, Yeriel Salcedo, integrante de los colectivos Bicicleta Blanca y de GDL en Bici, insistió en que no deben implementarse multas para los ciclistas, pues hacerlo podría desincentivar el uso de este tipo de movilidad no motorizada.
El activista agregó que sin la voluntad de las autoridades para crear conciencia sobre el tema, no mejorará la cultura vial de los ciclistas ni de los automovilistas.
""Esperamos que para poderlo cumplir mejor (el Reglamento), podamos tener más infraestructura ciclista adecuada y segura"", añadió Salcedo.
El uso correcto de este vehículo es clave, por ejemplo, en el sistema de MiBici Pública, que opera en la metrópoli desde el año 2014. En el contrato que se incluye en el sitio de internet se especifica que un usuario no podrá gozar del Seguro de Gastos Médicos luego de un accidente si utilizó de forma inadecuada una unidad.
Ciclistas podrán medir riesgos en tiempo real
Gracias a la plataforma impulsada por el Programa educativo y científico ""Delfín 2023"", los ciclistas de la Zona Metropolitana de Guadalajara (ZMG) podrán calcular los riesgos que representan las distintas vías de la metrópoli en tiempo real.
Se trata de la plataforma Riesgo de Accidente de Movilidad Ciclista (RAMCI), que se encuentra disponible en el enlace https://iieg.gob.mx/ns/?page_id=37216 del Instituto de Información Estadística y Geográfica de Jalisco (IIEG), donde los ciclistas, al ingresar, podrán conocer en un mapa las zonas que en general representan una mayor posibilidad de sufrir un percance.
Sin embargo, al presionar la opción ""RAMCI en tiempo real"" las personas podrán conocer las zonas de la ciudad con mayor riesgo en tiempo real, según el sitio, el tráfico, el tipo de vías o si existe o no infraestructura ciclista.
Las personas además pueden ""personalizar el riesgo"" al elegir entre la opción de hombre o mujer y el rango de edad, lo cual puede generar una idea para los ciclistas sobre qué vías tomar según la hora y distancias de sus traslados, con el objetivo de minimizar los riesgos al circular en bicicleta en la ciudad.
""Los accidentes ciclistas han sido un tema preocupante como medio de transporte por la ZMG. Para combatir este problema se han diseñado estrategias que buscan hacer este medio de transporte más accesible y seguro, implementando el uso de ciclovías dentro de las calles más transitadas por los ciclistas y las avenidas más peligrosas. Este es un primer instrumento que permite identificar cuáles pudieran ser las zonas de la de Metrópoli con una mayor posibilidad de que ocurran percances en donde haya lesionados ciclistas"", indicó Conrado Romo, integrante del IIEG.
Se trata de estimaciones científicas elaboradas por los integrantes del programa ""Delfín 2023"", sustentadas en cruces de información estadística de diversas bases de datos, como la siniestralidad registrada por la organización ciclista Bicicleta Blanca, estadísticas del IIEG, de MiBici Pública, Google Maps, Moovit y Open Street View, en procesos acompañados de inteligencia artificial, según explicaron Edgar Cosío, coordinador del Programa, y Ramón Briseño, tesista de doctorado del IIEG, quien fue parte del desarrollo del mismo en acompañamiento a estudiantes de Guadalajara, Michoacán, Sonora y Colombia.
La plataforma ya está disponible y puede ser consultada desde cualquier dispositivo inteligente con acceso a internet, y se puede acceder gratuitamente en cualquier momento que la persona lo requiera.
El Periférico, señalado por activistas como ""la vía más mortífera""
Las estimaciones oficiales coinciden en cierta medida con las estadísticas presentadas en mayo pasado por la organización ""Ni una muerte vial"", que recopila datos de todo el país para visibilizar el problema de las muertes por percances viales.
Los datos de la organización revelaron que entre enero de 2019 y diciembre de 2022, el Periférico fue considerada como la vía con mayor peligro de muerte para la movilidad, no sólo de Jalisco, sino a nivel nacional, con un total de 90 fallecimientos ocurridos en ella. Del total, 63 eran peatones, 16 motociclistas y 10 ciclistas.
El Periférico también se ubicó como la segunda vía más peligrosa del país para los ciclistas, con un total de 10 fallecimientos, por debajo de boulevard Ejército Mexicano (La Laguna) con 19 muertes de ciclistas, y por arriba del Periférico de Puebla, que reportó nueve fallecimientos.
""Sigue siendo muy complejo el Periférico, porque es la arteria más importante del Occidente del país, así de sencillo. El Macrolibramiento no ha acabado de resolver (sic) los vehículos que van de paso y no necesitan entrar a la ciudad. Todavía el Periférico tiene esa función y es lo que la hace más compleja"", indicó respecto de dicha información el secretario de Transporte de Jalisco, Diego Monraz.
Sin embargo, aseveró que las adecuaciones del Periférico ""todavía no han terminado"", pues se le está dando una construcción de rostro más humano, impulsando acciones de mejora de infraestructura y de prevención en materia de límites de velocidad, entre otros puntos.
SEGíN EL PROGRAMA ""DELFíN 2023""
Las vías más riesgosas para ciclistas en la Zona Metropolitana
De acuerdo con la Organización de las Naciones Unidas, utilizar la bicicleta como medio de transporte, además de ser económico, lleva consigo distintos beneficios a la salud, medio ambiente y desarrollo urbano; sin embargo, en la Zona Metropolitana de Guadalajara en muchas ocasiones no es la opción más segura para trasladarse.
Ayer, el Programa educativo y científico ""Delfín 2023"", de la mano con el Instituto de Información Estadística y Geográfica de Jalisco (IIEG), presentaron la plataforma Riesgo de Accidente de Movilidad Ciclista (RAMCI), la cual reveló cuáles son algunas de las vías que representan un mayor riesgo para las personas que se mueven en bicicleta en la Zona Metropolitana de Guadalajara.
De acuerdo con los datos presentados por la plataforma, el Periférico es la vía con mayores riesgos para los ciclistas, registrando un total de 18 puntos ""de alto riesgo"", entre los que se encuentran, por ejemplo, los cruces con la carretera a Chapala, con la avenida López Mateos, con la avenida El Colli, con la avenida Vallarta, la avenida Acueducto, la calzada Independencia y con la calzada Juan Pablo Segundo, entre otros.
La vía que le sigue es la carretera a Chapala con 11 puntos de ""alto riesgo"", como lo son la curva de El Tapatío, su cruce con el Periférico, los retornos al boulevard Aeropuerto, y su cruce con la carretera a El Zapote.
TERCERA EN PELIGROSIDAD
Carretera Libre a Zapotlanejo, de alto riesgo
Según la plataforma Riesgo de Accidente de Movilidad Ciclista (RAMCI), elaborada en conjunto por el Programa educativo y científico ""Delfín 2023"", y el Instituto de Información Estadística y Geográfica de Jalisco (IIEG), la tercera vía con mayores riesgos en la Zona Metropolitana de Guadalajara es la carretera Libre a Zapotlanejo, con al menos siete puntos de ""alto riesgo"", considerando, por ejemplo, a la altura de Tateposco y de la avenida Arroyo de Enmedio, así como su cruce con Arnoldo Ramírez A. Sánchez.
En cuarto Lugar se ubicó la avenida López Mateos, con al menos cuatro puntos de ""alto riesgo"", desde el Periférico y hasta la altura de Valle de Santa Cruz, por ejemplo, su cruce con la avenida Camino Real a Colima y a la altura de San Agustín.
De acuerdo con Edgar Cosío, coordinador del Programa y Ramón Briseño, tesista de doctorado del IIEG, los riesgos consideraron cuestiones como condiciones de la infraestructura, la existencia o ausencia de semáforos, si existen o no ciclovías, la cantidad de carriles, velocidades promedio y condiciones habituales del tráfico.
PARA SABER
Resultados analizados
De acuerdo con algunos de los resultados analizados a partir de este proyecto se supo que:
- La probabilidad de muerte de una persona ciclista en la ciudad disminuye 23% con la existencia de ciclovías.
- Probabilidad de muerte tras un percance disminuye en personas ciclistas entre 20-29 años, cuya probabilidad de muerte disminuye 29 por ciento.
- En vías con tráfico moderado disminuye la probabilidad de muerte de un ciclista en 18 por ciento.
- En contraste, cuando una movilidad supera los 80km/h aumenta la probabilidad de muerte en 74 por ciento.
- A mayor flujo ciclista en una vialidad, el riesgo de muerte disminuye en 13 por ciento.
- La semaforización adecuada disminuye 5% las posibilidades de que una persona ciclista fallezca.
- Entre las 00:00 y las 5:59 horas la probabilidad de sufrir un accidente ciclista aumenta 26 por ciento.
- En el caso contrario, el horario más seguro es entre las 10:00 y las 12:00 horas, donde el riesgo de muerte de una persona que circula en bicicleta disminuye 21 por ciento."
72,El Informador,11/08/2023,"Con plataforma interactiva, ciclistas podrán medir riesgos en la ZMG en tiempo real",trafilatura,trafilatura,4354,0.58,https://www.informador.mx/jalisco/Ciclismo-urbano-Con-plataforma-interactiva-ciclistas-podran-medir-riesgos-en-la-ZMG-en-tiempo-real-20230811-0087.html,,"Con plataforma interactiva, ciclistas podrán medir riesgos en la ZMG en tiempo real
Se trata de la plataforma RAMCI, donde las personas ciclistas podrán conocer en un mapa las zonas que en general representan una mayor posibilidad de sufrir un percance
Las personas pueden ""personalizar el riesgo"" eligiendo entre la opción de hombre o mujer y edad, lo cual da una idea para las y los ciclistas sobre qué vías tomar según la hora y distancias de sus traslados. EL INFORMADOR / ARCHIVO
Gracias a la plataforma impulsada por el Programa educativo y científico ""Delfín 2023"", las y los ciclistas de la Zona Metropolitana de Guadalajara podrán calcular los riesgos que representan las distintas vías de la Zona Metropolitana de Guadalajara (ZMG) en tiempo real.
Se trata de la plataforma Riesgo de Accidente de Movilidad Ciclista (RAMCI), que se encuentra disponible en la liga https://iieg.gob.mx/ns/?page_id=37216 del Instituto de Información Estadística y Geográfica de Jalisco (IIEG), donde las personas ciclistas, al ingresar, podrán conocer en un mapa las zonas que en general representan una mayor posibilidad de sufrir un percance.
Sin embargo, al presionar la opción ""RAMCI en tiempo real"" las personas podrán conocer las zonas de la ciudad con mayor riesgo en tiempo real, según el sitio, el tráfico, el tipo de vías o si existe o no infraestructura ciclista.
Las personas además pueden ""personalizar el riesgo"" eligiendo entre la opción de hombre o mujer y el rango de edad, lo cual puede generar una idea para las y los ciclistas sobre qué vías tomar según la hora y distancias de sus traslados, con el objetivo de minimizar los riesgos al circular en bicicleta en la ciudad.
""Los accidentes ciclistas han sido un tema preocupante como medio de transporte por la ZMG. Para combatir este problema se han diseñado estrategias que buscan hacer este medio de transporte más accesible y seguro, implementando el uso de ciclovías dentro de las calles más transitadas por los ciclistas y las avenidas más peligrosas. Este es un primer instrumento que permite identificar cuáles pudieran ser las zonas de la de Metrópoli, con una mayor posibilidad de que ocurran percances en donde haya lesionados o lesionados ciclistas"", indicó Conrado Romo, integrante del IIEG.
Se trata de estimaciones científicas elaboradas por las y los integrantes del Programa Delfín, basadas en cruces de información estadística de diversas bases de datos, como la siniestralidad registrada por la organización ciclista Bicicleta Blanca, estadísticas del IIEG, de MiBici Pública, Google Maps, Moovit y Open Street View, en procesos acompañados de inteligencia artificial, según explicaron Edgar Cosío, coordinador del Programa y Ramón Briseño tesista de doctorado del IIEG, quien fue parte del desarrollo del mismo en acompañamiento a estudiantes de Guadalajara, Michoacán, Sonora y Colombia.
La plataforma ya está disponible y puede ser consultada desde cualquier dispositivo inteligente con acceso a Internet, y puede ser consultada de manera gratuita en cualquier momento que la persona lo requiera.
Saber más:
De acuerdo con algunos de los resultados analizados a partir de este proyecto, se supo que:
- La probabilidad de muerte de una persona ciclista en la ciudad disminuye 23% menos con la existencia de ciclovías
- Probabilidad de muerte tras un percance disminuye en personas ciclistas entre 20-29 años, cuya probabilidad de muerte disminuye 29%
- En vías con tráfico moderado disminuye la probabilidad de muerte de una persona ciclista en 18%
- En contraste, cuando una movilidad supera los 80""¯km/h aumenta la probabilidad de muerte en 74%
- A mayor flujo ciclista en una vialidad, el riesgo de muerte disminuye en 13%
- La semaforización adecuada disminuye 5% las posibilidades de que una persona ciclista fallezca
- Entre las 12:00""¯a.m. y las 5:59""¯a.m. la probabilidad de sufrir un accidente ciclista aumenta 26%.
- En el caso contrario, el horario más seguro es entre las 10:00""¯a.m. y las 12:00 p.m., en cuyo bloque el riesgo de muerte de una persona ciclista disminuye 21%
***
-  POR SI TE INTERESA: Supervisan obras en glorieta Monraz; no quitarán carriles
OF
Lee También
Recibe las últimas noticias en tu e-mail
Todo lo que necesitas saber para comenzar tu día
Registrarse implica aceptar los Términos y Condiciones"
73,NTR Guadalajara,11/08/2023,Mejoras al sistema de MiBici aún no se perciben: usuarios,trafilatura,trafilatura,2595,1.36,https://www.ntrguadalajara.com/post.php?id_nota=201745,,"El 20 de julio, el gobierno del estado anunció la llegada de 112 nuevas bicicletas a MiBici para reforzar el servicio; sin embargo, el sistema aún arrastra pendientes añejos, como unidades descuidadas y ciclopuertos en mal estado.
Las nuevas unidades forman parte de la quinta etapa de mejora y crecimiento del sistema, la cual contempla la llegada de 660 bicicletas y 60 estaciones nuevas durante octubre. ""(Con ellas) se ampliará el programa hacia el oriente de la metrópoli (…) (y) se busca atender el aumento del 37% en la demanda del servicio por parte de los usuarios que se registró durante el 2022"", abundó el gobierno estatal en un comunicado.
En contraste al anuncio, NTR constató que la mayoría de bicis de ciclopuertos ubicados tanto en el Centro de Guadalajara como en el Parque Revolución presenta algún tipo de avería.
Las unidades tienen desde asientos sin tapicería o rotos hasta fallas en el sistema de cambios, pedales quebrados, manubrios pegajosos y falta de luces para garantizar que los ciclistas sean visibles en sus traslados.
""Estos problemas con las bicicletas, algunas que fallan y otras que ya ni siquiera son cómodas o que tienen partes rotas, no son nuevos. Desde el año pasado están así y luego las reparan o les ponen nueva tapicería, por ejemplo, a los asientos, pero muy chafa, luego, luego vuelven a estar en malas condiciones"", señaló José Eduardo Aréchiga, quien usa las unidades de MiBici.
En un sondeo con más usuarios ocho de cada 10 dijeron no haber visto las nuevas unidades que anunció el gobierno del estado. El resto las usado una sola ocasión.
COLOCAN 20 BOTONES DE AUXILIO
Como parte de las labores de inteligencia del C5 Guadalajara y del programa Espacios Seguros de MiBici, ayer se instalaron 20 botones de auxilio en igual número de estaciones.
El Centro de Control, Comando, Comunicación, Cómputo, Coordinación e Inteligencia (C5) de Guadalajara se sumó con ello a la estrategia de vigilancia de los ciclopuertos de MiBici. La colaboración se formalizó con la firma de un convenio entre el ayuntamiento tapatío y la Agencia Metropolitana de Servicios de Infraestructura para la Movilidad del AMG (Amim).
Los botones fueron instalados de manera estratégica en puertos de colonias como Mezquitán, Centro, Artesanos, Ladrón de Guevara, Jardines de la Paz, Analco, Chapalita, Olímpica, Atlas, entre otras.
La selección se basó en un análisis detallado de siniestralidad vial y una evaluación del entorno circundante en las estaciones. De hecho, se priorizó a los puertos con niveles de iluminación más bajos e historiales de vandalismo y robo.
GR"
74,El Informador,11/08/2023,"Periférico y Carretera a Chapala, las más riesgosas para ciclistas en la ZMG",trafilatura,trafilatura,4980,0.54,https://www.informador.mx/jalisco/Jalisco-Periferico-y-Carretera-a-Chapala-las-vias-mas-riesgosas-para-ciclistas-en-la-ZMG-20230811-0094.html,,"Periférico y Carretera a Chapala, las más riesgosas para ciclistas en la ZMG
De acuerdo con la plataforma Riesgo de Accidente de Movilidad Ciclista (RAMCI), Periférico y Carretera a Chapala representan un peligro exponencial para los ciclistas
La carretera a Chapala es una de las vías más peligrosas de la ZMG. EL INFORMADOR/ ARCHIVO
De acuerdo con la Organización de las Naciones Unidas, utilizar la bicicleta como medio de transporte, además de ser económico lleva consigo distintos beneficios a la salud, medio ambiente y desarrollo urbano, sin embargo, en la Zona Metropolitana de Guadalajara en muchas ocasiones no es la opción más segura para trasladarse.
Este viernes el Programa educativo y científico ""Delfín 2023"", de la mano con el Instituto de Información Estadística y Geográfica de Jalisco (IIEG), presentaron la plataforma Riesgo de Accidente de Movilidad Ciclista (RAMCI), la cual reveló cuáles son algunas de las vías que representan un mayor riesgo para las personas que se mueven en bicicleta en la Zona Metropolitana de Guadalajara.
De acuerdo con los datos presentados por la plataforma, el Periférico es la vía con mayores riesgos para las y los ciclistas, registrando un total de 18 puntos ""de alto riesgo"", entre los que se encuentran, por ejemplo, los cruces con la Carretera a Chapala, con la avenida López Mateos, con la avenida El Colli, con la Avenida Vallarta, la Avenida Acueducto, la Calzada Independencia y con la Calzada Juan Pablo Segundo, entre otros.
La vía que le sigue es la Carretera a Chapala con 11 puntos de ""alto riesgo"", como lo son la curva de El Tapatío, su cruce con el Periférico, los retornos al Boulevars Aeropuerto, y su cruce con la Carretera a El Zapote.
También se suma la Carretera Libre a Zapotlanejo
La tercer vía con mayores riesgos es la Carretera Libre a Zapotlanejo, con al menos siete puntos de ""alto riesgo"", considerando por ejemplo a la altura de Tateposco y de la avenida Arroyo de Enmedio, así como su cruce con Arnoldo Ramírez A. Sánchez. En cuarto lugar, se ubicó la avenida López Mateos con al menos cuatro puntos de ""alto riesgo"", desde el Periférico y hasta la altura de Valle de Santa Cruz, por ejemplo, su cruce con la avenida Camino Real a Colima y a la altura de San Agustín.
De acuerdo con Edgar Cosío, coordinador del Programa y Ramón Briseño tesista de doctorado del IIEG, quien fue parte del desarrollo del mismo en acompañamiento a estudiantes de Guadalajara, Michoacán, Sonora y Colombia, los riesgos consideraron cuestiones como condiciones de la infraestructura, la existencia o ausencia de semáforos, si existen o no ciclovías, la cantidad de carriles, velocidades promedio y condiciones habituales del tráfico.
La plataforma, que puede ser consultada en la liga https://iieg.gob.mx/ns/?page_id=37216, presenta estimaciones científicas elaboradas por las y los integrantes del Programa Delfín, basadas en cruces de información estadística de diversas bases de datos, como la siniestralidad registrada por la organización ciclista Bicicleta Blanca, estadísticas del IIEG, de MiBici Pública, Google Maps, Moovit y Open Street View, en procesos acompañados de inteligencia artificial.
Periférico, señalada este mismo año por activistas como ""la vía más mortífera""
Las estimaciones coinciden en cierta medida con las estadísticas presentadas en mayo pasado por la organización ""Ni una muerte vial"" que recopila datos de todo el País para visibilizar el problema de las muertes por percances viales. Los datos de la organización revelaron que, entre enero de 2019 y diciembre de 2022, el Periférico fue la vía considerada como la más mortal para la movilidad, no solo de Jalisco, sino a nivel nacional, con un total de 90 fallecimientos ocurridos en ellas. Del total 63 eran peatones, 16 motociclistas y 10 ciclistas.
El Periférico también se ubicó como la segunda vía más peligrosa del País para las personas ciclistas, con un total de 10 fallecimientos, por debajo de Boulevard Ejército Méxicano (La Laguna) con 19 muertes de ciclistas y por arriba del Periférico de Puebla, que reportó nueve fallecimientos.
""Sigue siendo muy complejo el periférico porque es la arteria más importante del Occidente del País, así de sencillo. El Macrolibramiento no ha acabado de resolver (sic) los vehículos que van de paso y no necesitan entrar a la ciudad. Todavía el Periférico tiene esa función y es lo que la hace más compleja"", indicó respecto de dicha información el secretario de Transporte de Jalisco, Diego Monraz.
Sin embargo, aseveró, la reconstrucción del Periférico ""que todavía no ha terminado"", se le está dando una construcción de rostro más humano, impulsando acciones de mejora de infraestructura y de prevención en materia de límites de velocidad, entre otros puntos.
FS
Lee También
Recibe las últimas noticias en tu e-mail
Todo lo que necesitas saber para comenzar tu día
Registrarse implica aceptar los Términos y Condiciones"
75,Trafico ZMG,09/08/2023,Ciclopueretos de mi bici seran vigilados por C5,trafilatura,trafilatura,1225,0.92,https://traficozmg.com/2023/08/ciclopuertos-de-mi-bici-seran-vigilados-con-c5-guadalajara/,,"Ciclopuertos de Mi Bici serán vigilados con C5 Guadalajara
Con el C5 Guadalajara monitorearan y darán asistencia a las y los usuarios del sistema Mi Bici; tras la firma de convenio, desde este día quedaron habilitados 20 puntos con botones de alarma. Estos espacios también servirán para atender a personas en situación de migración.
A decir del Comisario General de la Policía de Guadalajara, Juan Pablo Hernández González los botones darán asistencia a cualquier persona y estos fueron estratégicamente colocados.
""Se consideró la incidencia delictiva pero también que son zonas de mucho flujo ya que mucha gente utiliza las bicicletas en los puntos de Mi Bici y estos usuarios en ocasiones pueden ser víctimas de delitos».
Hernández González resaltó que se buscará implementar más espacios seguros; algunas de las colonias que cuentan con estos 20 puntos son El Refugio, Mezquitan, Centro, Ladrón de. Guevara, Moderna, Arcos Vallarta, Obrera, entre otras.
La firma de convenio se realizó entre el C5 de la Comisaría de Guadalajara; Mi Bici; Acnur, la Agencia Metropolitana de Infraestructura de Movilidad (AMIM) e Instituto Metropolitano de Planeación (Imeplan).
Izzy Ibarra
Debe estar conectado para enviar un comentario."
77,El Informador,09/08/2023,Instalan botones de pánico en ciclopuertos de MiBici,trafilatura,trafilatura,2511,0.5,https://www.informador.mx/jalisco/Guadalajara-Instalaran-botones-de-panico-en-ciclopuertos-de-MiBici-20230809-0120.html,,"Instalan botones de pánico en ciclopuertos de MiBici
En total, serán 20 botones de emergencia instalados en zonas de Guadalajara donde se han identificado riesgos para los ciclistas de MiBici
El comisario explicó que buscarán sumar más puntos donde haya botones de pánico para apoyar a la reducción de la incidencia delictiva. EL INFORMADOR / ARCHIVO
La Agencia Metropolitana de Infraestructura para la Movilidad (AMIM) y la Comisaría de Guadalajara firmaron un convenio para instalar botones de alarma en ciclopuertos del sistema MiBici.
En total, serán 20 botones de emergencia instalados en zonas de Guadalajara donde se han identificado riesgos para los ciclistas.
Entre estas colonias, se encuentran Mezquitán, Centro, Artesanos, Ladrón de Guevara, Analco, Jardines de la Paz, Chapalita, Olímpica, Atlas, entre otras.
El comisario de Guadalajara, Juan Pablo Hernández, detalló que se eligieron las colonias principalmente por el flujo de personas migrantes y refugiadas que haya en ellas, así como por la cercanía con cámaras del sistema C5.
""Se buscó que pudiéramos estar en las zonas en que pudiéramos tener flujo de migrantes, refugiados que, si bien está pensando en ellos estos diferentes puntos pudiéramos tener (apoyo visual) de más cámaras del C5, es decir, esos puertos de MiBici van a estar monitoreados por cámaras del C5 y en caso de que cualquier persona o ciudadano tengan alguna emergencia, puedan presionar el botón y de inmediato tengamos (apoyo) visual del punto y llegará una unidad a supervisar el servicio"".
El comisario explicó que buscarán sumar más puntos donde haya botones de pánico para apoyar a la reducción de la incidencia delictiva.
El coordinador intermunicipal de Seguridad, Roberto Alarcón Estrada, resaltó que la atención de los delitos es la adecuada y en tiempo siempre y cuando quienes reporten algún incidente, lo hagan en tiempo y forma, por lo que hizo un llamado a denunciar cualquier hecho que pueda ser de consideración.
MF
Lee También
- 
						SMN advierte: Tormenta Raymond dejará lluvias intensas y fuertes vientos en 4 estados
- 
						Estos son todos los cambios que tendrá el transporte público por el paso de la Romería
- 
						¿LLUVIA en GDL por la noche?, pronóstico del clima para hoy, 10 de octubre
- 
						Jalisco reporta una tendencia a la baja en desapariciones
Recibe las últimas noticias en tu e-mail
Todo lo que necesitas saber para comenzar tu día
Registrarse implica aceptar los Términos y Condiciones"
79,Mural,07/08/2023,Invierten 40 mdp en más ciclovías para la Ciudad,trafilatura,trafilatura,391,0.78,https://www.mural.com.mx/invierten-40-mdp-en-mas-ciclovias-para-la-ciudad/ar2653552,,"COMUNIDAD
02 MIN 00 SEG
Rebeca Pérez Vega
Guadalajara, México (07 agosto 2023) .-16:15 hrs
Pablo Lemus resaltó que entre las prioridades del Ayuntamiento se encuentra la rehabilitación del Paseo Alcalde. Crédito: Archivo.
Promover el uso de la bicicleta y establecer vías alternas de movilidad es lo que busca el Ayuntamiento de Guadalajara con la construcción de más ciclovías en la Ciudad."
81,UDGTV,02/08/2023,Uno de cada seis usa la bicicleta como medio de transporte en Jalisco,trafilatura,trafilatura,980,0.33,https://udgtv.com/noticias/uno-de-cada-seis-usa-la-bicicleta-como-medio-de-transporte/193934,,"Guadalajara, Jalisco.
Hay quienes usan la bici el domingo en la Vía RecreActiva, otros se trasladan en dos ruedas en trayectos cortos con el equipo del programa público MiBici.
Pero hay un 15 por ciento de la población en Jalisco que utiliza la bicicleta como medio de transporte, de acuerdo con los datos de la Encuesta Nacional de Ingresos y Gastos 2022, realizada por personal del Inegi.
Yucatán, Guanajuato, Tlaxcala, San Luis Potosí, además de Aguascalientes son los estados donde hay más personas que usan la bicicleta como medio de transporte. Jalisco está en el lugar 13 a nivel nacional.
Aunque la encuesta se enfoca principalmente en cuánto ganan las personas y cuánto gastan, el personal del Inegi hace más preguntas. Durante una semana, llena un cuestionario por día en el hogar seleccionado y es por eso que también incluye aspectos como el transporte.
- La encuesta refleja que más de la mitad (53 por ciento) de los hogares hay un auto o camioneta para el traslado."
82,Tribuna de la Bahia,01/08/2023,Ciclovía de los poetas desaparecio,trafilatura,trafilatura,1236,0.85,https://tribunadelabahia.com.mx/ciclovia-los-poetas-desaparecio-70436/,,"Ciclovía de avenida Los Poetas desapareció completamente
La avenida Los Poetas, que conecta la avenida México con las colonias de la parte alta de la delegación del Pitillal fue, en su momento, pionera en la movilidad alternativa, pues fue una de las primeras que tenía su ciclovía delimitada y señalizada.
Este carril exclusivo corría por la lateral norte de la vía, pero con el paso de los años, poco a poco se fue abandonando al grado de que hoy por hoy, prácticamente ha desaparecido.
Lo primero que ocurrió con la ciclovía es que el balizamiento desapareció; luego, los bolardos que la delimitan también se fueron desprendiendo y con ello, los vehículos comenzaron a invadirla.
Finalmente, con las tormentas el sedimento, piedras y el lodo fueron acumulándose en la ciclovía, que ya no es transitable.
Actualmente, el carril exclusivo tiene ramas de árboles que impiden el libre tránsito, además de basura y tierra, por lo que las personas que utilizan este medio de transporte, deben invadir los carriles vehiculares, con el riesgo de ser arrollados.
La avenida que era el ejemplo de vialidad incluyente, ahora es una vía común, producto de la falta de supervisión de las autoridades y de la falta de cultura vial de las personas."
83,El Occidental,28/07/2023,Ciclistas piden limpiar y respetar ciclovía de 8 de Julio en Tlaquepaque,trafilatura,trafilatura,313,1.65,https://oem.com.mx/eloccidental/local/ciclistas-piden-limpiar-y-respetar-ciclovia-de-8-de-julio-en-tlaquepaque-15873814,,"Localviernes, 28 de julio de 2023
Los comerciantes se quejaron del alumbrado público
LOCAL
Mirza Flores acusa a Morena de ""grillar"" y lucrar políticamente con el tema del agua
El delito por el que fue denunciado Eduardo N, es por acoso sexual
La víctima está protegida y hasta el momento se desconoce su identidad"
84,Notisistema,21/07/2023,Avanza ampliación del programa MiBici en ZMG,trafilatura,trafilatura,672,0.32,https://www.notisistema.com/noticias/avanza-ampliacion-del-programa-mibici-en-zmg/,,"Fueron integradas 112 bicicletas al programa MiBici Pública de la Zona Metropolitana de Guadalajara, en las estaciones de mayor demanda de viajes.
Las nuevas unidades son modelo FIT y ergonómicamente más ligeras y con tres velocidades.
La Agencia Metropolitana de Infraestructura para la Movilidad recuerda que la quinta etapa de crecimiento del sistema de MiBici Pública también contempla la llegada de 660 bicicletas y más de 60 estaciones nuevas durante el mes de octubre, sobre todo en la zona oriente del Área Metropolitana de Guadalajara.
Con esto se busca atender el aumento del 37 por ciento de la demanda que se registró el año pasado. (Por Claudia Manuela Pérez)"
86,El Informador,20/07/2023,¡A buscarlas! Llegan 112 bicicletas nuevas al sistema de MiBici,trafilatura,trafilatura,2454,0.67,https://www.informador.mx/jalisco/Guadalajara-A-buscarlas-Llegan-112-bicicletas-nuevas-al-sistema-de-MiBici-20230720-0142.html,,"¡A buscarlas! Llegan 112 bicicletas nuevas al sistema de MiBici
Esta es la segunda ocasión en que se incorporan bicicletas de este modelo a MiBici debido a la buena aceptación de los usuarios, aseveró la Agencia Metropolitana de la Infraestructura para la Movilidad
Estas acciones forman parte de los trabajos para rehabilitar y fortalecer este sistema de transporte. CORTESíA / MiBici
Este jueves la Agencia Metropolitana de la Infraestructura para la Movilidad (AMIM) informó que ya salieron 112 bicicletas nuevas de los talleres de MiBici Pública, que se integran al balanceo de estaciones con mayor demanda de viajes.
Las unidades, dijo, son modelo FIT y ergonómicamente más ligeras, permitiendo el ajuste en la altura del asiento. Cuentan con tres velocidades para un pedaleo eficiente y campanilla para que los ciclistas se hagan visibles en las calles de la Ciudad.
Esta es la segunda ocasión en que se incorporan bicicletas de este modelo al sistema de MiBici debido a la buena aceptación de los usuarios, aseveró la AMIM.
""Las 112 bicicletas nuevas ya fueron dadas de alta en el sistema y se encuentran en las estaciones, previamente se revisaron por los equipos del taller, se les colocaron los stickers de MiBici y sus números económicos"", aseveró la agencia mediante un comunicado.
La quinta etapa de mejora y crecimiento del sistema MiBici Pública también contempla la llegada de 660 bicicletas más y 60 estaciones nuevas durante el mes de octubre, con las cuales se ampliará el programa hacia el oriente de la metrópoli. Con ello, se busca atender el aumento del 37% en la demanda del servicio por parte de los usuarios que se registró durante el 2022, recordó.
""Cabe destacar que, a principios del mes de junio, se integraron al balanceo 220 bicicletas que estaban en espera de reparación y comenzaron a circular con la llegada de refacciones canadienses. Además, la Agencia AMIM y el Imeplan continúan trabajando en la recuperación de bicicletas, entre dañadas o robadas, para el restablecimiento de equipos"", dijo la AMIM.
Estas acciones forman parte de los trabajos para rehabilitar y fortalecer este sistema de transporte, tal como anunciaron a finales del mes de junio el Ejecutivo de Jalisco, y la Directora del Imeplan, Patricia Martínez Barba.
MF
Lee También
Recibe las últimas noticias en tu e-mail
Todo lo que necesitas saber para comenzar tu día
Registrarse implica aceptar los Términos y Condiciones"
87,Mural,20/07/2023,"Pese a quejas, sube uso de Mi Bici",trafilatura,trafilatura,491,0.64,https://www.mural.com.mx/pese-a-quejas-sube-uso-de-mi-bici/ar2643755,,"COMUNIDAD
02 MIN 00 SEG
Violeta Meléndez
Guadalajara, México (20 julio 2023) .-12:51 hrs
Pese a quejas de usuarios de Mi Bici sobre mal estado de equipos y desabasto en horas pico, el uso de este sistema creció respecto a 2022. Crédito: Archivo
A pesar de las quejas por parte de usuarios que durante la primera mitad del año han abundado sobre el mal estado de las bicicletas y el desabasto de éstas en horas pico, el uso del sistema de transporte Mi Bici ha crecido respecto al año pasado."
88,Pagina24Jalisco,19/07/2023,Critican Actuar de Ciclistas en el Centro,trafilatura,trafilatura,1765,0.8,https://pagina24jalisco.com.mx/2023/07/19/local/critican-actuar-de-ciclistas-en-el-centro/,,"""Se Sienten Dueños de la Ciudad los Cabrones""
""Así como ellos son vulnerables, somos más vulnerables los que vamos caminando, y tenemos más derecho de poder estar tranquilos""
Por Rafael Hernández Guízar
Problemas constantes con ciclistas se reportan en el Paseo Alcalde en el centro de Guadalajara.
Y es que a decir de ciudadanos entrevistados ayer por Página 24, aquellos que van a bordo de bicicletas, en ocasiones lo hacen a exceso de velocidad, algo que ocasiona constantemente roces y altercados con la gente que va caminando por el camellón central.
""Es que van en chinga, y quiera que no a veces pasan y le dan a uno un aventón o le dicen de cosas porque son muy groseros generalmente los ciclistas, porque se sienten dueños de la ciudad los cabrones. Aquí queremos decirle al presidente que los haga conscientes de que, así como ellos son vulnerables, somos más vulnerables los que vamos caminando, y tenemos derecho de poder estar tranquilos"", indicó una de las entrevistadas.
Y agregó: ""Entonces que se pongan a revisar las cosas y que les pongan medidas para que vayan más controlados y más despacio por esta ciclovía, porque si usted se fija mucha gente a veces no se da cuenta que hay ciclovía y a veces caminan por ahí, mal hecho lo sé, pero tampoco es para que haya tantas groserías por parte de los ciclistas"".
Así como se reportó por parte de ciudadanos molestos en el Paseo Alcalde, los altercados con los ciclistas se dan constantemente por todas las zonas de la ciudad en donde hay presencia de ciclovía.
De acuerdo con los entrevistados es urgente que, por parte de las autoridades tanto del municipio como del gobierno del estado, se analice la posibilidad de fijar reglas para que circulen a determinada velocidad y en los sentidos adecuados."
89,El Informador,17/07/2023,Aseguran capacitar a prestadores de servicio en Vía Recreactiva para evitar accidentes,trafilatura,trafilatura,3609,0.66,https://www.informador.mx/jalisco/Via-Recreactiva-ZMG-Aseguran-capacitar-a-prestadores-de-servicio-para-evitar-accidentes-20230717-0134.html,,"Aseguran capacitar a prestadores de servicio en Vía Recreactiva para evitar accidentes
Iván Vázquez, coordinador de la Vía RecreActiva de Guadalajara, aseguró que todos los prestadores de servicios están capacitados para evitar este tipo de percances
Vázquez Jiménez también especificó que los jóvenes del servicio son capacitados previo a comenzar sus funciones en la Vía RecreActiva. EL INFORMADOR / ARCHIVO
Iván Ernesto Vázquez Jiménez coordinador de la Vía RecreActiva de Guadalajara especificó que el accidente registrado ayer en la tarde en el cruce de en avenida Juárez y Colón en el Centro Histórico en el que estuvieron involucrados un ciclista y un peatón, fue un descuido de los involucrados, y también aseguró que todos los prestadores de servicios están capacitados para evitar este tipo de percances.
""Uno de nuestros paramédicos atendió el llamado y estaba a unas cuadras, él se percató y a lo que mencionan testigos fue un descuido de ambas partes, la persona cruzó un poco fuera de la línea cebra o el cruce peatonal, el ciclista al tratar de esquivarlo se impactó y el peatón sufrió un poco más de contusiones en este caso nuestro personal lo atendió de manera inmediata, solicita el apoyo por las características del dolor que presentaba la persona y valora toma la decisión de solicitar la ambulancia y la cual acudió en tiempo prudente. En este sentido siempre apelamos a la seguridad del usuario y es nuestra prioridad en la Vía RecreActiva, tenemos más 600 chicos de Servicio Social en cada crucero e igual en ese crucero tenemos también prestador de servicio, la afluencia es demasiada"", destacó.
Vázquez Jiménez también especificó que los jóvenes del servicio son capacitados previo a comenzar sus funciones en la Vía RecreActiva.
""Todos los chicos de Servicio Social previo a realizar su primer jornada en Vía RecreActiva son capacitados durante nueve horas, un domingo previo en nuestras oficinas centrales y en la capacitación reciben la capacitación de control de crucero, tráfico vial, una capacitación en su momento darnos Movilidad Guadalajara para que ellos tengan todo el tema de seguridad y tráfico vial, reciben capacitación de primeros auxilios para si les toca a ellos ser el primer respondiente y en capacitación de los protocolos propios de Vía RecreActiva para ellos sepan en que momentos activarlos y solicitar el apoyo en tema de seguridad"", dijo.
Al ser un espacio público en la Vía RecreActiva no se puede expulsar o infraccionar a quiénes no respeten los cruces y el señalamiento de los prestadores de servicio, explicó el coordinador de la Vía RecreActiva.
""No (se puede expulsar a usuarios que no respeten cruces)al ser un programa público, tenemos la experiencia del domingo como programa, pero no deja de ser un espacio público aquí lo que sucedió es un tema entre particulares, nosotros en lo que nos enfocamos es la atención en caso de algún accidente, si involucra el tema de que otra autoridad tenga que intervenir, ya serían las autoridades pertinentes hacía dónde se dirige la situación"", acotó.
MF
Lee También
- 
						Con ""Raymond"" cerca, Guadalajara espera lluvias a esta hora del viernes
- 
						Romería 2025: Estos son los cierres viales que habrá en Zapopan desde HOY
- 
						Fiestas de Octubre 2025: cartelera por fecha en el Auditorio Benito Juárez
- 
						Clima en Guadalajara hoy: el pronóstico para el viernes 10 de octubre de 2025
Recibe las últimas noticias en tu e-mail
Todo lo que necesitas saber para comenzar tu día
Registrarse implica aceptar los Términos y Condiciones"
90,El Informador,16/07/2023,Ciclista atropella a mujer en plena Vía Recreactiva,trafilatura,trafilatura,1707,0.63,https://www.informador.mx/jalisco/Seguridad-en-Jalisco-Ciclista-atropella-a-mujer-en-plena-Via-Recreactiva-20230716-0041.html,,"Ciclista atropella a mujer en plena Vía Recreactiva
La mujer, de 50 años, salía de trabajar cuando fue embestida por el ciclista, que se dio a la fuga
El ciclista se dio a la fuga después de embestir a la trabajadora. ESPECIAL
Una mujer resultó lesionada de consideración al ser atropellada por una bicicleta en la Vía Recreactiva en el Centro de Guadalajara.
La víctima es trabajadora de una tienda departamental y salía de laborar cuando fue embestida por la bicicleta en avenida Juárez, a unos metros de avenida 16 de Septiembre.
""Pasó un muchacho, iba a toda velocidad y atropelló a la señora. El chavo se quedó al principio, pero luego vio que llegaron los de la Vía, luego la policía, entonces se asustó y se fue"", comentó una joven que acudió a auxiliar a la víctima. Aseguró que aunque otras personas vieron al responsable, no intervinieron para detenerlo.
Otro testigo mencionó que la señora cruzó Juárez distraída y el ciclista iba rebasando a otros usuarios con maniobras imprudentes, ocurriendo la colisión.
Al caer, la trabajadora de 50 años y vecina de Tlajomulco, se golpeó la cabeza. Al sitio acudieron elementos de la Cruz Roja de Guadalajara quienes auxiliaron a la lesionada y fue trasladado en estado regular de salud a un hospital del IMSS. La mujer fue traslada consciente al nosocomio.
""Si hay muchos que van en la bici, o la patineta (a gran velocidad) y pues pasan estas cosas. Deberían de poner más atención a eso, sobre todo porque hay muchos niños"", mencionó Karina López, usuaria de la vía.
FS
Lee También
Recibe las últimas noticias en tu e-mail
Todo lo que necesitas saber para comenzar tu día
Registrarse implica aceptar los Términos y Condiciones"
92,NTR Guadalajara,11/07/2023,Crean red de atención a ciclistas en La Primavera,trafilatura,trafilatura,1933,0.45,https://www.ntrguadalajara.com/post.php?id_nota=200355,,"La muerte de su hijo hace dos años, en un accidente arriba de su bicicleta al interior del bosque La Primavera, fue el motor para que Manuel Magallanes, quien jamás ha sido practicante del ciclismo, se dedicara a generar una red de atención de primeros auxilios entre los caminos del área natural protegida.
Es un proyecto que se denomina Más Bosque Manu, en honor a su hijo, que se llamaba igual que él, y el domingo vivió su primera jornada con servicio de paramédicos.
Las circunstancias en que falleció Manu explican en buena medida los fundamentos del proyecto. Cayó de la bicicleta en una pendiente peligrosa y se dañó el hígado. Sus compañeros lo ayudaron, pero cuando recibió la primera atención médica ya habían pasado más de tres horas y estaba fuertemente desangrado. Es claro que brindar primeros auxilios puede ser la diferencia entre vivir y morir.
En dos meses Más Bosque Manu ha instalado tres botiquines protegidos en zonas del bosque fuertemente transitadas por ciclistas. Se colocaron tras tener permisos de los propietarios, la dirección del bosque y la Secretaría de Medio Ambiente y Desarrollo Territorial (Semadet). Su meta es poner 10.
A la par acordó con un grupo de paramédicos de Santa Ana Tepetitlán que se presente sábados y domingos, toda la mañana y hasta mediodía, y recorra la zona para atender contingencias, que pueden ir de una bicicleta ponchada a un lesionado con fractura de clavícula, como sucedió este domingo 9 de julio. Los paramédicos tienen experiencia y equipo propio.
La idea es crecer y consolidar la red de apoyo; de hecho, Más Bosque Manu está en ruta de constituirse como asociación civil para recibir donaciones.
Finalmente, el activista expuso que durante los fines de semana por los caminos del bosque deambulan hasta 4 mil ciclistas, de ahí la importancia de atenderlos de manera oportuna y profesional, lo que, desgraciadamente, no pudo recibir su hijo Manuel, de 30 años.
jl/I"
93,Reporte diario,05/07/2023,Una Ciclovía Desde La Zona Hotelera Hasta El Malecón.,bs4,bs4,465,0.61,https://www.reportediario.com.mx/noticias/puerto-vallarta/una-ciclovia-desde-la-zona-hotelera-hasta-el-malecon.,,"Puedes tener una rica tarde para hacer ejercicio y terminar viendo la puesta de sol en el malecón.

Uno de los más bellos atardeceres con un ciclovía segura y nueva.

Desde hace unos meses se terminaron los tramos donde se ponía en peligro a los ciclistas, se hizo un puente en camarones y se logra tener la certeza de un paseo seguro y poder disfrutar del destino de playa más mexicano.

#PuertoVallarta #Hoy #Ciclovía #Malecón #DestinoTurístico #mexico #atardecer"
94,NTR Guadalajara,03/07/2023,Quinta etapa de MiBici costará 61.5 mdp,trafilatura,trafilatura,2366,0.25,https://www.ntrguadalajara.com/post.php?id_nota=199952,,"Por un monto de casi 61.5 millones de pesos (mdp) fue licitada la totalidad del equipamiento que se necesita para la quinta etapa del programa MiBici, lo que incluye 60 estaciones con 19 puertos de anclaje y 772 bicicletas de tres velocidades, y que servirá para ampliar el programa hacia la zona oriente de Guadalajara. Las obras comenzarán en octubre y serán entregadas en diciembre de este año.
El ganador de la licitación internacional LPI/AMIM/004/2023, fallada el 23 de mayo, fue PBSC Urban Solutions Inc., representada por Jaime Enrique Hernández Gómez Ibarra. La empresa participó en solitario y calificó positivamente en todos los requisitos, según el dictamen de fallo que publicó la Agencia Metropolitana de Servicios de Infraestructura para la Movilidad (Amim).
Las nuevas unidades de MiBici tendrán la imagen institucional del sistema de bici pública, serán de color gris y tendrán horquilla en negro y geoposicionador, mientras que los 60 ciclopuertos contarán con un ""kiosco solar sin pantalla ni lector de tarjeta"".
A la par la Amim tiene como tarea mejorar el servicio con la recuperación de bicicletas dañadas o robadas. De 558 fuera de servicio por falta de refacciones, 280 ya están en calle en el balanceo y a finales de julio estarán todas funcionando en calle, según datos del gobierno del estado.
Otras 431 bicicletas que contaban con daño total o que fueron robadas a través de los años se recuperarán a través del cobro del seguro.
SIGUE EL DÉFICT
Actualmente el Área Metropolitana de Guadalajara (AMG) cuenta con más de 280 kilómetros de ciclovías; sin embargo, Alexandro Alvirde Sucilla, académico de los departamentos de Proyectos Arquitectónicos y de Técnicas de la Construcción del Centro Universitario de Arte, Arquitectura y Diseño (CUAAD), señaló que no existen las condiciones óptimas para que la mayoría de los habitantes tome la opción de moverse en bici.
""Es insuficiente, el AMG tiene un déficit en ciclovías, a algunas les faltan espacio para circular con seguridad y confort, sin miedo. Para que se concrete deben de ligarse los trayectos entre las centralidades"", dijo el experto de la Universidad de Guadalajara (UdeG), quien agregó que ""en estas ciclovías no tenemos la conexión que queremos. Los tapatíos aún no estamos acostumbrados a las bicis; desgraciadamente, no somos el pueblo bicicletero que deberíamos ser"".
jl/I"
95,Somos el medio,01/07/2023,"La audacia del ""cochecentrismo"" y su comedia involuntaria",trafilatura,trafilatura,3595,1.29,https://www.somoselmedio.com/la-audacia-del-cochecentrismo-y-su-comedia-involuntaria/?amp=1,,"Por Juan Yves Palomar / @JuanYvesPalomar
Hace algunos días se dio a conocer que Guadalajara ya superó a la ciudad de México en número de kilómetros de ciclovías, dato alentador sin duda para la movilidad y la calidad de vida de los Jaliscienses. Este cambio, impulsado por la idea de la recuperación del espacio público es mérito de toda la sociedad, tanto de los movimientos sociales, los estudiantes, los universitarios y los vecinos de diferentes colonias.
Sería un error que este nuevo rostro que se ha ido dibujando en la capital de Jalisco en la última década se lo tratara de agenciar algún grupo en particular, repensar lo común es una actividad colaborativa y esencialmente colectiva, no se puede pensar la ciudad desde la sola mirada particular, se tiene que acudir a todo un caleidoscopio de interpretaciones y formas de entender lo público. Tanto en el contexto urbano, como rural.
Curiosamente, hoy que se está ampliando aún más, de forma a todas luces necesaria, la red de ciclovías de la ciudad, ha surgido un pequeño grupo de vecinos de la avenida guadalupe que se dice en contra de la supresión de un carril del arroyo vehicular en favor del nuevo tramo de ciclovía pública.
Entre estos vecinos han surgido dos liderazgos muy chuscos, en primer lugar ""el aladín de Guadalupe"", un señor que decidió acostarse sobre el pavimento en protesta contra la ciclovía en obra y el ""Thor de Zapopan"" otro señor que con martillo en mano decidió maltratar el mobiliario urbano recién instalado para delimitar el carril ciclista.
Surge la interrogante de qué habrá pensado el señor que se tiró sobre la avenida porque si quiere ""defender"" sus derechos, impedir el paso de otras personas no es la mejor estrategia para ganar adeptos a su causa. Por otro lado, el señor del martillo podría hacerse acreedor a una sanción por parte de la comuna por daño a propiedad pública, a la espera de que la autoridad actúe en consecuencia. Ojala y sus agresiones no lleguen a escalar más.
Por otro lado, con la extensión de la ciclovía se verán beneficiados los vecinos de colonias y pueblos que están cruzando el periférico, como el Colli, Arenales Tapatios y Santa Ana Tepetitlan, barrios con alto índice de densidad de población y que tienen como uno de sus medios de transporte preferidos la bicicleta y el transporte público.
Muchas personas pedalean por Av. Guadalupe de forma habitual. Platicamos con algunas y coinciden en que la ciclovía por la derecha mejorará sus vidas, haciendo que sus trayectos sean seguros. #SíAlaCiclovíaPorLaDerecha pic.twitter.com/E2CBIlXVcV
— Bicicleta Blanca (@BicicletaBlanca) June 22, 2020
Queda claro que queda mucho por hacer para mejorar la movilidad y con ello la calidad de vida en la ciudad de Guadalajara y su zona metropolitana. Esfuerzos como el de https://bicicletablanca.org/ impulsado por Ciudad Para Todos y GDL en Bici desde 2009 han ayudado a dejar claro la necesidad de garantizar los derechos de quienes pedalean por la ciudad. La existencia de infraestructura adecuada puede significar la diferencia entre la vida o la muerte.
Está pendiente y es urgente recuperar el transporte público de manos del pulpo camionero que lo ha convertido un negocio particular y una herramienta política al servicio de quien convenga. También está pendiente recuperar avenidas enteras en zonas de la ciudad que prácticamente fueron privatizadas de manera irregular y contraria al beneficio público por fraccionadores privados al amparo de cabildos y presidentes municipales omisos. (Ejemplos sobran en avenidas como Acueducto, Patria, y Naciones Unidas entre otras)."
96,El Informador,30/06/2023,Autoridades y vecinos elegirán ubicación de puertos de MiBici,trafilatura,trafilatura,8875,0.67,https://www.informador.mx/MiBici-Autoridades-y-vecinos-elegiran-ubicacion-de-nuevos-puertos-l202306300001.html,,"Autoridades y vecinos elegirán ubicación de puertos de MiBici
Las autoridades se reunirán con los vecinos que albergarán alguna de las 60 estaciones para juntos elegir sitios que no causen obstrucciones
Después de que se diera a conocer la inversión de poco más de 60 millones de pesos (MDP) para la ampliación de MiBici, el Instituto Metropolitano de Planeación (Imeplan) informó que analizará con autoridades y vecinos las ubicaciones que tendrán las nuevas 60 estaciones que se sumarán al sistema en el oriente de la ciudad.
La intención es consensuar con los colonos las mejores opciones para su instalación, con el objetivo de que en octubre próximo empiecen a operar las 660 bicicletas que se integrarán al programa.
El usuario Eduardo Herrera celebró el aumento de puertos y de unidades.
""Estaría genial que dieran a conocer pronto las ubicaciones, sobre todo para las personas como yo que no vivimos por la zona (Oriente), pero acudimos varias veces por semana para allá"", destacó el joven.
Carolina Martínez aplaudió el anuncio y también se dijo interesada en conocer los sitios en los que estarán los ciclopuertos.
""Yo vivo cerca de la Estación San Andrés y me serviría demasiado si ponen una estación cerca, porque ahora con la ciclovía que se está construyendo en Javier Mina podría irme al Centro en bici, dejarla en un puerto, y cuando venga de regreso utilizarla de nuevo, incluso para hacer conexión con el Tren Ligero"".
El Imeplan aclaró que, tras una actualización de cifras al mes de junio, las suscripciones incrementaron 3.8% en este año.
CONEXIíN Y HABITANTES
Las claves para elegir nuevas ubicaciones
Con la instalación de las nuevas 60 estaciones que conformarán la nueva etapa de MiBici Pública, lo que se busca principalmente, dijo el Instituto de Planeación Metropolitana (Imeplan), es fortalecer el sistema en los municipios de Tlaquepaque, Zapopan y Guadalajara.
El Instituto informó que para elegir las colonias donde serán instalados los puertos se han implementado una serie de ""criterios técnicos"", con los cuales se sustenta la viabilidad de las estaciones.
Una vez elegidas, se realizará un acercamiento con los vecinos de las colonias seleccionadas para la ampliación, con el objetivo de que puedan elegir el mejor punto para ello sin que represente alguna obstrucción.
""Estamos en el proceso técnico para la definición de las ubicaciones donde serán colocadas. Entre los criterios técnicos que se analizan se encuentran la densidad poblacional y la proximidad a estaciones de transporte masivo, para que sean colonias generadoras y receptoras de viajes multimodales"", explicó la Agencia.
Además, señaló para definir las ubicaciones se tomará en cuenta el plan de expansión del sistema diseñado desde el 2014, año en el cual se puso en marcha la primera etapa del programa, así como la distancia de las nuevas estaciones con los polígonos ya existentes.
""Las estaciones de MiBici guardan una distancia de 300 metros entre ellas, lo que permite que los usuarios tengan opciones en caso de que la estación se llene o vacíe, esto es conocido como un rebalanceo orgánico"", añadió el organismo.
El miércoles pasado la titular del Imeplan, Patricia Martínez Barba, señaló que se consideró la conectividad con los sistemas de transporte masivo, debido a que mejorar la conectividad del sistema de movilidad ha sido una de las principales apuestas para mejorar el servicio que se brinda a la ciudadanía.
Usuarios piden mejorar las condiciones de las bicis
Laura Vargas es usuaria de MiBici Pública desde hace dos años. Comenzó a usar el sistema porque se quedó sin vehículo, por lo que tuvo que optar por usar el transporte público.
Todos los días va de la zona de Alcalde Barranquitas a Revolución, en Guadalajara, para lo cual utiliza la Línea 3 del Tren Ligero.
La bicicleta es el sistema que le permite hacer conexión a la estación del tren de ida y vuelta, con el objetivo de caminar menos, y aunque considera que en el último año el sistema ha tenido algunas fallas, le ayuda a eficientar sus viajes.
""Con las estaciones de MiBici camino menos, me ayudan a hacer conexión a la estación de La Normal o el Santuario, según las ganas que tenga de pedalear. Aunque quizá las estaciones o las bicis no están ya en las mejores condiciones, el sistema ayuda mucho. Considero que con que se mejore el balanceo y que arreglen un poquito las bicis, se puede salvar el programa, porque en principio era muy bueno"", dijo la joven respecto de las fallas que ha presentado el sistema de MiBici Pública en los últimos meses.
""A mí sí me sirve mucho porque me ayuda a llegar más rápido al trabajo, sobre todo ahora que pusieron el BusBici de Hidalgo. Pero lo que me estresa mucho es llegar y que las llantas estén bajas, porque me ha tocado llegar y agarrar la bici y que a las dos o tres cuadras ya van bajas, y así la bici se hace muy pesada. Los elásticos de las canastillas también están muy mal, ya no puedes poner nada porque muchos ya no sirven"", dijo por su parte Andrés Vázquez.
Uno de los puntos que más señalaron las personas usuarias entre las fallas a solventar es el que presentan algunas estaciones respecto al sistema de viajes, pues en ocasiones los ciclopuertos no leen cuando estos han cerrado, ocasionando que el tiempo sea cobrado a los usuarios.
""Yo utilizo mucho MiBici, de tres a cuatro veces al día, y algo que vi que estuvo fallando mucho en los últimos tres meses, podría decir yo, es el sistema. Intenté sacar varias ahorita y no pude. Tuve que hablar varias veces a las oficinas, y sí, me dijeron que era el sistema y que lo iban a arreglar"", dijo.
Otro de los usuarios, Jorge Naranjo, indicó que a las bicis les falta ""un buen mantenimiento"".
""Yo creo que es necesario más bicicletas y más estaciones. Han hecho muchas ciclovías, y sí es un programa sustentable, pero sí faltan estaciones, además de que los usuarios también tenemos que poner de nuestra parte para cuidarlas, no maltratarlas"", dijo por su parte Ronald.
El Gobierno de Jalisco confirmó ya una inversión de 50 millones que serán empleados en un programa de mantenimiento permanente, con el objetivo de conservar las bicicletas y las estaciones en buenas condiciones, recurso que se ejecutará entre 2023 y 2024.
Añadió que a finales de julio estarán de vuelta 558 bicicletas que se encontraban fuera de circulación por falta de piezas, y que serán recuperadas 431 bicicletas que contaban con daño total o que habían sido robadas.
Principales fallas de MiBici
- Fallas en el balanceo (garantizar que siempre hay bicis y ciclopuertos disponibles).
- Asientos en mal estado, están rotos o se bajan al ir circulando.
- El sistema en las estaciones no lee cuando se dejó la bicicleta al finalizar el viaje, y el tiempo extra identificado por MiBici es cobrado a sus usuarios.
- Las estaciones no leen la tarjeta para liberar la bicicleta.
- Frenos o velocidades en mal estado.
- Los ciclopuertos o estaciones se encuentran sucios, y en ocasiones también las bicicletas.
- La aplicación no lee correctamente si hay o no bicicletas en los ciclopuertos.
- Las llantas de las bicis suelen estar bajas de aire.
- La mayoría de las bicicletas no tiene campanilla.
RECOMENDACIONES
Lo que hay que saber para obtener un mejor servicio
- Antes de pedalear con el sistema de MiBici conoce las reglas y los términos de su operación, al igual que el funcionamiento de sus estaciones.
- También es útil que conozcas el reglamento de Movilidad, pues una unidad de MiBici también es un vehículo, y debe atender las disposiciones estatales para lograr una movilidad ordenada y segura.
- Cuando hagas y planees tus trayectos considera medir los tiempos para evitar recargos. Cada trayecto puede durar máximo 30 minutos, y puedes hacer uso de ella de las 5:00 am a la 1:00 am.
- Para liberar la bicicleta que usarás puedes utilizar tu tarjeta MiMovilidad o solicitar un código desde la app (que deberá estar activa con tu cuenta), esperando siempre la luz verde para hacerlo.
- Asegúrate, antes de liberarla o de iniciar tu viaje, de que funcionan bien el manubrio, pedales, cadena de velocidades, frenos y que las llantas están en buen estado. De lo contrario devuélvela al ciclopuerto (o no la liberes) y presiona el botón para notificar al equipo de MiBici que presenta alguna falla.
- Al circular hazlo siempre de manera cuidadosa, respetando el sentido de las calles y evitando circular por la banqueta, si tienes que hacerlo, desciende de la bici y camina junto con ella. Recuerda siempre que el peatón es primero.
- Para anclar la bicicleta de vuelta a la estación no la avientes contra el ciclopuerto. Apóyate en el pedal para ingresar la bicicleta al puerto y revisa que haya marcado la luz verde, la cual indica que el viaje ha terminado correctamente."
99,NTR Guadalajara,28/06/2023,MiBici llegará en octubre a la zona oriente de la metrópoli,trafilatura,trafilatura,2183,0.33,https://www.ntrguadalajara.com/post.php?id_nota=199773,,"El sistema de bici pública MiBici llegará en octubre de este año a la zona oriente de la ciudad con 660 nuevas bicicletas y 60 módulos.
La ampliación forma parte de la quinta etapa del programa y fue anunciada este miércoles por el gobernador Enrique Alfaro Ramírez y la directora general del Instituto de Planeación y Gestión del Desarrollo del Área Metropolitana de Guadalajara, Patricia Martínez Barba.
Los nuevos ciclopuertos comunicarán con los centros de Zapopan, San Pedro Tlaquepaque y Guadalajara, y los sistemas de transporte masivo del gobierno estatal, el cual prevé un beneficio para 100 mil personas.
""Llegamos prácticamente a tener una cobertura importante que nos conecta no solamente con los centros de estos tres importantes municipios, sino con los sistemas de transporte masivo para mejorar la conectividad"", apuntó la directora del Imeplan, quien adelantó que en los próximos días arrancará la socialización de las nuevas estaciones en los tres municipios.
El anuncio sobre la nueva fase de MiBici se dio luego de que en las últimas semanas el servicio fuera objeto de críticas por parte de usuarios debido a fallas en el sistema, bicicletas en mal estado y mal balanceo en estaciones.
Además de las 660 nuevas bicicletas, el gobierno del estado espera otras 112 para fortalecer el balanceo en las estaciones. Estarán en el taller en un mes para luego ser puestas en operación.
Alfaro Ramírez y Martínez Barba también anunciaron que a finales de julio estarán de nuevo en funcionamiento 558 unidades que estaban fuera de servicio por falta de refacciones.
Además, actualmente se recuperan 431 que tenían daño total o fueron robadas a través de los años y se recuperaron a través del cobro del seguro.
El 19 de mayo, NTR dio a conocer que la nueva ampliación de MiBici estaba en puerta tras lanzarse una convocatoria para una licitación sobre la compra de 772 nuevas unidades y 60 estaciones.
La Agencia Metropolitana de Servicios de Infraestructura para la Movilidad (Amim) publicó la licitación el 3 de mayo y, según el calendario del proceso, ese mismo mes debió conocerse al ganador, pues el 22 era el registro de propuestas y el 23 se daría el fallo.
EH-jl/I"
103,El Informador,25/06/2023,Tapatías se unen a la rodada nacional de Morras para Morras,trafilatura,trafilatura,4388,0.6,https://www.informador.mx/jalisco/Guadalajara-Tapatias-se-unen-a-la-rodada-nacional-de-Morras-para-Morras-20230625-0085.html,,"Tapatías se unen a la rodada nacional de Morras para Morras
Partieron del Parque Revolución hasta la Antimonumenta, en la Plaza Imelda Virgen, en el Centro de la ciudad
Tapatías se sumaron a la rodada nacional de Morras para Morras, en su 3° edición a nivel nacional y primera en Guadalajara. EL INFORMADOR/ E. Zamudio
En las inmediaciones del Parque Revolución se reunieron más de 60 mujeres para emprender el recorrido de 10 km como parte de la rodada nacional de Morras para Morras, en su 3° edición a nivel nacional y primera en Guadalajara.
A la cabeza del trayecto inauguró el camino en punto de las 19:30 horas el colectivo ciclista de Enbiciadas y otras agrupaciones como Fridas en Bici y Femifixed también se sumaron al lado de quienes quisieran participar.
""Creo que Guadalajara, a nivel nacional, es una ciudad que ha puesto el ejemplo en el tema del ciclismo, pues somos varias mujeres, las que andamos en bicicleta, la llamada hacia las mujeres es positiva tú estás viendo y alrededor de aquí yo por lo menos ahorita ya hay unas 30 personas y todavía no arrancamos, poco a poco se van sumando más y da felicidad ver cómo nos integramos todas en una misma calle"", comentó Ceci Ortiz, dirigente de Enbiciadas.
La Rodada Nacional es un movimiento ciclista que empezó en el 2021 y cuyo propósito es hacer visible el uso de la bicicleta como una forma de ejercitarse y de transporte, pero sobre todo como una herramienta de libertad para las mujeres.
En Guadalajara además del recorrido se aprovechó el espacio para hacer conciencia de la violencia de género al momento de circular por las calles, por lo que para este año se incluyó el taller de ""Defensa Personal en Bici"" para mujeres.
""Desgraciadamente sucede en todos los espacios, caminando, dentro del transporte público, incluso, en bicicleta, no falta quien a lo mejor te haga un piropo, te acose en la calle y bueno, de qué manera poder evitar esto y más allá de eso. La situación que vive todo el país en tema de inseguridad es grave, sobre todo si a lo mejor tomas el transporte en horas ya más de noche o tomas calles donde a lo mejor puede ser un poco más peligroso y por ellos nos pareció importante que uno de los talleres fuera para estar más alerta de tus alrededores y también más seguras"", compartió la ciclista.
Otras actividades a realizar serán el conversatorio ""Mujeres y la bicicleta"", otro taller de ""tecnologías para la exploración corporal"", y una meditación guiada: ""Guardianas de la Tierra"".
Dichas actividades se desarrollaron a la llegada del punto final en la Plaza Imelda Virgen, por lo que más que una rodada fue un espacio para el desarrollo de habilidades y convivencia.
""Quisimos hacer esto de meter los talleres y el conversatorio porque creemos que es una forma de unir más a las chicas, a lo mejor en la rodada puedes ir platicando, pero también tienes que estar pendiente de las calles y de todo esto entonces llegar a un lugar y poder platicar también ayuda a que se fomente una comunidad y que las chicas nos empecemos a conocer"".
El recorrido
El contingente estableció como punto de partida el Parque Rojo y se embarcó por medio de la Av. Juárez a la Glorieta de La Minerva, para luego retornar por la calle Hidalgo hasta llegar a la Antimonumenta, en la Plaza Imelda Virgen; también conocida como la plaza de armas.
Ahí emprendieron los talleres para quienes desearon integrarse sin necesidad de una bicicleta.
En el trayecto el contingente decidió hacer paradas para hacer el cambio de bicicleta para quienes usan el sistema de MiBici.
Aunque es la primera vez que se realiza la rodada en Guadalajara, las integrantes no descartaron que en el futuro pueda haber más encuentros propios del municipio, pues señalan que este primer encuentro les ha permitido conocerse y las participantes se muestran ansiosas de poder disfrutar más espacios para las mujeres en actividades deportivas.
""A veces como que las mujeres no tenemos el espacio para poder como desarrollarnos en el deporte o en actividades que son como un poco más de hombre, entonces está chido que podamos tener como nuestro espacio para estar juntas y poder, pues sentirnos más libres"", expresó Alejandra Vargas.
Lee También
Recibe las últimas noticias en tu e-mail
Todo lo que necesitas saber para comenzar tu día
Registrarse implica aceptar los Términos y Condiciones"
104,El Occidental,23/06/2023,Rodada ciclista al desnudo: Conoce las calles por las que pasará,trafilatura,trafilatura,319,0.56,https://oem.com.mx/eloccidental/local/rodada-ciclista-al-desnudo-conoce-las-calles-por-las-que-pasara-15851930,,"Localviernes, 23 de junio de 2023
A partir de las 12 de día habrá cierres a la circulación
LOCAL
Mirza Flores acusa a Morena de ""grillar"" y lucrar políticamente con el tema del agua
El delito por el que fue denunciado Eduardo N, es por acoso sexual
La víctima está protegida y hasta el momento se desconoce su identidad"
105,El Informador,23/06/2023,MiBici tendrá 60 nuevas estaciones y 772 bicicletas más,trafilatura,trafilatura,2183,0.68,https://www.informador.mx/jalisco/MiBici-tendra-60-nuevas-estaciones-y-772-bicicletas-mas-20230623-0111.html,,"MiBici tendrá 60 nuevas estaciones y 772 bicicletas más
El programa de bicicleta pública aseguró que ha dado mantenimiento a las bicicletas que presentan algún daño o deterioro
Actualmente hay 300 estaciones de Mibici y 3 mil 200 bicicletas. EL INFORMADOR/ C. Zepeda
El sistema de MiBici instalará 60 nuevas estaciones y añadirá 772 bicicletas nuevas en el írea Metropolitana de Guadalajara.
Lo anterior, según se dio a conocer en un comunicado, es con la finalidad de reforzar las zonas de mayor demanda y que los usuarios tengan más opciones para conectar sus viajes. En la mejora y ampliación se invertirán 63.7 millones de pesos.
""112 de estas bicicletas ya están en camino desde Canadá, se espera que lleguen al taller de MiBici en el transcurso de julio para incorporarse al sistema"".
El programa de bicicleta pública cuenta actualmente con 300 estaciones y 3 mil 200 bicicletas en los municipios de Guadalajara, Zapopan y Tlaquepaque.
""La conexión de las 300 estaciones del Sistema de Bicicletas Públicas MiBici se restableció al 100%. Esto significa que dejaron de presentarse las intermitencias en la comunicación que afectaban la liberación de las bicicletas"".
Se dijo que la Agencia Metropolitana de Infraestructura para la Movilidad del AMG (AMIM) y el operador del sistema estuvieron realizando diferentes pruebas de solución para mejorar las conexiones; en las últimas dos semanas se estuvieron reemplazando equipos de procesamiento e intercambio de datos, ""que han resultado positivas para dar solución a los inconvenientes"".
Además, MiBici aseguró que ha dado mantenimiento a las bicicletas que presentan algún daño o deterioro, reemplazando asientos, puños, guardafangos, pedales, cadenas y piezas menores, que permitan tener en calle un mayor número de unidades y en mejor estado.
Señaló que ""al día de hoy se han renovado y puesto en circulación 238 bicicletas y en las próximas semanas se recibirán más refacciones que nos permitirán reparar a fondo otra cifra similar"".
Lee También
Recibe las últimas noticias en tu e-mail
Todo lo que necesitas saber para comenzar tu día
Registrarse implica aceptar los Términos y Condiciones"
106,El Occidental,23/06/2023,"Ciclovía de Santa Cecilia será un hecho, pero se respetarán estacionamientos: Frangie",trafilatura,trafilatura,386,0.4,https://oem.com.mx/eloccidental/local/ciclovia-de-santa-cecilia-sera-un-hecho-pero-se-respetaran-estacionamientos-frangie-15824221,,"Localsábado, 24 de junio de 2023
El alcalde de Zapopan, Juan José Frangie, dijo que la mayoría de los vecinos les brindaron el voto de confianza para la obra
LOCAL
Mirza Flores acusa a Morena de ""grillar"" y lucrar políticamente con el tema del agua
El delito por el que fue denunciado Eduardo N, es por acoso sexual
La víctima está protegida y hasta el momento se desconoce su identidad"
107,NTR Guadalajara,23/06/2023,Incrementan 6% viajes de MiBici en primer semestre de 2023,trafilatura,trafilatura,1979,0.27,https://www.ntrguadalajara.com/post.php?id_nota=199576,,"La prestación de servicio del sistema MiBici ha tenido un incremento de 6 por ciento en el primer semestre de 2023, con un total de 2 millones 31 mil 538 viajes, al corte de este 19 de junio.
Esta cifra representa un incremento de 125 mil 401 viajes, en comparación con el mismo periodo de 2022, donde se realizaron 1 millón 906 mil 137 servicios.
A través de un comunicado, se precisó que los usuarios que se han mantenido activa su membresía anual entre enero y mayo suman 21 mil 862, 14 por ciento mayor a los 18 mil 924 usiarios que había en 2022.
La dependencia precisó que actualmente se renuevan 238 bicicletas y aún están por llegar 112 unidad nuevas.
MiBici aseguró que dejaron de presentarse las intermitencias en la comunicación que afectaban la liberación de las bicicletas, por lo que garantizó la conexión de las 300 estaciones del Sistema de Bicicletas Pública y el servicio quedó restablecido al 100 por ciento.
""Desde que iniciaron los reportes por parte de los usuarios, la Agencia Metropolitana de Infraestructura para la Movilidad del AMG (AMIM) y el operador del sistema, estuvieron realizando diferentes pruebas de solución para mejorar las conexiones. En las últimas dos semanas se estuvieron reemplazando equipos de procesamiento e intercambio de datos, que han resultado positivas para dar solución a los inconvenientes"", explicó el gobierno estatal acerca de las fallas que presentaban algunas estaciones.
Al día de hoy se han renovado y puesto en circulación 238 bicicletas y en las próximas semanas se recibirán más refacciones que nos permitirán reparar a fondo otra cifra similar.
A este proceso se suma la llegada de 60 nuevas estaciones y 772 bicicletas modelo FIT; esta acción nos permitirá reforzar las zonas de mayor demanda y los usuarios tendrán más opciones para conectar sus viajes. 112 de estas bicicletas ya están en camino desde Canadá, se espera que lleguen al taller de MiBici en el transcurso de julio para incorporarse al sistema.
jl"
110,Notisistema,15/06/2023,En julio inicia construcción de nuevo tramo de ciclovía en Av. 16 de septiembre,trafilatura,trafilatura,764,0.36,https://www.notisistema.com/noticias/en-julio-inicia-construccion-de-nuevo-tramo-de-ciclovia-en-av-16-de-septiembre/,,"El próximo tramo de ciclovía que construirá el Ayuntamiento de Guadalajara es en la avenida 16 de Septiembre desde Niños Héroes hasta la avenida Washington, cuyos trabajos iniciarán en julio próximo, señala el director de Movilidad y Transporte del municipio, Jesús Carlos Soto Morfín.
""Estamos por iniciar la nueva etapa de Niños Héroes hasta la avenida Washington, donde tenemos también infraestructura ciclista, son un par de kilómetros aquí de calle completa pasando por el entorno del parque Agua Azul"".
Se espera que estos trabajos duren un par de meses.
En la zona habrá carriles tranquilizados y estaciones de MiBici Pública.
El ayuntamiento Tapatío proyecta añadir diez ciclovías o tramos ciclistas en la actual administración. (Por Claudia Manuela Pérez)"
111,Notisistema,15/06/2023,En agosto estaría lista la ciclovía de Javier Mina,trafilatura,trafilatura,884,0.12,https://www.notisistema.com/noticias/en-agosto-estaria-lista-la-ciclovia-de-javier-mina/,,"Registran un avance superior al 50 por ciento la obras del corredor de Javier Mina que incluyen el arreglo y ampliación de banquetas, la instalación de la ciclovía y la reconfiguración de la semaforización.
El director de Movilidad y Transporte de Guadalajara, Jesús Carlos Soto Morfín, indica que ya se concluyó el cuerpo norte de la obra y falta el cuerpo sur.
""Ya estamos por terminar la parte del cuerpo norte y empezaremos las próximas semanas el cuerpo sur, de la Calzada a Belisario Domínguez y ya iniciamos también de Presa Laurel a Belisario Domínguez  la intervención de varias esquinas para generar cruceros seguros y en este próximo, digamos mes, estaremos haciendo toda la reconfiguración de toda la vialidad para dejar también ya la ciclovía desde Tetlán hasta la Calzada Independencia"".
Los trabajos iniciaron en enero y concluyen en agosto. (Por Claudia Manuela Pérez)"
112,Lider 919,13/06/2023,"Este año, ocho ciclistas han perdido la vida en Guadalajara",trafilatura,trafilatura,1402,0.48,https://lider919.com/este-ano-8-ciclistas-han-perdido-la-vida-en-guadalajara/,,"En 2023 se tiene registro de 8 Bicicletas Blancas, es decir de ciclistas que murieron durante sus trayectos en el Área Metropolitana de Guadalajara.
Este martes un hombre de 59 años de edad murió tras ser embestido por una pipa, que huyó del lugar, el accidente que ocurrió en la avenida Parres Arias fue presenciado por el hijo de la víctima de atropellamiento, quien también se movilizaba en bicicleta a su trabajo junto con su padre.
El integrante de la organización Bici Blanca, Ollin Monroy indicó que se requiere ordenar al transporte pesado.
«Las autoridades no han querido meterse en los problemas que se tienen que meter para poner en cintura al transporte de carga, ésta que me platicas, no es la primera ni será la última víctima de un transporte de carga, desgraciadamente es gente que va trabajando y que los presionan para tener ciertos horarios de entrega», anotó.
De acuerdo con el registro de la organización Bici Blanca en 2022 ocurrieron 16 decesos de ciclistas por atropellamiento, en 2021 fueron 15, en 2020 fueron 13. El año que más muertes de ciclistas ha habido -desde que la organización empezó su registro que fue 2010- ocurrieron 34 muertes de ciclistas.
El activista refirió que es «urgente», que el Congreso del Estado apruebe el protocolo de atención de víctimas relacionado con la Ley de de Movilidad, para garantizar el mejor tratamiento a los heridos en la vía pública."
113,Pagina24Jalisco,13/06/2023,Denuncian Agresiones de Ciclistas,trafilatura,trafilatura,1560,0.81,https://pagina24jalisco.com.mx/2023/06/13/local/denuncian-agresiones-de-ciclistas/,,"En la Zona de Real Center
""Hace Falta que los Sancionen, que la Policía Esté Atenta y que de ser Necesario se los Lleven Detenidos Porque se han Convertido en un Problema""
Por Rafael Hernández Guízar
Constantes problemas se presentan en los alrededores de la avenida Servidor Público, en Real Center, Zapopan.
Los ciclistas que circulan por este sitio son bastante agresivos, se van por encima de la banqueta, agrediendo a peatones y automovilistas.
""Me acabo de agarrar a golpes con uno de ellos porque se puso como loco, venía el idiota por la banqueta a todo lo que le daba la bici y yo me estaba metiendo a un estacionamiento, pues bueno, me agredió, me pateó el carro y no me quedó de otra, le tuve que entrar, pero aquí hace falta que los sancionen, que la policía esté atenta y que de ser necesario se los lleven detenidos porque se han convertido en un problema"", dijo un ciudadano muy enojado.
No es el único caso que llegó a nosotros. Pese a la gran cantidad de negocios y viviendas de alta plusvalía, en este sitio la Policía Municipal y la Vial brillan por su ausencia.
Gracias a esto, los ciclistas hacen lo que les da la gana, según dicen algunos vecinos.
Ciudadanos y comerciantes exigieron al gobierno municipal y al del estado que de inmediato hagan algo por imponer el orden.
Y es que, si bien se ha sancionado constantemente a los automovilistas incluso con la colocación de muchas cámaras de foto infracción para regular la velocidad, no hay infraestructura que permita la seguridad de los peatones ya que los ciclistas caen en la anarquía."
115,Pagina24Jalisco,12/06/2023,Piden Ampliar la Vía Recreactiva,trafilatura,trafilatura,2955,0.46,https://pagina24jalisco.com.mx/2023/06/12/local/piden-ampliar-la-via-recreactiva/,,"""Estaría Padre que Ampliaran la Vía como Para el Sur""
""Es una Buena Forma de Decirle a la Gente que hay Maneras Divertidas de Hacer Ejercicio"", Destacan Habitantes de la ZMG
Por Elizabeth Ríos Chavarría
Aunque a lo largo de los años ha crecido de acuerdo a la demanda, ya que es por muchos conocida como un medio adecuado para pasar en familia y hacer ejercicio, ciudadanos consideraron que autoridades deberían considerar ampliar todavía más la famosa Vía Recreactiva que se pone todos los domingos en varios puntos de la ciudad.
La vía nació por allá del 2004 y entonces contaba con solo 11 kilómetros de extensión que en su momento registraba alrededor de 10 mil asistentes. En la actualidad el recorrido consta de 31 kilómetros y se estima que 110 mil personas acuden cada domingo para recorrerla ya sea solos, con amigos o familia, ya que llega a puntos no solo de Guadalajara, sino de Zapopan, Tlaquepaque y Tonalá.
En este sentido, tapatíos que acudieron el domingo a recorrer la ciudad en bicicleta platicaron para Página 24 las bondades de la Vía Recreactiva y la necesidad porque llegue cada vez a más puntos, en aras de invitar a más personas a apropiarse de ella y al mismo tiempo incentivar el uso de la bicicleta.
""De chiquita mi papá siempre nos traía cada domingo sin faltar. Se montaban la bicis al carro y aquí nos veníamos a dar la vuelta al menos en el centro (de Guadalajara), la tradición se quedó y ahora mi esposo y yo tampoco dejamos de venir, a veces mis hermanos se unen. Es muy bonito ver que está (la vía) cada vez más grande, porque eso quiere decir que hay más quienes entienden que es mejor usar la bici como medio de transporte"", expresó Briseida Ruiz.
""Nos aventamos un buen recorrido porque la tomamos allá por donde está el Parque de la Solidaridad y la pedaleamos hasta La Minerva, otras veces he hecho el recorrido de Tlaquepaque hasta la barranca, se vuelve más pesado con el calorcito, pero bien hidratados y protegidos se sigue armando la rodada entre mis amigos, mi novia, una hermana y yo (…).
Es una buena forma de decirle a la gente que hay maneras divertidas de hacer ejercicio"", añadió por su parte Roberto Estrada.
""Estaría padre que ampliaran la vía como para el sur ¿sabes? Por ejemplo, nosotros nos lanzamos desde Santa María y estaría bien que habilitaran por ejemplo un tramo por Colón o qué sé yo, para conectarla ahí en el centro, al cabo solo es un día y por unas horas y el beneficio es mucho más para quienes la usamos. Como ciclistas necesitamos más espacios"", consideró Yesenia Velasco.
Cabe recordar que la Vía Recreactiva nació un 12 de septiembre del 2004 y un año después se amplió a tres rutas, es decir, a 21.5 kilómetros. En ese entonces tenía alrededor de 80 mil visitantes, pero para el 2007 ya eran 93 mil y el municipio de Zapopan se había sumado al proyecto. En 2008 se unió Tlaquepaque, mientras que el 7 de febrero del 2011 se determinó que la vía abriría todos los lunes festivos."
117,Notisistema,09/06/2023,Advierten daños graves por ingreso de vehículos motorizados y bicis a La Primavera,trafilatura,trafilatura,985,0.19,https://www.notisistema.com/noticias/advierten-danos-graves-por-ingreso-de-vehiculos-motorizados-y-bicis-a-la-primavera/,,"En el informe que la Comisión Estatal de Derechos Humanos elaboró sobre la situación del Bosque de La Primavera se destaca preocupación por los daños medioambientales que está generando el ingreso de bicicletas y vehículos como motos y vehículos tipos razer.
El informe señala que a pesar de las restricciones, los dueños de predios en el bosque justifican ingresar con razers o motos para llegar más rápido a sus propiedades.
Si bien la presencia masiva de bicis ya impacta al bosque también, vehículos como cuatrimotos, motocross o razers son los que están causando más daños.
Las cuatro zonas más afectadas son el área de ingreso por Mariano Otero; la zona de El Bajío, particularmente en el Cerro de la Bandera, hacia el sur en la zona del balneario Los Volcanes y hacia el norte del bosque en Arroyo Seco, a espaldas de Pinar de la Venta; de hecho se ha detectado a gente de este fraccionamiento ingresando ilegalmente al bosque con estos vehículos. (Por Héctor Escamilla Ramírez)"
118,NTR Guadalajara,08/06/2023,Expansión de MiBici entusiasma a Bici Blanca,trafilatura,trafilatura,2085,0.27,https://www.ntrguadalajara.com/post.php?id_nota=198939,,"La etapa cinco de MiBici, que actualmente cuenta con 3 mil 200 bicicletas y 300 estaciones en los municipios de Guadalajara, Zapopan y Tlaquepaque, comprende crecer el sistema en casi mil unidades más y otras 60 estaciones, lo que entusiasma mucho a los integrantes del colectivo Bicicleta Blanca.
""Desde las organizaciones de la sociedad civil hemos sido impulsores desde la planeación del sistema, la implementación, lanzamiento y ahora el uso del sistema; hemos sido críticos a lo largo de estos nueve años, muy involucrados en operación, mantenimiento, exigencia de asignación presupuestal para que crezca y por eso vemos con muy buenos ojos esta ampliación"", dijo Elton Osorio, uno de sus miembros, a NTR.
Aceptó que la creación de 60 estaciones nuevas y el agregado de poco menos de mil bicicletas permitirá ""ampliar a colonias y polígonos no beneficiados hoy"", lo que deberá elevar la cantidad de viajes. En casi nueve años de operación se acumulan más de 22 millones (el sistema arrancó en 2014) y a la fecha tiene más de 130 mil usuarios.
Sin embargo, es insuficiente ante las enormes dimensiones del conglomerado metropolitano, lo que permite un margen para mantener las exigencias de ampliación.
""Algo que ha pasado en últimos meses es un deterioro acumulado del sistema, por la cantidad de años, y aunque se ha asignado presupuesto, no ha sido suficiente. No solo eso, las cadenas de suministro de artículos en el mundo están lentas, y aunque se habían comprado refacciones, no llegaban por esta lentitud. Por eso, es importante redoblar presupuesto y mantenimiento de bicis, para que la gente use más la bicicleta y aumenten usuarios y más viajes ante el enorme ahorro en contaminantes, ruido, tráfico; buscamos que crezca MiBici, que mejore servicios, que tenga mejores equipos, que se redoble y crezca la infraestructura para que los usuarios vean las ventajas"", destacó.
Finalmente, Elton Osorio destacó que ya se han reincorporado 50 por ciento de bicis que estaban fuera de servicio y ""vamos a estar monitoreando para que reincorporen el 50 por ciento restante"".
jl/I"
119,El Occidental,06/06/2023,¡A pedalear! Anuncian paseo en bicicleta para conocer los árboles más bonitos de Guadalajara,trafilatura,trafilatura,329,0.42,https://oem.com.mx/eloccidental/local/a-pedalear-anuncian-paseo-en-bicicleta-para-conocer-los-arboles-mas-bonitos-de-guadalajara-15895629,,"Localmartes, 6 de junio de 2023
En la Perla Tapatía existen al menos 10 especies de árboles florales
LOCAL
Mirza Flores acusa a Morena de ""grillar"" y lucrar políticamente con el tema del agua
El delito por el que fue denunciado Eduardo N, es por acoso sexual
La víctima está protegida y hasta el momento se desconoce su identidad"
121,El Informador,05/06/2023,Hasta tres mil 500 usuarios por hora disfrutarán de Ciclovía de Javier Mina,trafilatura,trafilatura,2035,0.61,https://www.informador.mx/jalisco/Guadalajara-Ciclovia-de-Javier-Mina-recibira-tres-mil-500-ciclistas-por-hora-20230605-0126.html,,"Hasta tres mil 500 usuarios por hora disfrutarán de Ciclovía de Javier Mina
La obra de la ciclovía ya inició con el balizamiento y el arreglo de las esquinas de la calle Presa Laurel hacia Belisario Domínguez
La ciclovía confinada en Avenida Javier Mina será desde Presa del Laurel hasta Belisario Domínguez. EL INFORMADOR/ C. Zepeda
El Ayuntamiento de Guadalajara informó que en la ciclovía que se construirá en la Avenida Javier Mina podrán circular 3 mil 500 ciclistas por hora.
La ciclovía confinada en Avenida Javier Mina será desde Presa del Laurel hasta Belisario Domínguez.
Asimismo dio a conocer que la obra de la ciclovía ya inició con el balizamiento y el arreglo de las esquinas de la calle Presa Laurel hacia Belisario Domínguez.
""Una vez que se tengan cuatro cuadras de esquinas, se colocarán dispositivos para confinar en esas cuadras (colocación de elementos de neopreno)"", indicó.
Además reportó un avance del 50 por ciento en las obras de rehabilitación de las banquetas las cuales se esperan concluir para la segunda quincena de agosto.
En tanto, comerciantes de la avenida Javier Mina reconocieron los avances en las obras de las banquetas, pero pidieron celeridad ante la llegada del temporal de lluvias.
""Parece que aquí ya acabaron, pero tuvimos tres meses sin ventas, se bajaron casi un 90 por ciento, pero todavía no acaban, están haciendo arreglos en las esquinas y esperemos que ya acaben porque ahora que lleguen las lluvias se va a complicar"", dijo Jaqueline.
""Lo bueno que aquí ya casi acabaron no nos han dicho cuándo van a terminar, pero esperemos que pronto acaben"", dijo Rubén de una tienda de electrónica.
Otro comerciante comentó que en su cuadra no fue tan tardado y que los trabajos avanzan de manera normal.
""Solamente el polvo, las ventas están raras, pero puede ser por la obra o por otra cosa"", añadió Javier.
Lee También
Recibe las últimas noticias en tu e-mail
Todo lo que necesitas saber para comenzar tu día
Registrarse implica aceptar los Términos y Condiciones"
122,Pagina24Jalisco,04/06/2023,Bici enfrenta retos para consolidarse como medio de transporte,trafilatura,trafilatura,3407,0.47,https://pagina24jalisco.com.mx/2023/06/04/local/bici-enfrenta-retos-para-consolidarse-como-medio-de-transporte/,,"Día Mundial de la Bicicleta
""Es una chulada poder moverte en la bicicleta a todas partes, pero hacen falta ciclovías, muchas más, por toda la ciudad""
Por Elizabeth Ríos Chavarría
Aunque no se dejó de reconocer los esfuerzos que se han hecho, sobre todo los últimos años, para incentivar la movilidad no motorizada en la ciudad y el estado, tapatíos consideraron que hace falta todavía mucho por hacer para lograr que la bicicleta se consolide como un medio de transporte más; hace falta mayor infraestructura, mejora en el sistema de Mi Bici y un fomento de su uso, consideraron.
En el marco del Día Mundial de la Bicicleta, que se conmemora el 3 de junio, ciclistas que platicaron para Página 24 refirieron las bondades de utilizar este medio de transporte, así como los peligros y retos a los que se enfrentan día con día al ser todavía una modalidad no tan aceptada por todos, en especial de automovilistas.
""Es una chulada poder moverte en la bicicleta a todas partes, pero hacen falta ciclovías, muchas más, por toda la ciudad. Yo tomo un camión que me baja en los Dos Templos y ya de ahí tomo bici para recorrer el trayecto que me falta, pero sí estaría bien más carriles para ciclistas. Además, necesitamos bicicletas de calidad, porque Mi Bici está cada vez peor"", refirió Enrique Avelar.
""Trasladarme en mi bici a todas partes ya se volvió un estilo de vida, una vez que empiezas no acabas y pues a arriesgarse en las calles porque tenemos derecho de circular por el carril derecho pero eso los que manejan no lo saben y pues ahí a movernos con cuidado y hasta con temor. Se necesita una cultura de movilidad para que podamos convivir en armonía porque todos tenemos derechos y obligaciones"", añadió Becky Cruz.
Con la construcción de una ciclovía en Javier Mina, ciudadanos tampoco dejaron de reconocer carriles habilitados para ellos como el bus bici en avenida Hidalgo, ya que les cambió para bien la forma en la que se movían para aquella zona de la ciudad, sin embargo, manifestaron que hacen falta muchos más pues está muy acotada la movilidad para quienes optan por este tipo de transporte.
""Imagina para los que empiezan con esto (de la bici), si nada más se mueven por ciclovías pues no es mucho el espacio por el que pueden andar. Aquí en el centro no hay tanto problema, pero moverte a otras zonas es imposible porque muchos no se van a bajar a las calles y por las banquetas tampoco es muy seguro ni correcto que digamos. Se requieren más ciclovías, aunque a muchos no les guste"", expresó Israel Aguilar.
""Fíjate que no creo en sí que hagan falta más ciclovías, creo que es más cultura por parte de todos. Hay reglamentos de movilidad que permiten e indican que los ciclistas deben ir en la calle por el carril derecho, no en las banquetas, entonces, ni ciclistas deben invadir banquetas para el peligro de peatones, y automovilistas deben entender que los que andan en bici también se pueden mover a nivel de calle. Es cuestión de colaborar y entender que para todos hay espacio"", señaló Claudia Montoya.
Ciudadanos también manifestaron que el tema de las ciclovías se tiene que extender más al interior del estado, pues consideraron que entre más infraestructura haya, más la gente se va acostumbrando a este otro tipo de movilidad. Además, urgieron por una reestructura al sistema de Mi Bici, ya que en la actualidad hay muchas bicicletas en mal estado y estaciones que no funcionan."
123,El Informador,04/06/2023,Estas son las fallas que usuarios encuentran en MiBici,trafilatura,trafilatura,2554,0.61,https://www.informador.mx/jalisco/MiBici-Estas-son-las-fallas-que-usuarios-encuentran-en-el-programa-de-bicicleta-publica-20230604-0075.html,,"Estas son las fallas que usuarios encuentran en MiBici
Piden que se mejore el sistema de bicicleta pública pues actualmente es deficiente
En las estaciones de MiBici hay fallas como problema para sacarlas o mala distribución de los vehículos. EL INFORMADOR/ J. Velazco
El no encontrar bicicletas, problemas con el software para que las libere, el que no funcionen las velocidades o que el asiento se encuentre en mal estado son los problemas cotidianos de los usuarios de MiBici.
Paulino Monroy, quien tiene más de un año utilizado MiBici, habló sobre las principales fallas que ha registrado.
""A veces hay y no sale la bici, me marca rojo y eso me genera retraso importante son fallas en el sistema que sí me han generado problemas"", comentó
Añadió que muchas veces también se encuentran desperfectos en las bicicletas como el que se atoren las velocidades.
Diana Fernández, otra usuaria, dijo que el no poder sacar la bicicleta de la estación por problemas del software ha sido su principal problemática.
""Sobre todo en la noche cuando salgo como a las diez de la noche me voy en la bicicleta, pero si no puedo sacarlo me pone en riesgo porque tengo que ir a otra estación"", comentó.
La usuaria explicó que lo más le gusta de la ciudad es moverse en la bicicleta.
""Cada que viene gente a visitarme lo que hago es buscar que anden en bici conmigo porque así se disfruta más la ciudad"", agregó.
Amelí García, otra usuaria, también reportó que ha tenido muchas fallas en las bicicletas.
""Más que nada yo he tenido muchas fallas en los asientos ya que se bajan mucho y si eres alto te perjudica, muchas veces las bicis están sin funcionamiento, las tarjeta son funcionan o no funcionan las velocidades"", comentó.
Diego comentó que es importante que se haga la inversión en el programa ya que hay muchas deficiencias.
""Las velocidades como se botan, últimamente que había problemas con las refacciones sí se veía porque los asientos están muy rotos"", agregó.
Karla, una usuaria que tiene cuatro años usando el sistema y considera que la manera en la que reparten las bicis no es justa.
""Hay un montón de zonas más cercanas a la Calzada que nunca tienen bicicletas y por aquí están llenas (Parque Rojo) o de pronto ves que por allá están rotas o más feas como al que repartirlas si dejan las más feas por las zonas más alejadas de la Colonia Americana"", afirmó.
Lee También
Recibe las últimas noticias en tu e-mail
Todo lo que necesitas saber para comenzar tu día
Registrarse implica aceptar los Términos y Condiciones"
124,Mural,04/06/2023,Impulsa GDL buen uso de la bici,trafilatura,trafilatura,389,0.94,https://www.mural.com.mx/impulsa-gdl-buen-uso-de-la-bici/ar2617042,,"COMUNIDAD
01 MIN 30 SEG
Fernanda Carapia
Guadalajara, México (04 junio 2023) .-18:22 hrs
El Ayuntamiento de Guadalajara se sumó al Día Mundial de la Bicicleta, con lo que se busca impulsar el uso de este medio de transporte. Crédito: Cortesía
El Ayuntamiento de Guadalajara se sumó al Día Mundial de la Bicicleta, iniciativa con la que se busca impulsar el uso de este medio de transporte."
125,NTR Guadalajara,04/06/2023,Dan mapas ciclistas por Día Mundial de la Bici,trafilatura,trafilatura,1233,0.3,https://www.ntrguadalajara.com/post.php?id_nota=198717,,"Para celebrar el Día Mundial de la bicicleta, conmemorado cada 3 de junio, este domingo funcionarios de los ayuntamientos de Guadalajara y Zapopan entregaron mapas ciclistas a usuarios de la Vía RecreActiva.
En el material entregado hay una amplia lista de lugares ""biciamigables"", es decir, puntos donde se ofrecen opciones de seguridad, accesibilidad y herramientas a ciclistas en caso de alguna emergencia.
Los mapas también incluyen la red de infraestructura ciclista con la que cuenta la ciudad, pero especialmente Guadalajara y Zapopan, así como los ciclopuertos del sistema MiBici.
""Es funcional el mapa, pero sin duda sigue haciendo falta seguridad en las ciclovías. En la de Ávila Camacho, por ejemplo, los bolardos de separación del carril, muchos ya se los robaron o se cayeron y eso hace que en algunos tramos no haya división. (Respecto a los) negocios biciamigables que se ponen en el mapa, nos da un norte de a dónde sí podemos meternos con bici o encontrar un lugar donde nos presten apoyo en caso de alguna avería"" , opinó Luis Farah, ciclista desde hace 12 años, sobre el material entregado.
Los mapas se entregaron en puntos de mayor afluencia de usuarios de la Vía, como el Parque Rojo y Glorieta La Minerva.
jl/I"
126,Mural,03/06/2023,Hay fallas en MiBici,trafilatura,trafilatura,333,0.81,https://www.mural.com.mx/hay-fallas-en-mibici/ar2616163?v=3,,"COMUNIDAD
01 MIN 30 SEG
Maggie Urzúa
Guadalajara, México (03 junio 2023) .-05:00 hrs
Este año planean ampliar el sistema MiBici con 772 bicicletas y 60 estaciones. Crédito: Archivo
El sistema MiBici Pública tiene un déficit superior a 500 bicicletas, admitió ayer la Agencia Metropolitana de Infraestructura para la Movilidad (AMIM)."
127,Lider 919,03/06/2023,Incorporarán 60 estaciones y 700 bicicletas a Mi Bici,trafilatura,trafilatura,2022,0.44,https://lider919.com/incorporaran-60-estaciones-y-700-bicicletas-a-mi-bici/,,"El Sistema de Bicicletas Públicas MiBici que tiene más de ocho años en funcionamiento, se encuentra en proceso de mejora, con una inversión de 63.7 millones de pesos para adquirir 60 nuevas estaciones y 772 bicicletas con el objetivo de llegar a más colonias.
A través de un comunicado, el gobierno del estado informó que fueron recibidas refacciones encargadas desde el año pasado y a principios de este, con la finalidad de mejorar las condiciones de las bicicletas, esto después de que la disponibilidad de piezas se vio afectada desde el 2020 por la pandemia y con el impulso de la movilidad en bicicleta como alternativa segura y sustentable, lo que derivó en la ruptura de la cadena de suministro ante la alta demanda de bicicletas y sus partes.
Durante las próximas dos semanas se estarán poniendo en circulación un total de 220 bicicletas que actualmente se encuentran en taller a falta de piezas, como salpicaderas, asientos, puños y abrazaderas.
Además, se tiene programado a finales del mes de junio la reparación de 300 bicicletas más que presentan desgaste en las piezas que están por suministrarse en los próximos días
Con el paso de los años, este sistema de transporte se ha convertido en parte fundamental de la movilidad de la ciudad con más de 22.3 millones de viajes realizados y cerca de 133 mil personas usuarias registradas que han utilizado MiBici.
Si los usuarios detectan algún problema derivado de la desconexión del sistema pueden contactarte a través de redes sociales @mibicipublica o al teléfono 33 3002 2424.
Sistema de MiBici actual
● Tres mil 200 bicicletas
● 300 estaciones
● Cerca de 133 mil personas usuarias registrados desde el inicio del Sistema
● 22 mil 13 personas usuarias con membresía activa
● Más de 22.3 millones de viajes realizados desde el 2014
● Con la quinta etapa ampliarán 60 estaciones
● 772 bicicletas
● 98 mil 856 personas beneficiadas
● 11 mil 982 empresas beneficiadas
● Inversiones de 112 millones de pesos para operación, mantenimiento y refacciones del Sistema"
128,Milenio,03/06/2023,Destinarán 63.7 mdp para nuevas estaciones de Mi Bici Pública en el AMG,trafilatura,trafilatura,1404,0.47,https://www.milenio.com/politica/comunidad/bici-pubica-anuncio-ampliacion-reparacion-bicicletas,,"El gobierno de Jalisco informó que este año destinará 63.7 millones de pesos para la adquisición de 60 nuevas estaciones y 772 bicicletas que ampliarán el sistema de Mi Bici Pública a nuevas colonias y fortalecerán algunos puntos con alta demanda de viajes.
Además, se tiene programado a finales del mes de junio la reparación de 300 bicicletas más que hoy presentan desgaste en las piezas que están por suministrarse en los próximos días.
Ante ello el gobierno de Jalisco y la Agencia Metropolitana de Infraestructura para la Movilidad del Área Metropolitana de Guadalajara, garantizaron este año un presupuesto de casi 12 millones de pesos en refacciones para mantener un servicio de calidad.
A través de un comunicado, el gobierno del estado notificó que desde que se presentaron estas fallas, se ha trabajado en coordinación con la empresa operadora y los proveedores de tecnología y telecomunicaciones para estabilizar el servicio.
Actualmente el servicio de MiBici cuenta con 132 mil 935 usuarios en los distintos municipios del Área Metropolitana de Guadalajara. Desde la primera etapa de su implementación, en el 2014, se han instalado 300 estaciones.
Esto ha permitido que los viajes en dicho transporte no motorizado crezcan gradualmente. En su primer año de operaciones, en el 2015, se han registrado 470 mil viajes, mientras que en lo que va del año se han registrado 22 millones 300 mil.
SRN"
130,Milenio,03/06/2023,Uso de bicicleta toma un papel más protagónico en Guadalajara,trafilatura,trafilatura,2673,0.22,https://www.milenio.com/politica/comunidad/guadalajara-cuanto-ha-crecido-el-uso-de-la-bicicleta,,"La bicicleta ha tomado un papel más protagónico en Guadalajara. Ahora, con la creación de nueva infraestructura ha hecho que cada vez más personas opten por este medio de transporte, pues de acuerdo con el director de Movilidad y Transporte de la Perla Tapatía, Jesús Carlos Soto Morfín, tan solo en Paseo Alcalde incrementó la afluencia de ciclistas, al pasar de 96 mil 126 en enero de 2023 a 118 mil 77 a mayo de este año.
""De abril a mayo tenemos un pico de hasta 118 mil 077 ciclistas circulando en este punto, es decir, estamos viendo que hay un incremento cada vez más importante en Paseo Alcalde para el uso de la bicicleta, y lo mismo se está reflejando en otros puntos de la ciudad"", detalló. 
Los corredores ciclistas más utilizados en Guadalajara, según datos de la Agencia Metropolitana de Infraestructura para la Movilidad son la avenida La Paz, Federalismo y el bus bici de la avenida Hidalgo.
Soto Morfín señaló que la bicicleta, como medio de transporte, garantiza la disminución de gases de efecto invernadero en distancias de menos de 5 kilómetros. Agregó que el 40 por ciento de los viajes en automóvil en la ciudad son recorridos de 3 kilómetros de distancia, por lo que pueden ser sustituidos con el uso de la bici.
Explicó que el proyecto más importante que tienen para este año es consolidar el corredor de Javier Mina, desde Calzada Independencia hasta Presa del Laurel, que en total abarca 7.3 kilómetros de infraestructura ciclista. Actualmente se interviene el tramo de la Calzada y Belisario Domínguez, con renovación de todas las banquetas, iluminación con sentido peatonal mobiliario, cruceros seguros, configuración de todos los carriles, paradas de cargas y descargas, motopuertos y la inclusión de la infraestructura ciclista en todo este tramo. Asimismo, el año pasado realizaron otro tramo desde avenida Revolución hasta avenida Niños Héroes generando dos carriles de circulación por puerto, ampliación de banquetas; y este 2023 comenzará la siguiente etapa.
""Es un proyecto importante porque además es donde tenemos concentrada la mayor de densidad poblacional del municipio"", dijo.
Actualmente la red de infraestructura ciclista en el Área Metropolitana de Guadalajara contempla 290.1 kilómetros de ciclovías y 116 kilómetros de carriles, posicionando a la metrópoli como la segunda ciudad con más infraestructura ciclista del país.
    En cifras
    Ciclistas y infraestructura para movilidad no motorizada
3 mil ciclistas circulan por las avenidas principales del municipio todos los días.
290.1 kilómetros de ciclovías hay en Guadalajara, con lo cual se posiciona como la segunda ciudad con más infraestructura ciclista del país.
SRN"
131,Milenio,03/06/2023,"""Necesitamos una ciudad más ciclista y menos cochista""",trafilatura,trafilatura,2105,0.32,https://www.milenio.com/politica/comunidad/guadalajara-aun-no-es-segura-para-ciclistas-dice-grecia-hernandez,,"Grecia Hernández, ciclista e Integrante del Colectivo Red Universitaria para la Movilidad, aseguró que aunque con el pasar de los últimos 10 años ha crecido la red de ciclovías en Guadalajara y aumentado la gente que opta por este vehículo no motorizado como medio de transporte, aún hace falta cambiar la visión de la ciudad a una ciclista y compartida.
""Pues definitivamente me enfrento a una ciudad que cada vez es más ciclista, que cada vez le presta más atención a la gente que se mueve en bicicleta, pero a la par, a una ciudad que es definitivamente muy cochista, una ciudad que está hecha para los carros y no para las personas y por lo tanto eso nos vulnera muchísimo a la gente que usamos la bici, no es segura, hay altas velocidades, no hay tanta infraestructura, la que hay a veces no se le da mantenimiento, entonces eso nos pone en desventaja"", explicó. 
Puntualizó que la red ciclista no tiene que ser vías aisladas, sino que se deben de interconectar, ya que aún restan algunas que no te llevan a nada. Por lo cual, urge a los gobiernos a construir mayor infraestructura en favor de ellos.
Grecia añadió en la zona céntrica donde se ha invertido en infraestructura ciclista ha disminuido las cifras de muertes, por lo cual urge se volteo a ver a la periferia. Cabe señalar que en lo que va del año siete ciclistas han perdido la vida. Desde 2009 a la fecha 305 ciclistas han muerto en diferentes hechos.
""Y con infraestructura no me refiero únicamente a ciclovías, hay diferentes tipos de ciclovías, la infraestructura ciclista también son ciclo puertos, también son calles compartidas, también son señalamientos, y definitivamente el respeto. La gente que va en carro a veces si se olvida que existe la gente que se mueven en bicicleta, entonces el respeto saber recordar la pirámide de la movilidad, que el automovilista va hasta el último"", explicó Grecia. 
Asimismo, pide se promocione la intermodalidad, es decir combinar la bici con otros medio de transporte, en el que puedas completar tu trayecto con el tren o camión, brindado la seguridad y medios para que más gente se sume.
SRN"
132,Notisistema,02/06/2023,Denuncian fallas en el programa MiBici,trafilatura,trafilatura,818,0.39,https://www.notisistema.com/noticias/denuncian-fallas-en-el-programa-mibici/,,"Continúan las quejas por la mala calidad del servicio del Programa MiBici, el cual registra problemas de falta de espacio en los ciclopuertos y de mantenimiento de las bicicletas, confirma Miriam Guerra, especialista en Movilidad Urbana y Territorio.
""Fallas constantes en las estaciones para anclar y desanclar bicicletas, fallas en la lectura de las tarjetas, fallas en el balanceo de las estaciones, es decir, no se tiene una lectura básica de las dinámicas de movilidad en horas con mayor afluencia. Las condiciones de los vehículos no son las más adecuadas. Asientos en mal estado, cambios sin funcionar y constantes averías sin resolver"".
Aunque en su arranque el programa tuvo una calificación positiva por parte de los usuarios, hoy la calidad del servicio deja mucho qué desear. (Por Gricelda Torres Zambrano)"
134,NTR Guadalajara,02/06/2023,Protestarán este sábado por servicio deficiente de MiBici,trafilatura,trafilatura,1287,0.29,https://www.ntrguadalajara.com/post.php?id_nota=198628,,"En el último año los usuarios de MiBici que afirman contar con un servicio deficiente del sistema se multiplicaron en redes sociales y ya se anunció una protesta contra las fallas que se realizará el sábado.
Las bicis en mal estado o descompuestas, la falta de equilibrio en las estaciones y de espacios para estacionar, errores con las tarjetas y la aplicación, y las presuntas malas condiciones laborales al interior del sistema son sólo algunas de las inconformidades.
""La respuesta del sistema (servicio al usuario) es: repórtalo y lo atendemos, pero la situación nomás no mejora, mientras tanto, uno debe pagar las consecuencias, llegar tarde a destino o tener que pagar un transporte extra para poder compensar ese tiempo que se supone se ahorra uno con MiBici. Una pena de sistema en la actualidad realmente"", fue la queja de Antonio al reportar que no pudo encontrar una bicicleta disponible.
""El servicio no vale la pena o no hay bicicletas o no hay espacios, no lo renové porque no las podía usar"", añadió Araceli, una ex usuaria.
La protesta será al mediodía de mañana. El punto de partida es el Parque Revolución, también conocido como Parque Rojo, y luego se partirá hacia avenida Federalismo Sur 403, en la colonia Centro, donde están las oficinas centrales de MiBici.
jl/I"
135,Notisistema,02/06/2023,"Ante fallas en el servicio, baja el número de usuarios de MiBici",trafilatura,trafilatura,944,0.24,https://www.notisistema.com/noticias/ante-fallas-en-el-servicio-baja-el-numero-de-usuarios-de-mibici/,,"Las fallas que se registran desde hace dos años en la calidad del servicio, provocan que el número de usuarios del programa MiBici vaya a la baja, asegura la maestra en Movilidad Urbana y Territorio, Miriam Guerra.
""En el año 2019 que inició la administración se registraron cerca de 25 mil suscripciones, cantidad que no ha podido ser superada y que por el contrario ha ido en decrecimiento hasta el día de hoy. este contexto permite entender que mientras por un lado el discurso de la movilidad sustentable y activa movilidad urbana cada vez está más en la agenda, por otro lado se descuidan programas y acciones realmente cruciales""
Las quejas del programa MiBici son una constante, sobre todo por las malas condiciones de las bicicletas y la saturación de las estaciones en horas pico, por lo que los usuarios, sostiene Miriam Guerra, siguen insatisfechos porque pagan una suscripción anual para su movilidad. (Por Gricelda Torres Zambrano)"
136,El Informador,01/06/2023,"Mayo, el mes con más afluencia en Bus-Bici de Avenida Hidalgo",trafilatura,trafilatura,1944,0.65,https://www.informador.mx/jalisco/Guadalajara-Mayo-el-mes-con-mas-afluencia-en-Bus-Bici-de-Avenida-Hidalgo-20230601-0099.html,,"Mayo, el mes con más afluencia en Bus-Bici de Avenida Hidalgo
Durante el mes de mayo, cerca de tres mil 935 personas al día hicieron uso del carril exclusivo Bus-Bici sobre la avenida Hidalgo
El carril Bus-Bici de Hidalgo reestructuró el tráfico del Centro Histórico. EL INFORMADOR/ ARCHIVO
Del 1 al 30 de mayo de este 2023, el carril Bus-Bici de Avenida Hidalgo ha sido usado por 118 mil 077 ciclistas, la cifra más alta desde que comenzó a operar en septiembre de 2022. Esto representa un promedio diario de tres mil 935 personas al día, según datos proporcionados por la Dirección de Movilidad y Transporte de Guadalajara.
 
En el conteo proporcionado se revela que en abril tuvo 94 mil 925 usuarios, en marzo 103 mil 724, en febrero 94 mil 167 y en enero un total de 96 mil 126 ciclistas. El carril está ubicado en la extrema derecha de Avenida Hidalgo, de Victoriano Salado ílvarez a Contreras Medellín, y tiene una longitud de 3.72 kilómetros. Convive con las Líneas 1 y 3 del Sitren del Tren Ligero.
 
También lee: Rescatan a hombre extraviado en la Barranca de Huentitán
Este espacio no es para vehículos particulares, motocicletas, automóviles o camionetas. Autoridades estatales y municipales explicaron que para virar a la derecha los vehículos deben tomar el carril contiguo al BusBici, siempre disminuyendo la velocidad y usando sus direccionales con la anticipación adecuada para anunciar la vuelta. Los conductores deben asegurarse que no viene un ciclista o alguna unidad del transporte público.
 
Además, si la persona automovilista circula por las calles que corren en perpendicular y desean incorporarse a la Avenida Hidalgo, deberán hacerlo en el carril contiguo al carril segregado en luz verde o si no hay semáforo hacer antes un alto total.
FS
Lee También
Recibe las últimas noticias en tu e-mail
Todo lo que necesitas saber para comenzar tu día
Registrarse implica aceptar los Términos y Condiciones"
141,Milenio,29/05/2023,"Comerciantes a favor de la ciclovía en Javier Mina, pero señalan hay afectaciones por obras",trafilatura,trafilatura,1433,0.32,https://www.milenio.com/politica/comunidad/ciclovia-javier-mina-comerciantes-favor-senalan-afectaciones,,"Los comerciantes de avenida Javier Mina en Guadalajara dicen estar a favor de la construcción de una ciclovía y la de rehabilitación de banquetas, pero admiten que la obra ha generado afectaciones.
Erick García es empleado de un negocio de uñas postizas, ubicado al cruce con la calle Churubusco. El joven comentó que hace 22 días tuvieron que colocar una cortina de plástico para evitar daño a los productos.
""El poner el plástico es proteger el producto por el polvo, la tierra y todo eso. Nosotros manejamos materiales tipo terciopelo entonces nos afecta el material. Es para eso, cuidar que la tienda se vea más presentable, limpia"", explicó.
Vicky, empleada de un negocio de artículos de belleza, también puso una cortina de plástico para evitar que ingrese el polvo y externó que la obra debería hacerse durante la noche.
""Yo siento que va a beneficiar, pero sí afecta porque no se dan los tiempos perfectos, ni las obras como se deben de trabajar. Si esto hubiera sido de noche y no de día, no salíamos tan afectados porque como puedes ver todo está tapado, mucha mercancía se echó a perder, bajan bastante las ventas. De hecho, cuando echaron el concreto tuvimos que cerrar dos días"", detalló Vicky Silva Castellanos
La rehabilitación de banquetas, construcción de una ciclovía y señalética abarca desde la calle Presa Laurel hasta Calzada Independencia. El proyecto tiene 43% de avance y se prevé sea culminado en agosto.
MC"
144,Milenio,23/05/2023,Todo lo que debes saber sobre la ciclovía de avenida Javier Mina en Guadalajara,trafilatura,trafilatura,1561,0.23,https://www.milenio.com/politica/comunidad/avenida-javier-mina-construccion-ciclovia-guadalajara,,"Avenida Javier Mina en Guadalajara continúa bajo intervención, ahora desde esta semana se avanza en la segunda etapa de la ciclovía, la cual conectará desde Belisario Domínguez hasta la calle de Presa Laurel en la colonia Jardines de San Francisco.
Dicha fase se realizará con una inversión de 8 millones de pesos para balizamiento y el confinamiento de este carril exclusivo para vehículos no motorizados.
En la actualidad la primera etapa que comprende el tramo de Belisario Domínguez a la Calzada Independencia lleva un avance del 43 por ciento, debido a que los comerciantes llegaron a un acuerdo con las autoridades para qué no se construyera completamente sino cuadra por cuadra y no afectar las ventas.
Para dicha etapa se destinó una inversión de 32 millones de pesos ya que aparte de la construcción de la ciclovía se tomó en cuenta la reconstrucción de banquetas en su totalidad.
Nos lanzamos a la avenida Javier Mina para conocer la opinión de las y los que transitan por la zona, y esto fue lo que nos dijeron: pic.twitter.com/PFdHmRBtZb
— Movilidad Gdl. (@GdlMovilidad) February 4, 2023
Con estas obras se continúa trabajando por una movilidad inclusiva para qué todos los habitantes puedan circular de manera conjunta y más eficiente .
Los trabajos incluyen balizamiento, ciclovía segregada —sin reducción de carriles—, accesibilidad universal en las esquinas y mobiliario urbano.
De acuerdo con el ayuntamiento el proyecto impactará a 216 mil personas, de los cuales, más de 46 mil se ubican entre Belisario Domínguez y calzada Independencia.
SRN"
147,El Informador,18/05/2023,¡Por fin! Este día inician las obras de la ciclovía en Javier Mina,trafilatura,trafilatura,2685,0.63,https://www.informador.mx/jalisco/Guadalajara-Este-dia-inician-las-obras-de-la-ciclovia-en-Javier-Mina-20230518-0144.html,,"¡Por fin! Este día inician las obras de la ciclovía en Javier Mina
Los negocios en la zona siguen operando por petición de los vecinos; te decimos cuánto duran los trabajos
La rehabilitación de Javier Mina incluye la ciclovía confinada desde Presa del laurel hasta Calzada Independencia. EL INFORMADOR/ ARCHIVO
Francisco Ontiveros Balcázar, director de Obras Públicas de Guadalajara, adelantó que este próximo lunes 22 de mayo inician con las acciones de la ciclovía confinada en Avenida Javier Mina, desde Presa del Laurel hasta Belisario Domínguez.
""Para terminar la obra completa en la primera quincena de agosto. No se va a tirar ningún árbol. Previo al recorrido o arranque de obras hemos tenido el acompañamiento de medio ambiente"".
Recordó que la rehabilitación en la vialidad incluye la ciclovía confinada desde Presa del laurel hasta Calzada Independencia, y se divide en dos fases.
""La primera fase entre Belisario Domínguez y Calzada Independencia tiene 18 aceras de banqueta. Tenemos terminadas al 100% las primeras cuatro aceras del lado norte, están en proceso otras cuatro aceras. Esas cuatro aceras del lado norte que están siendo trabajadas ahorita ya tienen el agua potable, el drenaje, ya se están empezando a colocar la parte de las banquetas. Estamos esperando terminar estas otras cuatro aceras en aproximadamente dos semanas"".
Mencionó que los negocios en la zona siguen operando por petición de los vecinos. ""La obra pudo haber tenido una duración aproximada de tres meses o cuatro meses, pero esta condicionante tendrá que extenderse un poco más. El frente de Belisario Domínguez y Calzada Independencia tiene un avance al día de hoy de un 43% aproximadamente"".
Remarcó que los trabajos en la parte sur inician en un mes. ""A petición de vecinos, cuando termine la renovación de banquetas inicia la ciclovía. En el momento en que trabajemos la acera sur, vamos a mover el balizamiento para el ejercicio de la obra"".
EL DATO
La primera etapa de la obra mide 1.2 kilómetros de distancia, de Belisario Domínguez a Calzada Independencia. Mientras que el proyecto completo es de 7.3 kilómetros de longitud, hasta el cruce de Presa Laurel.
Lee También
- 
						Estos son todos los cambios que tendrá el transporte público por el paso de la Romería
- 
						¿LLUVIA en GDL por la noche?, pronóstico del clima para hoy, 10 de octubre
- 
						Bajan lluvias el sábado en Guadalajara, pero se mantiene nublado
- 
						Madrugan para asegurar lugar en concierto de Caifanes en Fiestas de Octubre
Recibe las últimas noticias en tu e-mail
Todo lo que necesitas saber para comenzar tu día
Registrarse implica aceptar los Términos y Condiciones"
148,El Occidental,18/05/2023,Es insegura la ciclovía Obreros de Cananea,trafilatura,trafilatura,334,0.72,https://oem.com.mx/eloccidental/local/es-insegura-la-ciclovia-obreros-de-cananea-15853889,,"Localjueves, 18 de mayo de 2023
Algunos automovilistas invaden el espacio y lo toman como estacionamiento
LOCAL
Mirza Flores acusa a Morena de ""grillar"" y lucrar políticamente con el tema del agua
El delito por el que fue denunciado Eduardo N, es por acoso sexual
La víctima está protegida y hasta el momento se desconoce su identidad"
149,Heraldo,18/05/2023,Recuerdan a ciclistas muertos con Rodada del silencio,trafilatura,trafilatura,1670,0.19,https://heraldodemexico.com.mx/nacional/2023/5/18/recuerdan-ciclistas-muertos-con-rodada-del-silencio-506474.html,,"Con rodadas que se realizaron en las calles de Guadalajara, Fresnillo y la Ciudad de México, entre otras ciudades del país, usuarios de bicicleta recordaron a los ciclistas que han muerto víctimas de accidentes viales, en las versiones locales de la Rodada del Silencio.
En la Ciudad de México, la rodada comenzó en el íngel de la Independencia, donde integrantes de distintos colectivos ciclistas iniciaron su marcha hacia el Estadio Azteca, sitio en el que concluyeron su recorrido.
En la Perla Tapatía, alrededor de 200 ciclistas recorrieron la céntrica avenida Juárez hasta llegar a la Glorieta de la Minerva, considerada una de las más icónicas de Guadalajara, para exigir más conciencia a los automovilistas.
Los ciclistas de Fresnillo, Zacatecas, rodaron en un circuito alrededor del Monumento a la Bandera, uno de los sitios más icónicos de la ciudad, mientras que otras decenas de ciclistas hidrocálidos hicieron lo propio en los lugares más reconocidos de Aguascalientes.
La Rodada del Silencio es un movimiento global que cada 17 de mayo recuerda a los ciclistas que han muerto víctimas de accidentes viales, muchos de ellos por la imprudencia de automovilistas o por la falta de señalamientos y estructuras viales que den seguridad a los ciclistas.
En esta ocasión, además de México, países como Grecia, Alemania, Israel, Costa Rica y Canadá, entre otros, se unieron al movimiento global.
Periodismo de la más alta calidad: síguenos en el nuevo Google News Showcase
Sigue leyendo
Metrobús arrolla a una mujer frente a estación Centro Médico
El hombre que atropelló a un ciclista en Puebla iba drogado y llevaba cartuchos de arma útiles"
151,NTR Guadalajara,15/05/2023,Arrollan a ciclista sobre el carril de Mi Macro Periférico,trafilatura,trafilatura,826,0.29,https://www.ntrguadalajara.com/post.php?id_nota=197891,,"Un ciclista de unos 40 años de edad que circulaba sobre el carril exclusivo de Mi Macro Periférico, en sentido contrario, fue atropellado por una unidad de ese sistema de transporte, a la altura de la Carretera a Chapala.
El director operativo de Protección Civil y Bomberos de Tonalá, Francisco de La Cruz, circulaba sobre Periférico y se acercó a brindarle los primeros auxilios al ciclista.
Posteriormente, socorristas trasladaron al lesionado a un puesto de urgencias para su mejor atención.
Sobre el parabrisas de la unidad de transporte quedó la huella del impacto que dejó el ciclista tras estrellarse de frente contra el cristal.
En el lugar donde sucedió el percance las luminarias se encuentran fundidas, por lo que la oscuridad pudo ser factor al momento de la colisión entre el hombre y la unidad de transporte.
JB"
154,Lider 919,09/05/2023,Ciclovía de Javier Mina estará lista para este año: Pablo Lemus,trafilatura,trafilatura,3370,0.44,https://lider919.com/ciclovia-de-javier-mina-estara-lista-para-este-anos-pablo-lemus/,,"Es completamente falso que exista la intención de recortar la ciclovía de Javier Mina como aseguraron los regidores de Morena, afirmó el presidente municipal de Guadalajara, Pablo Lemus Navarro.
""No solamente no se va a reducir, sino que la ciclovía he dado la instrucción, y lo anuncié hace aproximadamente tres semanas, que la ciclovía de Javier Mina va a ser terminada este mismo año, pero no solamente en el tramo originalmente contemplado que se está construyendo en este momento, sino que la ciclovía de Javier Mina queda completamente confinada desde Tetlán, desde la plaza de Tetlán hasta la Calzada Independencia ahí en el mercado San Juan de Dios.""
Dijo que el objetivo es que tenga conectividad ciclista con el carril bus bici de avenida Hidalgo cumpliendo un sentido social para la zona oriente de Guadalajara que ahora podrá llegar de manera sustentable hasta el centro histórico.
El proyecto comprende un tramo total de 7.3 kilómetros y se ejecuta en dos etapas: la primera etapa comprende de Calzada Independencia a Belisario Domínguez, y la segunda etapa de Belisario Domínguez a Presa Laurel, recordó el director de Obras Públicas, Francisco Ontiveros Balcázar.
«Desde el principio se ha manejado que ésta es una primera etapa. El pasado 9 de marzo, en el Comité Mixto de Obra Pública, simplemente se dejó claro el alcance de esta primera etapa»,
Con relación a los señalamientos emitidos por la fracción edilicia de Morena, sobre la modificación realizada en el Comité Mixto de Obra Pública, precisó que solamente consistió en modificar el nombre del proyecto, sin afectar los alcances y acciones aprobadas desde la adjudicación de dicha obra.
La primera etapa de 1.2 kilómetros, con una inversión de alrededor de 32 millones de pesos y un avance en la obra física de cerca del 35 por ciento, incluye la renovación de banquetas con accesibilidad universal, mobiliario urbano, iluminación peatonal, guías podotáctiles, balizamiento termoplástico, cruceros seguros, instalación de ductos para cableado subterráneo y una ciclovía segregada.
Se proyecta su término en la primera quincena de julio, concluyendo la rehabilitación de 18 aceras que integra en la primera etapa.
La segunda etapa, que iniciará en los próximos días, comprenderá el tramo de Javier Mina de Presa Laurel a Belisario Domínguez, e incluye trabajos como balizamiento, ciclovía segregada sin reducción de carriles, accesibilidad universal en las esquinas y mobiliario urbano.
«Es una obra de impacto para toda la ciudad y en la zona comercial tan importante que es Javier Mina y toda la zona de Obregón, es importante precisar que originalmente la obra se iba a arrancar el año pasado; sin embargo, entendiendo y siendo sensibles con los vecinos y los comerciantes, decidimos arrancar las obras una vez acabado el año, ya que hubiese pasado la época navideña, y también acordamos con ellos estar trabajando cuadra por cuadra, para no estar generando bajas en sus ventas», destacó Ontiveros Balcázar.
Con este proyecto buscan impactar de manera positiva a más de 216 mil tapatías y tapatíos, de los cuales, más de 46 mil se ubican entre Belisario Domínguez y Calzada Independencia.
El presidente tapatío recordó que, además, en el plan de solución vial al ingreso sur de la Ciudad incluye un BRT que conectará con el Parque Aguazul y el Paseo Alcalde pasando por R Michel.
Haremy Reyes."
155,Trafico ZMG,09/05/2023,"Ciclovía ""Javier Mina"" conectará desde Tetlán hasta San Juan de Dios",trafilatura,trafilatura,1332,1.19,https://traficozmg.com/2023/05/ciclovia-javier-mina-conectara-desde-tetlan-hasta-san-juan-de-dios/?fbclid=IwAR0GKj4Xql3tMEQiBi-sT0UVwN62ji709dy2iIGItQ0y_0rppnktGv18y6U,,"Ciclovía ""Javier Mina"" conectará desde Tetlán hasta San Juan de Dios
La ciclovía ""Javier Mina"" quedará confinada, lista y concluida antes de finalizar este año, además conectará, desde el oriente, la zona de Tetlán hasta las inmediaciones del Mercado Libertad ""San Juan de Dios"", así lo indicó el alcalde de Guadalajara, Pablo Lemus Navarro.
""La conectividad ciclista en esa zona que va a conectar desde Tetlán hasta Calzada también está contemplada para que conecte con la intervención que vamos a iniciar en un mes y medio más en Paseo Alcalde de Niños Héroes hasta la Antigua estación de trenes, y que tenga también esta conectividad ciclista, vamos a hacer también ciclovía en la continuación de paseo alcalde"".
Lemus Navarro resaltó que para solucionar la movilidad al sur de la ciudad es el BRT por desde la Glorieta del Álamo hasta el parque Agua Azul conectando con Paseo Alcalde, la primera etapa que va desde el Álamo hasta pasando el aeropuerto de Guadalajara y la segunda etapa que se va a construir en 2024 que va desde el Álamo hasta el parque Agua Azul y este proyecto incluye el BRT y ciclovía confinada.
La ciclovía ""Javier Mina"" se unirá con el carril Bus Bici de Avenida Hidalgo y se conectará con otra ciclovías ubicadas en el centro de la ciudad.
II
Te puede interesar: CDMX inaugurará cuatro ciclovías en marzo"
158,Mural,06/05/2023,Ven inexistentes ciclovías en AMG,trafilatura,trafilatura,380,0.89,https://www.mural.com.mx/ven-inexistentes-ciclovias-en-amg/ar2600062?v=2,,"COMUNIDAD
02 MIN 30 SEG
Maggie Urzúa
Guadalajara, México (06 mayo 2023) .-05:00 hrs
La calidad de las ciclovías también recibió mala calificación. Crédito: Renee Pérez
La infraestructura para ciclistas recibió las peores calificaciones en los seis Municipios metropolitanos dentro de la Octava Encuesta de Percepción Ciudadana sobre Calidad de Vida; a las banquetas les fue mejor."
159,El Occidental,03/05/2023,Alcalde de Zapotlanejo busca consolidar MiBici en el municipio,trafilatura,trafilatura,427,0.37,https://oem.com.mx/eloccidental/local/alcalde-de-zapotlanejo-busca-consolidar-mibici-en-el-municipio-15889256,,"Localmiércoles, 3 de mayo de 2023
Zapotlanejo se lo merece y por supuesto todos los municipios metropolitanos para poder trabajar en esa sintonía: Gonzalo Álvarez Barragán, presidente de Zapotlanejo
LOCAL
Mirza Flores acusa a Morena de ""grillar"" y lucrar políticamente con el tema del agua
El delito por el que fue denunciado Eduardo N, es por acoso sexual
La víctima está protegida y hasta el momento se desconoce su identidad"
160,El Informador,28/04/2023,Revelan los mejores avances en los municipios de la ZMG,trafilatura,trafilatura,8204,0.66,https://www.informador.mx/jalisco/Jalisco-Como-vamos-Revelan-los-mejores-avances-en-los-municipios-de-la-ZMG-20230426-0110.html,,"Revelan los mejores avances en los municipios de la ZMG
Jalisco Cómo Vamos presenta los resultados correspondientes al proyecto ""¿Qué has hecho alcalde?
Jalisco Cómo Vamos presentó los resultados de ""¿Qué has hecho alcalde?"" en Casa ITESO Clavijero. EL INFORMADOR/ CARLOS ZEPEDA
Como parte del ejercicio emprendido por la organización Jalisco Cómo Vamos, este miércoles fueron presentados los avances de los resultados correspondientes al proyecto ""¿Qué has hecho alcalde?"", que busca analizar distintos indicadores de la gestión de los municipios con el objetivo de que empleen las mejores estrategias en pro de las ciudadanas y los ciudadanos.
El director de Jalisco Cómo Vamos, Augusto Chacón, encargado de la presentación de los datos de esta segunda actualización, expresó que este tipo de ejercicios coadyuva a mejorar la calidad de vida de las personas que habitan en cada uno de los municipios, y agradeció a los alcaldes que participan en él por su disposición y apertura.
Entre los datos presentados, por ejemplo, el municipio de Guadalajara destacó en cuanto a infraestructura ciclista: rompió su propia meta respecto del número de kilómetros de infraestructura ciclista implementados, con un total de 127.5 km hasta agosto de 2022, superando la meta que se tenía de 122.6 km para el cierre del año.
Zapopan logró destacar en cuanto al rubro de ""Porcentaje de inmuebles que pagan el predial, al aumentar del 72.2% de los inmuebles que pagan predial en 2021 al 77.3% al corte de febrero pasado, superando su meta de llegar a al menos 75.6%. La alcaldía logró cobrar 409 mil 082 cuentas prediales de las 528 mil 692 registradas en el municipio.
El Salto también destacó en este rubro, pasando de 44% en 2021 a 51% al corte de febrero de 2023. La meta es llegar al 60% al cierre de 2024.
Tlajomulco por su parte mejoró en cuanto al porcentaje de inversión destinada a la obra pública y a servicios públicos municipales, que para 2021 estaba establecido en 32.4%, pero para la segunda actualización, con corte a febrero pasado, logró llegar a 33.8%. La meta es que al cierre de la administración el porcentaje pueda llegar al 45%.
Tlaquepaque también mejoró en este rubro, al pasar de 20% en 2021 a 28.1% al corte de febrero de este 2023, la meta era llegar al 27%, por lo cual se considera que esta fue superada.
Tlaquepaque también destacó en la buena percepción que tienen sus ciudadanos y ciudadanas en cuanto a la recolección de basura.
Po último, Tonalá mejoró en materia de medio ambiente, especialmente en el rubro de ""número de áreas verdes por habitante"", que alcanzó al menos 0.70 metros por cada tonalteca, meta establecida por el propio municipio.
Responden al ejercicio
Al respecto de los datos presentados en esta actualización de ""¿Qué has hecho alcalde?"", y en el uso de la voz determinado por sorteo, Sergio Chávez, munícipe de Tonalá, reconoció que estas mediciones han hecho conciencia en las alcaldías sobre cuáles son los datos que han sido necesario corregir.
Dijo que ser alcalde muchas veces pondrá en juego la toma de decisiones en materia de inversión del municipio, que se han reflejado en este ejercicio, por ejemplo, señaló, al llegar a la alcaldía tuvo que decidir invertir 56 millones de pesos para mejorar las condiciones de la seguridad en el municipio, pero resultó en retirar recursos a la obra pública, cuya situación se vio reflejada en el estudio, con números poco positivos en cuando a infraestructura de calles.
También reconoció que Tonalá es el segundo municipio ""más oscuro"", lo cual refleja la situación que la alcaldía ha tenido que sortear por la disputa legal contra una empresa que se había encargado de las luminarias del municipio, misma que ya hanresuelto a su favor, por lo que, a partir del lunes próximo se comenzarán a instalar las primeras 12 mil nuevas luminarias públicas que iluminarán el municipio.
De la misma forma, reconoció la situación en manera de recolección que también le dio números negativos al municipio, pero reconoció, para el mes de agosto, en una nueva actualización, estos mejorarán una vez que se haya avanzado en los trabajos de la construcción de una nueva planta de transferencia, además de que, a Tonalá solo le quedan 23 meses de contrato con la empresa que dijo, no ha dado los resultados esperados.
Por su parte el alcalde de Guadalajara, Pablo Lemus Navarro, señaló que además de generar mejoras en las acciones de los ayuntamientos, el ejercicio sirve para voltear a ver y actuar de manera coordinada entre las alcaldías, pues aborda ""problemas de ciudad"".
Es decir, explicó, que dichas cuestiones involucran a la Zona Metropolitana de Guadalajara, como por ejemplo, la seguridad, la economía, y los servicios públicos, como por ejemplo, la recolección de basura, en la cual ya están trabajando varios de los alcaldes metropolitanos, quienes se reunirán el próximo martes para abordar el tema.
Además, presentó algunos proyectos como el repoblamiento del Centro Universitario de Ciencias Sociales y Humanidades (CUCSH) que en los próximos meses quedará vacío al haber trasladado sus programas a su campus en Belenes, ante lo cual ya ha comenzado a dialogar con la Universidad de Guadalajara para que se pueda llevar a este espacio un programa de especialidades, pues el que este edificio con capacidad de al menos ocho mil personas, es clave para la estrategia de repoblamiento del Centro Histórico y el Paseo Alcalde.
Por otra parte, además se comprometió a que antes de agosto del año próximo Guadalajara no tendrá una sola calle de tierra, pues se ha estado trabajado arduamente en el programa municipal que lleva el mismo nombre: ""Calles sin tierra"".
El alcalde de El Salto, Ricardo Santillán, destacó la importancia de este ejercicio, que ayuda a los municipios a ahorrar recursos evitando pagara a empresas privadas por hacer las mediciones y alcances de sus acciones.
Señaló que en materia de recolección de basura, que se posicionó en segundo lugar, reiteró que se trata de un tema de acción inmediata por parte de un sistema metropolitano, por lo cual, coincidió con Lemus Navarro, se está trabajando de la mano de Guadalajara, Tlajomulco y Tonalá, mientras que en materia de falta de abasto de agua, el ayuntamiento trabaja en la construcción de tres pozos que garanticen el recurso para las y los saltenses, entre ellos uno para beneficiar a la población de Las Pintitas.
""Resolver la problemática de 15 años de un municipio en una administración no es fácil, sin embargo también hay rubros en las que El Salto ha destacado, en la que quizá justifique otras, por ejemplo, después de 80 años ha destacado en inversión e infraestructura médica sin precedentes"", expresó.
Los alcaldes de Tlajomulco, Zapopan y la alcaldesa de Tlaquepaque no pudieron asistir a la presentación de resultados, sin embargo se abrió el espacio a las y los jefes de gabinete para que pudieran responder al ejercicio, llevado a cabo en el patio principal de Casa ITESO Clavijero.
Raúl Flores, presidente de la Coparmex en Jalisco, agradeció a las y los alcaldes su apertura este proyecto, que dijo, es de gran valor en la construcción de puentes de dialogo entre los gobiernos y la ciudadanía, y les pidió, no lo vean como una auditoria, sino como un ejercicio de oportunidad de mejora.
""Sabemos que no es una tarea fácil, más en municipios de complejidad como lo son los de la Zona Metropolitana de Guadalajara (AMG), aprovechemos al experiencia generada y pongámosla a disposición para hacer de Jalisco un mejor lugar para vivir"", expresó al respecto.
A Jalisco Cómo Vamos, y a su director, Augusto Chacón, les agradeció por la elaboración de este tipo de proyectos que ayudan a mejoras las condiciones de las y los ciudadanos, pues dijo, lo que no se mide no se puede mejorar, ""y mejor aún si lo que buscamos mejorar las condiciones de vida de quienes viven en los municipios"", coincidiendo así con Chacón Benavides.
  
Lee También
Recibe las últimas noticias en tu e-mail
Todo lo que necesitas saber para comenzar tu día
Registrarse implica aceptar los Términos y Condiciones"
162,Milenio,24/04/2023,Suman siete muertes de ciclistas en el AMG durante 2023; se reportaron 16 en todo el 2022,trafilatura,trafilatura,1940,0.33,https://www.milenio.com/politica/comunidad/amg-suman-muertes-ciclistas-2023-16-2022,,"Ollin Monroy, integrante de la Organización Bicicleta Blanca de Guadalajara, señaló que suman siete muertes de ciclistas en el Área Metropolitana (AMG) en lo que va del año, mientras que en 2022 se registraron 16 fallecimientos.
Desde 2009, fecha en la que nació dicha organización conformada por activistas, el colectivo ha contabilizado 305 muertes de personas que perdieron la vida atropellados por vehículos motorizados, situación que preocupa al colectivo.
""Definitivamente hay puntos en especifico donde vernos bastante preocupación. Si bien, han hecho mucho esfuerzo por ir conectando el centro de la ciudad y el centro de los otros municipios con infraestructura accesible como ciclovias, carreteras compartidas, etc. nos damos cuenta que todavía están ocurriendo muchos accidentes en zonas que desgraciadamente son muy hostiles"", dijo Ollin Monroy, del colectivo Bicicleta Blanca.
Señaló que entre los cruceros mas peligrosos en el Área Metropolitana de Guadalajara (AMG) se encuentra carretera Chápala, Periférico y Nogales. Considera que dichos tramos deberían recibir especial atención por parte de las autoridades ya que no existen rutas seguras para las personas que se mueven en bicicleta para dirigirse a su destino.
""En Periférico a pesar de la construcción de Mi Macro Periférico no se ha terminado la ciclovia que se prometió se iba a construir, incluso recibieron premios al respecto y siguen perdiendo la vida muchas personas en Periférico"", comentó.  
Asimismo, señaló que es urgente se aplique el protocolo a victimas que exige la nueva ley de vialidad. Cito un caso reciente donde un joven ciclista fue atropellado cerca de la ciclovía de Guadalupe en Zapopan, aparentemente por una unidad del transporte público y aunque solicitaron información sobre el caso es fecha que las autoridades no han brindado información sobre el estado en que se encuentra lo que deja ver que no existe una atención real a víctimas.
JMH"
163,El Occidental,24/04/2023,Santuario de la bici: Rodada con causa para menores,trafilatura,trafilatura,364,0.35,https://oem.com.mx/eloccidental/local/santuario-de-la-bici-rodada-con-causa-para-menores-15881182,,"Locallunes, 24 de abril de 2023
Es impulsada por Cámara Rodante, que surgió hace 15 años y realiza recorridos en beneficio de los niños
LOCAL
Mirza Flores acusa a Morena de ""grillar"" y lucrar políticamente con el tema del agua
El delito por el que fue denunciado Eduardo N, es por acoso sexual
La víctima está protegida y hasta el momento se desconoce su identidad"
164,Mural,20/04/2023,En aumento muertes de ciclistas,trafilatura,trafilatura,260,0.69,https://www.mural.com.mx/en-aumento-muertes-de-ciclistas/ar2590918?v=2,,"COMUNIDAD
02 MIN 30 SEG
Fernanda Carapia
Guadalajara, México (20 abril 2023) .-17:28 hrs
El 11 de abril, un ciclista murió atropellado en Periférico Norte por un camión del transporte público. Crédito: Archivo
La muerte de ciclistas atropellados va en aumento."
165,Milenio,18/04/2023,"En ocho años, Mi Bici acumula 22.3 millones de viajes",trafilatura,trafilatura,1613,0.76,https://www.milenio.com/politica/comunidad/bici-anos-acumula-22-3-millones-viajes,,"Mi Bici es hasta el momento la única red pública de bicicletas en Jalisco y a ocho años de entrar en operación acumula 22.3 millones de viajes.
Viajes Mi Bici
- En 2022 se realizaron un total de 4.2 millones de viajes, un crecimiento del 32% comparado con el año anterior.
- En marzo del 2023 el total de usuarios activos fue de 16 Mil.
Este martes Armando Oliva se decidió a sacar una membrecía de Mi Bici para utilizar este sistema de transporte de su casa al trabajo, para eso acudió al modulo de registro.
""Por el ahorro de camiones, el uso de transporte más fácil. Me evito tráfico, me evito la espera del camión, que venga lleno y además me sirve como de ejercicio"", compartió.
Por otro lado, Gonzalo Guzmán tiene seis meses con la membrecía de Mi Bici y ha quedado encantado con los beneficios de moverse por la ciudad con un sistema de transporte económico que además es amigable con el medio ambiente.
""Ando aquí por todo el centro y me ahorro tiempo de camiones, de tren y de tráfico sobre todo. A veces dejo el carro en mi casa y ando por aquí por todo el centro en la bicicleta, más a gusto sin pagar donde dejar el carro"", señaló.
Sin embargo, Gonzalo considera que el sistema puede mejorarse si se lograra la cobertura en toda la Área Metropolitana ya que hasta el momento solo hay módulos en Guadalajara, Zapopan y Tlaquepaque.
""Sobre todo yo pienso que en la Central Nueva estaría bien cunas de Mi Bici porque se pone muy conflictivo el tráfico"", detalló. 
La inscripción anual de Mi Bici tiene un costo de 457 pesos, equivalente a 1.25 pesos por día con viajes ilimitados menores a 30 minutos.
MC"
167,Publimetro,17/04/2023,"Sumarán 15 km de ciclovía, esta será su ubicación",trafilatura,trafilatura,1980,1.38,https://www.publimetro.com.mx/puebla/2023/04/18/ciclovias-cuantos-kilometros-se-construiran-y-ubicacion/,,"La subsecretaria de Movilidad, Rubí Vázquez Cruz dio a conocer que este año se realizarán 15 kilómetros nuevos de infraestructura ciclista y se dará mantenimiento a los 92 kilómetros de infraestructura ciclista que hay a nivel de piso en la ciudad.
En rueda de prensa, comentó que han realizado mesas de trabajo con agrupaciones ciclistas con quienes toman en cuenta las opciones de ubicación, preguntan el tipo de infraestructura, a donde se va a dirirgir, porque todo debe tener fundamento técnico.
Leer más: Poblanos tendrían otra línea de RUTA con los tres mil mdp que perdió el Estado
Los 15 kilómetros adicionales de ciclovías se ubicarán en zonas como:
- Bulevar Atlixco a la altura de la 31 23, 24 y 25 Sur
- Barrio de Santiago
- Bulevar Circunvalación
Pero también buscan la conexión de las ciclopistas existentes en la 9 y la 7 Sur, al lado norte, para conectar con la ciclopista de la 4 Oriente.
En total dijo que en el año van construidos 8 kilómetros, y con los que se sumarán llegarán a los 120 kilometros de infraestructura ciclista de piso y elevada que existe en todo el municipio de Puebla, para el transporte son 107 kilometros a nivel de piso; en coordinación estamos haciendo propuestas para la Ley Estatal de Movilidad y Seguridad Vial
Recordó que el exceso de velocidad es lo que más afecta y provoca accidentes cicilistas, siendo las vialidades primarias donde más se sienten vulnerables, ya que los automovilistas, tanto de vehículos privados como de transporte público superan los 50 kilómetros por hora.
Habrá taller de mecánica ciclista
En el marco del reto '30 Días en Bici' impulsado por el Ayuntamiento de Puebla, se llevará a cabo el Taller de Mecánica de Bicicletas para Mujeres, a fin de incluir a este sector en actividades que suelen realizarse por hombres.
El taller será el 27 de abril a las 17:00 horas en la Laguna de Chapulco, esto con la intención de integrar a más gente en la solución de las nuevas necesidades de la comunidad ciclista."
169,Mural,16/04/2023,Chocan opiniones por ciclovía en Paseos del Sol,trafilatura,trafilatura,343,0.85,https://www.mural.com.mx/chocan-opiniones-por-ciclovia-en-paseos-del-sol/ar2587935,,"COMUNIDAD
02 MIN 30 SEG
Maggie Urzúa
Guadalajara, México (16 abril 2023) .-05:00 hrs
Hay coincidencias en las obras que beneficiarán a peatones. Crédito: Renee Pérez
 El plan de construir una ciclovía sobre la Avenida Enrique Ladrón de Guevara y Copérnico causa un choque de opiniones entre vecinos y comerciantes de la Colonia Paseos del Sol."
171,Trafico ZMG,14/04/2023,Alistan festejos por aniversario de Vía RecreActiva Tlaquepaque; Colombia país invitado,trafilatura,trafilatura,2706,0.18,https://traficozmg.com/2023/04/alistan-festejos-por-aniversario-de-via-recreactiva-tlaquepaque-colombia-pais-invitado/?fbclid=IwAR0IKh5f4NhE5uOfXJlrkzxVwbzoXMq1T28Bx7atLmveFnhpjqSpfBgUHAI,,"Alistan festejos por aniversario de Vía RecreActiva Tlaquepaque; Colombia país invitado
La Vía RecreActiva Tlaquepaque se encuentra de aniversario, y para celebrarlo tienen preparadas diversas actividades, además que contaran con la presencia especial de Colombia, país donde surgió la iniciativa de las ciclovías recreativas.
Dentro de las actividades que están programadas para el próximo domingo 16 de abril a partir de las 9:00 horas, serán actividades físicas, habrá música, y una muestra gastronómica, según lo dio a conocer en rueda de prensa el titular del Consejo Municipal del Deporte de San Pedro Tlaquepaque, Argel Omar Gómez Mayoral.
""Estamos muy felices de contar con la presencia de Jonathan Valbuena, quien es el actual director de la ciclovía más importante del mundo: la ciclovía de Bogota, Colombia. Con casi 60 años de experiencia, están aquí para establecer un vínculo muy estrecho de cooperación, en la búsqueda de perfeccionar cada vez nuestra vía aquí en Tlaquepaque"".
Agregó que aunque aún es abismal la brecha entre ciudades y sus Vías Recreativas, están cada vez más cerca del objetivo, además planean ampliar dos kilómetros más de recorrido.
Este circuito recibe cada domingo alrededor de siete mil visitantes en una ruta de cinco kilómetros que se conecta con los municipios de Guadalajara y Tonalá y que además es la primer ciclovía recreativa 100 en el mundo que cuenta con personal capacitado para realizar maniobras de RCP y desfibriladores portátiles.
Los festejos iniciarán a las 8:45 de la mañana con una caminata en la Plazoleta Infonavit Revolución, en la Unidad Administrativa Pila Seca de 9:00 a 13:00 horas habrá música en vivo a cargo de diferentes generos, además se realizará una feria gastronómica en la Plaza de la Gastronomía, frente a Pila Seca, donde los asistentes podrán degustar platillos típicos de México y Colombia.
La Encargada de Despacho de la Presidencia Municipal de San Pedro Tlaquepaque, Adriana del Carmen Zúñiga Guerrero expresó la importancia de aprovechar el espacio público, para la convivencia familiar cada domingo. Espera que este acercamiento permita extender lazos de cooperación entre ambos países para construir políticas para la población.
El invitado especial de Bogotá Colombia, Jonathan Rubén Valbuena Cabezas, Coordinador de la Ciclovía, puntualizó que el trabajo en equipo que se ha realizado en los dos países, ha servido para compartir conocimientos y espera la participación de más actores involucrados
Es importante mencionar que en Bogotá, existe una vía que es conocida como el parque lineal más grande el mundo, que cuenta con 127.69 kilómetros de recorrido y dos millones de visitantes por jornada.
Araceli Ballesteros"
172,Milenio,13/04/2023,Llévate tu bicicleta en el Tren Ligero de Guadalajara y aprovecha los ciclopuertos en las estaciones,trafilatura,trafilatura,2095,0.33,https://www.milenio.com/politica/comunidad/tren-ligero-de-guadalajara-como-llevar-tu-bicicleta-y-en-que-horario,,"Para recorrer el Área Metropolitana de Guadalajara una opción es combinar medios de transporte, ya sea que tomes alguna ruta de camión, hagas transbordo al Tren Ligero o al Macrobús, otra opción es alternar con la bicicleta, que si cuentas con una propia hay forma de llevarla contigo.
Año con año suman millones de personas que utilizan el tren en Guadalajara para recorrer el camino a su trabajos, además ahora se puede hacer uso de más de un servicio para llegar a varios puntos de la ciudad.
El reglamento del Sistema de Tren Eléctrico Urbano permite a las personas usuarias abordar con sus bicicletas en horas determinadas e incluso hay estaciones que cuentan con ciclopuertos a unos pasos de andenes, donde puedes dejarla por un máximo de tiempo.
¿A qué hora puedo abordar con mi bicicletas al Tren Ligero?
De acuerdo con el reglamento, se puede llevar la bici de lunes a viernes de 10:00 a 13:00 horas, sábados de 7:00 a 10:00 hrs. y 18:00 a 21:00 hrs., los domingos de 7:00 a 17:00 hrs.
Los ciclopuertos del llamado programa Probici operan en el mismo horario que el tren, de 5:00 a 23:00 horas. Sin embargo debes considerar que si pasa más de 72 horas de permanencia de la bicicleta, la Dirección Jurídica de este sistema puede asegurarla e incluso romper cadenas y candados para llevarla a resguardo, donde puede quedar hasta un año para después ser donada.
De momento solo hay ciclopuertos dentro de las estaciones de las Línea 1 y 2, incluso en la estación Periférico Norte el espacio resalta por ser una sala más espaciosa a diferencia de los instalados en otros puntos de estas líneas.
⏰ Estos son los horarios para asegurar tu bici en los ciclopuertos que habilitamos para ti en el SITEUR. #ProBici ????♀️????♀️ pic.twitter.com/2DoH6QYx7H
— Siteur Jalisco (@SITEURJAL) January 14, 2020
El servicio no tiene costo, sin embargo cada usuario debe llevar su cadena y candados especiales.
Sin duda es una opción que junto al programa Mi Bici Pública puede complementar tus viajes y al mismo tiempo activarte físicamente respetando los espacios y normas en las calles de Guadalajara
SRN"
173,Milenio,11/04/2023,Lamentan deterioro de ciclovía y obstrucción de automovilistas en Guadalajara,trafilatura,trafilatura,1353,0.23,https://www.milenio.com/politica/comunidad/guadalajara-ciclovia-perez-arce-presenta-deterioro,,"La ciclovía ubicada sobre la calle Doctor Pérez Arce en Guadalajara presenta un deterioro bastante significativo, luego de cuatro años de su inauguración.
Usuarios de esta infraestructura consideran urgente el que se realicen acciones para mejorarla, pues incluso el balizamiento ya es imperceptible y esto puede generar algún accidente.
""La verdad no le dan mantenimiento, no la respetan, no la respeta nadie. Aquí a la otra cuadra hay un lugar de venta de materiales, si no están estacionados aquí, los taxistas no dejan pasar , o me subo a la banqueta o ando rodeando, aunque se lo pidamos no hacen nada"", comentó Marco Antonio, quien es ciclista.
""La verdad sí le falta mantenimiento pero si ayuda mucho, porque antes corrías más peligro sin la ciclovía, ahora vas con más seguridad, eso sí pero, pero dentro de lo que cabe es un 20 por ciento, que tu dices que le batallo, pero un 80% más seguro, por tu ciclovía, tumban los señalamientos, mantenimiento y seguridad  porque vialidad no cumple con su trabajo"", dijo Miguel Ángel, quien también usa la bicicleta.
Detallan que es necesario que se apliquen instrumentos que obliguen a los automovilistas a respetar este espacio confinado a la movilidad no motorizada.
Indicaron además que en muchas ocasiones los ciclistas buscan otras alternativas para circular por la falta de espacios adecuados.
SRN"
175,NTR Guadalajara,23/03/2023,Van 6 ciclistas muertos tras atropellamientos,trafilatura,trafilatura,2228,2.32,https://www.ntrguadalajara.com/post.php?id_nota=195673,,"Las muertes de ciclistas por atropellamiento continúan en la Zona Metropolitana de Guadalajara (ZMG). De acuerdo con cifras del colectivo Bicicleta Blanca, el cual lleva un registro de este tipo de víctimas, en lo que va de este año seis ciclistas han fallecido luego de ser embestidos por vehículos.
Desde hace años el colectivo se ha dedicado a visibilizar el problema, así como la falta de infraestructura para ciclistas y la ausencia de políticas públicas que ayuden a la circulación no motorizada en la ZMG.
Según el registro 2023, el caso más reciente ocurrió el martes por la tarde sobre la avenida Juan Pablo II, en la colonia Oblatos, en Guadalajara. La víctima fue arrollada por una motocicleta.
Asimismo, el reporte indica que entre las víctimas hay un menor de edad de aproximadamente 13 años que murió arrollado por el conductor de una camioneta en la colonia Bosques de San Isidro, en Zapopan. En la lista también hay dos adultos de entre 60 y 70 años de edad.
La primera víctima de 2023 falleció el 19 de enero en la colonia El Vergel, en Tlaquepaque. Fue un sexagenario que falleció tras ser embestido por el conductor de un vehículo que huyó del lugar.
De las seis personas fallecidas, tres fueron arrolladas por autos particulares, una por una unidad del transporte público, otra por un camión de carga pesada y la última por una motocicleta.
Según Bici Blanca, el año pasado terminó con 16 ciclistas fallecidos tras ser atropellados.
Las cifras del colectivo también indican que durante el gobierno de Enrique Alfaro Ramírez han muerto 70 ciclistas en la ZMG, así como falta de infraestructura para la movilidad no motorizada. Apenas hay 90.9 kilómetros de ciclovías, las cuales se construyeron entre 2019 y 2020.
En total, de 2019 a la fecha han muerto 304 ciclistas en la ciudad.
A fin de visibilizar las muertes de ciclistas y para que las autoridades impulsen estrategias e infraestructura en pro de la movilidad no motorizada, el colectivo ha colocado cientos de bicis blancas en postes de la ciudad con el nombre de las víctimas.
BALANCE
- 3 de las víctimas fueron arrolladas por autos particulares
- 1 por una unidad del transporte público
- 1 por un camión de carga pesada
- 1 por una motocicleta
jl/I"
177,Meganoticias,20/03/2023,Aprovechan segundo día de Vía Recreactiva,trafilatura,trafilatura,2087,0.26,https://www.meganoticias.mx/guadalajara/noticia/aprovechan-segundo-dia-de-via-recreactiva/408701,,"Deportes
                                                                    
                                                Por:
                                                                    								Karla Jiménez
                    							 
                    							
Guadalajara
Fecha: 20-03-2023
                                        Guadalajara
Fecha: 20-03-2023
Disfrutan tapatíos y extranjeros día doble en la vía recreativa.
Este lunes feriado fue una oportunidad para que algunos por primera vez, o como lo hacen de forma recurrente, pudieran recorrer algunos tramos de la vía recreactiva.
Everardo Escobedo acudió con parte de su familia a pedalear, una actividad que se vuelve cada vez más frecuente entre ellos y que de forma conjunta realizan al menos una vez cada quince días.""Viene mi esposa, mis 4 hijos y mi hermano. Comenzamos a utilizarla porque se prestó la ciudad y luego por la ciclovía de Av. Guadalupe que te soy franco, yo inicialmente, estaba en contra de la ciclovía, por todo el caos vehicular, pero a raíz de eso ya soy usuario de ella"".
Algunos aprovecharon la vía recreativa para pasear en familia, actividad que hace años no realizaban, como el caso de Naomia ""La verdad nos estamos hospedando aquí cerca, salimos a caminar y nos encontramos con que estaba la ciclovía. Está super a gusto, está el ambiente muy padre"".
Por su parte, Vanesa detalló que acude ""en familia. Venimos casi cada domingo y hoy que es puente, también aprovechamos"".
Para algunos extranjeros que visitan la ciudad o que incluso tienen tiempo viviendo en ella, la via recreactiva ha sido una maravillosa opción para recorrer la ciudad y para incentivar el uso de la bicicleta, como el caso de Wim; ""Soy de Bélgica. Muy feliz de bicicleta en la vía recrectiva porque en Bélgica no existe. En Bélgica es vía normal, pista ciclista sí, no vía solamente para ciclista"".
La vía recreactiva conecta los municipios de Guadalajara, Zapopan y Tlaquepaque. A lo largo de estos 31 kilómetros, ofrece actividades para el adulto mayor y para niños, además de baile, voleibol y lectura."
178,Mural,19/03/2023,Charlan mujeres ciclistas sobre la movilidad en la ZMG,trafilatura,trafilatura,491,0.74,https://www.mural.com.mx/charlan-mujeres-ciclistas-sobre-la-movilidad-en-la-zmg/ar2572161,,"COMUNIDAD
02 MIN 30 SEG
Mariana Quintero
Guadalajara, México (18 marzo 2023) .-18:49 hrs
Apenas el 6 por ciento de los 12 mil 720 viajes en bicicleta que se hacen semanalmente en el AMG, los realizan mujeres. Crédito: Ismael Ramírez
Para hacer conciencia sobre cómo se transita por la ciudad en bicicleta siendo mujer y a propósito del Día Internacional de las Mujeres que se conmemora cada 8 de marzo, alrededor de diez ciclistas se reunieron esta tarde para conversar sobre dicho panorama."
179,Mural,18/03/2023,Invaden ciclovías en la ZMG; ocultan multas,trafilatura,trafilatura,637,0.87,https://www.mural.com.mx/invaden-ciclovias-en-la-zmg-ocultan-multas/ar2571784?v=5,,"Invaden ciclovías en la ZMG; ocultan multas
02 MIN 00 SEG
Violeta Meléndez
Guadalajara, México (18 marzo 2023) .-05:00 hrs
A pesar de los señalamientos, motociclistas hacen uso de la ciclovía. Crédito: Renee Pérez
Las multas por la invasión de ciclovías y carriles exclusivos, no suelen ser comunes. Crédito: Renee Pérez
Aunque puede llegar a 20 mil pesos la sanción económica aplicada a conductores de autos o motos que invadan ciclovías o carriles confinados para uso exclusivo de bicicletas y transporte público, esta práctica es frecuente y poco castigada, a pesar de que implica un riesgo para los usuarios de dicha infraestructura."
180,El Occidental,11/03/2023,Ciudadanos ven con buenos ojos la ciclovía de Javier Mina,trafilatura,trafilatura,338,0.63,https://oem.com.mx/eloccidental/local/ciudadanos-ven-con-buenos-ojos-la-ciclovia-de-javier-mina-15877139,,"Localsábado, 11 de marzo de 2023
La primera fase de la construcción de la ciclovía es de un kilómetro y medio
LOCAL
Mirza Flores acusa a Morena de ""grillar"" y lucrar políticamente con el tema del agua
El delito por el que fue denunciado Eduardo N, es por acoso sexual
La víctima está protegida y hasta el momento se desconoce su identidad"
182,El Informador,06/03/2023,"Machuelos de concreto en ciclovías se quedan, determina el Ayuntamiento tapatío",trafilatura,trafilatura,2830,0.65,https://www.informador.mx/jalisco/Guadalajara-Quitaran-los-machuelos-de-concreto-en-ciclovias-Esto-dice-el-Ayuntamiento-20230306-0114.html,,"Machuelos de concreto en ciclovías se quedan, determina el Ayuntamiento tapatío
Aunque constantemente se reciben reportes de incidentes de tránsito derivados de las ""quesadillas de cemento"", éstas se quedan
Pablo Lemus insiste en que se debe de priorizar el bienestar de quienes transitan por la ciudad sin el recubrimiento de un automóvil. EL INFORMADOR/ARCHIVO
El Ayuntamiento de Guadalajara no tiene planes de retirar o modificar ninguno de los machuelos de concreto que delimitan los carriles de tránsito para vehículos y las ciclovías en distintos puntos de la ciudad, afirmó el alcalde tapatío, Pablo Lemus Navarro.
En entrevista, el edil explicó que estas estructuras de concreto protegen a peatones y ciclistas ante la posibilidad de que un vehículo automotor pueda invadir la vía segregada para su tránsito, por lo que insistió que se debe de priorizar el bienestar de quienes transitan por la ciudad sin el recubrimiento de un automóvil.
""A quien más debemos de proteger es al peatón, al ciclista y al final al automovilista, no estamos pensando quitar un macetón en ívila Camacho ni en ninguna ciclovía porque es una protección de ciclistas y peatones"".
Sin embargo, reconoció que la Coordinación Municipal de Protección Civil y Bomberos de Guadalajara recibe de manera constante el reporte de incidentes de tránsito derivados de las ""quesadillas de cemento"" que resguardan la ciclovía de la avenida Américas, en su cruce con la calle Buenos Aires.
Acerca de este machuelo, refirió que se llevarán a cabo estudios de movilidad para considerar si es pertinente su retiro, pues reconoció que, en este caso específico, los vehículos que dan vuelta a la derecha en la avenida se impactan de manera directa con la estructura de concreto.
SABER MíS
 ¿Cómo prevenir accidentes con machuelos?
 
Debido a que las estructuras de cemento -que en algunas ocasiones son utilizadas como jardineras- han generado múltiples accidentes con el paso de los años, aquí te dejamos algunas recomendaciones para evitar percances viales.
- Toma tu distancia. En vialidades como avenida México y ívila Camacho, los machuelos de concreto se encuentran a una distancia considerable de los carriles vehiculares, lo suficiente como para circular alejado de las estructuras sin pegarse demasiado al otro carril.
- Prevé las vueltas. Muchos de los accidentes que se han ocasionando por estas estructuras derivan de vueltas muy cerradas en vialidades que cuentan con estas estructuras, en aras de evitarlo puedes prever el giro que realizarás y esperar al momento adecuado para hacerlo sin riesgos de chocar con otros vehículos o impactarte en ""las quesadillas"".
JM
Lee También
Recibe las últimas noticias en tu e-mail
Todo lo que necesitas saber para comenzar tu día
Registrarse implica aceptar los Términos y Condiciones"
184,El Occidental,24/02/2023,¿Se te ponchó la llanta de la bici? Te decimos a qué lugares acudir de la ZMG,trafilatura,trafilatura,1530,0.46,https://oem.com.mx/eloccidental/tendencias/se-te-poncho-la-llanta-de-la-bici-te-decimos-a-que-lugares-acudir-de-la-zmg-15696293,,"¿Se te ponchó la llanta de la bici? Te decimos a qué lugares acudir de la ZMG
En Guadalajara existen 152 negocios bici-amigables
Tendenciasviernes, 24 de febrero de 2023
TENDENCIAS
Todo lo que necesitas saber para disfrutar las Fiestas de Octubre 2026: cartelera, precios, accesos y hasta premios
Regalarán 25 mil tortas en el Paseo Alcalde, a unos pasos de la Catedral
María Vargas y Mariana Macías compartieron en Guadalajara sus experiencias dentro de los certámenes de belleza y los retos que enfrentaron para llegar al podio nacional
El diseño con el que la anfitriona de ""La Casa de los Famosos México"" sorprendió en la gala de eliminación fue un vestido de plumas confeccionado por el diseñador mexicano Iván Ávalos
A través de una carta, Carlos III recuerda que los duques de Sussex fueron quienes eligieron ""respeto por su independencia financiera y la protección de su intimidad y así continuará""
La abogada, esposa del actor George Clooney, está poniendo de cabeza a la prensa internacional y a las redes sociales en su paso por la alfombra roja de la 83 edición del Festival de Cine de Venecia
El creador de contenido saltó a la fama en redes sociales tras participar en distintos proyectos de la presentadora Martha Debayle
El cantante Jay de la Cueva lleva la conversación sobre sexualidad y protección al escenario de la música
Jalisco llama a identificar señales de alerta y prevenir conductas suicidas
Será del 7 al 12 de septiembre con creadores de joyas de México, Países Bajos, Estados Unidos, Japón y Colombia"
185,Lider 919,20/02/2023,Ciclovía Javier Mina busca bajar lesiones y muertes ciclistas,trafilatura,trafilatura,1709,0.46,https://lider919.com/ciclovia-javier-mina-busca-bajar-lesiones-y-muertes-ciclistas/,,"La ciclovía que se construye por la avenida Javier Mina está sustentada en diferentes instrumentos de planeación y busca disminuir las lesiones y muertes de ciclistas, ya que es una de las vías más peligrosas de la ciudad, junto con López Mateos, Lázaro Cárdenas y Periférico, indicó el director de Movilidad del Ayuntamiento de Guadalajara, Jesús Carlos Soto Morfín.
""Javier Mina nos aparece como un foco rojo, por ejemplo, sabemos que en el 2017 al 2019 se dieron 102 víctimas que presentaron una lesión o incluso fallecieron, es decir 15 víctimas por kilómetro en 301 hechos viales, que se dieron en este marcó de tiempo. Esta condición se mantiene todavía entre 2020 y 2021, aunque tuvimos una baja en 2020, por el tiempo de la pandemia, donde no había una operación habitual, aun así, se presentaron víctimas: tuvimos entre 2020 y el 2021, 42 víctimas"", explicó el funcionario municipal.
En un estudio elaborado en el año 2019 detectaron que por esa vialidad se registran 700 viajes de ciclistas en 16 horas de un día típico entre semana.
El funcionario municipal resaltó que la ciclovía de Javier Mina fue planeada desde el año 2009, en el Plan Metropolitano de Movilidad no Motorizada, en el Probici de Vías Metropolitanas y en los Planes Parciales.
El director de Movilidad en Guadalajara destacó que el proyecto además implica la conservación de los cuatro carriles para automóviles y la renovación de banquetas.
El proyecto se ejecutará en dos etapas, la primera a lo largo de un kilómetro y medio, de la calzada a Belisario Domínguez con una inversión de 32 millones de pesos; los otros 6 kilómetros restantes hasta Tetlán se harán en una segunda fase, para la que se requiere de otros 30 millones."
186,Publimetro,12/02/2023,"Ciclovías se extienden por Guadalajara, pero falta conectarlas y volverlas más seguras",trafilatura,trafilatura,4691,1.14,https://www.publimetro.com.mx/jalisco/2023/02/12/cuales-son-las-ciclovias-mas-usadas-de-guadalajara/,,"Pese a contar con 281 kilómetros de ciclovías y ser una de las ciudades de América Latina con mayor infraestructura de este tipo, expertos reconocen que falta concretar esfuerzos para que este sistema de movilidad sustentable pueda ofrecer traslados seguros.
Advierten que, entre los problemas principales, está la falta de conexión de tramos y mientras en una parte los viajes son seguros gracias a las ciclovías, en otras los usuarios están expuestos a los vehículos motorizados.
Información relacionada: ¡Desairan las bicis! Ciclovías y programas públicos no le bastan a tapatíos para usar las bicicletas
Según datos de la Agencia Metropolitana de Infraestructura para la Movilidad (AMIM), las rutas ciclistas en el Paseo Alcalde, Federalismo y avenida Las Torres son las ciclovías con mayor número de viajes. En un día normal se realizan 42 mil 232 viajes en bicicleta en el Área Metropolitana de Guadalajara.
Actualmente, la red de infraestructura ciclista en el AMG contempla 281.62 kilómetros de ciclovías y 116 kilómetros de carriles con prioridad ciclista.
Aunque pudieran parecer muchos viajes en bicicleta, según datos del Instituto Metropolitano de Planeación, cada día se realizan en la Zona Metropolitana de Guadalajara 1.5 millones de viajes, y los 42 mil existentes implican solo que 2.7% de ellos son en bicicleta. Los medios principales de movilidad de la ciudadanía son el transporte público (40.18% de los viajes), caminar (26.9%), automóvil (15.7%) y moto (4.07% de los viajes).
Guadalajara es el municipio que registra el mayor número de recorridos con 64.1%, seguido de Zapopan con 26.9%, Tlajomulco 6.1%, Tlaquepaque 2.5% y Tonalá 0.4%; también es importante destacar que los dos primeros municipios cuentan con la mayor infraestructura de este tipo y por ende se refleja en la cantidad de viajes.
- 28 minutos es el tiempo promedio de un viaje en bicicleta por el AMG
- 45% de la población de Guadalajara dice no usar la bicicleta por temer sufrir un accidente u otros factores de seguridad
Sobre la distribución de los viajes, se observaron dos momentos relevantes de incremento del flujo en el aforo de ciclistas: el primero es entre las 7:00 y 9:30 horas y el segundo entre las 16:45 a las 19:45.
Urgente mejorar la conectividad y la seguridad de la infraestructura ciclista
A decir de especialistas en la materia, hay una necesidad de impulsar la construcción de ciclovías pero sobre todo mejorar su conectividad y las condiciones de seguridad de los usuarios.
""Es insuficiente; el AMG tiene un déficit en ciclovías, a algunas les faltan espacio para circular con seguridad y confort, sin miedo. Para que se concrete deben de ligarse los trayectos entre las centralidades"", expresó Alexandro Alvirde Sucilla, académico de los departamentos de Proyectos Arquitectónicos y de Técnicas de la Construcción del Centro Universitario de Arte, Arquitectura y Diseño (CUAAD).
Alvirde Sucilla mencionó, por ejemplo, que aunque ya hay ciclovía en gran tramo del Anillo Periférico, tras la implementación del Macrobús, no llega al oriente de la metrópoli. Tampoco hay una ciclovía en avenidas como Loma Dorada o Río Nilo que podría conectar los centros de Tonalá y Tlaquepaque.
Señaló que el programa de MiBici, de bicicletas públicas, ya es necesario que se impulse hacia el oriente de la ciudad. ""Es un proyecto que sólo se da en colonias céntricas, como la Americana, que son zonas privilegiadas, y no en la zona oriente de la ciudad"".
Sobre la situación topográfica de Guadalajara y sus municipios aledaños, donde hay varias pendientes pronunciadas que impiden la accesibilidad de ciclistas (como el caso de la Calzada Independencia Norte o las avenidas Acueducto y Ávila Camacho), el especialista en movilidad explicó que hay maneras de que los trayectos sean menos pesados, mediante paraderos.
""La ciudad se tiene que modificar, es para el ciudadano, no para el coche, hay que caminar más""
— Alexandro Alvirde Sucilla, académico e investigador de la UdeG
Ciclovías más usadas en el Área Metropolitana de Guadalajara
1. Paseo Alcalde: 2,136 viajes diarios, 5.1% del total de viajes
2. Federalismo: 1,897 viajes diarios, 4.5% del total de viajes
3. Las Torres: 1,745 viajes diarios, 4.1% del total de viajes
4. Marcelino García Barragán: 1,470 viajes diarios, 3.5% del total de viajes
5. Aviación: 1,365 viajes diarios, 3.2% del total de viajes
6. Malecón (Solidaridad): 1,287 viajes diarios, 3.0% del total de viajes
7. Ávila Camacho: 1,155 viajes diarios, 2.7% del total de viajes
8. Hospital: 1,122 viajes diarios, 2.7% del total de viajes
9. 8 de Julio: 1,060 viajes diarios, 2.5% del total de viajes
10. Mariano Otero: 1,017 viajes diarios, 2.4% del total de viajes"
188,El Informador,09/02/2023,Preparan conexión ciclista de paseo Alcalde a Niños Héroes,trafilatura,trafilatura,9464,0.53,https://www.informador.mx/Ciclovia-Preparan-conexion-ciclista-de-paseo-Alcalde-a-Ninos-Heroes-l202302090002.html,,"Preparan conexión ciclista de paseo Alcalde a Niños Héroes
En etapas posteriores incluso la infraestructura crecerá hacia el norte para conectar con el Periférico y el Peribús
El director de Movilidad y Transporte de Guadalajara, Jesús Carlos Soto Morfín, adelantó la conexión ciclista desde paseo Alcalde hasta Niños Héroes.
""Estamos por terminar ese tramo adicional de calle completa con infraestructura ciclista y vamos a continuar de ahí a Agustín Yáñez, pasando por el parque Agua Azul. Esa es la siguiente etapa para conectar todo paseo Alcalde"", indicó el funcionario.
Destacó que el siguiente paso será crecer la ciclovía de paseo Alcalde hacia el norte para conectar con el Periférico y el Peribús. ""Estamos concursando en una iniciativa internacional para ver si logramos ganar 20 millones de pesos para hacer la infraestructura ciclista adicional para la ciudad en conjunto"".
Subrayó que este año inició la intervención del corredor integral Javier Mina, cuya primera etapa será de la calzada Independencia a Belisario Domínguez, con más de un kilómetro de infraestructura ciclista, la cual prevén que concluya en junio. ""Estamos interviniendo todas las banquetas. Se está poniendo la accesibilidad universal, estamos reconfigurando los carriles para dotarlos de medidas que permitan mayor control de la velocidad y mayor seguridad vial. Se va a instalar mobiliario y renovar bancas. Habrá reforestación"".
Sobre la proyección de construir otro carril BusBici, resaltó que se hizo en Hidalgo porque es la única vialidad donde se tiene un sistema completo con transporte masivo.
La cifra
2 mil 600 ciclistas circulan diariamente por paseo Alcalde, solamente de norte a sur.
Aprovechan cada día 740 ciclistas BusBici de Hidalgo
Jesús Carlos Soto Morfín, titular de la Dirección de Movilidad y Transporte de Guadalajara, indica que 740 ciclistas aprovechan el BusBici de Hidalgo cada día, según el conteo que se realizó en diciembre de 2022. Este espacio se inauguró en septiembre del año pasado. Además, resalta que la mayoría de los usuarios respetan el carril confinado. Recuerda que los vehículos de emergencia sí tienen permiso de acceder, siempre y cuando se respete la velocidad de máximo 30 kilómetros por hora.
""Notamos un comportamiento predominantemente de respeto hacia el corredor. Sí hay algunos casos de invasión, sobre todo de motociclistas, en algunos casos de empresas repartidoras de comida que hacen uso indebido de esta vía. Hay pocos automovilistas que invaden el carril, pero sí los hay, sobre todo porque quieren dar una vuelta a la derecha anticipada y se meten a la mitad del carril para llegar a la esquina"".
Dice que son pocos los que han captado que utilizan el carril completo, aunque los agentes de movilidad siguen supervisando el área.
""Sugerimos a los ciclistas que vayan con el doble de alerta y sobre todo que se anticipen a las vueltas a la derecha de los automovilistas o del transporte público"".
Sobre los ciclistas que invaden banquetas, remarca que una de las intenciones del mapa ciclista es orientar a los usuarios a que se bajen al arroyo vehicular para que no pongan en riesgo a los peatones.
""Lo que tenemos en avenida Hidalgo también es un reflejo de que hace falta una conexión más cercana que avenida La Paz para el sentido Oriente-Poniente. Eso no justifica el sentido contrario en la infraestructura, pero sí nos hace ver a la autoridad que nos hace falta mejorar la conectividad"".
TELíN DE FONDO
Mapa ciclista
Los ciclistas que transiten por Guadalajara y Zapopan tendrán a su disposición un mapa con información valiosa para realizar sus trayectos en 224 kilómetros, como la ubicación de la infraestructura ciclista, lugares turísticos, sitios de emergencias médicas, opciones para realizar viajes intermodales; es decir, combinar trayectos entre distintos medios de movilidad, o para detectar cuáles son los negocios amigables con la bicicleta.
Jesús Carlos Soto Morfín destaca que en esta versión agregaron información de 191 espacios como talleres de bicicletas, cafeterías, venta de ropa o reparación de vehículos antiguos.
De los 112 kilómetros de ciclovías en Guadalajara, alrededor de 70% está interconectada con otros municipios. ""Lo que buscamos es que cada vez más gente decida subirse a la bicicleta, bajarse del automóvil, realizar cotidianamente sus viajes intermodales, quizá generando un trayecto en la bicicleta, otro en algún otro medio, en transporte público"", dijo el funcionario.
Explica que también se emiten recomendaciones generales y de seguridad para ciclistas, como uso de casco y ropa visible, y se pide a los usuarios respetar el sentido de las vialidades, y proporcionen información sobre las variantes de infraestructura ciclista"".
Mercedes Paloma Cruz, directora de Movilidad y Transporte de Zapopan, precisa que únicamente se incluyeron en el mapa los polígonos del Centro y el de Chapalita. ""Esperamos que para la siguiente versión tengamos mapeado todo el municipio, pero en la versión digital encontrarán todo el municipio con las estaciones de MiBici y las estaciones de transporte masivo para invitar a la gente a que hagan viajes"".
Recomienda bajarse del coche para trayectos más cortos, utilizar otro tipo de transporte, fomentar más la bicicleta, apostar por la seguridad vial y por el futuro del planeta.
La herramienta puede descargarse en el enlace: https://luchadoresviales.mx/mapa-ciclista-gdl/
Luchadores Viales
La herramienta surge en Guadalajara en 2021 por la iniciativa Partnership for Healthy Cities, impulsada por Bloomberg Philanthropies y Vital Strategies, y en esta segunda edición integra por primera ocasión al municipio de Zapopan.
Cuenta con información como negocios amigables con este medio de transporte, estaciones de MiBici y las líneas de Mi Tren, gasolineras, hospitales, áreas verdes, rutas de la Vía RecreActiva, sitios a los cuáles acudir en caso de una falla mecánica, información de la infraestructura ciclista y la pirámide de la movilidad, sugerencias para rodar con seguridad y números de teléfonos de emergencia.
CLAVES
Análisis
Encuesta. Jesús Carlos Soto Morfín informa que el Imeplan está trabajando una actualización del Plan Integral de Movilidad Urbana sustentable, mediante la cual se va a poder analizar con exactitud el uso de la bicicleta en general.
Aumento. Desde hace 13 años fue la última actualización de la encuesta de Origen-Destino; según el Inegi, ha habido un aumento de ciclistas.
Revisión. En análisis realizado durante la pandemia, la Agencia Metropolitana de Servicios de Infraestructura para la Movilidad remarcó que seis de cada 10 viajes ciclistas en la ciudad se realizan en Guadalajara.
Tránsito. En 2021 se reportaron 187 kilómetros de infraestructura ciclista y 116 kilómetros de carriles prioridad, la selección se realizó en las rutas con mayor flujo de ciclistas.
Olvido. Solamente Guadalajara y Zapopan compartieron proyectos ciclistas para este año. Tlajomulco, Tlaquepaque y Tonalá respondieron por Transparencia que no tenían planes al respecto.
VOCES
Apuestan por la cultura ciclista
""Queremos convertirnos en ciudades bicicleteras""
Mercedes Paloma Cruz, directora de Movilidad y Transporte de Zapopan, remarca que la iniciativa se logró gracias a Ciudades Hermanas, la cual incorpora las rutas que se han construido en los últimos años y visibiliza los ciclopuertos para dejar los vehículos.
""Sobre todo incorpora esta visión de luchadores viales porque promueve la seguridad vial en la ciudad y utiliza el logo de ciudades bicicleteras, queremos convertirnos en ciudades bicicletas, porque creemos rotundamente que el planeta se está transformando. El fin de semana hubo noticias de desastres naturales, es innegable que tenemos una crisis climática: incendios en Chile, terremotos y cada uno desde donde estamos tenemos que aportar nuestro granito de arena y aprender a movernos de otra manera que no sea a través de los vehículos motorizados"".
""Te puede sacar de apuros""
Silvina Razo, integrante de Bici Blanca, opina que el mapa es importante porque muchas veces los ciclistas no saben dónde reparar sus bicicletas, sobre todo si llegan a descomponerse en lugares lejanos a sus domicilios. ""Tener herramientas de consulta te puede sacar de apuros, y más si se puede identificar el tipo de servicio"".
La ciclista considera que este documento también sirve como guía para las personas que usan las bicicletas como medio de transporte. ""Aunque la infraestructura ya está, muchas veces sales y no la ubicas, sirve para trazar tu ruta y hacerla más segura"".
Por último, puntualiza que hace falta que haya más empatía entre todas las personas que nos movemos en la ciudad.
""Reconocernos como iguales, ante la necesidad que cada uno tiene para moverse por la ciudad, y ese respeto y sana convivencia entre los que andan en bici, vehículos, camiones, reconocernos en la calles, y con ello generar una mejor convivencia"".
""Ciclismo es comunidad y cultura""
Mario Villaseñor, director de 33 Club Ciclista, negocio especializado en ciclismo urbano, destaca que están muy agradecidos y emocionados por este tipo de iniciativas. ""Ya que también representan lo que para mí es el ciclismo, que es comunidad y cultura, convivencia, un negocio noble. Y ayudar a la gente a moverse y a conocer su ciudad y sus espacios de otra manera y desde otra perspectiva, nos llena de satisfacción""."
189,Pagina 24 Jalisco,09/02/2023,Motociclistas y automovilistas no respetan las ciclovías,trafilatura,trafilatura,2276,0.84,https://pagina24jalisco.com.mx/2023/02/09/local/motociclistas-y-automovilistas-no-respetan-las-ciclovias/,,"Usuarios exigen vigilancia a policías viales
Aun cuando circulan en el carril exclusivo, en la ciclovía de Guadalupe deben andar cuidándose de no ser atropellados por algún vehículo motorizado
Por Rafael Hernández Guízar
Ciclistas al poniente de la Zona Metropolitana de Guadalajara (ZMG) se quejaron de las invasiones constantes a la ciclovía por parte de motociclistas y automovilistas.
Y es que por la ciclovía que está instalada por la avenida Guadalupe, en Zapopan, es común ver que motociclistas pasen por el carril confinado para el paso de los ciclistas.
""Pues está mal, eso es un hecho, y deberían de hacer algo, no sé poner cámaras de fotoinfracción o algo que ayude a que los que anden por ahí de forma ilegal los multen, porque a veces vas en la bicicleta y de pronto de la nada, te sale un motociclista, y es peligroso; a ver, se supone que es el carril exclusivo para que anden las personas seguras en la bicicleta, a nuestro paso, tranquilos, pero no, anda uno cuidándose también de no ser atropellado porque luego hasta carros ves que vienen en la ciclovía"", indicó Sergio López uno de los entrevistados.
Y siguió: ""En la misma de Guadalupe ve que los automovilistas después de la avenida Patria hacia el Periférico usan la ciclovía, ves los carros chicos pasando por ella en horas pico sobre todo, y uno se pregunta y los policías de vialidad dónde andan, deberían de estar ahí poniendo orden, pero no están, y uno si les dice algo pues luego luego le dejan ir a uno el carro, es hasta peligroso defender el espacio público"", indicó.
El problema se replica en el sentido inverso al ya señalado, es decir, de poniente a oriente, algo que a decir de los ciclistas debería de ser videograbado por la policía vial, esto con la intención de que se levante infracciones a aquellos que hacen uso de la ciclovía para transitar con vehículos automotores.
Al momento, en la ley de movilidad está expresa la prohibición para usar las ciclovías con cualquier vehículo ajeno a la bicicleta. Las multas llegan incluso casi a los 200 mil pesos.
Por desgracia, los ciclistas denunciaron que son hasta los mismos policías municipales quienes obstruyen la ciclovía, pues al no haber otro lugar dónde pararse, al momento de hacer una revisión a un carro la hacen tapando la vía."
190,El Informador,08/02/2023,"Presentan mapa para ciclistas en Guadalajara y Zapopan, ¿en qué consiste?",trafilatura,trafilatura,1058,0.55,https://www.informador.mx/jalisco/Guadalajara-y-Zapopan-Presentan-mapa-para-ciclistas-en-que-consiste-20230207-0082.html,,"Presentan mapa para ciclistas en Guadalajara y Zapopan, ¿en qué consiste?
El mapa cuenta con información valiosa que permita a los usuarios de bicicleta realizar sus trayectos
El mapa se puede descargar a través de Internet. ESPECIAL/Gobierno de Guadalajara
Las direcciones de Movilidad y Transporte de Guadalajara y Zapopan presentaron un mapa para que los ciclistas tengan información valiosa para realizar sus trayectos, como ubicación de ciclovías, comercios para servicios de bicicletas, lugares turísticos, sitios de emergencias y rutas de transporte para realizar viajes intermodales, es decir, combinar trayectos entre distintos medios de movilidad.
También emite recomendaciones de seguridad para ciclistas, como uso de casco y ropa visible, y pide a los usuarios respetar el sentido de las vialidades.
SABER MíS
Descarga el mapa en: https://luchadoresviales.mx/mapa-ciclista-gdl/
JM
Lee También
Recibe las últimas noticias en tu e-mail
Todo lo que necesitas saber para comenzar tu día
Registrarse implica aceptar los Términos y Condiciones"
191,Mural,08/02/2023,Suben 20% viajes de MiBici en enero,trafilatura,trafilatura,415,0.73,https://www.mural.com.mx/suben-20-viajes-de-mibici-en-enero/ar2549817,,"COMUNIDAD
01 MIN 30 SEG
Violeta Meléndez
Guadalajara, México (08 febrero 2023) .-18:22 hrs
En enero se registraron 355 mil 18 viajes en la plataforma MiBici, un 20% más que el mismo mes de 2022. Crédito: Archivo
A pesar de que el parque vehicular motorizado, sobre todo de motocicletas, sube sustancialmente en el Área Metropolitana de Guadalajara, también crece la demanda del servicio de bicicleta pública MiBici."
192,Lider 919,02/02/2023,"En Paseo Alcalde circulan 2 mil 674 bicicletas al día, revela dispositivo contador",trafilatura,trafilatura,1901,0.42,https://lider919.com/en-paseo-alcalde-circulan-2-mil-674-bicicletas-al-dia-revela-dispositivo-contador/,,"La dirección de Movilidad del Ayuntamiento de Guadalajara instaló un contador ciclista en el Paseo Alcalde, para medir el tráfico de bicicletas en la zona. Los primeros resultados revelaron que por esa ciclovía circulan 2 mil 674 ciclistas al día en promedio, señaló el responsable del área, Jesús Carlos Soto Morfín.
«Se quedará de manera permanente en este corredor, porque lo que queremos es a lo largo del tiempo, ir evaluando el incremento del uso de la bicicleta en la ciudad. Estamos buscando colocar en otros corredores importantes de afluencia, para justamente ir midiendo cómo va creciendo el tránsito ciclista de la ciudad, y si están rindiendo efecto positivo las políticas de movilidad, que creemos que sí y con estos números los podemos estar justificando», añadió.
El instrumento fue instalado el pasado 1 de diciembre en el Paseo Alcalde, entre las calles Independencia y Juan Manuel, y hasta el momento ha detectado el paso de 168 mil 434 bicicletas.
«Tenemos este contador del lado poniente de la circulación, solamente en ese cuerpo. Estamos contando cuántos ciclistas pasan por día de manera automática, es un dispositivo diseñado específicamente paraello. También nos sirven para los indicadores del PAC Metro, del Plan de Acción Climática Metropolitano, que una de las acciones meta es el incremento de viajes en bicicleta, como medio de sustitución de viajes motorizados, que generan contaminantes a la atmósfera», expresó.
El funcionario municipal reveló que están planeando colocar más dispositivos en otras vialidades, sin embargo, reconoció que por el momento no serán muchos, ya que los los equipos son costosos, requieren de una inversión de 300 mil pesos porque se debe colocar cableado y conexión a la luz.
Jesús Carlos Soto precisó que el aparato que se encuentra en el centro de Guadalajara fue donado por la Agencia Metropolitana de Infraestructura para la Movilidad."
193,El Informador,26/01/2023,Inician obras en las banquetas de Javier Mina para la ciclovía,trafilatura,trafilatura,2931,0.62,https://www.informador.mx/jalisco/Ciclovia-en-Javier-Mina-Inician-obras-en-las-banquetas-de-la-avenida-en-Guadalajara-20230126-0112.html,,"Inician obras en las banquetas de Javier Mina para la ciclovía
En un recorrido realizado por El Informador se pudo constatar el levantamiento del concreto en las banquetas para dar comienzo al proyecto de la ciclovía
Este proyecto consta de acciones como la rehabilitación de banquetas, instalación y/o renovación de señalamiento horizontal y vertical, así como el reordenamiento vial con la conservación de cuatro carriles y la incorporación de ciclovía unidireccional. EL INFORMADOR / ARCHIVO
El Ayuntamiento de Guadalajara dio inicio a la intervención de la avenida Javier Mina desde el pasado martes 24 de enero, comenzando con el levantamiento de las banquetas del lado norte entre las calles Cabañas y Vicente Guerrero, así como la cuadra entre la avenida Belisario Domínguez y la calle Jarauta.
En un recorrido realizado por El Informador se pudo constatar el levantamiento del concreto en las banquetas del lado norte con un cerco perimetral de un metro y medio de camino pegado a los diferentes locales de venta de productos en la zona.
A pregunta expresa, uno de los trabajadores de la obra comentó que la indicación por parte del Municipio fue dejar un espacio para el tránsito de peatones y que esto no afecte las actividades comerciales de la ciudadanía.
Aseguró que la planificación de la obra señala que por semana se debe de avanzar con el levantamiento del concreto y los adoquines de al menos una cuadra, dejando limpia la zona para que mientras se continúa con los trabajos de remoción en otras partes de la avenida, ya se esté interviniendo conforme a las modificaciones de la obra.
Bajo este esquema, tras completar los trabajos en la acera norte, se iniciará la demolición en la acera sur, nuevamente en dos frentes de obra. En el caso de la intervención de la banqueta del Mercado San Juan de Dios, se estima su inicio a mediados de febrero.
El proyecto completo comprende 7.3 kilómetros de longitud, hasta el cruce de Avenida Javier Mina y Presa Laurel. La primera etapa de intervención comprende 1.2 kilómetros de distancia, de Belisario Domínguez a Calzada Independencia.
Este proyecto consta de acciones como la rehabilitación de banquetas, instalación y/o renovación de señalamiento horizontal y vertical, así como el reordenamiento vial con la conservación de cuatro carriles y la incorporación de ciclovía unidireccional al extremo derecho, informó el Ayuntamiento de Guadalajara.
A la par, se incorporarán bahías de carga y descarga y motopuertos en las calles transversales, en respuesta a las necesidades de la zona.
También se efectuará la sincronización de fases semafóricas, iluminación vehicular y peatonal, rampas con criterios de accesibilidad universal, poda y renovación de arbolado urbano.
MF
Lee También
Recibe las últimas noticias en tu e-mail
Todo lo que necesitas saber para comenzar tu día
Registrarse implica aceptar los Términos y Condiciones"
194,Pagina 24 Jalisco,26/01/2023,Complejo transitar por la ciclovía de Guadalupe,trafilatura,trafilatura,2010,0.47,https://pagina24jalisco.com.mx/2023/01/26/local/complejo-transitar-por-la-ciclovia-de-guadalupe/,,"Obstáculos y peligros impiden circulación segura: Usuarios
Por Rafael Hernández Guízar
Moverse por la ciclovía de avenida Guadalupe es un problema para los ciclistas, hay muchos obstáculos y peligros.
Desde tornillos que les ponchan las llantas, hasta carros estacionados, incluso patrullas y personas que en lugar de circular por la banqueta, usan la ciclovía para caminar.
""Pues eso es lo de diario, y ya pues piensas no, qué hago, pues ni modo de vivir peleando con la gente, porque a veces hasta son policías los que están sobre la ciclovía, y ellos pues deberían de ser los primeros en respetar ese espacio, porque es como si nosotros estacionáramos las bicicletas en los carriles de los carros, es lo mismo, o como si nosotros pasáramos con el carro por la banqueta, digo por el caso de los que van caminando, es que no se vale, tenemos que ser parejos"", dijo Imelda, una de las ciclistas entrevistadas por Página 24.
Tras una denuncia ciudadana que llegó a la redacción de Página 24, acudimos a la zona para verificar lo señalado por los ciclistas; constatamos que en efecto hay muchos problemas que deben de sortear quienes van a bordo de las bicicletas.
Desgraciadamente, la suerte no les ha favorecido pues ellos reportan constantemente los problemas a través de las redes sociales, principalmente Facebook y Twitter en las páginas de los ayuntamientos y no han tenido respuesta.
A esto, se agrega la intolerancia constante de muchos automovilistas que mantienen comportamientos hostiles y en muchos casos, agresivos con aquellos que van a bordo de sus bicicletas.
Por cierto, que hasta los motociclistas representan un peligro constante pues hacen uso indebido de las ciclovías al circular por ellas a mayor velocidad.
Por ello, el llamado fue a la policía vial, y a la misma comisaría general de seguridad pública, a la que solicitaron que haya mayor vigilancia, así como también, medidas de exigencia a la ley de movilidad que prohíbe a todo aquel que no sea ciclista, hacer unos de las ciclovias."
197,Silla rota,24/01/2023,Bicicleta Blanca: la iniciativa que combate agresiones a ciclistas en Guadalajara,trafilatura,trafilatura,4929,0.64,https://lasillarota.com/estados/2023/1/24/bicicleta-blanca-la-iniciativa-que-combate-agresiones-ciclistas-en-guadalajara-326242.html,,"GUADALAJARA.- En la víspera de año nuevo, Manuel Abarca Parra, de 42 años, iba en su bicicleta cuando fue embestido por una camioneta. El pelito comenzó por un tema vial y terminó en el hospital.
Todo quedó registrado en una cámara de seguridad ubicada en el cruce de Av. Tchaikovsky y San Luis Gonzaga, en la colonia La Estancia, en Guadalajara, Jalisco. ""Desde Tchaikovsky, como de Guadalupe para acá, ya traían como problemas, se venían peleando y cuando llegaron aquí aceleró, lo empujo y lo atropelló"", dijo una testigo.
En el video se observa que Manuel viene circulando con su bicicleta y de repente aparece la camioneta blanca que desde el carril central gira, lo atropella y lo deja malherido.
Las llantas de la camioneta le pasaron por encima de su tórax, ocasionándole la perforación de un pulmón y de siete costillas.
BICI BLANCA
La organización Bicicleta Blanca tiene dos prioridades:
- Visibilizar todas las muertes de los ciclistas que ocurren en el Área Metropolitana de Guadalajara.
- Dejar de existir lo antes posible, es decir, disolverse tan pronto como se pueda para enterrar al colectivo en algún jardín del pasado.
""Cuando pasemos un año sin ciclistas muertos nos vamos a disolver"", afirma Ollin Monroy, uno de los integrantes del colectivo.
Lo anterior, porque lo que se quiere es alcanzar una ciudad donde las muertes de ciclistas a manos de malos conductores dejen de formar parte del escenario cotidiano.
Monroy explica las razones de colocar una bicicleta blanca en el sitio exacto donde murió un ciclista, al ser embestido por un automovilista.
""Bici Blanca, la acción como tal de colgar una bicicleta pintada de blanco en un lugar donde un ciclista muere, no es una idea original de nosotros, se hace en muchos países del mundo, principalmente en Europa, Estados Unidos y Canadá. Esto empieza en 2009 en Guadalajara, un poco la diferencia que nosotros hemos intentado llevar con el tema es que colgamos el memorial"".
""Pero además de eso llevamos una base de datos desde 2009, desde la primera bici blanca que pusimos, en la que intentamos de cierto modo subsanar esta invisibilización que la autoridad hace al no tener pues datos reales; hay una problemática importante, (…) por ejemplo, como en 2013 me acuerdo más o menos había un subregistro en los datos oficiales como del 80 por ciento"".
Cargando tweet...
Este registro independiente se obtiene de información, noticias o reportes policiacos que reciben de muchas fuentes, incluidas las redes sociales.
""Por suerte ya nos ubican y la gente, en cuanto ve algo, nos lo manda o, incluso, ellos mismos nos dan un 'pitazo' de un accidente que sucedió, aunque no haya salido en medios y nosotros vamos y lo verificamos"".
Cargando tweet...
Además, agrega Ollin Monroy, Bicicleta Blanca intenta hacer trabajo de incidencia para mejorar la situación legal y para pedir que se construya más infraestructura segura, además de tareas de prevención y concientización para circular en una ciudad segura.
""Sí, es una visibilización del problema, obviamente también es una especie de honrar la memoria de la persona; como que también a nosotros como ciclistas nos caía muy pesado ver que nos atropellaran como cucarachas, y que de verdad se olvidaba; no queremos que se olvide.
""Y también para mantenerlo en la conciencia de la gente, en quienes generan el riesgo que desgraciadamente en la ciudad son principalmente camiones del transporte público, camiones de carga, y queremos que no se les olvide que tienen la vida de mucha gente en sus manos"".
OFRENDAS MORTUORIAS PARA EL CONSUELO
Ollin Monroy destaca, en entrevista para Reporte índigo, los efectos que pueden provocar estas ofrendas mortuorias con dos llantas, y los sentimientos que llegan a despertar entre los asistentes al ser instaladas.
""Es muy impresionante, porque hay casos en los que conocemos a las familias y, bueno, pues es una situación muy emotiva, muy dura pero que sentimos que devuelve cierta dignidad a las víctimas. Que puedan estar presentes, que puedan despedirse, que puedan dejar una marca, que pueda haber un punto de demanda de aquí sucedió una injusticia y queremos que se resuelva"".
""Honrar el recuerdo de la persona y un poco conectarlo con esta tradición mexicana de poner una crucecita con la fecha de la muerte y el nombre de una persona cuando fallece en la calle"".
De acuerdo con Monroy, para las autoridades los atropellamientos y muertes de ciclistas en Guadalajara tienen una tendencia general a la baja, sin embargo, el número de ciclistas en accidentes se ha cuadruplicado en los últimos cinco años.
""Aun así sigue habiendo menos muertos que los que había en uno de los peores años, por ejemplo, que fue 2012 que murieron como 35 personas"".
Cargando tweet...
Para poner esta cifra en perspectiva, durante este año 2022 se han registrado 16 fallecimientos de ciclistas y más o menos 35 por ciento mueren por una unidad del transporte público.
Cargando tweet...
rst"
198,Milenio,23/01/2023,"Circulación en Javier Mina será normal pese a obras, asegura Pablo Lemus",trafilatura,trafilatura,1614,0.29,https://www.milenio.com/politica/comunidad/javier-mina-circulacion-normal-pese-obras,,"Tras el inicio de los trabajos preliminares sobre la avenida Javier Mina para lo que será un corredor comercial y turístico, el presidente municipal de Guadalajara, Pablo Lemus Navarro, aseguró que no se quitarán carriles de circulación de automóviles, si no que se hará una remodelación de banquetas, así como ciclovía, puertos de carga y descarga para clientes.
La intervención será de Belisario Domínguez a la Calzada, proyecto para el cual se invertirán 35 millones de pesos y se estima tenga una duración de cuatro meses.
""El proyecto fue muy bien socializado con todos los comerciantes de la zona recuerdan ustedes que lo íbamos a iniciar en octubre pasado y los comerciantes nos dijeron oye no seas gacho Ayuntamiento viene mi mejor temporada de ventas que es diciembre y lo aguantamos por petición de ellos aún ya con el proyecto socializado para este mes de enero, entonces bueno pues las obras empezaron ayer, vamos a hacer la intervención lo más rápido posible para evitar afectaciones sobre todo comerciales y de movilidad en la zona"", detalló el alcalde tapatío.
Añadió que seguirán trabajando con el tema de la socialización y de señalización para que la gente conozca los desvíos, al igual que una campaña en medios de comunicación para que la gente sepa las redes alternas que se deben de tomar ante esta obra.
En el caso de la inauguración de la avenida Enrique Díaz de León, el edil apuntó que existen dos frentes un estatal y otro municipal, refiriendo que de acuerdo a una visita que hizo de supervisión la semana pasada su cálculo es que pueda estar inaugurada para el día 20-25 de febrero.
MC"
199,Lider 919,23/01/2023,"No se reducirán carriles durante intervención en la Avenida Javier Mina, aclara Lemus Navarro",trafilatura,trafilatura,752,0.43,https://lider919.com/no-se-reduciran-carriles-durante-la-intervencion-en-la-avenida-javier-mina-aclara-lemus-navarro/,,"Aclara el presidente municipal de Guadalajara, Pablo Lemus Navarro que la intervención que comenzó este lunes en la avenida Javier Mina no significará reducir carriles, y aseguró que fue una obra bien socializada con los comerciantes.
""No se quitan carriles de circulación de automóviles, otra vez, no se quitan carriles de circulación de automóviles en Javier Mina, para aquellos que quieran politizar el asunto, no se quitan, se conservan los mismos que hay actualmente, se va a hacer una remodelación de las banquetas y se va a construir una ciclovía, también se van a construir puertos para poder dejar mercancía, para dejar clientes de todos los comerciantes de la zona, el proyecto fue muy bien socializado con todos los comerciantes de la zona."""
201,El Occidental,23/01/2023,MiBici: Una alternativa de transporte que va ganando terreno,trafilatura,trafilatura,396,0.64,https://oem.com.mx/eloccidental/local/mibici-una-alternativa-de-transporte-que-va-ganando-terreno-15888258,,"MiBici: Una alternativa de transporte que va ganando terreno
Este sistema de Bicicletas Públicas presta servicio los 365 días del año
Localdomingo, 22 de enero de 2023
LOCAL
Mirza Flores acusa a Morena de ""grillar"" y lucrar políticamente con el tema del agua
El delito por el que fue denunciado Eduardo N, es por acoso sexual
La víctima está protegida y hasta el momento se desconoce su identidad"
202,Quadratin,22/01/2023,Arrancará Guadalajara las obras del Corredor Integral Javier Mina,trafilatura,trafilatura,3362,0.3,https://jalisco.quadratin.com.mx/sin-categoria/arrancara-guadalajara-las-obras-del-corredor-integral-javier-mina/,,"Arranca el TSJ el ciclo escolar 2026-2027 con nuevas carreras
                
                
Guadalajara, Jal. a 27 de agosto de 2026            
        
              22 de enero de 2023                  
            
 , 
             
              19:04 
            
          
            
            Redacción/Quadratín Jalisco            
          
        GUADALAJARA, Jal., 23 de enero de 2023.- Este lunes 23 de enero, el gobierno municipal de Guadalajara iniciará los trabajos para la obra del Corredor Integral Javier Mina, el cual se transformará en un espacio para que todas las personas, sin importar el medio de transporte que utilicen, realicen sus trayectos de forma accesible, cómoda, eficiente y segura.
Este proyecto consta de acciones como la rehabilitación de banquetas, instalación y/o renovación de señalamiento horizontal y vertical, así como el reordenamiento vial con la conservación de cuatro carriles y la incorporación de ciclovía unidireccional al extremo derecho.
También se efectuará la sincronización de fases semafóricas, iluminación vehicular y peatonal, rampas con criterios de accesibilidad universal, poda y renovación de arbolado urbano.
A la par, se incorporarán bahías de carga y descarga y motopuertos en las calles transversales, en respuesta a las necesidades de la zona.
La primera etapa de intervención comprende 1.2 kilómetros de distancia, de Belisario Domínguez a Calzada Independencia; el proyecto completo comprende 7.3 kilómetros de longitud, hasta el cruce de Avenida Javier Mina y Presa Laurel.
El proyecto del Corredor Integral Javier Mina nace a partir de la necesidad de generar mayores condiciones de seguridad vial.
Acorde a información del Instituto de Recursos Mundiales (WRI, por sus siglas en inglés) entre 2017-2019, la Avenida Javier Mina es uno de los corredores con mayor siniestralidad, reportando 112 víctimas de siniestros viales.
Respecto a los trabajos de obra, estos iniciarán en dos frentes de Avenida Javier Mina, el primero estará a la altura de Cabañas y el segundo en Belisario Domínguez, en la acera norte.
Tras completar los trabajos en la acera norte, se iniciará la demolición en la acera sur, nuevamente en dos frentes de obra.
En el caso de la intervención de la banqueta del Mercado San Juan de Dios, se estima su inicio a mediados de febrero.
Las autoridades tapatías aclaran que no se realizarán cierres totales durante la intervención, sólo serán cierres parciales para realizar maniobras de carga y descarga o en el proceso de colado de concreto.
Referente a la socialización del proyecto, aseguran que se realizaron diversas reuniones con comerciantes en el polígono, así como tres mesas de trabajo y un recorrido en campo con algunos líderes.
También tres jornadas de socialización para visitar local por local a los comercios ubicados sobre Javier Mina y los entrecruces que tendrán intervención por la obra.
De acuerdo con el comunicado, adicionalmente se realizó en este esquema sobre la calle Obregón; ambas vialidades se visitaron en el mismo tramo de la intervención. También se visitó local por local a los negocios del Mercado San Juan de Dios.
Vuelca vehículo de la Guardia Nacional en Oaxaca; un muerto y 4 heridos
              
                                  
                
                 Flota cadáver en playa de Pie de la Cuesta en Acapulco"
203,Pagina 24 Jalisco,22/01/2023,Usan como estacionamiento la ciclovía de avenida Guadalupe,trafilatura,trafilatura,2336,0.52,https://pagina24jalisco.com.mx/2023/01/22/local/usan-como-estacionamiento-la-ciclovia-de-avenida-guadalupe/,,"""Nada más le dieron al traste a la vialidad"": Vecinos
Las autoridades deben considerar seriamente reubicar a la banqueta el carril confinado, pues ha colapsado sobremanera la circulación de automotores
Por Rafael Hernández Guízar
La ciclovía de la avenida Guadalupe en Zapopan es usada como estacionamiento, pocas bicicletas transitan por ahí, denunciaron ayer vecinos de la zona.
Habitantes de varias colonias y cotos que se encuentran a lo largo de la avenida Guadalupe en el municipio de Zapopan, señalaron que desde que se instaló –contra la voluntad de la mayoría de los vecinos– poco se ha usado por parte de los ciclistas; sin embargo, sí ha causado un enorme malestar para todos los que viven y pasan por ahí, ya que el tráfico es muy complicado.
""Pues es que no se usa, la usan para estacionarse, para pararse porque no hay ni dónde pararse en la avenida y hasta los de vialidad y los policías, cuando detienen a alguien, lo hacen sobre la ciclovía, entonces de qué sirve que la hayan puesto así, nada más le dieron al traste a la avenida y colapsaron todo, ahora se hace hasta el triple de tiempo en ir de un lado a otro y en hora pico es horrible, no se puede así, es una locura"", dijo María Esther Arellano, una de las vecinas de un coto ubicado sobre dicha avenida.
Y agregó: ""Yo digo que deberían de haber hecho una consulta, es lo que le dijimos al presidente pero no nos hicieron caso, y ahora, yo pregunto, por qué no ponerla agarrando un pedazo de la servidumbre, vea lo grandes que están las servidumbres, son jardines de más de 10 metros, si se arregla eso se puede evitar que esté siempre tan colapsado el tráfico, yo definitivamente ya hay horas en las que no salgo pero por nada del mundo, a menos que sea estrictamente necesario, porque en verdad hace uno el triple de tiempo y luego cuando chocan que es a cada rato, peor porque dejan sólo un carril para pasar y como el otro día, estaba totalmente cerrada la calle porque chocaron tres carros y entre eso y las patrullas se cerró el paso, y qué hacemos los que necesitamos pasar"", dijo.
Esta y otros de los vecinos entrevistados pidieron a las autoridades que evalúen la posibilidad de mover dicha ciclovía a la servidumbre de la avenida y así, liberar el paso de vehículos ya que es insoportable el tráfico, además de la contaminación que por ello se produce."
204,NTR Guadalajara,19/01/2023,Piden garantizar seguridad de ciclistas para convivir con automovilistas,trafilatura,trafilatura,1944,0.36,https://www.ntrguadalajara.com/post.php?id_nota=192968,,"A pesar de que en los últimos 15 años sí hay importantes avances en la construcción de infraestructura vial para ciclistas, aún está lejos de garantizar la seguridad de los usuarios y lograr una convivencia plena con los automovilistas, consideró Yeriel Salcedo, integrante de la asociación GDL en Bici.
Lamentó que esta mañana un sexagenario haya muerto arrollado por un tráiler en San Pedro Tlaquepaque, el primer siniestro de este año.
Explicó que en los últimos tres años el transporte público es uno de los medios motorizados más mortales para los ciclistas, aunque el transporte de carga ha tomado notoriedad alcanzando casi los mismos niveles, por lo que pidió regular la circulación en la metrópoli de estos vehículos para reducir los siniestros.
En entrevista para InformativoNTR con Sonia Serrano, confió en que para este periodo los accidentes mortales de ciclistas sean menos a los registrados en 2022, año que también superó la marca anterior.
""Sí hemos tenido avances, hay que reconocer, la verdad es que hace 15 años a la fecha vemos una infraestructura, vemos que los gobiernos… pero necesitamos seguirle, profundizar más, darle con mayor celeridad para empezar a decir que algún día tendremos un año con cero fatalidades o siniestros fatales en el tema de la gente que anda en bici.""
Salcedo consideró que las autoridades han relajado la supervisión del tránsito de vehículos de carga por la metrópoli en los horarios prohibidos, por lo que llamó a atender el problema.
A pesar de lo anterior, en los dos últimos años, la asociación GDL en Bici identificó una disminución en el uso del coche particular, algo que, dijo Yeriel, se podría atribuir a que la población está ""un poco más sensibilizada y respeta más a las personas que anda en bici"".
Para reducir accidentes, es importante incrementar la infraestructura ciclista para garantizar la seguridad de los usuarios y llamó a las autoridades a tomar acciones al respecto.
jl"
205,El Informador,19/01/2023,Repuntan viajes de MiBici y planean ampliar estaciones,trafilatura,trafilatura,11839,0.64,https://www.informador.mx/MiBici-Repuntan-viajes-y-planean-ampliar-estaciones-l202301190002.html,,"Repuntan viajes de MiBici y planean ampliar estaciones
Ante el aumento de la demanda, el Instituto Metropolitano de Planeación estudia reforzar la infraestructura del programa
Saúl Rodríguez vivía en Atemajac y para llegar a su trabajo, en la colonia Americana, tomaba dos camiones al día. Sin embargo, tras varios meses de laborar en casa por el COVID-19, regresó a su oficina y tomó la decisión de mudarse a Santa Teresita, aprovechando que en la esquina de su casa hay una estación de MiBici. ""Me animé porque sentía que antes perdía mucho tiempo en el transporte público. Ahora agarro la bici para ir al trabajo y lo siento hasta de ejercicio. Era muy estresante ir en las horas pico todo apretado⦠pero ahora hasta disfruto la vista cuando voy pedaleando"".
Con el regreso total a la presencialidad, los viajes hechos por usuarios del programa MiBici, como el caso de Saúl, repuntaron.
El llamado al aislamiento hecho en 2020 ante la llegada del virus hizo que disminuyera drásticamente el uso de este servicio a 2.8 millones de viajes durante esa anualidad, luego de que en 2019 se tuviera un récord de 4.6 millones, de acuerdo con los datos abiertos de este sistema público.
Pero el saldo del año pasado es que se logró repuntar con un total de 4.1 millones de traslados en el sistema de MiBici.
""Es lo mejor para trasladarse en algunas zonas de la ciudad, como el Centro. Pero se requieren más estaciones hacia el Sur y Norte de la ciudad"", pidió Arturo Martínez.
El programa de MiBici comenzó a operar oficialmente en diciembre de 2014. En aquel entonces eran 860 bicicletas con 86 estaciones, pero ahora suman más de 21 mil 500 usuarios, tres mil 200 bicicletas y 300 estaciones en tres municipios de la ciudad: Guadalajara, Zapopan y Tlaquepaque.
Y desde el Instituto Metropolitano de Planeación (Imeplan) ya se analiza la ampliación de las estaciones y la adquisición de más bicicletas, con la intención de mejorar el servicio.
Las personas de entre 25 y 34 años son quienes más utilizan este medio de transporte (47.5%).
Mantenimiento y balanceo, principales fallas de MiBici
Pese a que los viajes de MiBici Pública han ido en aumento en el último año, hay fallas que a los usuarios de este sistema de transporte les gustaría fueran solventadas, como la falta de mantenimiento, cambio de refacciones y las fallas en el balanceo.
El balanceo es la administración de bicicletas entre los puertos de mayor y menor demanda, para tener disponibilidad de unidades.
Gerardo es usuario de MiBici Pública desde que comenzó a operar en 2014. Desde entonces y gracias a la facilidad que le había dado para trasladarse por la ciudad, había estado renovando su suscripción año con año.
Sin embargo, hoy Gerardo se encuentra en duda de renovar una vez más su membresía, pues lamenta que cada día tiene mayores complicaciones para circular debido a las fallas.
""Estoy muy descontento. Cada vez hay menos bicis en las estaciones, es muy común encontrar estaciones vacías, o lo contrario, encontrar estaciones llenas cuando quieres anclar tu bicicleta. Lo que yo mejoraría del programa es el balanceo porque no existe en horas pico donde yo me muevo, que es Juárez, El Country o Zapopan Centro. Eso, además de que cada vez las bicis están en peor estado, con asientos rotos, que no funciona el ajustador, frenos que no sirven"", lamentó Gerardo.
Roberto pasa habitualmente la misma situación. íl se mueve por zonas como los alrededores de la avenida México, Américas, la Zona Centro, y la Minerva, puntos donde después de las 18:00 horas no hay bicicletas.
""Me pasa muy seguido por las zonas donde circulo que no hay bicicletas o están muy llenas y no puedo anclar la bici de regreso. No es posible que no puedan ver en el sistema dónde no hay bicis para que no pase eso. Es útil, sí, pero por ejemplo cuando uno lleva prisa ya perdió más tiempo en andar buscando una bici o un puerto con espacio para anclarla de regreso"", contó el joven, quien apenas sacó su suscripción el semestre pasado.
Otro caso es el de Claudia, quien se mueve por la zona Centro de Guadalajara y la zona Centro de Zapopan. Ella es usuaria desde 2021 y consideró que es una buena opción para moverse al trabajo, sin embargo, una de sus molestias es que, pese a que la aplicación suele marcar bicicletas disponibles, al llegar estas se encuentran en mal estado.
""Da gusto ver que hay disponibilidad, pero luego una llega y resulta que nadie la ha agarrado porque tiene la llanta baja, porque no le sirve el freno, porque se baja el asiento o cosas del tipo. A veces por prisa las agarro, pero luego tengo que estar pasando por otros puertos para cambiarla a la primera oportunidad, y eso me hace perder tiempo"", lamentó.
Piden mayor limpieza
Para Cristóbal Guardado, el servicio de MiBici es óptimo para sus necesidades de movilidad. Sin embargo, el problema al que se suele enfrentar es la falta de espacios para acomodar una bicicleta después de haber utilizado el servicio. Consideró que en las estaciones de la zona centro de Guadalajara son escasos los ciclopuertos para la cantidad de bicicletas que circulan. ""Está muy bien el servicio, sólo que en ciertas ocasiones las estaciones están llenas y es muy difícil en la zona centro estar moviéndonos para buscar estaciones libres. Sería cuestión de poner más estaciones, porque de repente hay que hablar o meternos en la aplicación para que nos den más tiempo"", apuntó.
Por su parte, David López resaltó que la cantidad de bicicletas disponibles para el uso, así como la distribución de los puertos es suficiente para sus necesidades. El gran faltante al servicio, a su parecer, es la limpieza y mantenimiento de las bicicletas. ""En términos generales, el servicio es muy bueno. Los puertos están bien y creo que no están lejos de lo que uno necesita. Pero las bicis necesitan más mantenimiento, por temas de vandalismo o algunas que ya están rotas de los pedales, la canastilla o las luces. Luego a uno no lo ven"", refirió.
En este mismo sentido coincidió Víctor de Anda, quien comentó que existen bicicletas que no cuentan con los cuidados suficientes por parte de la ciudadanía que utiliza el servicio. Esto ha llevado a que encuentre bicicletas con asientos rotos o zafados, mismas que, aseguró, ha denunciado por medio de la aplicación móvil.
Mientras que Carín ívila afirmó que el servicio que ofrece MiBici es bueno en todas sus extensiones. Sin embargo, consideró que lo que le falta a la ciudad son más espacios de movilidad segregada para ciclistas, pues refirió que son muchos los vehículos de transporte privado en comparación a las bicicletas que circulan en las calles.
En cuanto a la aplicación móvil de MiBici, los usuarios entrevistados consideraron que es buena, aunque solo la utilizan para checar la disponibilidad de bicicletas en las estaciones cercanas a donde circulan.
De acuerdo con la Agencia Metropolitana de Infraestructura para la Movilidad, las actividades de rebalanceo se distribuyen en cuatro horarios: madrugada de 1:00 a 5:30 horas, matutino de 05:00 a 12:30 horas, intermedio de 10:00 a 18:00 y vespertino de 16:00 a 00:00 horas.
PROGRAMA
Alternativa sustentable
- El uso del servicio de MiBici como transporte público es una alternativa de movilidad para miles de ciudadanos, en 2022 se registraron más de cuatro millones de viajes en las bicicletas públicas del programa.
- Sin embargo, los usuarios del servicio consideran que persisten temas que pueden mejorar, como la ampliación de ciclopuertos, así como el mantenimiento y mejora de las unidades.
- El Instituto de Planeación y Gestión del Desarrollo del írea Metropolitana de Guadalajara informó que se encuentra en la etapa de gestión para la adhesión de nuevos ciclopuertos para este 2023.
Ocho de cada 10 van a su trabajo
- El pasado 22 de septiembre, este medio de comunicación publicó que, de acuerdo con la Encuesta de Hábitos y Percepción Ciclista 2021, presentada ese día en el marco del Día Mundial sin Automóvil por autoridades y organizaciones en materia de movilidad, ocho de cada diez ciclistas usan la bicicleta como medio de transporte para ir al trabajo. El resto lo utiliza para cuestiones como hacer compras, como recreación o para ir a la escuela.
- El 45.2% de ciclistas que participaron en el ejercicio señalaron que fueron el ahorro económico y los beneficios a la salud lo que los motivó a usar la bici como medio de transporte.
- La encuesta también reveló el perfil ciclista: en su mayoría es hombre, el 77% del total son ciclistas cotidianos, mientras que el 9.6% son ocasionales; el resto lo usan como medio de trabajo o con fines recreativos. La mayoría de ciclistas de la ciudad tienen entre 20 y 29 años, seguido por el bloque de entre 30 a 39 años.
- El ejercicio dio a conocer que el 43% de las personas ciclistas usan el transporte público como medio de transporte secundario, seguido de ""caminar"", el automóvil, la motocicleta y por último, taxis de plataforma. También el transporte público es el principal medio con el cual los ciclistas suelen completar sus viajes.
- Según reveló la encuesta, la mitad de los ciclistas de la ciudad comenzó a utilizar la bicicleta como medio de transporte entre siete y poco más de 11 años atrás, coincidiendo con el auge de los movimientos sociales en 2007 y la llegada de MiBici Pública.
COBERTURA
Solicitan más ciclopuertos en el sur de la ciudad
La red de ciclopuertos y bicicletas del programa MiBici Pública ha crecido casi cuatro veces desde que comenzó a operar en 2014. Inició en el municipio de Guadalajara con 860 bicicletas, y hoy son más de tres mil, sin embargo, todavía hay zonas de la ciudad que no cuentan con este servicio, a las cuales las personas usuarias piden que lleguen para poder mejorar sus traslados.
Uno de estos puntos es el corredor hacia el sur de la ciudad. De acuerdo con Ceci Chávez, un ejemplo de ello es hacia la zona de Camino Real a Colima, que suele ser una vía de flujo paralela a López Mateos, una de las vialidades con mayores complicaciones por el tráfico.
""Sería magnífico, el problema es que no hay ni las vialidades ni la seguridad para que fuera viable, sin embargo, la necesidad sí está muy presente"", lamentó.
Vania Contreras también consideró que es necesario que existan estaciones hacia el sur, especialmente por López Mateos, una vía que utiliza diariamente para ir al trabajo, lo cual facilitaría el desfogue de vehículos hacia aquella zona de la ciudad.
""A mí me gusta la idea de que pudieran existir bicicletas hacia el sur para aquellas personas que trabajamos en las industrias que se encuentran allí; muchos dejaríamos el carro y nos pondríamos a pedalear. También beneficiaría a las personas que vienen para acá desde Tlajomulco, ahora que andan proponiendo soluciones viales para López Mateos deberían considerar esa opción, sumando también una ciclovía"", dijo por su parte Raúl Vargas.
Alejandro Peña consideró que hace falta que sean instalados más ciclopuertos y bicicletas hacia el oriente de la ciudad, aprovechando las ciclovías que se han estado construyendo para aquella zona, siempre y cuando se logre una interconexión entre las estaciones.
Por último, Salvador Gómez, consideró que deben extenderse los ciclopuertos a la mayor parte de las estaciones del Tren Ligero, ya que actualmente no hay hacia el norte más allá de los instalados alrededor de la Biblioteca Pública del Estado, pudiendo tener mayor número de interconexiones en puntos como Periférico Norte en el caso de la Línea 1 del Tren Ligero.
A MEJORAR
¿Qué piden los usuarios de MiBici?
- Más ciclopuertos.
- Ciclopuertos con mayor disponibilidad de bicicletas.
- Limpieza y mantenimiento de las bicicletas.
- Ajustes de conexión en la aplicación móvil."
206,El Informador,18/01/2023,Usuarios de MiBici piden la ampliación de ciclopuertos y mejorar mantenimiento,trafilatura,trafilatura,4003,0.62,https://www.informador.mx/jalisco/MiBici-Usuarios-piden-la-ampliacion-de-ciclopuertos-y-mejorar-mantenimiento-en-bicicletas-20230118-0165.html,,"Usuarios de MiBici piden la ampliación de ciclopuertos y mejorar mantenimiento
El Informador salió a las calles a conocer las opiniones de la ciudadanía, qué les parece el servicio, qué les gustaría que mejorará, y esto fue lo que comentaron
En cuanto a la aplicación móvil de MiBici los usuarios entrevistados consideraron que es buena, aunque solo la utilizan para checar la disponibilidad de bicicletas en las estaciones cercanas a donde circulan. EL INFORMADOR / ARCHIVO
El uso del servicio de MiBici como transporte público es una alternativa de movilidad para miles de ciudadanos del írea Metropolitana de Guadalajara (AMG), tan sólo en 2022 se registraron más de cuatro millones de viajes en las bicicletas públicas del programa. Sin embargo, los usuarios del servicio consideran que persisten temas que pueden mejorar, como la ampliación de ciclopuertos, así como el mantenimiento y mejora de las unidades.
El Informador salió a las calles a conocer las opiniones de la ciudadanía, qué les parece el servicio, qué les gustaría que mejorará, y esto fue lo que comentaron.
Para Cristóbal Guardado el servicio que ofrece MiBici es óptimo para sus necesidades de movilidad. No obstante, el problema al que se suele enfrentar es la falta de espacios para acomodar una bicicleta después de haber utilizado el servicio, consideró que en las estaciones de la zona centro de Guadalajara son escasos los ciclopuertos para la cantidad de bicicletas que circulan.
""Está muy bien el servicio, nada más en ciertas ocasiones las estaciones están llenas y es muy difícil en la zona centro estar moviéndonos para buscar estaciones que estén libre, sería cuestión de poner más estaciones más, porque de repente hay que hablar o meternos en la aplicación para que nos den más tiempo"", apuntó.
Por su parte, David López resaltó que la cantidad de bicicletas disponibles para el uso, así como la distribución de los puertos es suficiente para sus necesidad, el gran faltante al servicio, a su parecer, es el mantenimiento de las unidades, en cuanto a la limpieza y mantenimiento de las mismas.
""En términos generales el servicio es muy bueno, los puertos están bien y creo que no está tan lejos de que uno necesita, pero las bicis necesitan más mantenimiento por temas de vandalismo o que algunas rotas, los pedales, la canastilla o las luces, luego a uno no lo ven"", refirió.
En este mismo sentido concordó Victor de Anda, quién comentó que existen bicicletas que no cuentan con los cuidados suficientes por parte de la ciudadanía que utiliza el servicio, lo que ha llevado a que encuentre con bicicletas con asientos rotos o zafados, mismas que aseguró ha denunciado por medio de la aplicación móvil.
Mientras que Carin ívila afirmó que el servicio que ofrece MiBici es bueno en todas sus extensiones. Sin embargo, consideró que lo que le falta a la ciudad son más espacios de movilidad segregada para ciclistas, pues refirió que son muchos los vehículos de transporte privado en comparación a las bicicletas que circulan en las calles.
En cuanto a la aplicación móvil de MiBici los usuarios entrevistados consideraron que es buena, aunque solo la utilizan para checar la disponibilidad de bicicletas en las estaciones cercanas a donde circulan.
El Instituto de Planeación y Gestión del Desarrollo del írea Metropolitana de Guadalajara (IMEPLAN) informó que se encuentra en la etapa de gestión para la adhesión de nuevos ciclopuertos en el írea Metropolitana de Guadalajara para este 2023.
¿Qué piden los usuarios de MiBici?
- Más ciclopuertos
- Ciclopuertos con mayor disponibilidad de bicicletas
- Limpieza y mantenimiento de las bicicletas
- Ajustes de conexión en la aplicación móvil
-  TAMBIíN LEE: Tras asalto a alumna del CUCSH, pide UdeG mayor seguridad en torno a centros universitarios
Lee También
Recibe las últimas noticias en tu e-mail
Todo lo que necesitas saber para comenzar tu día
Registrarse implica aceptar los Términos y Condiciones"
208,Milenio,12/01/2023,"En 2022, 109 personas fallecieron por atropellamiento en Jalisco",trafilatura,trafilatura,2307,0.3,https://www.milenio.com/politica/comunidad/jalisco-2022-109-personas-fallecieron-atropellamiento,,"En 2022, 109 personas fallecieron por atropellamiento en Jalisco. Guadalajara, Tlaquepaque y Zapopan, son los municipios que concentran el mayor número de víctimas, de acuerdo con datos del colectivo Bici Blanca.
""Entre Guadalajara, Zapopan y San Pedro registran el 67 por ciento de los incidentes, siendo Guadalajara el primero y esto tiene una razón de ser, que es el municipio que atrae más viajes, tiene todos los servicios y demás"", detalló Adonais González Lee, integrante de Bici Blanca
Según el Mapa de siniestralidad del Instituto de Información Estadística y Geográfica (IIEG), que cuenta con datos del 1 de enero del 2015 al 31 de diciembre de 2021, durante este periodo se han registrado 13 mil 805 hechos viales en los municipios de Guadalajara, Zapopan, Tlaquepaque, Tlajomulco, Tonalá y El Salto; de los cuales 2 mil 383, es decir el 17.2 por ciento han sido accidentes con peatones involucrados, dejando un total de 552 muertos y 2,151 lesionados.
De acuerdo con este mapa el municipio de Guadalajara tiene diversos cruceros viales que resultan altamente peligrosos para los peatones, uno de ellos es el de la avenida Dr. R. Michel al cruce con la calle 5 de febrero.
A decir de peatones de la zona, uno de los factores que hacen esta intersección vial peligrosa es la imprudencia de las unidades de transporte público, que dijeron ya ha dejado diversas víctimas fatales en el lugar.
""Aquí en este crucero muchos atropellados, en esta parte de aquí ha habido dos o tres muertes recientes, el más reciente fue un señor, caminaba como yo, traía su bastón y un camión lo atropelló y lo mató"", dijo Jorge Hernández Peña, peatón.
Según datos de este Mapa, de los poco más de dos mil eventos con peatones involucrados registrados entre 2015 y 2021, 486 fueron del transporte público, con 139 fallecidos y 383 lesionados.
En este mapa se señalan como cruces viales peligrosos puntos como Parres Arias y Periférico en Zapopan, Colón y Periférico Sur en Tlaquepaque, López Mateos y Periférico Sur en Tlajomulco.
Además Adonais González Lee refirió que durante 2022 se sumaron otras nuevas vialidades.
""La vialidad más peligrosa para los peatones en el 2022 fue Carretera a Chapala, autopista Zapotlanejo ya sea la libre o autopista y Periférico, aún con el proyecto del Macro Periférico"", señaló. 
MC"
209,El Occidental,08/01/2023,La VíaRecreActiva de Zapopan es un espacio para disfrutar en familia,trafilatura,trafilatura,330,0.37,https://oem.com.mx/eloccidental/local/la-via-recreactiva-de-zapopan-es-un-espacio-para-disfrutar-en-familia-15906008,,"Localdomingo, 8 de enero de 2023
Aumentó 10% el número de personas que asisten a este paseo dominical
LOCAL
Mirza Flores acusa a Morena de ""grillar"" y lucrar políticamente con el tema del agua
El delito por el que fue denunciado Eduardo N, es por acoso sexual
La víctima está protegida y hasta el momento se desconoce su identidad"
