Unnamed: 0,medio,fecha,titulo,nivel,estado,chars,segundos,url_final,error,texto
0,El Informador,12-30-20,"En el abandono, un tramo del parque lineal Patria Sur",trafilatura,trafilatura,11437,0.78,https://www.informador.mx/En-el-abandono-un-tramo-del-parque-lineal-Patria-Sur-l202012300001.html,,"En el abandono, un tramo del parque lineal Patria Sur
La maleza y la basura dificultan el tránsito en la sección al oriente de la avenida Colón, en la colonia López Portillo

La avenida Colón, en el Sur de la Metrópoli, marca una clara división del parque lineal Patria Sur.
Hacia el Poniente, en la zona de El Sauz, el sendero luce con pasto verde, bancas, aparatos deportivos y juegos bien cuidados. Hacia el oriente, en la López Portillo, se ve descuidado, con maleza, así como mobiliario y basura que apenas permiten transitar a quienes atraviesan ese espacio.
José Luis Méndez, un vecino de la zona, recorre a diario ambos tramos del parque. ""Yo estuve cuando recién lo pusieron (entre 2016 y 2017) y estaba súper bonito, pero desgraciadamente la misma gente de aquí tira mucha basura. Antes regaban y cortaban el pasto, tenían hasta un sistema para regar, pero los mismos ""malandrines"" se robaron todo"".
Aunque el corredor de la colonia López Portillo le queda más cerca, él prefiere acudir a ejercitarse al otro extremo.
Las condiciones del corredor de Patria Sur son muy distintas a las del parque lineal de la avenida Pablo Neruda. Este último todavía es cuidado por los vecinos, quienes incluso contrataron a una empresa para regarlo.
Pese a esto, el Ayuntamiento de Guadalajara asegura que da mantenimiento a los 35 parques lineales que hay en el municipio.
Asegura GDL que brinda mantenimiento a los senderos
Pese a que este medio documentó que el parque lineal Patria Sur luce muy descuidado en el tramo que va de la avenida Colón hacia la vía de Jesús Michel González, el Ayuntamiento de Guadalajara asegura que da mantenimiento a los 35 parques lineales del municipio.
Carlos Hernández, director de Proyectos del Espacio Público, recordó que este espacio fue intervenido en la administración pasada: ""está prácticamente nuevo"".
En noviembre de 2016, las autoridades municipales y estatales inauguraron el tramo que va de avenida Colón hacia Cruz del Sur.
En éste se construyó un andador peatonal, una ciclovía, se instalaron juegos infantiles, aparatos de gimnasio al aire libre, entre otros.
Ocho meses después, se entregó la obra que va de Colón hacia la avenida Jesús Michel González.
El mapeo ""Tú y la Ciudad, por una Guadalajara Tranquila y Ordenada"" del municipio, reveló que este último tramo se ubica en colonias marcadas en rojo.
Esto quiere decir que el nivel de socialización comunitaria en el lugar es nulo; es decir, no hay convivencia entre los vecinos. También hay una alta incidencia de delitos como robo a negocios, a vehículos e incluso el uso de armas de fuego.
Según el programa, uno de los factores por los cuales la gente se siente insegura, es por la concentración de pandillas, grupos en las esquinas o espacios públicos. Además, la convivencia familiar entre padres e hijos es menor a seis horas por semana.
PROGRAMA
Mejoran la imagen urbana
Como parte del programa ""Tú y la Ciudad por una Guadalajara Tranquila y Ordenada"", el Ayuntamiento tapatío construyó un parque lineal sobre la avenida Artesanos, con una inversión de 3.4 millones de pesos. Es el último construido por la actual administración, de los 35 que hay en total en el municipio.
El parque se ubica entre las calles Hacienda Santiago y Hacienda de Tala, en la colonia Oblatos, donde se reforzó la estructura de un muro y se reconstruyeron otros. Además, se colocó concreto y adoquín, y se instaló una área lúdica, según informó el director de Obras Públicas, Francisco Ontiveros Balcázar.
También se habilitaron áreas verdes e hidrantes para riego, rampas tipo abanico con accesibilidad universal. Se puso pintura sobre los muros, se llevaron a cabo podas sanitarias y se colocó arbolado.
Otro de los parques lineales construidos en Guadalajara, son el de Pablo Neruda, el camellón Montevideo, Chapultepec, Circunvalación División del Norte, entre otros.
Tonalá, único municipio sin parques lineales en la ZMG
Mientras en Guadalajara se han construido 35 parques lineales, en Tonalá no se ha impulsado este tipo de corredores, según informó el Ayuntamiento. Es el único municipio de la metrópoli en donde los camellones de sus principales avenidas no han sido intervenidos con mobiliario urbano para la actividad física y la recreación.
En estos senderos verdes que sirven de esparcimiento, comercio o descanso para quienes los transitan, las autoridades suelen instalar bancas, juegos recreativos, ciclopistas, aparatos para hacer ejercicios, pistas para correr, entre otros.
En la actual administración, en Zapopan se han construido o rehabilitado cinco espacios: en Paseo Atemajac (que continúa en construcción), en Altagracia-avenida La Mancha y en Aurelio Ortega (que fueron rehabilitados), en Jardines del Vergel y en el Centro de Zapopan. En conjunto con los vecinos se proyecta uno más en Bugambilias.
Ismael Jáuregui, director de Obras Públicas del municipio, informó que la intervención de estos caminos puede, en algunas zonas, beneficiar a más de 30 mil personas de manera directa e indirecta.
Luis Giachetto Carrillo, investigador de la Universidad de Guadalajara (UdeG) resaltó que esos espacios públicos contribuyen a mejorar la calidad del aire, así como la salud física y mental de la población. Sobre todo, durante la pandemia por COVID-19, en la que se ha solicitado a la población quedarse en casa.
""La gente requiere que, si no hay espacio en su vivienda, esto se convierta en alternativa para moverse y tomar el sol"".
Vía Transparencia, el Ayuntamiento de Tlaquepaque informó que ha construido tres parques lineales: en Malecón del Río, arroyo La Colorada y el de avenida Artesanos. En este último se realizan obras de ampliación.
Juan Antonio Naranjo, director de Espacios Públicos, informó que estas rutas pueden beneficiar a más de 80 mil personas. Además se cuenta con varios proyectos en estudio.
En Tlajomulco solo se tiene el de Paseo de la Fauna, ubicado en la avenida Adolf B. Horn, desde la avenida 1 de mayo hasta Arroyo Seco. Beneficia a cerca de 40 mil personas.
En 2011, cuando se celebraron en Jalisco los Juegos Panamericanos, el Ayuntamiento de Guadalajara y representantes vecinales del Poniente de la ciudad (Providencia Sur y Poniente) inauguraron el Andador Panamericano Pablo Neruda.
Se rehabilitó el camellón central de la avenida, se llevaron a cabo obras de sustitución del pavimento y la vía fue decorada con 11 figuras alusivas a las disciplinas deportivas.
Luego de los Juegos Panamericanos, éste se quedó como un parque lineal que actualmente cuenta con una extensión de 32 mil 677 metros cuadrados.
A partir de esa experiencia, las autoridades municipales y estatales dieron continuidad a ese tipo de obras para recuperar los espacios públicos de algunos sectores de la Zona Metropolitana de Guadalajara (ZMG).
CLAVES
Zonas verdes
Obras. La expansión de las ciudades hacia lo urbano ha provocado cada vez menos espacios verdes y de recreación para la población, mismos que impactan en la salud física y mental. Por ello, los parques lineales han sido la solución a la falta de lugares de esparcimiento en la metrópoli, de acuerdo con las autoridades municipales.
Características. En estos espacios verdes se colocan diversos elementos que sirven para el esparcimiento, comercio o descanso para quienes transitan por ellos. Cuentan con bancas, juegos recreativos, ciclopistas, aparatos para hacer ejercicios, pistas para correr y algunos comercios.
íreas. Para llevar más espacios recreativos a la ciudadanía, así como áreas verdes en medio de ciudades llenas de autos, además de los parques lineales, en los municipios también se construyen los llamados ""parques de bolsillo"" y ""parklets"".
Bolsillo. Los ""parques de bolsillo"" se pueden construir en un terreno de hasta 100 metros cuadrados y se compone de pistas peatonales, de cinco a ocho áreas de juego, bancas y aparatos de gimnasio.
Cambios. El principio de los ""parklets"" o parques en estacionamientos, es tratar de canjear cajones de estacionamiento para que se conviertan en espacios públicos con áreas verdes. A diferencia de un parque de bolsillo, éste no usa espacios residuales sino los cajones destinados para estacionar autos que se encuentran en la vía pública.
Materiales. Las principales características de los ""parklets"" es que son removibles, usan materiales como madera o reciclables, estructuras de metal o contenedores.
VOZ DEL EXPERTO
""Debe ser un espacio para la convivencia""
Luis Giachetto Carrillo, investigador del Departamento de Proyectos Arquitectónicos del Centro Universitario de Arte, Arquitectura y Diseño.
Aunque los municipios destacan que los parques lineales deben cumplir con una serie de criterios para ser llamados así, y no sólo convertirse en camellones con plantas, el investigador de la Universidad de Guadalajara (UdeG) aseguró que hay algunos, como el de avenida Patria, que no lo cumplen en su totalidad.
En el caso de este corredor, resaltó, sólo el tramo que va de Colón hacia Cruz del Sur cuenta con espacios suficientes y las condiciones necesarias para que la ciudadanía pueda hacer actividades físicas y recreativas, mientras que la ruta hacia el Oriente se ve descuidada y da la percepción de que no es una zona segura.
El académico del Centro Universitario de Arte, Arquitectura y Diseño (CUAAD) añadió que el término de parque lineal ""se ha devaluado un poco"".
Subrayó que independientemente de que sea un espacio con vegetación, debe ser un sitio para la convivencia. ""Respecto a las autoridades, hay un doble discurso: por un lado, rescatan camellones y espacios, pero los que existían se están mutilando, muchas veces para hacer otras infraestructuras. Nos cuesta trabajo ver un espacio libre"".
Insistió en que se requiere de más espacios como éstos para brindar un respiro a la ciudadanía, sobre todo en la metrópoli donde hay ""mucha densidad de construcción"".
TELíN DE FONDO
Ven lagunas
De acuerdo con ONU-Hábitat, el distanciamiento físico provocado por la pandemia debido al COVID-19, requiere que las personas tengan áreas adecuadas en los espacios públicos.
En una publicación de junio pasado, la organización mundial destacó que la expansión de las calles puede garantizar el distanciamiento físico posible en las aceras, particularmente en los países en desarrollo. ""En los barrios marginales y los asentamientos informales, los senderos a menudo inadecuados y hacinados dificultan el cumplimiento de los requisitos y soluciones de distanciamiento físico, como colocar agua, instalaciones de saneamiento e higiene en lugares estratégicos y educar a las personas para que se mantengan lo más lejos posible mientras hacen fila"".
La crisis de COVID-19, se agrega en el documento, ha puesto de manifiesto varias lagunas en el espacio público, incluida la accesibilidad, flexibilidad, diseño, gestión y mantenimiento, conectividad y distribución equitativa en una ciudad. ""En el futuro, necesitamos crear una agenda política compartida que reúna la planificación urbana, el desarrollo comunitario, la arquitectura, la construcción ecológica y la salud pública"".
En la publicación se destaca que éstos son claves para combatir la propagación del nuevo coronavirus.
Sigue #DebateInformador
¿Qué opina del mantenimiento a espacios públicos en la metrópoli?
Participa en Twitter en el debate del día @informador"
2,Milenio,12-27-20,"Desde temprano, tapatíos pasan un rato agradable en la Vía RecreActiva",trafilatura,trafilatura,1602,0.56,https://www.milenio.com/politica/comunidad/guadalajara-pasan-rato-agradable-via-recreactiva,,"Como todos los domingos desde que se reanudaron las actividades en la Vía RecreActiva, grandes y chicos alistaban las ruedas de sus bicicletas para salir a pedalear desde las ocho de la mañana.
Aunque el gobierno de Guadalajara anunció que la Vía RecreActiva, podrá operar con normalidad durante las nuevas medidas de contención, la afluencia de personas no fue la misma comparada con domingos pasados. Este día recibió un aproximado de 35 mil usuarios.
Como parte de los protocolos de higiene fueron instalados dos filtros sanitarios donde se toma la temperatura y se coloca gel antibacterial en la palma de la mano y en los módulos se informa sobre las dudas respecto al covid-19.
El hecho de que el número de personas disminuyera, benefició para que pudieran trasladarse cómodamente de un punto a otro. La Vía RecreActiva no es un espacio para la movilidad no motorizada, también hay quienes utilizan esta ruta para sacar a pasear a sus mascotas o para realizar alguna actividad física, sin embargo, fueron pocos los que optaron por salir.
En punto de las doce del medio día, la Vía RecreAtiva no era ni la mitad de lo que se está acostumbrado a ver, ya que los espacios diseñados para realizar alguna actividad lúdica los domingos, tuvieron que ser acordonados a fin de que no hubiera aglomeraciones.
Fueron muy pocas las personas que prefirieron disfrutar de su viaje con el cubrebocas mal colocado o siemplemente se lo retiraron una vez que salían de los filtros sanitarios.
Por el momento no hubo la necesidad de regresar a alguien a su casa por estar arriba de los 37 grados de temperatura.
JMH"
4,NTR Guadalajara,12-14-20,Desaparecen bolardos en Ávila Camacho,trafilatura,trafilatura,877,0.44,https://www.ntrguadalajara.com/post.php?id_nota=159359,,"Al menos 30 bolardos que dividían la avenida Ávila Camacho de la ciclovía ubicada en la misma vialidad ya no están en su sitio. Un recorrido hecho por NTR comprobó lo anterior en varios tramos de la vía.
En la visita al lugar también se observó que otros están semidestruidos.
Este medio recorrió ambos sentidos de la ciclovía que va de La Normal hacia Plaza Patria y detectó que se cuentan por decenas los bolardos faltantes.
Ciclistas criticaron que la situación representa un riesgo latente para quienes viajan por la vía ciclista y locatarios y vecinos de la zona añadieron que la mayoría de los bolardos han sido dañados por automovilistas.
En el sentido de Plaza Patria hacia La Normal los daños son menores que en el sentido opuesto, lo cual se podría deber a que en esta parte de la avenida la ciclovía se divide con bloques de concreto conocidos como quesadillas.
jl/I"
6,El Informador,12-07-20,Acaban con bolardos en ciclovía de Avenida México,trafilatura,trafilatura,2036,0.17,https://www.informador.mx/jalisco/Acaban-con-bolardos-en-ciclovia-de-Avenida-Mexico-20201207-0064.html,,"Acaban con bolardos en ciclovía de Avenida México
Automovilistas, principalmente los camioneros y minibuseros, y los motociclistas vuelan los bolardos al chocar de frente o intentar rebasar
Alrededor de 110 bolardos de la ciclovía de la Avenida México en Guadalajara en ambos sentidos han desaparecido en el tramo entre Avenida Chapultepec y Los Cubos. EL INFORMADOR / F. Atilano
EL INFORMADOR / F. Atilano
EL INFORMADOR / F. Atilano
EL INFORMADOR / F. Atilano
Alrededor de 110 bolardos de la ciclovía de la Avenida México en Guadalajara en ambos sentidos han desaparecido en el tramo entre Avenida Chapultepec y Los Cubos.
Empleados de la zona explicaron que los automovilistas, principalmente los camioneros y minibuseros y los motociclistas vuelan los bolardos al chocar de frente o intentar rebasar.
""Yo he recogido este dos veces, lo tumbaron y luego lo pusieron, pero ya lo volvieron a tumbar"", explicó un jardinero de la zona que levantaba un bolardo que estaba tirado"", explicó Jesús Molina Meza.
Detalló que algunos automovilistas inclusive se bajan y tumban el bolardo porque les estorba para pasar o estacionarse.
Otro trabajador de la zona explicó que los bolardos comenzaron a desaparecer desde que los instalaron.
""Cuando yo comencé a trabajar por la zona hace un año me tocó ver que había muchos, pero ya quedan pocos, muchos los han tumbado los automovilistas cuando chocan, yo incluso he recogido cuatro cuando barro la banqueta"", añadió otro jardinero de la zona.
Los ciclistas explicaron que la falta de bolardos provoca accidentes en la ciclo vía.
""Hemos visto que están tumbando estas cosas, los carros se atraviesan y se los llevan, entonces es un peligro porque te pueden arrollar o con un bolantazo te pegan, es peligro que no tengan los bolardos ya que limita lo que es la ciclovía y la carretera"", dijo Daniel González, un ciclista.
LS
Lee También
Recibe las últimas noticias en tu e-mail
Todo lo que necesitas saber para comenzar tu día
Registrarse implica aceptar los Términos y Condiciones"
7,Trafico ZMG,12-01-20,Anuncian cierre vial en Mariano Otero por construcción de ciclovía ,trafilatura,trafilatura,1391,1.08,https://traficozmg.com/2020/12/anuncian-cierre-vial-en-mariano-otero-por-construccion-de-ciclovia/,,"Anuncian cierre vial en Mariano Otero por construcción de ciclovía
A partir de esta noche se presentará un nuevo cierre vial en las laterales de las avenidas Mariano Otero y Las Torres, por la construcción de una ciclovía, además de obras complementarias.
El corte a la circulación comenzará a las 23:00 horas de este martes 01 de diciembre y se estima que tenga una duración de cuatro meses. Los carriles centrales quedarán abiertos.
Sobre la Avenida Mariano Otero, en los tramos norte y sur se realizarán las siguientes obras:
- Sustitución de instalaciones hidráulicas y sanitarias.
- Pavimentación con concreto hidráulico MR-45 con durabilidad aproximada de 30 años.
- Banquetas con accesibilidad universal.
- Bolardos metálicos.
- Señalética horizontal.
- Forestación.
En Avenida Las Torres Oriente y poniente se hará lo siguiente:
- Sustitución de carpeta asfáltica.
- Bacheo profundo.
- Construcción de guarniciones de concreto hidráulico.
- Banquetas con accesibilidad universal.
- Bolardos metálicos.
- Señalética horizontal.
- Forestación.
La obra, que abarcará 575 metros, tendrá dos frentes y se invertirá una suma total de 86.1 millones de pesos.
Cabe señalar que el cierre será total solo en los laterales, las vías centrales permanecerán abiertas.
GM
Te puede interesar: Cierra noviembre con ligero descenso de casos de COVID-19
Debe estar conectado para enviar un comentario."
9,Mural,11-30-20,Atropellan a ciclista en Zapopan,trafilatura,trafilatura,403,0.74,https://www.mural.com.mx/atropellan-a-ciclista-en-zapopan/ar2081004,,"COMUNIDAD
Gabriel Trujillo
Guadalajara, México (30 noviembre 2020) .-23:21 hrs
Cuando circulaba en su bicicleta por Avenida Las Torres, un hombre de entre 50 y 60 años fue atropellado por un automovilista y murió. Crédito: Gabriel Trujillo
 Cuando circulaba en su bicicleta por Avenida Las Torres, un hombre de entre 50 y 60 años fue atropellado por un automovilista y murió; el causante huyó del lugar."
10,Trafico ZMG,11-30-20,Muere ciclista arrollado en Camino Real a Colima,trafilatura,trafilatura,1219,0.84,https://traficozmg.com/2020/11/muere-ciclista-arrollado-en-camino-real-a-colima/,,"Muere ciclista arrollado en Camino Real a Colima
Esta mañana, un ciclista murió arrollado en Camino Real a Colima, en el municipio de Tlaquepaque.
Se trató de un hombre de aproximadamente 45 años de edad. Según lo informado por las autoridades, fue embestido por un auto tipo sedan.
#Atención Muere una persona atropellada en Guadalupe Gallo al cruce con Camino Real a Colima #ReporteZMG pic.twitter.com/m2wGSeHqxI
— TráficoZMGuadalajara (@Trafico_ZMG) November 30, 2020
Al lugar acudieron paramédicos para confirmar la muerte, informaron que presentaba un fuerte trauma en el cráneo y en la pelvis.
Elementos de la Policía de Tlaquepaque acordonaron el área, mientras agentes del Ministerio Público realizaban las investigaciones correspondientes.
Cabe resaltar que el conductor intentó huir, pero fue detenido metros después por varias personas que presenciaron el percance, al momento se encuentra en calidad de detenido hasta que las autoridades deslinden responsabilidades y determinen su situación legal.
Finalmente, personal del Instituto Jalisciense de Ciencias Forenses trasladaron el cuerpo a la morgue de la ciudad para que sea identificado y entregado a sus familiares.
Con información de Jatnael Ortíz / GM"
11,El Occidental,11-29-20,Desdeñan el uso del cubrebocas en Vía RecreActiva,trafilatura,trafilatura,1341,0.78,https://oem.com.mx/eloccidental/local/noticias-desdenan-el-uso-del-cubrebocas-en-via-recreactiva-15864482,,"Localdomingo, 29 de noviembre de 2020
Este es el segundo domingo en que abre al público, tras ocho meses de estar suspendida debido a la pandemia por Covid-19
LOCAL
Las autoridades recomendaron evitar los puntos afectados y atender las indicaciones del personal de emergencia
Las tormentas se desarrollarían en los alrededores del Área Metropolitana de Guadalajara, principalmente hacia el sur y el este.
El legislador morenista detalló que los recursos están destinados además a carreteras, mantenimiento, infraestructura y dar certeza jurídica a inversionistas
Con esta acción que realizaron decenas de familias de empresas tequileras y personal del Gobierno del Estado se plantaron 400 pinos
Mirza Flores acusa a Morena de ""grillar"" y lucrar políticamente con el tema del agua
Destacó que en ese municipio su administración invirtió más de 150 millones de pesos en el periodo 2025-2026 en obras de alto impacto para sus habitantes
El delito por el que fue denunciado Eduardo N, es por acoso sexual
El señalado es también líder del Sindicato de Trabajadores al Servicio del Estado y sus Municipios en el Sistema DIF Jalisco y Sistemas DIF Municipales
El nivel de preparatoria es en donde se focaliza el mayor número de casos, el segundo lugar es el de nivel secundaria
La víctima está protegida y hasta el momento se desconoce su identidad"
13,El Occidental,11-22-20,"Con protocolos sanitarios, este domingo regresa la Vía RecreActiva en Guadalajara",trafilatura,trafilatura,1320,0.6,https://oem.com.mx/eloccidental/local/con-protocolos-sanitarios-este-domingo-regresa-la-via-recreactiva-en-guadalajara-15841433,,"Localdomingo, 22 de noviembre de 2020
Habrá paramédicos que ayudarán con la toma de temperatura y oxigenación de quienes así lo necesiten
LOCAL
Las autoridades recomendaron evitar los puntos afectados y atender las indicaciones del personal de emergencia
Las tormentas se desarrollarían en los alrededores del Área Metropolitana de Guadalajara, principalmente hacia el sur y el este.
El legislador morenista detalló que los recursos están destinados además a carreteras, mantenimiento, infraestructura y dar certeza jurídica a inversionistas
Con esta acción que realizaron decenas de familias de empresas tequileras y personal del Gobierno del Estado se plantaron 400 pinos
Mirza Flores acusa a Morena de ""grillar"" y lucrar políticamente con el tema del agua
Destacó que en ese municipio su administración invirtió más de 150 millones de pesos en el periodo 2025-2026 en obras de alto impacto para sus habitantes
El delito por el que fue denunciado Eduardo N, es por acoso sexual
El señalado es también líder del Sindicato de Trabajadores al Servicio del Estado y sus Municipios en el Sistema DIF Jalisco y Sistemas DIF Municipales
El nivel de preparatoria es en donde se focaliza el mayor número de casos, el segundo lugar es el de nivel secundaria
La víctima está protegida y hasta el momento se desconoce su identidad"
15,El Informador,11-22-20,"Coronavirus en Jalisco: En su regreso, tapatíos abarrotan la Vía RecreActiva",trafilatura,trafilatura,2050,0.17,https://www.informador.mx/jalisco/Coronavirus-en-Jalisco-En-su-regreso-tapatios-abarrotan-la-Via-RecreActiva--20201122-0045.html,,"Coronavirus en Jalisco: En su regreso, tapatíos abarrotan la Vía RecreActiva
Ciclistas manifestaron su satisfacción por la reapertura de este espacio
Los asistentes a la Vía RecreActiva tienen la obligación de usar cubrebocas, pero muchos decidieron omitir esta medida. EL INFORMADOR / G. Gallo
Con controles sanitarios para evitar la propagación del coronavirus, este domingo reinició operaciones la Vía RecreActiva en Guadalajara luego de permanecer cerrada desde marzo pasado.
Ciclistas manifestaron su satisfacción por la reapertura de este espacio de esparcimiento dominical.
""La verdad es que ya hacía falta el domingo familiar, nosotros tratamos de venir lo más posible"", dijo Ana, una ciclista.
""Es una oportunidad para distraerse estamos muy contentos, pero hay que tener mucha responsabilidad es la primera vez que vengo y se está disfrutando"", añadió Ignacio Pliegue.
Otros paseantes dijeron que era importante que se abriera la Vía RecreActiva ya que es una alternativa para hacer deporte de forma segura.
""Está muy bien aunque no se abrió toda, pero es muy bueno porque los niños ya están hartos de estar encerrados y se quieren salir y es una distracción más"", dijo Gabriel Eduardo.
Personal de la Vía Recreativa informó que en marzo pasado asistían más de 100 mil ciclistas a la Vía Recreativa; en el conteo general, alrededor de 30 mil personas acudieron este domingo.
""La Vía Recreativa se recortó 10 kilómetros y eso hizo que se redujera la afluencia. No estamos conectando con Tlaquepaque y Tonalá y eso hace que se reduzca la afluencia"", añadió Malintzin Negrete Pimienta, jefa de la Vía RecreActiva.
Inició con el trazo de Javier Mina, Juárez y Avenida Vallarta y Chapultepec, Niños Héroes y Zapopan.
Los asistentes a la Vía RecreActiva tienen la obligación de usar cubrebocas y gel antibacterial, pero muchos decidieron omitir esta medida.
GC
Lee También
Recibe las últimas noticias en tu e-mail
Todo lo que necesitas saber para comenzar tu día
Registrarse implica aceptar los Términos y Condiciones"
16,Mural,11-22-20,Llenan la Vía RecreActiva,trafilatura,trafilatura,994,0.73,https://www.mural.com.mx/llenan-la-via-recreactiva/ar2075639?v=3,,"Llenan la Vía RecreActiva
Sara Ochoa
Guadalajara, México (22 noviembre 2020) .-10:29 hrs
Las bicicletas volvieron a rodar en Guadalajara luego de 8 meses de no hacerlo en la Vía RecreActiva. Crédito: Ismael Ramírez
Reabrieron 18.4 kilómetros de los 28 que abarca la Vía en su totalidad Crédito: Ismael Ramírez
Personal de la Vía señaló que la asistencia superó las expectativas. Crédito: Ismael Ramírez
El uso de cubrebocas, gel antibacterial y guardar la sana distancia fueron medidas exigidas a los asistentes. Crédito: Ismael Ramírez
La toma de temperatura fue otra de las medidas preventivas aplicadas. Crédito: Ismael Ramírez
La mayoría de los paseantes acude en familia, aunque también se vio a parejas y a corredores que iban solos. Crédito: Ismael Ramírez
Algunos acudieron disfrazados. Crédito: Ismael Ramírez
La Vía permanecerá abierta hasta las 14:00 horas. Crédito: Ismael Ramírez
Las bicicletas volvieron a rodar en Guadalajara luego de 8 meses de no hacerlo en la Vía RecreActiva."
17,NTR Guadalajara,11-22-20,"Regresa la Vía RecreActiva; los filtros, insuficientes",trafilatura,trafilatura,1284,0.38,https://www.ntrguadalajara.com/post.php?id_nota=158302,,"Luego de ocho meses de suspensión a causa de la pandemia de Covid-19, la Vía RecreActiva de Guadalajara regresó ayer con filtros sanitarios, aunque éstos fueron insuficientes. También se detectaron omisiones en las medidas por parte de los usuarios.
Por el retorno de las actividades las autoridades municipales decidieron instalar sólo dos filtros sanitarios en poco más de 10 kilómetros de recorrido: uno en calzada del Federalismo y avenida Juárez, y otro en Francisco Javier Gamboa y avenida Vallarta. También se colocaron dos módulos de sanitización ubicados en el Parque 18 de Marzo y en Chapultepec y Vallarta.
NTR entrevistó a asistentes que acudieron con sus familias y en la mayoría de los casos se aseguró que no se encontró ningún filtró en el trayecto, por lo que pudieron ingresar sin la menor restricción.
Al recorrer la Vía se constató que no hubo filtros extra en calles que atraviesan el paseo dominical.
Entre los usuarios que acudieron se contó por cientos a quienes omitieron el uso del cubrebocas, medida obligatoria para los asistentes. La omisión fue tolerada por quienes resguardan las interjecciones del trayecto.
Según un reporte emitido por el Consejo Municipal del Deporte (Comude) de Guadalajara, al regreso de la Vía asistieron 44 mil 127 personas.
jl/I"
18,El Informador,11-20-20,Zapopan promete atender fallas en la ciclovía de avenida Guadalupe,trafilatura,trafilatura,1138,0.18,https://www.informador.mx/jalisco/Zapopan-promete-atender-fallas-en-la-ciclovia-de-Av.-Guadalupe-20201120-0009.html,,"Zapopan promete atender fallas en la ciclovía de avenida Guadalupe
Jesús Carlos Soto, director de Movilidad y Transporte de Zapopan, afirmó que todas están en proceso de resolverse
Aunque vecinos de la ciclovía de Avenida Guadalupe detectaron fallas en ella, como inundaciones, tráfico y dificultad para bajar y subir al transporte público, Jesús Carlos Soto, director de Movilidad y Transporte de Zapopan, afirmó que todas están en proceso de resolverse.
""Varias acciones ya se realizaron. La primera fue en mayo, con la ciclovía emergente para, en el menor tiempo posible, segregar el carril ciclista de Niño Obrero a Periférico. Luego está la segregación con las llamadas ""quesadillas"""", dijo.
También señaló que se han realizado adecuaciones solicitadas por vecinos como la mejora en tiempos de la semaforización, aunque reconoció que aún resta la segunda etapa, que evitará que la gente se caiga de los camiones al tratar de brincar los bolardos de cemento.
Lee También
Recibe las últimas noticias en tu e-mail
Todo lo que necesitas saber para comenzar tu día
Registrarse implica aceptar los Términos y Condiciones"
19,El Informador,11-19-20,Vecinos denuncian fallas en ciclovía de Avenida Guadalupe,trafilatura,trafilatura,3925,0.18,https://www.informador.mx/jalisco/Vecinos-denuncian-fallas-en-ciclovia-de-Avenidas-Guadalupe--20201119-0070.html,,"Vecinos denuncian fallas en ciclovía de Avenida Guadalupe
Uno de los problemas es que la ciclovía es usada la mayoría del tiempo por motociclistas, lo que la hace peligrosa
Con motos, camiones de productos, de basura, baches, alcantarillas y calles levantadas los ciclistas tienen que lidiar a diario en la recién inaugurada ciclovía de Avenida Guadalupe. Además de los peatones y automovilistas que circulan por el lugar.
Aide, por ejemplo, quien se transporta en bicicleta a diario, indicó que genera mucho tráfico.
 
 ""Creo que agarraron el peor carril porque está lleno de hoyos y falta señalética para los vehículos""
""Tiene mucho espacio para que una moto pueda entrar, lo que la hace peligrosa. Además creo que agarraron el peor carril porque está lleno de hoyos y falta señalética para los vehículos"", agregó.
Para quienes se transportan en camión los bolardos de cemento son inseguros para subir y bajar del camión.
Sandra, quien toma toda la semana el transporte público en la Avenida, señaló que no está en contra de la ciclovía, pero ""está peligroso porque me ha tocado ver personas que se han caído a la hora de bajarse en las jardineras. También te bajan en doble fila. Yo me he resbalado"".
 
 ""Me ha tocado ver personas que se han caído a la hora de bajarse en las jardineras""
Para que disminuya el peligro, resaltó que los camiones podrían pararse donde no hay bolardos o un lugar estratégico.
""A la hora de bajar lo hacen en diferentes puntos de los bolardos y te andas tropezando, luego vienen las motos y bicicletas y te andan casi atropellando"", compartió Miranda Gómez, usuaria del transporte.
Ella propone que se haga una isla para que el camión se pueda meter a subir o bajar gente.
Por su parte, Andrés Giannakis, secretario de Guadalupe Poniente A.C. y vecino del lugar, resaltó que en tiempos de lluvias es más peligroso para los peatones, pues la ciclovía se inunda y tanto ciclistas como motocicletas usan la banqueta.
""Está mal diseñada, provoca un trafical que no se pensó"", dijo.
Además, subrayó que lejos de estar en contra de la misma, como vecinos dieron otras opciones tanto al Ayuntamiento de Zapopan como al Gobierno del Estado.
Una de ellas era que la ciclovía fuera por el camellón y no a la derecha, pues tiene suficiente espacio y no se inunda.
""Lo único que hicieron fue segregar un carril y poner un tope más. Algunos somos ciclistas y sabemos la problemática que hay, pero se tiene que hacer en beneficio de todos. El transporte público también tiene que mejorar. Debe haber coordinación entre el gobierno y nosotros"", expresó.
Detalló que propusieron puntos para que mejorara el tráfico y que ya realiza el Ayuntamiento, sin embargo no han funcionado.
 
 ""El problema fue la forma en que se diseñó. Dimos alternativas viables y no se hicieron""
Por su parte, Enrique Campos, también habitante de la zona, compartió que están a favor de la ciclovía, ""el problema fue la forma en que se diseñó. Dimos alternativas viables y no se hicieron. Al final quedamos en que harían adecuaciones, pero no se ha visto disminución de tráfico"".
Subrayó que la falta de planeación y fallas que han surgido hace pensar que ""la hicieron para llegar a una meta de kilómetros. Ni siquiera toma en cuenta al peatón, como en las paradas de camión"".
Según indicó, en el Ayuntamiento les aseguraron que no se podría hacer de otra forma por falta de presupuesto. Aunque desde hace 15 días no les dan respuesta.
""También hay una situación que ellos probablemente ya la saben: esta también es una ""motovía"". La mayoría del tiempo es usada por motociclistas, es un peligro para ciclistas, para peatones y para automovilistas, y no han puesto a nadie para vigilar la zona"", mencionó.
NR
Lee También
Recibe las últimas noticias en tu e-mail
Todo lo que necesitas saber para comenzar tu día
Registrarse implica aceptar los Términos y Condiciones"
20,NTR Guadalajara,11-18-20,"Lineamientos para la Vía, aún sin definir",trafilatura,trafilatura,3387,0.26,https://www.ntrguadalajara.com/post.php?id_nota=158066,,"Aún no se han establecido los lineamientos para retomar las actividades de la Vía RecreActiva de Guadalajara, la cual comienza nuevamente el domingo 22 de noviembre.
El alcalde de la Perla Tapatía, Ismael del Toro Castro, indicó ayer que personal del ayuntamiento aún analiza mecanismos y protocolos para reanudar las actividades de la Vía.
Durante la sesión de ayer de La Ciudad en Línea, programa encabezado por el edil y transmitido a través de redes sociales, Del Toro Castro indicó que la Vía concentra miles de personas que realizan actividades físicas a lo largo de varios kilómetros en la ciudad, por lo que se debe definir cómo se instalarían filtros de ingreso y qué medidas se adoptarían para cuidar que las personas que acudan cumplan con las disposiciones sanitarias.
Además de funcionarios municipales, en el análisis de las medidas a tomar participa el Consejo Estatal para el Fomento Deportivo (Code) y otras autoridades.
El lunes, el gobierno estatal anunció el arranque de la Vía y adelantó que el uso del cubrebocas en el paseo será obligatorio.
Por otro lado, el alcalde recordó que tras la aplicación del botón de emergencia se retomaron las restricciones a tianguis. Para mañana no se deberán instalar el de Panteón Nuevo, en Oblatos, y el de Secundina Gallo.
El viernes se omitirá el de Beatriz Hernández, en Los Arrayanes, y el de Melchor Musquis, en la colonia Universitaria, mientas que el sábado no se colocarán los tiangueros en la calle Guacamaya, en la colonia Morelos, ni en la colonia Infonavit Estadio.
El domingo se restringirá el de la colonia Margarita Maza de Juárez y el de la calle Río Lagos, en Quinta Velarde.
Para el lunes de la próxima semana se cancelará el de la colonia El Retiro y el de Santa María, en Talpita; el martes, el de la colonia Atlas y el de Lagunitas, en San Andrés, y el miércoles, los de las colonias Lomas del Paradero y Beatriz Hernández.
El edil recordó que el tianguis de Mezquitán que se coloca sobre la banqueta de avenida Federalismo se reubicará debido a las obras del ayuntamiento en el lugar.
Finalmente, llamó a la ciudadanía a ser responsable para que durante el cierre de año se puedan desarrollar las actividades económicas propias de la temporada.
Regresan las calandrias
Luego de casi ocho meses de inactividad por la pandemia de Covid-19, las calandrias del Centro de Guadalajara, regresaron ayer a su operación.
El lunes, el gobierno estatal dio su aval para que este giro se reactivara, tras lo cual este medio acudió ayer al Centro, en donde sólo encontró una eléctrica frente al palacio de Guadalajara. Gerardo Jiménez, su operador, explicó que la reactivación del servicio llegó como ""anillo al dedo"".
El hombre comentó que la contingencia le dejó pérdidas que superan los 65 mil pesos, cifra que sería aún mayor para quienes manipulan un carruaje tirado por equinos, pues la manutención de cada caballo puede ser de 6 mil pesos mensuales.
Para operar, el gobierno estatal determinó que los calandrieros deberán colocar tapetes sanitizantes, una división de acrílico entre pasaje y chofer, un despachador de gel antibacterial y realizar tomas de temperatura con un termómetro infrarrojo.
Jiménez consideró que muchos de sus compañeros no salieron ayer a trabajar debido a que aún no han cumplido con los requerimientos, ya que implica invertir 2 mil 500 pesos en la compra de insumos de protección.
jl/I"
21,NTR Guadalajara,11-16-20,Han fallecido 11 ciclistas en 2020,trafilatura,trafilatura,1731,0.25,https://www.ntrguadalajara.com/post.php?id_nota=157952,,"El colectivo Bicicleta Blanca recordó que en lo que va del año 11 ciclistas han perdido la vida en accidentes de tráfico en Jalisco.
La mitad de los decesos está relacionada con el transporte público, por lo que el colectivo exigió al gobernador de Jalisco, Enrique Alfaro Ramírez, que ejecute una serie de acciones preventivas.
""Exigimos que ya no sea necesario instalar ni una bicicleta blanca más, meta que puede ser alcanzada si se destina mayor presupuesto para la construcción de ciclovías por el gobierno del estado de Jalisco y de los municipios del Área Metropolitana de Guadalajara (AMG), así como modificar la normatividad existente al tener una ley donde se aborde la seguridad vial de forma integral"", exigió Bicicleta Blanca por medio de un comunicado.
El colectivo detalló que en lo que va de la administración de Enrique Alfaro van 32 fallecimientos de ciclistas. Principalmente han ocurrido en el AMG.
""Esta cifra de personas que realizan un desplazamiento no representa una fría estadística, sino que esconde detrás de sí la historia de personas cuyas vidas fueron truncadas por culpa de un contexto de exclusión, de escasa cultura vial y falta de infraestructura de parte de las autoridades"", añadió.
El colectivo también pidió a los automovilistas que respeten las velocidades máximas en las calles, que consideren al ciclista como un vehículo más y que conserven y respeten una distancia entre el auto y el ciclista de 1.5 metros al rebase.
FRASE:
""Esta cifra de personas que realizan un desplazamiento no representa una fría estadística, sino que esconde detrás de sí la historia de personas cuyas vidas fueron truncadas por culpa de un contexto de exclusión"": Extracto del comunicado de Bicicleta Blanca
jl/I"
22,Trafico ZMG,11-16-20,A partir de este domingo iniciamos con la Vía Recreativa de Guadalajara: Alfaro,trafilatura,trafilatura,1265,1.01,https://traficozmg.com/2020/11/a-partir-de-este-domingo-iniciamos-con-la-via-recreativa-de-guadalajara-alfaro/,,"A partir de este domingo iniciamos con la Vía Recreactiva de Guadalajara: Alfaro
«A partir de este domingo iniciamos con la Vía Recreactiva de Guadalajara"", así lo destacó el gobernador jalisciense, Enrique Alfaro Ramírez. Por casi ocho meses se mantuvo suspendido este y otros espacios en donde se realizan actividades recreativas y de esparcimiento, las restricciones se impusieron debido a la situación de salud por COVID-19.
""Quiero dar un anuncio muy importante que me llena de alegría como tapatío. A partir ya de este domingo iniciamos de nuevo en la Vía Recreactiva de Guadalajara y las vías recreactivas de la ciudad"".
El jefe del ejecutivo en Jalisco insistió en que, de acudir, se haga con las medidas adecuadas, advirtió que el uso del cubrebocas es obligatorio y que también está en revisión, en la mesa de salud el análisis para estadios, antros, bares y salones cerrados, para tal efecto se evaluará con los municipios.
El anuncio lo hizo Alfaro Ramírez durante la presentación de las medidas para la siguiente etapa de la nueva normalidad en Jalisco. Fue el pasado 15 de marzo cuando se permito la última Vía Recreactiva en la Ciudad.
Isela Ibarra
Te puede interesar: Al menos 14 fallecidos por explosión de pipa de gas LP en la carretera Tepic- GDL"
23,El Informador,11-10-20,Ahora falla renovación de pago de MiBici,trafilatura,trafilatura,3544,0.21,https://www.informador.mx/jalisco/Ahora-falla-renovacion-de-pago-de-MiBici-20201110-0078.html,,"Ahora falla renovación de pago de MiBici
La suspensión del servicio para quienes deben renovar en este mes, se da justo cuando se superan los 100 mil casos de contagios de coronavirus y durante el botón de emergencia
Los afectados piden que se les deje usar el servicio en lo que se soluciona el problema o que se habilite otro método de pago. EL INFORMADOR / F. Atilano
La primera semana de septiembre la Agencia Metropolitana de Infraestructura para la Movilidad (AMIM) se hizo cargo del programa MiBici y falló el sistema de distribución y recolección de bicicletas en las estaciones.
Luego, a partir de la segunda semana de septiembre, la empresa BKT Bici Pública, donde es socio Mario Delgado, hermano de quien se encarga de la Comunicación Social del Gobierno del Estado, reinició operaciones, pero durante ese mes y el de octubre también presentó fallas y no pudo registrar nuevos usuarios al programa.
Finalmente, durante noviembre, los usuarios no pueden pagar la renovación del servicio, por lo que tienen el servicio suspendido.
En esta última situación se encuentra Alejandro, quien es usuario de MiBici desde hace dos años. A inicio de mes, su suscripción debía renovarse de manera automática, pero el sistema le dijo que el pago ""no pasó"".
Alejandro habló al servicio de MiBici y le dijeron que tenía que asistir de manera presencial a realizar el pago. Al acudir, nuevamente el pago ""no pasó"", por lo que le aseguraron que era un problema del banco, sin embargo en la sucursal bancaria le explicaron que no hay ningún problema con su tarjeta.
 
 ""Me afecta muchísimo porque es mi único medio de transporte""
Insistió con MiBici, pero no le resolvieron nada. Ahora, no puede trasladarse a los sitios que frecuenta como la colonia Ladrón de Guevara y Analco. ""Me afecta muchísimo porque es mi único medio de transporte, solo uso el taxi cuando es de madrugada o estoy fuera de la ciudad, y ahora con lo del botón es difícil encontrar uno (a costo accesible), por lo que solo puedo caminar"" aseguró.
En el mismo caso está Eduardo, quien tiene tres años de ser usuario y tiene una tarjeta proveniente de otra institución bancaria. Debido a la suspensión del servicio paga entre 80 a 120 pesos a la semana por llegar a su trabajo, cuando gastaba 416 pesos al año por el servicio de MiBici.
 
 ""Podía guardar la sana distancia, ahora me subo al camión y me expongo al virus""
""Ha sido complicado, porque implica un mayor gasto, ya estaba muy acostumbrado al servicio y además podía guardar la sana distancia, ahora me subo al camión y me expongo al virus"" relató Eduardo.
Los inconformes señalan que debería existir otros métodos de pago, como el pago en efectivo, el pago por paypal o que al menos les dejen utilizar el servicio en lo que se resuelve el problema.
La suspensión del servicio para quienes deben renovar en este mes se da justo cuando se superan los 100 mil casos de contagios por COVID-19 en la Entidad y durante la activación del botón de emergencia, que suspende actividades no esenciales durante el fin de semana y limita el horario del transporte público.
El dato
La empresa BKT Bici Pública ofrece el servicio de MiBici desde su creación en diciembre de 2014. Actualmente la empresa tiene un contrato con AMIM del 8 de septiembre a finales de año por un monto de 20 millones 317 mil 514 pesos y 99 centavos.
NR
Lee También
Recibe las últimas noticias en tu e-mail
Todo lo que necesitas saber para comenzar tu día
Registrarse implica aceptar los Términos y Condiciones"
24,Zona docs,11-09-20,La ciclovía de Mi Macro Periférico debe formar parte de un proyecto integral para garantizar la seguridad y accesibilidad: Bicicleta Blanca,trafilatura,trafilatura,9733,0.78,https://www.zonadocs.mx/2020/11/09/la-ciclovia-de-mi-macro-periferico-debe-formar-parte-de-un-proyecto-integral-para-garantizar-la-seguridad-y-accesibilidad-bicicleta-blanca/,,"En noviembre del 2019, el Gobierno del estado de Jalisco inició las obras de Mi Macro Periférico, un proyecto de movilidad que incluye 83 kilómetros de ciclovía segregada en ambos sentidos del Anillo Periférico que circunda el área Metropolitana de Guadalajara. Si bien, la infraestructura atendería parte de la deuda histórica que el estado tiene con la movilidad no motorizada, aún no están claros los requerimientos técnicos que se están siguiendo para que la obra realmente garantice la seguridad y la accesibilidad de todas las personas.
En ZonaDocs contactamos al colectivo Bicicleta Blanca con el fin de generar un análisis más amplio de lo que debe incluir Mi Macro Periférico para promover el derecho a la ciudad de todas, todos y todes.
Por Ximena Torres / @ximena_tra
Fotografías e ilustraciones: Gobierno del estado de Jalisco
El 3 de noviembre del 2019, hace poco más de un año, iniciaron las obras de Mi Macro Periférico, un proyecto de movilidad del Gobierno del estado de Jalisco que recorrerá 41.5 kilómetros del Anillo Periférico, entre carretera a Chapala y la Avenida Malecón en el Área Metropolitana de Guadalajara (AMG).
Además de un carril exclusivo para un autobús de tránsito rápido por cada sentido, la obra incluye 46 estaciones, banquetas en ambos lados del Periférico, zonas de arbolado y una ciclovía segregada en ambos sentidos.
En total, Mi Macro Periférico contempla 83 kilómetros de infraestructura ciclista, un aspecto que colectivos locales de movilidad como Bicicleta Blanca, califican como ""algo muy positivo del proyecto"", porque desde su análisis, la necesidad de infraestructura para movilidad no motorizada en Guadalajara es muy grande. Sobre todo en Periférico, que es una de las vías más usadas por las y los ciudadanos del AMG.
Agregan que esta obra pública representaría un avance en el ""Plan Maestro de Movilidad No Motorizada del Área Metropolitana de Guadalajara"", que fue creado y entregado desde 2009 a las entonces Secretaría de Vialidad y Transporte de Jalisco. El plan contempla la construcción de una red ciclista de 1591.89 kilómetros distribuidos en 16 Corredores Metropolitanos. Sin embargo, después de 11 años sólo hay 187.52 kilómetros de ciclovías y 116.15 de carril prioridad ciclista en el AMG.
Y aunque la infraestructura en Periférico atendería parte de la deuda histórica que Jalisco tiene en movilidad ciclista, en Bicicleta Blanca tienen sus reservas sobre la implementación, principalmente sobre la tipología de la ciclovía.
Ollin Monroy, ciclista e integrante del colectivo desde hace 10 años, explica que existen diferentes tipos de ciclovías y todas dependen de las condiciones de cada vialidad para ser implementadas. En la mayoría de los casos, la mejor opción son las ciclovías por la derecha en cada sentido, como la de Avenida Guadalupe o la Calzada Federalismo. Aunque otro ejemplo es la ciclovía bidireccional por el camellón en Avenida Santa Margarita.
Al analizar las condiciones de Periférico los ciclistas se han percatado de que, por el número de carriles en cada sentido (5 según la presentación de Mi Macro Periférico), los únicos cruces posibles para cambiar de dirección serán en las estaciones del autobús de tránsito rápido como puentes peatonales, que tampoco son una infraestructura muy accesible desde su perspectiva.
Ante la dificultada para cambiar de dirección, sobre todo si hay que recorrer un par de kilómetros para ello, los integrantes de Bicicleta Blanca prevén que una ciclovía de una sola dirección en cada sentido de Periférico será utilizada en sentido contrario. Por eso, la mejor opción sería una vía bidireccional, en la que las dos direcciones (de norte a sur y de sur a norte) van en el mismo sentido de la calle.
En el acercamiento informal que han tenido con las autoridades, les han dicho que el proyecto está cerrado a modificaciones desde hace casi dos años, hecho que imposibilita la suma de ideas y/o cambios al plan de infraestructura. Con ello, les han advertido que, por las dimensiones del espacio, algunos tramos de la ciclovía podrían ser bidireccionales, situación que alarma, ya que no hay recursos extra (de los 9 mil 401 millones de pesos destinados para el proyecto) para la señalética necesaria que eso implicaría.
De hecho, en Bicicleta Blanca reconocen que tampoco tienen todos los detalles para proponer mejoras en caso de ser necesarias, porque el proyecto nunca se presentó a la sociedad civil de manera formal.
""(El proyecto) va a implicar un montón de cambios. Sobre los ingresos peatonales nos brinca la duda si entonces le van a poner banqueta a todo el Periférico o cómo va a llegar la gente a esos ingresos. Estamos hablando de 80 kilómetros de banqueta, que es súper necesario, pero no sabemos si se van a hacer según la norma. En general es muy positivo si es que se hace bien, pero nos quedan muchas dudas y reservas"", dice Ollin Monroy de Bici Blanca.
Requisitos prioritarios
Aún con las dudas, el colectivo ciclista recupera tres requisitos que se deben tomar en cuenta para la infraestructura que se construye en Periférico, así como cualquier otra ciclovía.
El primero es la permeabilidad, que implica que los usuarios realmente puedan entrar, salir o cambiar de dirección en la vía sin depender de cruces complicados, separados por varios kilómetros.
Lo siguiente es la segregación o la infraestructura que separa el espacio ciclista de los carriles de automotores. En este caso, los hitos viales o los señalamientos con pintura en el piso no serán suficientes para garantizar la seguridad de los ciclistas y evitar invasiones de los vehículos de carga pesada, o que circulan a alta velocidad, aunque sea por los carriles laterales.
Finalmente, es necesario incluir la señalética necesaria, para que, si la idea es que los usuarios utilicen la vía en uno o dos sentidos, las señales lo indiquen de manera clara y adecuada.
Pero como indica Ollin Monroy, esas son sólo las condiciones técnicas, si realmente se busca priorizar la seguridad de los usuarios y la accesibilidad de todas las personas, se deben desarrollar proyectos integrales desde su diseño hasta su mantenimiento:
""Todos los proyectos que se han hecho hasta el momento (en el AMG) se han hecho al vapor, aunque lo ideal sería pensarlos de manera integral en el contexto en el que entran. En algunos casos las ciclovías se construyen en medio de la nada y no tienen una segregación suficiente. Al final la gente las usa porque tiene la necesidad, pero cuando caen en deterioro los ciclistas preferimos irnos por los carriles que por una ciclovía con hoyos, tierra, grava, invadida por vehículos"" explica el integrante de Bicicleta Blanca.
La primera característica de lo que sería un proyecto integral de movilidad ciclista, es: mayor apertura de las autoridades para recibir retroalimentación de los y las ciudadanas cuando aún se puedan realizar modificaciones. Eso evitaría la incertidumbre que hoy sienten los colectivos sobre la obra en Periférico.
Además, los proyectos se deben construir bajo los lineamientos técnicos adecuados. Una vez inaugurados debería evaluarse su uso, efectividad y la seguridad que dan a los usuarios para hacer adecuaciones, si es necesario.
Por último, el mantenimiento no se debe olvidar como sucedió con la ciclovía de Avenida Federalismo, que pasó 10 años desatendida, dañada y sin señalética. O la de Avenida Camino al ITESO, que en 2016 fue intervenida por ciudadanos y ciudadanas que limpiaron la arena, grava y basura que la inutilizaban, sin recibir respuesta del Ayuntamiento de Tlaquepaque.
Una situación similar puede ocurrir con el proyecto de Mi Macro Periférico si no se le da mantenimiento frecuente, ya que, por ejemplo, al estar al lado de los carriles de circulación de los automóviles, las ciclovías se suelen llenar de tierra y grava, y eso puede causar accidentes.
En la experiencia de Bicicleta Blanca, exigir a las autoridades el mantenimiento de la infraestructura ciclista ha sido una lucha cuesta arriba, pues no está claro qué organismos son los responsables de esta tarea en los diferentes municipios del AMG. Por eso, aunque la mayoría de las ciclovías en la ciudad son nuevas, la calificación que Ollin Monroy hace de ellas es que, en general, son deplorables.
Se espera que, con la creación en 2019 de la Agencia Metropolitana de Infraestructura para la Movilidad (AMIM), este organismo público descentralizado intermunicipal tome las tareas de mantenimiento como parte de su programa de ""Gerencia de señalamiento y obra vial"".
""No es sólo construirla (la ciclovía), sino que construirla bien, señalizada, evaluar su uso y su seguridad, estar dispuesto a hacer los cambios que sean necesarios, y mantenerla"", dice Ollin como ciclistas y activista de movilidad.
Si bien, una ciclovía de más de 80 kilómetros puede beneficiar mucho a las personas en el AMG, que no se desarrolle de manera integral es un reflejo del actuar omiso de las autoridades, quienes no están priorizando la seguridad y accesibilidad. Todavía hace falta mayor voluntad política y consciencia sobre la infraestructura para que los proyectos de movilidad no sean logros políticos, sino avances reales en el derecho a la ciudad de todas y todos.
Otros datos para conocer
- El Área Metropolitana de Guadalajara cuentan con 123 ciclovías y 84 carriles de prioridad ciclista. Aquí puedes conocer las rutas.
- En la actualidad hay dos tramos de ciclovías bidireccionales en Periférico que van del Boulevard Bosques de San Isidro hasta la Calzada Federalismo Norte, y de la Calzada Independencia Norte a Avenida Artesanos. En conjunto suman 5.9 kilómetros de infraestructura ciclista desarrollada por el Instituto de Planeación y Gestión del Desarrollo (IMEPLAN) y el Ayuntamiento de Zapopan."
25,El Occidental,11-08-20,"Será una ""Bicipista"" la ciclovía de Federalismo: Carlos Romero",trafilatura,trafilatura,1336,0.56,https://oem.com.mx/eloccidental/local/noticias-transporte-obras-sera-una-bicipista-la-ciclovia-de-federalismo-carlos-romero-13172486,,"Localdomingo, 8 de noviembre de 2020
La renovación que se realiza es buena, se está dando continuidad y mejoramiento, al colocar las denominadas ""orejas""
LOCAL
Las autoridades recomendaron evitar los puntos afectados y atender las indicaciones del personal de emergencia
Las tormentas se desarrollarían en los alrededores del Área Metropolitana de Guadalajara, principalmente hacia el sur y el este.
El legislador morenista detalló que los recursos están destinados además a carreteras, mantenimiento, infraestructura y dar certeza jurídica a inversionistas
Con esta acción que realizaron decenas de familias de empresas tequileras y personal del Gobierno del Estado se plantaron 400 pinos
Mirza Flores acusa a Morena de ""grillar"" y lucrar políticamente con el tema del agua
Destacó que en ese municipio su administración invirtió más de 150 millones de pesos en el periodo 2025-2026 en obras de alto impacto para sus habitantes
El delito por el que fue denunciado Eduardo N, es por acoso sexual
El señalado es también líder del Sindicato de Trabajadores al Servicio del Estado y sus Municipios en el Sistema DIF Jalisco y Sistemas DIF Municipales
El nivel de preparatoria es en donde se focaliza el mayor número de casos, el segundo lugar es el de nivel secundaria
La víctima está protegida y hasta el momento se desconoce su identidad"
26,El Informador,11-06-20,MiBici asegura que restableció sistema de registro y pagos,trafilatura,trafilatura,2551,0.18,https://www.informador.mx/jalisco/MiBici-asegura-que-restablecio-sistema-de-registro-y-pagos-20201106-0073.html,,"MiBici asegura que restableció sistema de registro y pagos
Señalan que la falla en la plataforma, que permaneció por mes y medio, se debió a ""cuestiones técnicas derivada de actualizaciones""
Para cambios en tarjetas o renovación de membresías, el trámite deberá ser de manera presencial con previa cita. EL INFORMADOR/ F. Atilano
La Agencia Metropolitana de Infraestructura para la Movilidad (AMIM) aseguró que el programa MiBici restableció este viernes el servicio de pagos, cambios de tarjetas y registro para nuevos usuarios. Agregó que la falla, que permaneció por mes y medio, se debió a ""cuestiones técnicas derivada de actualizaciones"".
Explicó que los usuarios ahora pueden ingresar a la página web mibici.net para rentar de manera temporal una bicicleta o registrarse para obtener el servicio por un año.
En el caso de cambios en tarjetas o renovación de membresías, mencionó que el trámite deberá ser de manera presencial a partir del lunes en avenida Federalismo #403, colonia Centro, del municipio de Guadalajara. Previamente, los interesados deberán sacar cita vía telefonica al 33 3002 2424.
Este diario realizó un ejercicio de registro entre las tres y cuatro de la tarde de este viernes, pero la respuesta del sistema fue que ""existe un error en los datos básicos"" y la pantalla redirige al formulario de registro.
Fallas similares ocurrieron durante las pasadas seis semanas. Los afectados fueron usuarios que deseaban pagar el servicio, hacer cambio de su tarjeta de pago o registrarse en el programa.
Las fallas del programa ocasionaron que los ciudadanos no tuvieran otra alternativa de transporte pese a la contingencia por coronavirus COVID-19. Incluso la situación permaneció luego de que el Gobierno de Jalisco activara el botón de emergencia, limitara el horario entre semana del transporte público y lo suspendiera durante el pasado fin de semana.
Pese a todas las evidencias, la AMIM aseguró que desde el 9 de septiembre, cuando la empresa BKT Bici Pública ganó nuevamente la licitación, cumplió debidamente las actividades que le corresponden.
También enfatizó que en el marco de la contingencia sanitaria, se sigue operando con el mismo número de bicicletas, se realiza limpieza y se sanitizan las estaciones diariamente.
Este 2020 MiBici lleva un registro de dos y medio millones de viajes y tres mil 689 nuevos usuarios.
NR
Lee También
Recibe las últimas noticias en tu e-mail
Todo lo que necesitas saber para comenzar tu día
Registrarse implica aceptar los Términos y Condiciones"
27,El Informador,11-05-20,Ganan licitación de MiBici y atoran crecimiento de programa,trafilatura,trafilatura,3485,0.16,https://www.informador.mx/jalisco/Ganan-licitacion-de-MiBici-y-atoran-crecimiento-de-programa--20201105-0012.html,,"Ganan licitación de MiBici y atoran crecimiento de programa
La empresa BKT Bici Pública mantiene suspendido el registro de nuevos usuarios y cambios en tarjetas bancarias
MiBici es una opción para el riesgo sanitario que conlleva circular en autobús, además no fue restringido por el ""botón de emergencia"". EL INFORMADOR/F. Atilano
Aunque ganó otra vez la licitación del programa MiBici y prometió restablecer actividades desde septiembre, la empresa BKT Bici Pública mantiene suspendido el registro de nuevos usuarios y cambios en tarjetas bancarias.
En la compañía es socio Mario Delgado, hermano de Carlos Delgado, quien se encarga de la Comunicación Social del Gobierno estatal. Este vínculo fue criticado durante el proceso en el cual resultó beneficiada.
MiBici respondió que el problema se debe a una ""actualización del software"".
Los potenciales nuevos usuarios sólo leen ""estamos realizando mejoras"" en la pantalla de registro. En la línea de atención les piden ""paciencia"".
""Batean"" a nuevos usuarios de MiBici; les piden paciencia
Desde mediados de septiembre, Katherine ha tratado de registrarse como nueva usuaria del programa MiBici. Sin embargo, cada vez que lo intenta aparece en su pantalla un mensaje que dice: ""Estamos realizando mejoras, en unos minutos estaremos de regreso"".
Como está muy interesada en suscribirse, también ha llamado a la línea de asistencia a usuarios para ver si hay otras opciones, pero lo único que le han dicho allí es que ""tenga paciencia"".
Su idea, al igual que la de muchos ciudadanos, era circular por la metrópoli en bicicleta para reducir riesgos de contagio en medio de la contingencia sanitaria. Katherine prefiere no usar camiones, el Macrobús o el Tren Ligero.
Además, a diferencia de otros sistemas de transporte, MiBici opera en su horario habitual, no hay menos unidades por la activación del Botón de Emergencia y se conecta a las diferentes ciclovías de Guadalajara y Zapopan.
""Por los gastos, a veces termino mejor por caminar hasta donde voy. Si pudiera transportarme en el servicio de MiBici, pagaría al año sólo 416 pesos"", comentó.
El sistema se suspendió la primera semana de septiembre, pues el contrato con la empresa BKT Bici Pública se venció el 31 de agosto. Sin embargo, poco ha cambiado después de que esa misma firma ganó la licitación.
En la semana que no operó BKT, el servicio fue atendido por la Agencia Metropolitana de Infraestructura para la Movilidad.
Este medio preguntó a MiBici cuántos nuevos registros se sumaron de marzo a noviembre, cómo ha funcionado durante el Botón de Emergencia y a qué se debe la falla en el sistema, así como la fecha en que se reanudará la operación, pero no contestó.
Abandonan mantenimiento de la ciclovía en avenida México
Ni seis meses duraron los bolardos de la ciclovía emergente de avenida México. La mayoría ""desapareció"" y los pocos que quedan se encuentran en mal estado. En mayo, el alcalde tapatío, Ismael del Toro, informó que se instalarían 13 kilómetros de vías ciclistas para disminuir el uso del transporte público y reducir riesgos de contagio de COVID-19. Dos de ellos correspondían a avenida México. Los trabajos concluyeron el 13 de junio. El Ayuntamiento de Guadalajara prometió que instalará boyas en el punto afectado sin costo al erario.
Lee También
Recibe las últimas noticias en tu e-mail
Todo lo que necesitas saber para comenzar tu día
Registrarse implica aceptar los Términos y Condiciones"
28,Mural,10-26-20,Arrumban' ciclopuerto en Congreso de Jalisco,trafilatura,trafilatura,405,0.7,https://www.mural.com.mx/arrumban-ciclopuerto-en-congreso-de-jalisco/ar2058055,,"COMUNIDAD
Martín Aquino
Guadalajara, México (26 octubre 2020) .-14:43 hrs
El área designada para aparcar bicicletas en Congreso de Jalisco, se encuentra ""arrumbada"" y su uso está limitando a resguardar un diablito. Crédito: Martín Aquino
El área designada para aparcar bicicletas en el Congreso de Jalisco, se encuentra ""arrumbada"" y su uso está limitando a resguardar una carretilla de mano, un diablito."
29,El Informador,10-22-20,Congreso de Jalisco aprueba que se reconozca la movilidad como derecho humano,trafilatura,trafilatura,2726,0.21,https://www.informador.mx/jalisco/Congreso-de-Jalisco-aprueba-que-se-reconozca-la-movilidad-como-derecho-humano-20201022-0063.html,,"Congreso de Jalisco aprueba que se reconozca la movilidad como derecho humano
Con el aval a las reformas a la Constitución se busca rectificar que el desarrollo urbano haya favorecido durante décadas al automóvil sobre los peatones, la movilidad no motorizada y personas con discapacidad
Los municipios estarán facultados para formular, aprobar y administrar la zonificación y planes de desarrollo urbano municipal. EL INFORMADOR/ARCHIVO
El Congreso de Jalisco dio su voto a favor para que la movilidad y seguridad vial serán considerados como un derecho humano, lo cual quedará patente en la Constitución Política de los Estados Unidos Mexicanos, tan pronto como sea aprobado el decreto por la mayoría absoluta de las entidades federativas.
Fueron 28 los diputados que votaron a favor de diversas adiciones y reformas a la Constitución, por ejemplo, añadir un último párrafo al artículo 4o: ""Toda persona tienen derecho a la movilidad en condiciones de seguridad vial, accesibilidad, eficiencia, sostenibilidad, calidad, inclusión e igualdad"".
También avaló reformar a la fracción XXIX-C del artículo 73, que indica que el Congreso Federal tiene facultad para expedir leyes que establezcan la concurrencia del Gobierno Federal, entidades y municipios en materia de movilidad y seguridad vial.
Otra fue sobre el inciso a) de la fracción VI del artículo 115, donde se indica que los municipios están facultados para formular, aprobar y administrar la zonificación y planes de desarrollo urbano municipal, así como los planes en materia de movilidad y seguridad vial.
El diputado Jonadab Martínez festejó el que el Congreso de Jalisco haya sido de los primeros en avalar tales reformas, con lo que se buscará rectificar que el desarrollo urbano haya favorecido durante décadas al automóvil sobre los peatones, la movilidad no motorizada y personas con discapacidad.
""La visión de las instituciones, los gobiernos locales y federal y también municipales (...) facultan a que sus políticas públicas, planes y desarrollos urbanos sea con perspectiva humana, que no se sigan construyendo calles sin banquetas, o banquetas sin pensar en personas con discapacidad"".
Otra reforma constitucional aprobada por el Congreso del Estado fue sobre materia de juventud, que también adiciona un párrafo al artículo 4o, para establecer que el estado promueva el desarrollo integral de las personas jóvenes a través de políticas públicas, así como reforma al artículo 73 para establecer leyes en materia de formación y desarrollo integral de la juventud.
NR
Lee También
Recibe las últimas noticias en tu e-mail
Todo lo que necesitas saber para comenzar tu día
Registrarse implica aceptar los Términos y Condiciones"
31,Pagina 24,10-14-20,Escasea mantenimiento en el programa MiBici,trafilatura,trafilatura,2287,0.73,https://pagina24jalisco.com.mx/2020/10/14/local/escasea-mantenimiento-en-el-programa-mibici/,,"Las bicicletas están en pésimas condiciones: Usuarios
Pero eso sí, si uno se pasa del tiempo de renta son buenos para cobrar; urge mejorar las condiciones de estos vehículos, usados por miles de personas al día
Por Rafael Hernández Guízar
En pésimas condiciones se encuentran muchas de las bicicletas del programa MiBici del gobierno del estado, no tienen medidas de sanidad ni tampoco se les dan mantenimiento.
Luego de una denuncia ciudadana que llegó a la redacción de Página 24 acudimos a dar un recorrido por algunas de las estaciones de este servicio de bicicleta pública en donde encontramos que en efecto, muchas de las bicis que se rentan a la ciudadanía están en malas condiciones.
Los daños van desde asientos rotos, hasta bicicletas que están rayadas, sucias, con tubos flojos y salidos, y esto ha generado incertidumbre y molestia entre los mismos usuarios, así lo denunció Mariana Rojas, una mujer entrevistada en Plaza de la Universidad, en pleno centro de Guadalajara, la ciudad capital.
""La verdad que no es justo porque si te pasas te multan y el mantenimiento está muy mal, da mucho de qué hablar y lo que queremos pedir es al gobierno que entiendan que estos artículos son muy necesarios para nosotros porque en esto nos transportamos muchas personas y que así como son buenos para exigirnos las multas, pues que también las arreglen y que nosotros así vamos a estar contentos y con gusto de seguir usando las bicicletas. Eso es lo que nosotros queremos, que se compadezcan de nosotros porque yo por ejemplo, como mujer el asiento me está calando mucho y pues a la hora de un accidente por ejemplo, va a salir más caro esto que agarrar el camión""
En tanto, indicó también que no hay medidas de seguridad sanitaria que se estén siguiendo por la pandemia de coronavirus que exige la desinfección de todos los artículos que se tocan por la ciudadanía para evitar la propagación del COVID- 19.
""Mira, eso también lo recomendamos, es cierto que no hay nadie que esté limpiando las bicicletas, ahora sí que no queda de otra más que cargar uno su gel y las toallas. y al momento de usarlas nosotros limpiarlas, sabemos que no todo le toca al gobierno, y todo es algo que se debe de hacer en equipo, pero el mantenimiento de los equipos eso sí le toca al gobierno"", finalizó."
32,Meganoticias,10-14-20,Ciclovía de Av. Guadalupe sigue con opiniones divididas,trafilatura,trafilatura,1971,0.67,https://www.meganoticias.mx/guadalajara/noticia/ciclovia-de-av-guadalupe-sigue-con-opiniones-divididas/188459,,"Movilidad
                                                                    
                                                Por:
                                                                    Daniela Rodríguez
                     
                    
Guadalajara
Fecha: 14-10-2020
                                        Guadalajara
Fecha: 14-10-2020
La instalación de la ciclovía que corre por toda Avenida Guadalupe sigue entre polémicas de automovilistas y ciclistas, quienes se pronuncian a favor o en contra de la misma.
La controversia sigue ante la queja de conductores por el congestionamiento vial que se provoca en horas pico ante la reducción de carriles, por lo que piden que la ciclovía sea menos ancha para dar más espacio a los coches.
Clip 574:Jesús Ocampo (Conductor) 00:06 ""La verdad sí, ahora sí que nos quitaron un carril menos, y ahora si se incrementa más el tráfico y sobre todo en la mañana, exactamente a las de 8 a 9 está pesado. Por todo lo que es Guadalupe hasta el RIU que es donde doy vuelta yo"", aceptó el señor Jesús Ocampo, conductor.
Por su parte, los ciclistas siguen a favor de la construcción de estos espacios que les permiten transitar más rápido y seguro por lugares donde antes tenían que ir entre los coches; sin embargo, reconocieron que aún hay personas que no respetan el uso exclusivo del carril. 
""Pues fantástico. Realmente está a gusto, bueno, respecto a que en ciertos lugares las personas lo agarran de estacionamiento y no me parece, porque así tendría que salirme y corro más peligro (...) que la respeten más que nada, porque lo hacen salir de ahí y con el tráfico a uno le pitan como si tuviera la culpa. Me iba en la bici, nada más que era más a la esquinita o me subía a las banquetas"", dijo Isabel, quien usa diariamente esta ciclovía.
Esta ciclovía corre a lo largo de 4.2 kilómetros y corre desde Niño Obrero hasta Periférico y se estima una afluencia de 2 mil ciclistas diarios."
33,EL Informador,10-11-20,Abandonan carril BiciBus sobre la avenida Hidalgo,trafilatura,trafilatura,2498,0.2,https://www.informador.mx/jalisco/Abandonan-carril-BiciBus-sobre-la-avenida-Hidalgo-20201011-0017.html,,"Abandonan carril BiciBus sobre la avenida Hidalgo
Al no ser confinada, cualquier vehículo invade la vía exclusiva para las bicicletas y el trolebús; Movilidad y Transporte prevé una inversión de 395 millones de pesos para mejorarla
El carril de uso exclusivo para bicicletas, calandrias y unidades del trolebús es de baja velocidad y no es respetado por los automotores. EL INFORMADOR/G. Gallo
El carril BiciBus de avenida Hidalgo, entre López Mateos y el Centro Histórico de Guadalajara, permanece abandonado. En un recorrido por este diario se constató que es utilizado por los conductores como cualquier otro espacio, lo que impide su uso exclusivo para los ciclistas.
El hecho de que no sea un carril confinado, con bolardos, vallas de concreto u otra señalización que lo distinga y separe de los demás, hace que para automovilistas y motociclistas sea fácil invadirlo a lo largo de sus 3.7 kilómetros de extensión.
En el tramo sólo existe un tímido balizamiento en el asfalto que indica ""Sólo bici y bus"". Además, en el tramo entre avenida López Mateos y calle Victoriano Salado no existe dicho estampado. Tampoco hay mantas o carteles informativos acerca del carril.
La Ley de Movilidad tampoco defiende el proyecto, pues no acota algún apartado mediante el que se sancione a los automovilistas por no respetarlo.
Saraí, de 21 años, explicó que una vez utilizó el carril. ""Ya no me quedaron ganas; los carros se me acercaban mucho y terminaba por subirme a la banqueta"". Ahora toma avenida La Paz, en sentido contrario y por la banqueta, pues así, dijo, se siente más segura.
El BiciBus es un proyecto promovido desde junio por el Ayuntamiento de Guadalajara con el que se busca que los tapatíos se bajen del transporte público y tomen una bicicleta para llegar a su destino y así reducir la propagación del coronavirus.
Libertad Zavala, directora de Movilidad y Transporte de Guadalajara, reconoció que la ciclovía para avenida Hidalgo lleva cuatro meses con 50% de avance. Dijo que falta la instalación de bolardos abatibles, boyas y demás elementos para confinar el carril.
""No contábamos con el recurso, así que hicimos el proyecto sólo con los materiales que teníamos. Ahora contamos con la posibilidad de destinar 395 mil pesos. Esperamos poder realizarlo en el mes de noviembre"", dijo la directora.
Lee También
Recibe las últimas noticias en tu e-mail
Todo lo que necesitas saber para comenzar tu día
Registrarse implica aceptar los Términos y Condiciones"
34,EL Informador,10-04-20,Ven abandono de Biciley en Jalisco,trafilatura,trafilatura,2433,0.2,https://www.informador.mx/jalisco/Ven-abandono-de-Biciley-en-Jalisco-20201004-0018.html,,"Ven abandono de Biciley en Jalisco
El colectivo Bicicleta Blanca afirma que es mínimo el trabajo de los gobiernos para difundir lo que no deben hacer los automovilistas 
 
De acuerdo con datos de Bicicleta Blanca, en lo que va de este año han muerto 11 ciclistas en accidentes viales en la Entidad. EL INFORMADOR/ARCHIVO
En 2016, el Congreso del Estado creó la Biciley. Sin embargo, desde 2017, de acuerdo con información que la Policía Vial entregó vía Transparencia, sólo se ha sancionado a 44 automovilistas por no respetar la zona de espera de los ciclistas durante un semáforo, a 31 por impedirles el tránsito, a 15 por invadir el paso preferencial, a 86 por rebasarlos y a mil 465 por estacionarse en una ciclovía.
Para Yeriel Salcedo, vocero del colectivo Bicicleta Blanca, estos resultados reportados son insuficientes.
""Son pocas las veces que se sanciona a los automovilistas y son menos las acciones para que se difunda lo que no se debe hacer. Desde 2016 no vemos un operativo. Está en el olvido"", comentó.
El activista agregó que las autoridades suelen difundir información a través de redes sociales, que sólo llegan a un número limitado de usuarios.
Este medio de comunicación llevó a cabo un sondeo entre 20 ciclistas de la Zona Metropolitana de Guadalajara (ZMG).
Todos los consultados en la vía pública afirmaron que los conductores en la metrópoli no respetan las disposiciones que forman parte de la Biciley.
Aseguraron que suelen ser agredidos o ignorados cuando les exigen respeto.
Por ejemplo, Francisco contó que sufrió un accidente la semana pasada en Avenida Juárez, a la altura de Plaza Universidad, en el Centro tapatío.
Compartió que los coches no respetaron el sitio de espera de bicis. Ante el verde del semáforo, un ocupante abrió una portezuela y lo golpeó. Quedó a centímetros de ser aplastado por un carro que iba detrás de él.
De acuerdo con datos de Bicicleta Blanca, en lo que va de este año han muerto 11 ciclistas en accidentes viales en la Entidad. En 2019 sumaron 20.
Uno de los últimos fallecimientos se registró en agosto pasado en Avenida Aviación y Camino Antiguo a Tesistán.
Una mujer llamada Carolina quedó atrapada en la llanta delantera de una unidad de la ruta 24-A. El chofer huyó.
JL
Lee También
Recibe las últimas noticias en tu e-mail
Todo lo que necesitas saber para comenzar tu día
Registrarse implica aceptar los Términos y Condiciones"
35,Milenio,10-04-20,Zapopanos disfrutan del regreso de la Vía RecreActiva con las medidas adecuadas,trafilatura,trafilatura,2218,0.33,https://www.milenio.com/politica/comunidad/zapopan-habitantes-disfrutan-regresar-via-recreactiva,,"A un mes de que rehabilitaran parte de la Vía ReCreactiva en los principales circuitos de Zapopan, los asistentes aprovechan el libre acceso peatonal para practicar alguna actividad física o meramente dar una caminata acompañados de amigos, familiares y mascotas.
Pero la contingencia sanitaria no pasa desapercibida entre los zapopanos ya que procuran portar cubrebocas, cuidar sus distancias, acudir en grupos máximos de 4 personas y respetar los filtros sanitarios colocados por autoridades de la Villa ex Maicera.
""Bien, está muy controlado, no te dejan andar si no traes tu cubrebocas, ahorita estamos en un ""break"" pero hay controles de temperatura, te dan gel para las manos y está muy a gusto - ¿ya extrañaban este tipo de actividades? - sí ya, desde marzo... nosotros vivimos sobre Patria entonces era de cada 8 días, y que te den el cordón así sin unidades deportivas, sin nada, pues estaba estresante, y ahora estamos disfrutando otra vez..."", opinó Gilberto García, visitante recurrente a la Vía Recreactiva de Zapopan.  
""Me parece sano porque ya medio año ha pasado del hecho de que la gente se quedaba encerrada en sus casas y algunas están acostumbradas a correr o hacer cualquier otro deporte, y me gusta porque es un buen inicio, y claro todo debe ser con tus distancias"", comentó Diego Camaho. 
Opinaron que el ayuntamiento no baja la guardia con la implementación de protocolos a lo largo de la vía.
""Hay varios módulos, de hecho en varios puntos desde que ingresan hacia la vía recreativa hay módulos donde te están midiendo la temperatura tiene la parte sanitizante y te aplican poquito gel antibacterial, y la misma gente está al pendiente, de hecho hay muchas personas que andan en bicicleta al pendiente de que la gente traiga puesto el cubrebocas"", culminó Selene Bustamante.
También se observó que en uno de los accesos, personal de monitoreo brindaba el servicio gratuito de sanitización de bicicletas.
Recordemos que el pasado 13 de septiembre se abrió el tramo de Avenida Patria, que comprende desde la zona Acueducto hasta Atemajac.
Sin embargo, aún continúan suspendidos el paseo dominical en municipalidades como Guadalajara, Tlaquepaque y Tonalá a raíz de la pandemia de covid-19.
JMH"
36,Milenio,09-27-20,Más de 8 mil personas disfrutan del regreso de la ciclovía de Zapopan,trafilatura,trafilatura,1556,0.26,https://www.milenio.com/politica/comunidad/zapopan-8-mil-personas-disfrutan-regreso-ciclovia,,"Más de 8 mil personas han disfrutado el regreso de la ciclovía en el Municipio de Zapopan tras su suspensión por la pandemia. De los 24.2 km que comprenden la ciclovia del municipio, solo 13.8 kilómetros se han habilitado. En su tercer semana, quienes desean acudir deben cumplir con los protocolos sanitarios.
""Tenemos un toldo donde está la sanitización de las bicicletas, el gel antibacterial y ya en caso necesario está el oximetro con los paramédicos"", comentó Gabriel Leandro, Coordinador de la vía recreativa de Zapopan. 
De acuerdo con algunos testimonios, las medidas que se implementaron son las adecuadas, sin embargo, señalaron que si hay un mínimo de personas que se han puesto renuentes en cumplir con este protocolo. Por otra parte, mencionaron que luego de casi seis meses de permanecer inactiva, regresar a la actividad física era urgente.
""Está bien el protocolo pero hay que afinar un poquito más los detalles dentro del parque"", mencionó Víctor, visitante de la vía recreativa.
""Es importante para el cuerpo porque el estrés, el aburrimiento todo eso baja la inmunidad y es necesario tener una inmunidad sana evitando el estrés"", dijo Fernando Ortiz, visitante de la ciclovía. 
Gabriel Leandro, externó que la afluencia de personas ha sido más alta durante la emergencia sanitaria. Detalló que no han existido percances mayores y posiblemente podrían habilitar más rutas.
En total son 119 personas las que están monitoreando que todo fluya con normalidad. Por lo pronto, Zapopan es el único municipio que habilitó la Vía Recreativa.
JMH"
41,NTR Guadalajara,09-20-20,Vuelven a fallar medidas en la Vía,trafilatura,trafilatura,904,0.42,https://www.ntrguadalajara.com/post.php?id_nota=155077,,"Por segundo domingo consecutivo, la Vía RecreActiva en Zapopan tuvo fallas en filtros sanitarios.
Por ejemplo, en avenida Patria, a la altura de la Unidad Deportiva El Polvorín, no se encontró ningún tipo de protocolos, mientras que a lo largo del paseo dominical se toleró que algunas personas ingresaran, caminaran o hicieran otras actividades sin portar el cubrebocas.
Pese a los desaciertos, la mayoría de los asistentes usó cubrebocas al realizar actividades físicas como trotar o andar en bicicleta.
La Vía RecreActiva se retomó en Zapopan el 13 de septiembre. Cuando se anunció su reapertura, el alcalde de Zapopan, Pablo Lemus Navarro, informó que sólo se permitirían actividades unipersonales y que no habría actividades grupales. También dijo que el espacio contaría con estrictos protocolos sanitarios.
El paseo dominical sigue suspendido en Guadalajara a raíz de la pandemia de Covid-19.
jl/I"
42,Canal 44,09-17-20,Se restablece en su totalidad el servicio de Mi Bici.,trafilatura,trafilatura,221,1.01,https://www.youtube.com/watch?v=QhiIagQrZQ0,,"Acerca de
Prensa
Derechos de autor
Comunicarte con nosotros
Creadores
Anunciar
Desarrolladores
Condiciones
Privacidad
Políticas y seguridad
Cómo funciona YouTube
Prueba funciones nuevas
NFL Sunday Ticket
© 2026 Google LLC"
43,Zona docs,09-17-20,¡RETOMEMOS LAS CALLES! INVITAN A UNA NUEVA SESIÓN DE LA BICIESCUELA FEMINISTA EN EL MARCO DEL PARK(ING) DAY,trafilatura,trafilatura,6939,0.94,https://www.zonadocs.mx/2020/09/17/retomemos-las-calles-invitan-a-una-nueva-sesion-de-la-biciescuela-feminista-en-el-marco-del-parking-day/,,"Este 19 de septiembre se celebra el Park(ing) Day, una acción internacional para que las personas hagan conciencia del gran espacio que ocupan los automotores en la ciudad y se apropien de ellos. En el marco de esta actividad, la colectiva FemiBici invita a una nueva sesión de la biciescuela feminista para darle a otras mujeres las herramientas para pedalear sin miedo.
La movilización toma mayor importancia con el creciente parque vehicular del Área Metropolitana de Guadalajara y la superficie de áreas verdes públicas por habitante, 7.6 metros cuadrados menor a lo recomendado por Organización Mundial de la Salud (OMS).
Por Ximena Torres / @ximena_tra
Ilustración de portada por Belén Freire
En Jalisco, hay aproximadamente un automóvil por cada dos personas, aunque sólo el 30% de la población usa este medio como transporte principal, según la ""6ta encuesta de percepción ciudadana sobre calidad de vida 2018"" del observatorio ciudadano Jalisco Cómo Vamos. Hasta 2019, el Instituto de Información Estadística y Geográfica (IIEG) contaba 3 millones 910 mil 903 autos en la entidad federativa, mientras que el total de habitantes era de 8 millones 282 mil 892.
La enorme cantidad de vehículos en el estado es proporcional al espacio que ocupan. Y para la colectiva de mujeres ciclistas, FemiBici, ese el motivo para conmemorar el Park(ing) Day (o día del parque-estacionamiento) el próximo sábado 19 de septiembre, junto con la primera sesión de la biciescuela para mujeres, después de varios meses de confinamiento provocado por el coronavirus.
""El tema del Park(ing) Day surgió en San Francisco como iniciativa de los urbanistas de por allá. Surgió en respuesta a la lógica urbana en la que todo está construido en función de los autos y es para concientizar la cantidad de espacios que utilizan. Se trata de cada 19 de septiembre, tomar los espacios en donde comúnmente habría automóviles estacionados, ocuparlos para realizar otras actividades (no motorizadas)"" explica Malena López, una de las integrantes de FemiBici.
Con esa intención de recuperar los espacios públicos para que los utilicen las personas, las mujeres ciclistas se reunirán de 10:00 a.m. a 12:00 p.m. en el Parque de las Estrellas, ubicado en la colonia Jardines del Bosque en Guadalajara. Ahí, como en cada sesión de la biciescuela desde hace ocho años, ayudarán a otras compañeras que no saben andar en bicicleta para que, a través de ejercicios aterrizados a sus cuerpos y en un ambiente de confianza, empiecen a pedalear sin miedo.
""El auto sigue siendo el medio de transporte al que más se le apuesta y se le pone dinero en el AMG, cuando no es el que se usa más, ni el más necesario"" dice Malena como una de las razones por la que el Park(ing) Day toma relevancia en Guadalajara.
Según el IIEG el parque vehicular en Jalisco ha registrado un incremento del 200.1% del año 2000 al 2019. El AMG concentra el 64.3% del total de él, con 2 millones 514 mil 679 vehículos circulando. Entre los municipios con mayor tasa de vehículos de motor está Zapotlanejo con 64.8 por cada 100 habitantes, seguido por Guadalajara con 63.8 por cada 100.
Contrario al espacio que ocupan los automóviles, María Guadalupe Garibay Chávez, investigadora del Departamento de Ciencias Ambientales de la Universidad de Guadalajara (UdeG) declaró que hasta 2019 la superficie de áreas verdes públicas por habitante en el AMG era de 1.4 metros cuadrados, aunque, la Organización Mundial de la Salud (OMS) recomienda un promedio de 9 metros por persona.
Garibay Chávez también explicó en rueda de prensa el 4 junio de 2019, que entre los beneficios de los espacios arbolados o boscosos está la disminución de la temperatura entre seis y ocho grados centígrados en comparación de zonas habitadas y con asfalto; la mejora en la calidad del aire; y la mayor capacidad de infiltración de agua durante la lluvia.
En el AMG, el investigador Luis Valdivia Ornelas, también de la UdeG, ha documentado, estudiado e identificado mediante georreferenciación, 350 zonas como puntos susceptibles de sufrir inundaciones. Cada año estas zonas aumentan cerca de 5% debido al crecimiento urbano: de 2010 a mayo del 2020 se registraron 130 de las zonas de inundación totales.
Además, hasta el 14 de septiembre del 2020, el Sistema de Monitoreo Atmosférico de Jalisco (SIMAJ) reportaba que, de los 258 días transcurridos del año en el AMG, 175 registraron mala calidad del aire con un valor por arriba de los 100 puntos IMECA (Índice metropolitano de la calidad del aire).
Mujeres que vuelven a tomar las calles
""Con el tema de salud se vuelve un momento súper oportuno para reflexionar sobre los beneficios de la bicicleta. Para las mujeres una vez más es un medio de emancipación"" señala Malena.
Desde su perspectiva como integrante de FemiBici, la pandemia ha destapado las deficiencias que tiene la ciudad en el tema de movilidad. Entre ellos la incapacidad para garantizar las medidas sanitarias del transporte público, utilizado como medio principal por 56.8% de los y las habitantes del AMG, según la encuesta de percepción ciudadana de Jalisco Cómo Vamos.
Por eso, las mujeres de la colectiva se proponen volver a tomar las calles en bicicleta después de varios meses de confinamiento. La misma Organización Mundial de la Salud (OMS) ha recomendado andar en bicicleta o caminar siempre que sea posible. De esa manera, se asegura la sana distancia y se cumple con el requisito mínimo para la actividad física diaria, que puede ser más difícil debido al trabajo desde casa.
Para algunas mujeres, la bicicleta es, además, una herramienta de libertad para llegar más lejos y que les ofrece independencia de los vehículos particulares y del transporte público.
""Soy yo y mi bici. Voy a cualquier lado, a donde me plazca y no tengo que depender de nada más"" como dice Malena.
Así como a ella, otras ciclistas coinciden que, ante el contexto de violencia que limita el actuar de las mujeres de manera libre y segura, la bicicleta las pone en una posición menos vulnerable que al caminar por las calles o usar el transporte público.
Muestra de ello es la encuesta ""Ser Mujer en Guadalajara"" 2018 de Jalisco Cómo Vamos, en la que siete de cada diez mujeres afirmaron haber sufrido algún tipo de acoso en su colonia en los 12 meses anteriores a la encuesta. De ellas, el 87% experimentó el acoso en la calle, el 19% en el transporte público y el 9% en la parada del camión, siendo estas las tres categorías con los porcentajes más altos.
Si quieres saber más sobre la biciescuela feminista del 19 de septiembre, puedes encontrar información en el evento de Facebook ""¡Retomemos las calles!""
Las integrantes de la colectiva FemiBici señalan que, debido a la situación actual de la pandemia, el cupo será más limitado que en otras sesiones, con el fin de ajustarse a las medidas sanitarias. Será indispensable el uso de cubrebocas, se mantendrá la sana distancia y se tomará la temperatura a las asistentes."
45,EL Informador,09-15-20,Bici Blanca crea campaña para uso de bicicleta en la metrópoli,trafilatura,trafilatura,3675,0.17,https://www.informador.mx/jalisco/Bici-Blanca-crea-campana-para-uso-de-bicicleta-en-la-metropoli-20200915-0116.html,,"Bici Blanca crea campaña para uso de bicicleta en la metrópoli
El colectivo comparte algunos consejos, así como las reglas de seguridad para transitar
En las primeras 24 horas de su lanzamiento, los consejos han sido visitados por más de 600 usuarios. EL INFORMADOR/ARCHIVO
El colectivo de Bicicleta Blanca lanzó la campaña ""Mis primeras rodadas"" para que los curiosos se animen a pedalear en el marco de la contingencia sanitaria por COVID-19 y la apertura de ciclovías emergentes en Guadalajara y Zapopan.
La campaña comparte las características de una bicicleta ideal conforme a la altura y talla de cada usuario, los accesorios indispensables para pedalear y las reglas de seguridad para transitar. La información se comparte a través de una presentación.
Para acceder, los interesados pueden ingresar al sitio cutt.ly/MisPrimerasRodadas o buscar el link en la página de Facebook de Bicicleta Blanca. ""Se trata de un newsletter que busca resolver dudas para primerizos, para que puedan optar por una movilidad no motorizada. Lo hacemos a una semana, es decir dentro del marco, de la celebración del Día Internacional Sin Automóvil"" explicó Elton Osorio, vocero del colectivo.
En las primeras 24 horas de su lanzamiento, los consejos han sido visitados por más de 600 usuarios.
Uno de los consejos es que al usar la bicicleta, la pierna que permanece debajo se mantenga ligeramente flexionada y al agarrar el manubrio las manos también queden ligeramente flexionadas. Además recomiendan el uso de prendas blancas para ser más visibles ante los automovilistas.
Asimismo, detallan la señalización que deben usar los ciclistas para informar sus movimientos es: flexionada la mano hacia arriba en 90 grados significa vuelta a la derecha, flexionada hacia abajo en 90 grados significa vuelta a la izquierda e inclinada en 45 grados hacia arriba significa alto.
Ciclovías disponibles
En Guadalajara las ciclovías se encuentran en:
- Avenida Reyes Heroles, entre la calle Edmundo Gámez Orozco y hasta Antonio de Castro.
- Avenida 8 de julio, entre la calle Tres de la Zona Industrial y la Avenida Washington.
- Avenida Revolución, entre Pérez Arce y Mota Padilla.
- Calzada del Federalismo, entre las avenidas Washington e Hidalgo
Además hay dos ciclovías ""emergentes"". Se les llama así, pues la autoridad toma un carril del tránsito vehicular y se le colocan adecuaciones de concreto para la seguridad y uso exclusivo de los ciclistas. La primera está ubicada en Avenida México entre Avenida Juan Palomar y Arias, y la calle Teatro de la República. La otra se encuentra en Avenida Hidalgo, entre López Mateos y el Centro Histórico.
En Zapopan las ciclovías se encuentran en:
- Avenida Parres Arias hasta avenida los Laureles (conecta con la Estación Zapopan Centro de la Línea 3 del Tren Ligero).
- Periférico Norte, inicia en el Campus Tec Milenio y termina en la Estación Periférico Norte de la Línea 2 del Tren Ligero.
- Avenida del Bajío, cambia por el nombre de Circuito JVC y va entre el crucero Ayamonte y las Villas Panamericanas.
Además hay tres ciclovías ""emergentes"". La primera se ubica en Avenida Guadalupe, entre Avenida Niño Obrero y Anillo Periférico. Las restantes se encuentran en obra y se ubican en Avenida Las Torres, entre Prolongación Guadalupe y Prolongación Mariano Otero; y Avenida Inglaterra hasta su cruce con Avenida México. En el caso de la última tiene una extensión menor a un kilómetro, pero se conecta al servicio de MiBici de Guadalajara.
JM
Lee También
Recibe las últimas noticias en tu e-mail
Todo lo que necesitas saber para comenzar tu día
Registrarse implica aceptar los Términos y Condiciones"
47,NTR Guadalajara,09-14-20,Fallan filtros sanitarios en el regreso de la Vía,trafilatura,trafilatura,1233,0.39,https://www.ntrguadalajara.com/post.php?id_nota=154715,,"Con fallas en los protocolos sanitarios implementados, ayer volvió la Vía RecreActiva al municipio de Zapopan tras seis meses sin operar.
NTR realizó un recorrido por el paseo dominical, habilitado sólo en avenida Patria, de Américas a Acueducto, y detectó a personas sin cubrebocas, así como nutridos contingentes. Además, no se observó a personal suficiente para vigilar el cumplimiento de las medidas.
Cuando se anunció su reapertura, el alcalde de Zapopan, Pablo Lemus Navarro, informó que sólo se permitirían actividades en familia y unipersonales.
Por su parte, el Municipio informó ayer que el paseo registró una afluencia superior a los 8 mil usuarios en el horario de 8 a las 14 horas.
Pese a las fallas detectadas por este medio, la directora de Desarrollo Comunitario y de la Vía RecreActiva Zapopan, Karen Gutiérrez Lascurain, informó en un comunicado que se pudo controlar la seguridad y protocolos sanitarios en el paseo.
El Municipio también aseguró que a lo largo del trayecto se habilitaron puntos de sanitización para la distribución de gel antibacterial, toma de temperatura y socialización de las indicaciones sanitarias y de prevención.
Aunque en Zapopan se reactivó, la Vía sigue suspendida en Guadalajara.
jl/I"
48,EL Informador,09-13-20,Acuden más de tres mil personas a reapertura de la Vía RecreActiva,trafilatura,trafilatura,2453,0.19,https://www.informador.mx/jalisco/Acuden-mas-de-tres-mil-personas-a-reapertura-de-la-Via-RecreActiva-20200913-0045.html,,"Acuden más de tres mil personas a reapertura de la Vía RecreActiva
Después de seis meses de suspensión por la pandemia, reinicia tramo en Zapopan
El tramo abierto es en Avenida Patria, desde Acueducto hasta Américas. TWITTER@SaludZapopan
En el reinicio de la Vía RecreActiva en una parte del trazo de Zapopan acudieron más de tres mil personas.
Después de seis meses de suspensión por la pandemia del COVID-19 este domingo se reinició la vía en el tramo de Avenida Patria desde Acueducto hasta Américas.
Karen Gutiérrez, directora de Desarrollo Comunitario y de la Vía RecreActiva del Ayuntamiento de Zapopan, explicó que fue un reinicio positivo y aseguró que se cuidaron todos los protocolos de seguridad y sanidad.
""Estamos muy contentos y emocionados con la expectativa de cómo iba a reaccionar la ciudadanía y la verdad muy bien"", sostuvo.
Inicialmente no se esperaba mucha gente y hasta al medio día se contabilizaban más de tres mil personas.
""Con un flujo muy tranquilo, la gente comportándose muy bien, todos con cubrebocas haciendo casos a las indicaciones se les ve felices y agradecidos no dejan de agradecer que se haya aperturado la Vía"", añadió.
La Vía RecreActiva reinició actividades este domingo para celebrar el 16 aniversario de su inauguración.
""Se puede controlar perfectamente la seguridad y los protocolos en relación al COVID19, es un espacio donde se puede estar con mucha seguridad, es un espacio abierto, con mucha distancia tenemos gente que está recordando a los usuarios que se ponga el cubrebocas y tenemos puntos de desinfección con gel antibacterial y se puede medir la temperatura"", agregó.
 
   La Vía RecreActiva está de regreso, la cual cuenta con la supervisión y apoyo de personal paramédico de Cruz Verde Zapopan.
 
 Un espacio de recreación seguro para ti y tu familia. ��""ï¸ï¿½ï¿½""ï¸ pic.twitter.com/oRXxAoYIDY
En una segunda etapa se contempla abrir el tramo completo de Avenida Patria y las cercanías al Parque Metropolitano.
""Queremos primero que nada probar, ver cómo nos iba ir viendo que tan fácil es operarla y controlarla y poco a poco ir abriendo otros temas, pero no tenemos seguras las fechas vamos a ver cómo va reaccionando la gente otros domingos para ir planeando y abriendo otros tramos"", concluyó.
IM
Lee También
Recibe las últimas noticias en tu e-mail
Todo lo que necesitas saber para comenzar tu día
Registrarse implica aceptar los Términos y Condiciones"
49,El Occidental,09-13-20,Ciudadanos disfrutan de la Vía RecreActiva en Zapopan,trafilatura,trafilatura,403,0.96,https://oem.com.mx/eloccidental/local/noticias-pandemia-bicis-deporte-ciudadanos-disfrutan-de-la-via-recreactiva-en-zapopan-13170973,,"Localdomingo, 13 de septiembre de 2020
Cada domingo habilitarán un tramo más de la vía, con los protocolos correspondientes de seguridad, a fin de evitar riesgos de contagios
LOCAL
Mirza Flores acusa a Morena de ""grillar"" y lucrar políticamente con el tema del agua
El delito por el que fue denunciado Eduardo N, es por acoso sexual
La víctima está protegida y hasta el momento se desconoce su identidad"
50,EL Informador,09-12-20,Restablecen servicio de MiBici; continúa anterior proveedor,trafilatura,trafilatura,1393,0.16,https://www.informador.mx/jalisco/Restablecen-servicio-de-MiBici-continua-anterior-proveedor-20200912-0012.html,,"Restablecen servicio de MiBici; continúa anterior proveedor
Reponen la licitación luego de que BKT Bici Pública demostrara cumplir con los requerimientos técnicos y bajara el precio de sus servicios
BKT Bici Pública S.A. de C.V. ha manejado el programa desde su inicio, en 2014. EL INFORMADOR/F. Atilano
El programa MiBici restableció sus operaciones al 100% tras otorgar la concesión a BKT Bici Pública S.A. de C.V., que desde 2014 maneja el servicio.
El contrato terminó el 31 de agosto. Sin embargo, tras cancelarse la licitación (en la que participaban cuatro compañías), los usuarios enfrentaron problemas.
Por esta situación, se anunció que los recargos serían suspendidos hasta que se eligiera a la empresa responsable.
A través de un comunicado, el Gobierno de Jalisco indicó que el proceso se repuso y BKT Bici Pública cumplió con los requerimientos técnicos en lo correspondiente a precio ofertado, calidad del servicio, plazo de entrega y valor de la propuesta.
Se resaltó que como respuesta a una petición del Comité de Adquisiciones de la Agencia Metropolitana de Infraestructura para la Movilidad (AMIM), BKT Bici Pública se comprometió a bajar el costo del servicio. No se especificó la cantidad.
Lee También
Recibe las últimas noticias en tu e-mail
Todo lo que necesitas saber para comenzar tu día
Registrarse implica aceptar los Términos y Condiciones"
52,NTR Guadalajara,09-12-20,Concesionan servicio MiBici; garantizan operatividad,trafilatura,trafilatura,1180,0.39,https://www.ntrguadalajara.com/post.php?id_nota=154638,,"La Agencia Metropolitana de Infraestructura para la Movilidad del Área Metropolitana de Guadalajara (AMIM) entregó la administración de servicio MiBici a la empresa BKT Bici Pública S.A. de C.V, informó la dependencia en un comunicado.
El acuerdo se hizo durante la Quinta Sesión Ordinaria del Comité de Adquisiciones y Enajenaciones de la AMIM con los representantes de los organismos empresariales y cámaras de Jalisco, donde resolvieron por unanimidad a favor de esta empresa ""para dar continuidad al servicio y reforzar las capacidades de supervisión"".
La agencia aseguró que la vigencia del contrato inició a partir del 8 de septiembre de este año, por lo que las ""actividades fueron retomadas por parte del operador y al día de hoy, el servicio de MiBici se realiza al 100 por ciento"", aseguró.
Asimismo, anunció que la empresa elegida para la operatividad se comprometió a bajar el costo del servicio.
""Con esta resolución y la firma de contrato, se restablecen los nuevos registros para usuarios, renovaciones en membresías, cambios en tarjetas bancarias e ingresos, tanto a página web como a la app MiBici para consultar el mapa de las estaciones"", subraya el boletín.
jl"
53,El Occidental,09-12-20,Es hora de pedalear... la Vía RecreActiva regresa en Zapopan,trafilatura,trafilatura,311,0.67,https://oem.com.mx/eloccidental/local/es-hora-de-pedalear-la-via-recreactiva-regresa-en-zapopan-15906221,,"Localsábado, 12 de septiembre de 2020
Ciudadanos piden se habilite en su totalidad
LOCAL
Mirza Flores acusa a Morena de ""grillar"" y lucrar políticamente con el tema del agua
El delito por el que fue denunciado Eduardo N, es por acoso sexual
La víctima está protegida y hasta el momento se desconoce su identidad"
54,EL Informador,09-11-20,Concesionan proyecto MiBici a antigua proveedora,trafilatura,trafilatura,2411,0.15,https://www.informador.mx/jalisco/Licitan-el-proyecto-MiBici-a-empresa-de-siempre-20200911-0102.html,,"Concesionan proyecto MiBici a antigua proveedora
El servicio restablece sus operaciones tras entregarse la concesión a la firma BKT Bici Pública
El servicio se reactivó desde el pasado 8 de septiembre. EL INFORMADOR/ARCHIVO
El programa de MiBici anunció que restableció sus operaciones al 100% tras otorgar la concesión a BKT Bici Pública S.A. de C.V., empresa que desde que inició el programa (en 2014) maneja el servicio.
Hace una semana, se evidenció que MiBici tenía fallas en el servicio y esto se debía a que desde el 1 de septiembre no existía empresa responsable de éste, pues la licitación se canceló porque la Agencia Metropolitana de Infraestructura para la Movilidad (AMIM) y los representantes de cámaras empresariales -que son integrantes del Comité de Adjudicaciones de la Agencia- no llegaron a un acuerdo.
A través de un comunicado, MiBici aseguró que la empresa concesionada ""cumple con los requerimientos técnicos al ser evaluados los aspectos de precio ofertado, calidad del servicio, plazo de entrega y valor de la propuesta"" y que en esta ocasión ""la decisión se resolvió en unanimidad a favor de la empresa BKT Bici Pública"".
Anteriormente, los representantes de cámaras empresariales solicitaron que se diera la oportunidad a la empresa Periferia Ejecutiva, pues ofertaba el servicio por un cobro de 27 millones de pesos, mientras que la propuesta de BKT Bici Pública era de 36 millones de pesos.
Al respecto, MiBici sólo detalló que ""la empresa elegida se comprometió a bajar el costo del servicio"", sin especificar la cantidad a entregar ni el tiempo del servicio. De acuerdo al programa, el servicio se reactivó desde el pasado 8 de septiembre para los 86 mil usuarios.
Con ello, agregaron, se restablecen los registros de usuarios nuevos, renovaciones de membresías, cambios en tarjetas bancarias e ingresos, y función tanto de la página web como de la app para consultar las estaciones.
Sobre el centro de atención a usuarios ubicado en Avenida Federalismo #403, mencionaron que se atenderá conforme a previa cita a través del teléfono 33 3002 2424 o vía redes sociales para agendar los días martes y jueves de 9:00 a 11:00 y de 14:00 a 16:00 horas, y los sábados de 10:00 a 14:00 horas.
JM
Lee También
Recibe las últimas noticias en tu e-mail
Todo lo que necesitas saber para comenzar tu día
Registrarse implica aceptar los Términos y Condiciones"
55,Meganoticias,09-11-20,Reponen licitación de Mi Bici y queda mismo proveedor,trafilatura,trafilatura,3973,0.56,https://www.meganoticias.mx/guadalajara/noticia/reponen-licitacion-de-mi-bici-y-queda-mismo-proveedor/179643,,"Corrupción
                                                                    
                                                Por:
                                                                    José Carlos Rodríguez Toral
                     
                    
Guadalajara
Fecha: 11-09-2020
                                        Guadalajara
Fecha: 11-09-2020
Concluyó el proceso legal que generó problemas en el servicio del programa de bicicleta pública ""Mi Bici"", tras reponerse un fallo de licitación que fue señalado de irregular por representantes de las cámaras empresariales. Finalmente, la empresa de siempre, BKT BICI PÚBLICA, se quedó con la operación por el resto del año, según la nueva acta de fallo.
El conflicto legal comenzó el 5 de junio, cuando representantes empresariales exigieron que el contrato se diera a la empresa PERIFERIA EJECUTIVA, que presentó la propuesta más económica. Al negarse el Gobierno de Jalisco a cambiar de proveedor, canceló el proceso, lo que fue señalado de irregular por representantes de cámaras empresariales en el Comité de Adquisiciones. 
PROPUESTAS ECONÓMICAS PARA OPERAR MI BICI
- Interpretación de Ciudad: $39,827,364.99
- BKT Bicipública: $33,420,917.71
- Monexlub: $26,460,000.00
- Periferia Ejecutiva: $25,710,000.00
Según el nuevo fallo de la licitación, definido el pasado 8 de septiembre, el apoderado legal de la empresa Periferia Ejecutiva presentó un recurso de inconformidad, por lo que tuvo que reponerse el proceso con la intervención del Órgano Interno de Control de la Agencia Metropolitana de Infraestructura para la Movilidad y de la Contraloría del Estado.
Mientras se reponía el proceso, el sistema de Mi Bici quedó sin proveedor, generando problemas para usuarios al haber una falta de distribución de bicicletas, mala atención al público y un sistema paralizado que no permitía cambios en las cuentas o la inscripción de nuevos suscriptores.
Finalmente, en el nuevo fallo se descalificó a tres de cuatro concursantes en la licitación, por lo que el único restante se quedó con la operación del sistema por lo que resta del año: BKT Bicipública, que es la empresa que desde el 2014 está a cargo del servicio, la cual recibirá 20 millones 317 mil pesos por la operación desde este mes de septiembre y hasta fin de año, poco más de 5 millones al mes.
RAZONES PARA DESCALIFICAR CONCURSANTES
- Interpretación de Ciudad : superó el techo presupuestal, que era de 38 millones de pesos.
- Monexlub: impuntualidad, pues llegó tarde a la sesión de presentación de propuestas.
- Periferia Ejecutiva: documento ilegible de obligaciones fiscales, no fue foliada la propuesta económica y el objeto social de la empresa no es afín con Mi Bici.
El objeto social de Periferia Ejecutiva, la empresa con la propuesta más económica y que se inconformó con el proceso, es: PROMOCIONAR, PRESTAR Y RECIBIR TODA CLASE DE SERVICIOS ADMINISTRATIVOS, TÉCNICOS, DE CONSULTORÍA Y DE ASESORÍA PROFESIONAL, según el acta constitutiva del Registro Público del Comercio. 
Durante la sesión para definir el nuevo fallo, representantes empresariales hicieron sugerencias para el servicio de Mi Bici, como la necesidad de un descuento solidario del costo para usuarios durante la pandemia, pedir austeridad y recortar la propuesta económica del proveedor, reforzar la seguridad de los usuarios ante incremento de robos y mejorar el servicio de forma inmediata.
La empresa ganadora, BKT BICI PÚBLICA, opera también el servicio público de bicicletas en Toluca, y tiene relaciones políticas en Jalisco, pues uno de los socios, Mario Delgado Padilla, es hermano del Coordinador General de Comunicación del Gobierno del Estado, Carlos Delgado Padilla. La empresa que le disputó el servicio, PERIFERIA EJECUTIVA, también tiene relaciones políticas, pues el propietario, Luis Cueto Palacios, es socio en la empresa STSCOM del Secretario de Desarrollo Económico del Gobierno de Jalisco, Ernesto Sánchez Proal."
58,El Informador,09-09-20,Licitación fallida atora planes para crecer programa MiBici,trafilatura,trafilatura,3566,0.2,https://www.informador.mx/jalisco/Licitacion-fallida-atora-planes-para-crecer-programa-MiBici--20200909-0027.html,,"Licitación fallida atora planes para crecer programa MiBici
La Agencia de Infraestructura para la Movilidad incumple un objetivo de su plan anual de trabajo; además presenta carencias en transparencia y rendición de cuentas
La previsión era invertir 142.6 millones para crecer la red en la zona metropolitana. EL INFORMADOR/F. Atilano
Con el fallido proceso de licitación del sistema para la operación del programa MiBici, la Agencia de Infraestructura para la Movilidad del írea Metropolitana de Guadalajara (AMIM) incumplió uno de los objetivos de su plan anual de trabajo, en el que planteó que consolidaría el sistema de bicicletas públicas, manteniéndolo en condiciones óptimas.
En el documento, destaca que invertiría 142.6 millones de pesos (MDP) para la operación del programa, en tareas como incrementar la red de estaciones, reforzar la supervisión, monitoreo y capacidades operativas. Actualmente, MiBici tiene 274 estaciones, dos mil 925 unidades y 16 camionetas de rebalanceo.
La Agencia presenta información incompleta en su portal de Transparencia. No publica su padrón de proveedores y advierte que, por ser un Organismo Público Descentralizado Intermunicipal con la participación del Poder Ejecutivo estatal, firmó un convenio con la Secretaría de Administración para que ésta cuente con el listado de proveedores.
Tampoco publica sus informes trimestrales de actividades. Se solicitó entrevista con el titular de la AMIM sobre las fallas en MiBici, pero no hubo respuesta.
Desde junio del año pasado, la Agencia reporta 37 compras (nueve fueron adjudicaciones directas). La de mayor monto (16.5 MDP), en refacciones. También ha realizado 28 licitaciones. Finalmente, no publica su nómina, ya que todo su personal se encuentra comisionado por parte de la Secretaría de Transporte (Setran).
Los antecedentes""¦
Cancelado. La Agencia de Infraestructura para la Movilidad canceló el concurso de licitación del servicio de operación del Sistema de Bicicletas Públicas MiBici con el argumento de que la empresa Periferia Ejecutiva, que presentó la oferta económica más baja (27 millones de pesos), no contaba con solvencia técnica para garantizar la calidad del servicio a los usuarios.
Opción. El titular de la Agencia y del comité de adquisiciones, Adrián López González, planteó entregar la concesión a la empresa BKT Bici pública. Afirmó que ésta cumplió con los requerimientos técnicos y su propuesta económica de 36 MDP, aunque no fue la más baja, estaba ""dentro del techo presupuestal de la licitación"".
Reacción. Los integrantes del Comité de Adquisiciones representantes de la Cámara de Comercio de Guadalajara, del Consejo Coordinador de Jóvenes Empresarios, del Consejo Mexicano de Comercio Exterior y del Consejo Agropecuario plantearon que la licitación se adjudicara a la oferta más económica y rechazaron entregarla a BKT Bici pública, que la tenía desde 2014.
Riesgos. Los representantes de la iniciativa privada advirtieron ""ilegalidades"" en el proceso de licitación, falta de argumentos para volver a dársela a BKT Bici pública y afectación a los usuarios de MiBici por la judicialización del proceso.
Improcedente. Según del acta de la sesión en la que se canceló la licitación, el titular del írgano Interno de Control de la AMIM, Eder Sánchez, subrayó que no había fundamentos para proceder a la cancelación.
Lee También
Recibe las últimas noticias en tu e-mail
Todo lo que necesitas saber para comenzar tu día
Registrarse implica aceptar los Términos y Condiciones"
60,Trafico ZMG,09-09-20,Vía Recreactiva en Zapopan aun no debe iniciar operaciones según encuesta,trafilatura,trafilatura,2689,1.07,https://traficozmg.com/2020/09/via-recreactiva-en-zapopan-aun-no-debe-iniciar-operaciones-segun-encuesta/,,"Vía Recreactiva en Zapopan aun no debe iniciar operaciones según encuesta
Pese a que el Gobierno de Zapopan anunció que a partir de este domingo reiniciará operaciones la Vía Recreactiva únicamente en el tramo de la avenida Patria, tapatíos consideran que el municipio aún no está listo para su reapertura, ante los más de 56 mil contagios por COVID-19 en el estado que actualmente registra la Secretaría de Salud Jalisco.
En una encuesta realizada en nuestras redes sociales para los seguidores de Tráfico ZMG, el 71 por ciento de los votantes manifestaron su inconformidad con esta decisión al considerarla ""apresurada"" y de riesgo para la ciudadanía, mientras que el 29 por ciento de votantes consideró que la reapertura de esta vía será una oportunidad para fomentar la actividad física.
""Experimentos con seres humanos por parte del Gobierno de Zapopan, así piensa el gobierno, a ver cuántos van y se contagian y de ahí vemos"", expresó Raúl Martínez Felix.
""Me imagino que ya terminó la pandemia ¿o es el mensaje que el gobierno está mandando?, comentó Richard Bol.
Luego de casi seis meses de permanecer inactiva, este domingo la Vía recreativa reiniciará operaciones pero únicamente en el municipio de Zapopan
¿Consideras que estamos listos para la reapertura de la Vía Recreativa?
— TráficoZMGuadalajara (@Trafico_ZMG) September 9, 2020
En unanimidad, nuestros seguidores expusieron que tanto el Ayuntamiento de Zapopan como el Estado, deben promover el uso de bicicleta en las ciclovías de la ciudad, así como que la gente realice actividades físicas en unidades deportivas y parques.
""No sé en otros lados, pero ¡la vía de Tabachines es más caótica que recreactiva! Básicamente todo el tiempo está sola y con las obras (lentas y poco eficientes) que hay sobre periférico se pone peor. Lo que necesitan es verdadero trabajo de campo para planear mejor las cosas"", reifirió Ed Mendoza.
Por su parte, Pablo Lemus Navarro aseguró que esta nueva reapertura que comprenderá los tramos del Centro Comercial Andares y la zona de Atemajac, se llevará a cabo con estrictas medidas sanitarias, aunado a la limitación de personas y actividades unipersonales.
En lo que respecta a otras alcaldías como Guadalajara, Tlaquepaque y Tonalá, aún no han estipulado una fecha para la reapertura de Vías Recreactivas, pues todavía se analizan los protocolos sanitarios a implementar.
De acuerdo con la Organización Mundial de la Salud (OMS), un nivel adecuado de actividad física en los adultos reduce el riesgo de hipertensión, cardiopatía, diabetes, cáncer de mamá, así como de depresión y mejora en la salud ósea y funcional.
IA
Te puede interesar: Siteur anuncia horario de arranque de la Línea 3"
61,EL Informador,09-08-20,"Este domingo reinicia la Vía RecreActiva, pero solo en Zapopan",trafilatura,trafilatura,2360,0.17,https://www.informador.mx/jalisco/Este-domingo-reinicia-la-Via-RecreActiva-pero-solo-en-Zapopan-20200908-0064.html,,"Este domingo reinicia la Vía RecreActiva, pero solo en Zapopan
El recorrido dominical volverá a funcionar únicamente en el tramo que va de Acueducto a Atemajac; piden a los asistentes usar cubrebocas
El 15 de marzo fue el último día que operó la Vía RecreActiva en la Zona Metropolitana de Guadalajara. EL INFORMADOR / ARCHIVO
Luego de casi seis meses de permanecer inactiva, desde su suspensión anunciada el pasado 14 de marzo ante el impacto de la pandemia por el coronavirus en nuestro Estado, este domingo la Vía RecreActiva reiniciará operaciones, pero únicamente en Zapopan.
Este martes el alcalde Pablo Lemus Navarro durante su quinto Informe de Gobierno, informó que la Vía RecreActiva se llevará a cabo, pero con ""estrictas medidas sanitarias"" y únicamente para actividades en familia y unipersonales, pues de ninguna manera se permitirán actividades en grupo.
""El domingo regresamos a la bicicleta, a volver a pasear a nuestras mascotas. Sostengo que en la nueva normalidad nuestra prioridad seguirá siendo abrir aquellos espacios que fomenten el deporte, la cultura y la educación de las y los zapopanos"", expresó.
La Vía RecreActiva, dijo, será reabierta únicamente sobre la avenida Patria, del tramo que compone de la avenida Acueducto a la zona de Atemajac, y después de ello ""cada domingo se irá abriendo una nueva zona de la Vía"", mientras tanto, pidió a los asistentes a que acudan con gel antibacterial y cubrebocas y añadió que durante el transcurso de la misma se estará tomando la temperatura de manera aleatoria.
Sin embargo, las alcaldías de Guadalajara, Tlaquepaque y Tonalá, donde también hay Vías RecreActivas, informaron que hasta el momento no hay una fecha para la reapertura de esta actividad en dichos municipios, pues todavía se analizan los protocolos para llevarlo a cabo.
""Recordemos que la pandemia sigue y la invitación es a salir solamente a actividades esenciales y con todas las medidas de prevención"", expresó por su parte el alcalde tapatío, Ismael Del Toro.
En tanto, el ayuntamiento de Tonalá señaló que su prioridad se ha enfocado en la reactivación económica y todavía ""no quieren aumentar la movilidad de las personas"".
Lee También
Recibe las últimas noticias en tu e-mail
Todo lo que necesitas saber para comenzar tu día
Registrarse implica aceptar los Términos y Condiciones"
62,NTR Guadalajara,09-07-20,"MiBici, con fallas y en problemas",trafilatura,trafilatura,2440,0.37,https://www.ntrguadalajara.com/post.php?id_nota=154368,,"Desde que inició el mes usar el servicio de MiBici se volvió una odisea para los usuarios.
La Agencia Metropolitana de Infraestructura para la Movilidad (AMIM) canceló el 5 de junio la licitación para la contratación de una empresa que se hiciera cargo del sistema de bicicleta pública, por lo que el mantenimiento, organización y atención a los usuarios quedó a cargo, en automático, de la dependencia, la cual no tiene equipo, recursos materiales ni personal para hacerse cargo.
La empresa BKT Bicipública, SA de CV, tuvo la concesión del programa desde que éste surgió y hasta el 31 de agosto, pero ya no fue renovada. Tampoco se contrató a Periferia Pública, SA de CV, empresa competidora que también participó en la licitación que fue cancelada.
Lo anterior tuvo consecuencias en la calidad del servicio y quienes la pagaron fueron los usuarios. La semana pasada, en redes sociales se empezaron a difundir diversas quejas por saturación de estaciones céntricas y otras fallas. Al buscar respuestas, usuarios se encontraron con oficinas de MiBici cerradas y teléfonos y correos electrónicos en los que no contestan. La aplicación tampoco funciona al 100 por ciento.
""El día de ayer y el día de hoy prácticamente todas las estaciones en la Zona Centro de Guadalajara estaban llenas. Tardé más de 40 minutos en encontrar un lugar, qué pésimo su servicio y para variar en ninguna estación funciona la pantalla para solicitar tiempo extra"", comentó Jorge, uno de los tantos usuarios que batalló con MiBici durante el fin de semana.
Ante las quejas de usuarios, la AMIM emitió un video en redes sociales para pedir disculpas, pero minimizó el problema al delimitarlo sólo a ""las últimas horas"".
""Desde hace unas horas, el sistema de MiBici ha presentado algunas deficiencias en el servicio debido a problemas administrativos y jurídicos que estamos a punto de resolver. En primer lugar, desde la agencia queremos pedir una disculpa a todos los usuarios de MiBici por todos los problemas que esto pueda causar"", señaló el director de la AMIM, Adrián López González.
NTR buscó en reiteradas ocasiones tener una entrevista con el director de la AMIM para que pudiera resolver dudas de los usuarios, pero no hubo respuesta.
A la fecha se desconoce cuándo se restablecerá el servicio, si se condonarán las multas y sanciones a quienes excedieron los tiempos del sistema ante la saturación en estaciones y cómo podrán comunicarse con la AMIM.
jl/I"
63,NTR Guadalajara,09-07-20,"Tras quejas, Mi Bici elimina recargos a usuarios",trafilatura,trafilatura,1845,0.26,https://www.ntrguadalajara.com/post.php?id_nota=154382,,"NTR Guadalajara publicó hoy que usuarios de Mi Bici se inconformaron en redes sociales por la baja en la calidad del servicio tras la terminación del contrato con BKT Bici Pública el 31 de agosto. La Agencia Metropolitana de Infraestructura para la Movilidad (AMIM) tuvo que improvisar para dar un servicio emergente, pero deficiente ante la vista de los ciclistas.
""Mientras se repone el concurso para asignar la operación de MiBici, el servicio es prestado de manera emergente por personal de la AMIM, quienes realizan un enorme esfuerzo con los recursos y capacidades disponibles en la Agencia"", detalló la AMIM.
Justo hoy, la AMIM emitió un comunicado para reiterar que las fallas en el modelo se deben a problemas administrativos y jurídicos. Y ante la queja de usuarios, optaron por condonar los recargos que se generen en los viajes mientras no resuelvan qué empresa se encargará de Mi Bici.
""Durante el anterior proceso de licitación donde se elegiría al operador del servicio, se presentaron inconformidades legales que paralizaron todas las acciones administrativas relacionadas con el sistema, por lo que en estos momentos no se pueden realizar registros al programa, bajas ni cambios administrativos o bancarios en las cuentas de los usuarios"", justificó.
Abundó la dependencia que, como recomendaciones para tratar de mitigar las deficiencias en el servicio, planear recorridos y revisar la disponibilidad de espacios en las estaciones en la app móvil PBSC para realizar un correcto anclaje en los puertos. Si la estación está llena, pueden solicitar tiempo adicional en los kioscos que cuenten con pantalla.
La atención para reportes y/o dudas de usuarios será a través de las redes sociales @mibicipublica y en el teléfono 33 3002 2424 (BICI). No habrá nuevas suscripciones hasta que se restablezca el servicio en su totalidad.
EH"
66,Publimetro,09-07-20,Enfrenta el programa MiBici de Guadalajara uno de sus momentos más complicados,trafilatura,trafilatura,536,1.63,https://www.publimetro.com.mx/,,"Activan contingencia ambiental en CDMX y Edomex por altos niveles de ozono
Activan contingencia ambiental por ozono en CDMX y Edomex. Consulta qué autos no circulan este domingo y las recomendaciones de la CAMe
Por Antonio Ramírez
Activa las notificaciones
El excampeón de peso mosca derrotó a Joseph Morales por decisión dividida en Noche UFC
Por Irving Chávez
Cargando ediciones...
Más de 20 años en Visa y dos países liderados: así llegó Francisco Valdivia a dirigir la operación en México, después de vivir la revolución tecnológica"
70,El Informador,09-05-20,"Tras término de contrato, dejan en el aire operación de MiBici",trafilatura,trafilatura,3310,0.2,https://www.informador.mx/jalisco/Tras-termino-de-contrato-dejan-en-el-aire-operacion-de-MiBici-20200905-0015.html,,"Tras término de contrato, dejan en el aire operación de MiBici
Después de que el fallo de la licitación fuera cancelado, usuarios padecen fallas como la inadecuada distribución de bicicletas entre las estaciones y nula atención telefónica
Los usuarios del programa MiBici batallan con ese sistema de movilidad no motorizada y aseguran que nadie responde a sus solicitudes de atención. EL INFORMADOR/F. Atilano
Desde hace cuatro días, Víctor ha tenido problemas para anclar una de las unidades del sistema de bicicleta pública, MiBici, cuando termina su traslado.
""Me subo a la bici y todo bien, pero al llegar a donde iba me encuentro con que la estación tiene todos los espacios ocupados"".
Esto lo han enfrentado al menos otros 10 entrevistados por este medio.
La situación se debe a que, desde el 31 de agosto, BKT Bici Pública S.A. de C.V., la empresa pionera del proyecto y la única que ha brindado ese servicio desde 2014, terminó su contrato.
A partir del 1 de septiembre, otra compañía debió tomar la operación. Sin embargo, la Agencia Metropolitana de Infraestructura para la Movilidad (AMIM) canceló la licitación que tenía en puerta para dictaminar cuál sería la firma que se encargaría de este programa.
Las cuatro participantes eran Interpretación de Ciudad, Periferia Ejecutiva, BKT Bici Pública y Monexlub.
El 5 de junio, la AMIM notificó que el proceso se anulaba. Por escrito detalló que, si bien el dictamen y la evaluación señalan a BKT Bici Pública como la mejor opción, los representantes de cámaras empresariales, integrantes del Comité de Adjudicaciones de la Agencia, no concordaron con esa determinación.
Mientras, los usuarios lidian con ese sistema de movilidad no motorizada y afirman que nadie responde a sus solicitudes de atención.
MiBici reconoce falla; los usuarios batallan
A través de su perfil de Twitter, el programa de MiBici ofreció disculpas por el ""desbalance temporal"" de la oferta de bicicletas en las estaciones y aseguró que ""se debe a situaciones administrativas y jurídicas"" el hecho de que los usuarios batallen con el servicio.
Ciclistas aseguraron que cuando el servicio se satura o tiene fallas, generalmente contestaban a la brevedad por teléfono, redes sociales o en la oficina.
Sin embargo, este diario comprobó que actualmente no hay atención en redes sociales ni vía telefónica, y la oficina ubicada en Federalismo #403 permanece cerrada.
Trabajadores que se dedican a recoger las bicicletas de las estaciones aclararon que son empleados de la Agencia Metropolitana de Infraestructura para la Movilidad (AMIM), pero no responsables del programa y, debido a que la empresa BKT Bici Pública dejó de tener concesión con el Gobierno como operadora del servicio, están de apoyo.
Las quejas son diversas. Desde Víctor, quien recorre estación tras estación para que ""nadie me gane el espacio que está disponible para la bicicleta que traigo"", hasta Patricia, quien tuvo que llevársela a su casa, pues no encontraba lugar para anclarla.
La AMIM no respondió sobre la licitación del proyecto o fecha de compromiso con los usuarios para restablecer el servicio.
Lee También
Recibe las últimas noticias en tu e-mail
Todo lo que necesitas saber para comenzar tu día
Registrarse implica aceptar los Términos y Condiciones"
71,El Informador,09-03-20,Reportan fallas en MiBici,trafilatura,trafilatura,2083,0.15,https://www.informador.mx/jalisco/Reportan-fallas-en-MiBici-20200903-0128.html,,"Reportan fallas en MiBici
Denuncian que el programa no tiene un balanceo de bicicletas en las estaciones
EL INFORMADOR/ARCHIVO
Usuarios de MiBici han reportado a través de redes sociales que el programa no tiene un balanceo de bicicletas en las estaciones, además de que hay nula atención telefónica y de oficinas.
Esto ha llevado a que usuarios no tengan dónde dejar la bicicleta al finalizar el recorrido y opten por llevársela consigo, pues no encuentran dónde dejarlas sin que les cobren recargos.
En ese caso está Claudia, quien ayer regresaba del trabajo en MiBici. Al llegar a la estación más cercana a su casa, se percató que no había espacio para dejar la bicicleta. Luego revisó y ninguna de las otras estaciones cercanas a su casa contaban con espacio.
""Por la hora, que eran entre nueve y media y diez de la noche, pensé que sería peligroso moverme a una estación donde había espacio, así que decidí llevármela a casa"" dijo Claudia.
Aunque no le respondieron a sus dudas ni le auxiliaron, minutos después Claudia recibió una llamada de personal de la Agencia Metropolitana de Servicios de Infraestructura para la Movilidad (AMIM). ""Me dijeron que tenía un viaje abierto y les expliqué todo. Fueron a casa y pedí que no me realizaran el cargo por algo que no tuve la culpa"".
Hasta la fecha, Claudia no sabe si ese cargo se realizó, pues la página web no funciona y no puede ver si existe el recargo.
Otra de las usuarios inconformes es Patricia, quien explicó que no pudo tomar una bici de su trabajo para llegar a casa, ubicada en la zona de Forum, pues la aplicación le marcaba que las estaciones cercanas a su casa se encontraban llenas.
Diego Ornelas, también usuario, aseguró que en la estación de Plaza Universidad el servicio se encontraba saturado a las tres de la tarde. Luego de las denuncias este diario cuestionó a la Agencia, pero sólo respondió que se revisa el tema.
JM
Lee También
Recibe las últimas noticias en tu e-mail
Todo lo que necesitas saber para comenzar tu día
Registrarse implica aceptar los Términos y Condiciones"
73,NTR Guadalajara,08-20-20,Van por ciclovías para el oriente,trafilatura,trafilatura,1252,0.42,https://www.ntrguadalajara.com/post.php?id_nota=153526,,"El Ayuntamiento de Guadalajara informó que prepara ciclovías emergentes para el oriente de la ciudad. Los trabajos buscarán unir tramos o ampliarlos y contarán con una inversión de 300 mil pesos.
Actualmente la ciudad cuenta con 57 ciclovías con una extensión de 83.67 kilómetros.
El alcalde de Guadalajara, Ismael del Toro Castro, mencionó que una de las nuevas ciclovías se ubicará por la calle Gigantes. Su función será conectar al Centro con la calle 34. Medirá 6 kilómetros.
El edil recordó que anteriormente se anunciaron ciclovías emergentes en las avenidas Hidalgo y México.
""Son tramos de vialidades que en algún otro tramo tienen infraestructura de ciclovía, pero que no conectaban"", detalló.
Por otro lado, el Municipio dio a conocer los avances de los trabajos de la política llamada Tú y La Ciudad por una Guadalajara tranquila y ordenada, la cual contempla el índice de seguridad ciudadana, compuesto por tres rubros: dinámicas comunitarias, condiciones de vulnerabilidad y riesgo de las colonias, y mejora del entorno urbano y del espacio público.
La política, recordó el alcalde, busca incidir en mejoras del entorno urbano y del espacio público. Para que dé resultados se han destinado mil 500 millones de pesos para obra pública.
jl/I"
74,Canal 44,08-20-20,Las ciclovías crecerán con el objetivo de evitar cada vez más el uso del transporte público,trafilatura,trafilatura,221,0.83,https://www.youtube.com/watch?v=sQs4oTvPDTg,,"Acerca de
Prensa
Derechos de autor
Comunicarte con nosotros
Creadores
Anunciar
Desarrolladores
Condiciones
Privacidad
Políticas y seguridad
Cómo funciona YouTube
Prueba funciones nuevas
NFL Sunday Ticket
© 2026 Google LLC"
75,El Occidental,08-19-20,"Aquí los avances de ""Tú y la ciudad, por una Guadalajara tranquila y ordenada""",trafilatura,trafilatura,370,0.97,https://oem.com.mx/eloccidental/local/noticias-ismael-del-toro-aqui-los-avances-de-tu-y-la-ciudad-por-una-guadalajara-tranquila-y-ordenada-15838403,,"Localmiércoles, 19 de agosto de 2020
Este proyecto busca generar un mejor entorno social para la prevención de la violencia y la delincuencia
LOCAL
Mirza Flores acusa a Morena de ""grillar"" y lucrar políticamente con el tema del agua
El delito por el que fue denunciado Eduardo N, es por acoso sexual
La víctima está protegida y hasta el momento se desconoce su identidad"
76,Quadratin,08-19-20,Desarrollan en Puerto Vallarta sistema de ciclovía,trafilatura,trafilatura,1832,0.66,https://jalisco.quadratin.com.mx/principal/desarrollan-en-puerto-vallarta-sistema-de-ciclovias/,,"Atacan y hieren a balazos a líder de buscadoras en Culiacán
                
                
Guadalajara, Jal. a 29 de agosto de 2026            
        
              19 de agosto de 2020                  
            
 , 
             
              19:31 
            
          
            
            Javier Frías/ Quadratín Jalisco            
          
        PUERTO VALLARTA, Jal., 19 de agosto de 2020.- Con el objetivo de contar con una mejor movilidad en la ciudad, que brinde a la ciudadanía opciones más sustentables, el gobierno municipal, a través del programa Vallarta Avanza, trabaja en la creación de un sistema de ciclovías en diversas vialidades.
Uno de los proyectos contempla la Avenida México, en donde este miércoles autoridades y representantes de los distintos colectivos ciclistas, realizaron un recorrido para conocer este proyecto, además de intercambiar puntos de vista y seguir trabajando en equipo por la seguridad de quienes hacen uso todos los días de estos vehículos no motorizados.
 
Con Vallarta Avanza, se busca intervenir esta avenida con una ciclovía bidireccional, ""para seguir impulsando el tema de la micromovilidad.
""Queremos que haya un transporte alternativo, generar conciencia en todos los ciudadanos de que tenemos que movernos de manera diferente"", dijo el titular de Proyectos Estratégicos del gobierno local, Guillermo Salcedo Guerrero. 
 
El proyecto contempla la colocación de botallantas para la protección de los ciclistas, la generación de una ciclovía en ambos sentidos y un proyecto de señalización en todos los cruceros o intersecciones, para cuidar del peatón y del ciclista.
Rebasa México 58 mil muertes por Covid 19
              
                                  
                
                 De varias cuchilladas joven le quitó la vida a su tío en Tonalá"
78,Zonadocs,08-16-20,Instalan séptima bicicleta blanca del año en honor a Carolina,trafilatura,trafilatura,2553,0.69,https://www.zonadocs.mx/2020/08/16/instalan-septima-bicicleta-blanca-del-ano-en-honor-a-carolina/,,"El pasado 15 de agosto se instaló una bicicleta blanca en honor a Carolina, una mujer ciclista que una semana antes fue atropellada en el cruce de avenida Aviación y Antiguo Camino a Tesistán. Su muerte es la séptima de un ciclista en el 2020, y la tercera relacionada con el transporte público.
Texto y fotografías por Ximena Torres / @ximena_tra
Carolina, era una mujer ciclista que el pasado sábado 8 de agosto murió atropellada por una unidad del transporte público de la ruta 24-A, en el cruce de avenida Aviación y Antiguo Camino a Tesistán. Una semana después, se instaló en el mismo sitio donde ocurrió el fatal accidente, una bicicleta pintada de blanco que representa la cicatriz que la muerte de la ciclista dejó en la ciudad.
El evento se realizó después de que un grupo de aproximadamente 20 personas viajó en bicicleta desde la Basílica de Nuestra Señora de Zapopan, hasta la intervención en la colonia Nuevo México del municipio de Zapopan.
El homenaje realizado por Bicicleta Blanca es el séptimo que la organización de la sociedad civil instala en el Área Metropolitana de Guadalajara (AMG) en 2020 y el tercero por una muerte relacionada con el transporte público.
Desde 2009, Bicicleta Blanca tiene registro de 261 muertes ciclistas en accidentes viales. Por cada una de ellas ha colocado una bicicleta como un símbolo de la unidad de la comunidad ciclista, un reclamo para exigir una ciudad más segura y una manifestación pacífica pero visible ante los ojos de los transeúntes:
""Tenemos varios años trabajando en temas de movilidad no motorizada. Específicamente fomentando el uso de la bicicleta como medio de transporte y la implementación de infraestructura que dote de un espacio libre y seguro para todos. Lo veníamos platicando entre todos, este es un punto súper conflictivo porque hay una alta afluencia vehicular y en esta ocasión el agraviante es el un transporte público"" dijo Silvina Razo, integrante de Bicicleta Blanca.
Después de la instalación, las y los integrantes de Bicicleta Blanca realizaron una auditoría vial en el crucero del siniestro con ayuda del Pap Movilidad Urbana Sustentable de la Universidad ITESO y tomando en cuenta la metodología del Instituto de Políticas para el Transporte y el Desarrollo (ITDP por sus siglas en inglés) México.
Con esto buscan identificar la infraestructura vial que hace falta o se debe adecuar para que la movilidad sea más segura y accesible para todos y todas. Los resultados servirán para hacer peticiones puntuales a las autoridades sobre las intervenciones necesarias."
79,Pagina 24,08-16-20,Analizarán los cruceros peligrosos para ciclistas,trafilatura,trafilatura,2455,0.6,https://pagina24jalisco.com.mx/2020/08/16/local/analizaran-los-cruceros-peligrosos-para-ciclistas/,,"Ponen bicicleta blanca para recordar la más reciente víctima
Por Elizabeth Ríos Chavarría
El colectivo Bici Blanca llevará a cabo auditorías en puntos en donde se hayan registrado accidentes con ciclistas involucrados, con la finalidad de detectar los puntos que necesiten intervención de las autoridades estatales y así evitar más muertes al respecto.
El pasado 8 de agosto murió Carolina a causa del transporte público, en el cruce de la avenida Aviación y el Antiguo Camino a Tesistán. Ella circulaba en bicicleta cuando un camión de la ruta 24-A la atropelló, quedando atorada en una de las llantas de la unidad.
Tras estos hechos, integrantes del colectivo realizaron ayer por la mañana una rodada, de la Basílica de Zapopan hasta el punto del accidente, para colocar la séptima bicicleta blanca, en honor de otro ciclista más que ha perdido la vida en lo que va del año.
Al respecto, Yariel Salcedo, integrante del colectivo, explicó que realizarán una auditoría a mencionado cruce del accidente, para identificar qué es lo que hace falta ya sea en infraestructura o señaléticas.
""Lo que nosotros queremos hacer es sistematizar toda esta información para empezar a pasársela al gobierno, para que intervengan en estos puntos, por si se necesitan hacer más adecuaciones en señalética, mejorar el asfalto, dependiendo de lo que nos digan es como haremos las peticiones puntuales"".
Hasta antes de lo ocurrido a Carolina se habían registrado 81 días sin muertes de ciclistas, por ello, es que el colectivo se organizará para auditar más puntos en donde se lleven a cabo accidentes, lo cual se vendrá a complementar con otras estrategias en las que facilitarán que la ciudadanía también lleve a cabo estas revisiones.
Esta será la primera vez que lleven a cabo este tipo de acciones, por lo que esperarán generar recomendaciones o sugerencias de los puntos que más necesitan intervención.
""Esperemos que el transporte público siga mejorando, se ven algunas, pero creo que faltan muchísimas para que pase un año sin que ocurra esto, y también creemos que al diseño de la ciudad todavía le falta mucho. Por eso, haremos una auditoría al crucero (del accidente) para ver cómo están las condiciones, si la señalética o la velocidad son las adecuadas, o si la infraestructura"".
En lo que va del año se han registrado siete muertes de ciclistas, sin embargo, de acuerdo a Bici Blanca, de estas solo tres han ocurrido con la intervención del transporte público."
80,El Occidental,08-16-20,Tapatíos piden el regreso de la Vía RecreActiva,trafilatura,trafilatura,387,0.48,https://oem.com.mx/eloccidental/local/tapatios-piden-el-regreso-de-la-via-recreactiva-15908902,,"Localdomingo, 16 de agosto de 2020
Ya se cumplieron cinco meses desde que los amantes a la bicicleta no han podido disfrutar de este espacio creado para ellos
LOCAL
Mirza Flores acusa a Morena de ""grillar"" y lucrar políticamente con el tema del agua
El delito por el que fue denunciado Eduardo N, es por acoso sexual
La víctima está protegida y hasta el momento se desconoce su identidad"
81,El Informador,08-15-20,"Tras muerte de ciclista en Aviación, colectivo instala bicicleta",trafilatura,trafilatura,1548,0.17,https://www.informador.mx/jalisco/Tras-muerte-de-ciclista-en-Aviacion-colectivo-instala-bicicleta-20200815-0047.html,,"Tras muerte de ciclista en Aviación, colectivo instala bicicleta
Piden que se trabaje en la construcción de más ciclovías en la zona
Es la séptima bicicleta que colocan en Avenida Aviación desde 2009. EL INFORMADOR/F. Atilano
El colectivo Bici Blanca colocó una bicicleta en el cruce de Avenida Aviación y Camino Antiguo a Tesistán como memorial a la ciclista Carolina, fallecida el pasado 8 de agosto en dicho cruce.
Carolina quedó atrapada en la llanta derecha de la delantera de un camión de transporte público. Tras el hecho, el conductor del minibús de la ruta 24-A, con número económico U-011 se dio a la fuga.
Yeriel, integrante del colectivo aseguró que es la séptima bicicleta que colocan en Avenida Aviación desde 2009. El ciclista agregó que, ""hemos notado que en la comunidad de San Juan de Ocotán se utiliza mucho la bicicleta, en esos espacios necesita trabajar en construcción de ciclovías, sabemos que hay una parte de Aviación con una ciclovía, pero hay que conectar todo desde la salida Tesistán hasta Vallarta"".
Previo a la muerte de Carolina, el Gobierno de Jalisco había enfatizado que en 161 días no se habían registrado muertes de ciclistas por accidentes que estuvieran relacionados con el transporte público.
En lo que va de este 2020, siete ciclistas han perdido la vida en accidentes viales. El año pasado se tuvo un registro de 20.
NR
Lee También
Recibe las últimas noticias en tu e-mail
Todo lo que necesitas saber para comenzar tu día
Registrarse implica aceptar los Términos y Condiciones"
82,El Informador,08-07-20,Entregan primera etapa de ciclovía Chapala - Jocotepec,trafilatura,trafilatura,2107,0.19,https://www.informador.mx/jalisco/Entregan-primera-etapa-de-ciclovia-Chapala---Jocotepec-20200807-0092.html,,"Entregan primera etapa de ciclovía Chapala - Jocotepec
Las obras de la segunda etapa, que comprenderá de Ajijic hasta San Juan Cosalá, arrancarán en septiembre con una inversión de 87.5 millones de pesos

ESPECIAL/Gobierno de Jalisco
ESPECIAL/Gobierno de Jalisco
ESPECIAL/Gobierno de Jalisco
ESPECIAL/Gobierno de Jalisco
ESPECIAL/Gobierno de Jalisco
ESPECIAL/Gobierno de Jalisco
ESPECIAL/Gobierno de Jalisco
ESPECIAL/Gobierno de Jalisco
ESPECIAL/Gobierno de Jalisco
ESPECIAL/Gobierno de Jalisco
ESPECIAL/Gobierno de Jalisco
ESPECIAL/Gobierno de Jalisco
ESPECIAL/Gobierno de Jalisco
ESPECIAL/Gobierno de Jalisco
ESPECIAL/Gobierno de Jalisco
La primera etapa de la ciclovía Chapala - Jocotepec fue entregada este viernes por el Gobierno de Jalisco. La obra que inició a finales de febrero y tuvo una inversión de 58 millones de pesos, busca ser un espacio para uso ciclista y para el turismo de la región.
La obra comprendió la intervención de ocho kilómetros y se trabajó en el tramo de Chapala hacia el poblado de Ajijic. Los trabajos realizados fueron la remodelación del asfalto vehícular, rehabilitación de banquetas y cruceros, construcción de un carril ciclista, ordenamiento de las bahías de espera de automóviles y transporte público, e instalación de divisores de carriles, arbolado y alumbrado.
Sobre la segunda etapa de la ciclovía, que comprenderá de Ajijic hasta San Juan Cosalá, se informó que las obras arrancarán en septiembre y tendrán una inversión 87.5 millones de pesos. Y será hasta el siguiente año, cuando inicien los trabajos de la tercera etapa que comprende de San Juan Cosalá hacia Jocotepec. Con estas intervenciones se completarán los 25 kilómetros del corredor ciclista Chapala - Jocotepec.
Otros de los trabajos integrales del corredor son la renovación de la carretera y creación de los cruceros seguros, en el entronque de la desviación a Ajijic y en la carretera Jocotepec-Chapala.
NR
Lee También
Recibe las últimas noticias en tu e-mail
Todo lo que necesitas saber para comenzar tu día
Registrarse implica aceptar los Términos y Condiciones"
83,NTR Guadalajara,08-04-20,Vecinos se quejan de obras de ciclovía,trafilatura,trafilatura,1101,0.43,https://www.ntrguadalajara.com/post.php?id_nota=152754,,"Las obras de la ciclovía que se construye en avenida Revolución han provocado hartazgo entre vecinos, quienes afirmaron que desde hace más de seis meses padecen tráfico, inhabilitación de carriles y otras molestias para ingresar a sus viviendas.
Recientemente habitantes informaron que en la arteria había tomas de luz abiertas, lo que a su vez provocaba acumulación de agua y posibles brotes de dengue.
Tras los señalamientos, NTR realizó ayer un recorrido en el que detectó que las tomas ya habían sido cerradas; sin embargo, hay alcantarillas a medio cubrir que generan riesgos.
Además, de la calle 74 hacia la 54 (o Basilio Badillo) hay tramos donde la vía ciclista sigue en obra negra, por lo que hay varillas que sobresalen del concreto, las cuales ya han generado daños. Según vecinos, el fin de semana dos autos sufrieron ponchaduras por las obras inconclusas.
Durante el recorrido realizado por este medio en el sentido hacia calzada Independencia no se observó a ningún trabajador en la ciclovía, cuyas obras son desarrolladas por la Secretaría de Infraestructura y Obra Pública (SIOP).
jl/I"
85,NTR Guadalajara,07-25-20,Remodelan ciclovía de Federalismo,trafilatura,trafilatura,658,0.39,https://www.ntrguadalajara.com/post.php?id_nota=152212,,"De Agustín Yáñez hasta avenida Hidalgo fue remodelada la ciclovía de avenida Federalismo, informó el gobernador Enrique Alfaro.
A través de sus redes sociales, indicó que desde hace 10 años a la ciclovía ""más antigua de la ciudad"" no se le daba mantenimiento.
Señaló que las obras de remodelación se realizaron en tres kilómetros de la ciclovía en ambos sentidos. Se colocó carpeta asfáltica nueva, machuelos, señalamientos horizontales y verticales, banquetas y creceros seguros.
Adelantó que ""dentro de poco, le vamos a seguir con el tramo que va de Hidalgo hasta Ávila Camacho para dejarla como nueva y que además, nos dure muchos años en buen estado"".
EH"
86,Trafico ZMG,07-24-20,Proponen que ingresos por multas se destinen a movilidad no motorizada,trafilatura,trafilatura,1861,0.45,https://traficozmg.com/2020/07/proponen-que-ingresos-por-multas-se-destinen-a-movilidad-no-motorizada/,,"Proponen que ingresos por multas se destinen a movilidad no motorizada
Rosa Angélica Fregoso, diputada por el Partido Verde Ecologista, presentó dos iniciativas ante la Comisión de Medio Ambiente, la diputada propuso que el dinero que sea recabado por las multas y la verificación vehicular, sea destinado a obras de infraestructuras para la movilidad no motorizada como ciclovías o acondicionamiento de espacios públicos que sirvan para los peatones.
La primer propuesta fue sobre la apertura de nuevas fechas para la verificación vehicular y la segunda sobre el descuento de multas.
""Van a ser dos temas, uno referente a la verificación vehicular, solicitando al ejecutivo nuevas fechas para la implementación de la aplicación del programa, que no se ha llevado a cabo"", mencionó la diputada.
Según lo mencionado por Angélica Fregoso, dentro de la sesión número 23 de la Comisión de Medio Ambiente, Sostenibilidad, Protección Civil y Resiliencia, la segunda iniciativa que fue puesta a discusión es la propuesta del Partido Acción Nacional, que habla respecto a los descuento del 45 por ciento, en multas de vialidad.
«La fracción del PAN propone un descuento, bueno que el 45 por ciento de las multas que se recauden de infracciones viales sean aplicadas para la movilidad no motorizada"", mencionó Fregoso.
Ambas iniciativas serán revisadas por el Congreso del Estado en las próximas semanas, con la finalidad de que sean aprobadas en el menor tiempo posible.
En la sesión número 23 de la Comisión de Medio Ambiente, Sostenibilidad, Protección Civil y Resiliencia que mucho gusto presido, atendimos temas que nos turnaron del pleno, para dar cumplimiento a los procesos legislativos por un #JaliscoVerde pic.twitter.com/AgqHVc50co
— Rosy Fregoso (@RosaFregos) July 24, 2020
JLS
Te puede interesar: Industria de la construcción cae un 32 por ciento en Jalisco"
87,Zona Docs,07-23-20,COLECTIVOS Y ORGANIZACIONES PIDEN ATENDER 10 AÑOS DE REZAGO EN MOVILIDAD CICLISTA EN JALISCO,trafilatura,trafilatura,6644,0.51,https://www.zonadocs.mx/2020/07/23/colectivos-y-organizaciones-piden-atender-10-anos-de-rezago-en-movilidad-ciclista-en-jalisco/,,"Organizaciones y colectivos ciclistas en Jalisco solicitaron al Gobierno del Estado que destine el 9% de la deuda adquirida el pasado 23 de mayo a la movilidad no motorizada. Dicha cantidad, equivalente a 554 millones de pesos y será utilizada para el avance del Plan Maestro de Movilidad No Motorizada de Guadalajara que desde hace 10 años contempla la construcción de más de mil 500 kilómetros de ciclovías que permitirán viajes intermodales, económicos y sustentables.
El dinero contemplado en la petición #9ParaLasCiclovías no representa ni el 7% del gasto que causa la congestión vehicular cada año en el Área Metropolitana de Guadalajara, además de que abona a la creación de una ciudad en donde se priorice la vida de las personas y no a los autos.
Por Ximena Torres / @ximena_tra
Con el fin de enmendar el rezago en movilidad ciclista que hay en Jalisco desde hace más de diez años, 33 organizaciones y colectivos ciclistas piden al poder Ejecutivo, al Congreso del Estado y al Instituto de Planeación y Gestión del Desarrollo (IMEPLAN) que se destine al menos el 9% de la deuda pública adquirida el pasado 23 de mayo por el gobernador Enrique Alfaro Ramírez a la movilidad no motorizada.
Siendo 6 mil 200 millones los autorizados por el Congreso de Jalisco para la reactivación económica planteada por Alfaro Ramírez, el presupuesto que piden los y las ciudadanas equivale a 554 millones de pesos. Con ello se propone avanzar en el Plan Maestro de Movilidad No Motorizada del Área Metropolitana de Guadalajara (AMG), que rige las políticas y lineamientos para la construcción de ciclovías y espacios peatonales.
Este plan, que fue creado desde 2009 y entregado a la entonces Secretaría de Vialidad y Transporte en 2010, contempla 16 corredores ciclistas metropolitanos que forman una red de mil 591.89 kilometros y abarcan 8 municipios.
Sin embargo, como las organizaciones y colectivos señalan, hasta ahora en el AMG sólo hay 179.12 kilómetros de ciclovías y 116.15 de carril prioridad ciclista. Además de la longitud recorrida, esta infraestructura se encuentra lejos de cumplir con lo proyectado en el plan maestro porque no está conectada en una red articulada y excluye las zonas periféricas de la ciudad donde el uso del transporte público y la bicicleta es mayor.
Las y los impulsores de #9ParaLasCiclovías proponen usar el presupuesto solicitado para dar prioridad a diez corredores metropolitanos, interconectados en una red segura de movilidad no motorizada y que en total sumarían 221.4 kilómetros de ciclovías en el AMG.
En el comunicado publicado el 20 de junio en Sí A La Ciclovía explican que esas obras ""facilitarán que más personas hagan viajes intermodales (que incluyen varios medios de transporte), económicos y sustentables"", por lo que también ""garantizarán los derechos a la ciudad de todas las personas"".
¿Por qué apostar por la bicicleta?
Los colectivos ciclistas y organizaciones jaliscienses explican que, en la actualidad, el AMG sufre consecuencias del uso excesivo del automóvil privado como el cambio climático, el gran número de accidentes, el ruido, las enfermedades relacionadas con la contaminación del aire y la congestión.
Referente a la congestión, el Instituto Mexicano para la Competitividad (IMCO) señala en el estudio ""El costo de la congestión, vida y recursos perdidos"", que debido al flujo vehicular saturado, la ciudad de Guadalajara pierde más de 8 mil 067 millones de pesos anuales. Este es un gasto que no representa siquiera el 7% de lo que pide la iniciativa #9ParaLasCiclovías.
Para quienes viven en el AMG el costo de la congestión por persona es de aproximadamente 3 mil 876 pesos al año. Sin embargo, como un evidente factor que abona a la desigualdad social, la cifra cambia significativamente dependiendo del transporte que se utiliza. Mientras los usuarios del transporte público pierden 5 mil 654 millones de pesos anuales, los automovilistas gastan 2 mil 413 millones.
En términos de tiempo, la congestión hace que cada persona en Guadalajara pierda 98.44 horas al año, o lo equivalente a 66 películas.
La incapacidad del transporte público para cumplir con las medidas de salubridad necesarias en la nueva normalidad, posterior al confinamiento por el COVID-19, es otro de los argumentos para apostar por la bicicleta y la movilidad peatonal.
La red de movilidad no motorizada también será una infraestructura más segura para las mujeres en sus traslados dentro del AMG, pues el transporte público y las paradas del camión son el segundo y tercer lugar en donde más se presenta el acoso según el estudio ""Ser Mujer en Guadalajara"" 2018 del observatorio ciudadano Jalisco Cómo Vamos.
En la encuesta, el 64.8% de las mujeres dijeron ser usuarias del transporte público. El 13% del total de ellas han sufrido acoso en el transporte público y 6% en las paradas del camión.
La propuesta
Las obras que se contemplan para dar uso a los 554 millones de pesos solicitados se dividen en dos fases. La primera, con una duración de doce meses, incluye la conclusión de dos corredores planteados en el Plan Maestro de Movilidad No Motorizada del AMG:
- Corredor 1: Carretera Tesistan-Laureles Ávila Camacho, Alcalde, Revolución – Río Nilo
- Corredor 8: Federalismo-8 de Julio-carretera A San Sebastián
Y la construcción desde cero de nueve más:
- Corredor 2: Javier Mina- Gigantes-Pedro Moreno- Morelos- Inglaterra
- Corredor 3: Camino Al ITESO, Cruz del sur-Arboleda-Bernardo de Balbuena-Circunvalación- Plutarco Elías Calles
- Corredor 4: Juan Pablo II- Belisario Domínguez- Aquiles Serdán- González Gallo
- Corredor 7: Mariano Otero
- Corredor 9: Calzada Independencia- Gobernador Curiel
- Corredor 11: Patria- Legalidad- Av. de la cruz, corredor 14: Carretera a Chapala
- Corredor 15: Camino Real a Colima
- Corredor 16: Lázaro Cárdenas
Durante la segunda fase se plantea concluir con la red primaria del Plan Maestro de Movilidad No Motorizada y realizar estudios para implementar ciclovías en otros municipios de Jalisco como Puerto Vallarta, Ciudad Guzmán, Lagos de Moreno, Tepatitlán y Chapala.
Hasta ahora el 3.4% de la población en el AMG usa la bicicleta como medio de transporte principal según la ""6ta encuesta de percepción ciudadana sobre calidad de vida 2018"" de Jalisco Cómo Vamos, pero tal como sostienen los colectivos, ""las ciclovías facilitarían los viajes que ya se realizan e incentivaría a más personas a moverse en bicicleta"".
Tal como señalan desde la iniciativa #9ParaLasCiclovías, es necesario dar pasos firmes hacia la reducción del rezago en movilidad ciclista en Jalisco, sólo así se podrán construir ciudades que prioricen a las personas y no a los autos."
89,El Occidental,07-21-20,Piden concluir la red interconectada de ciclovías en la ZMG,trafilatura,trafilatura,410,0.7,https://oem.com.mx/eloccidental/local/noticias-red-interconectada-zona-metropolitana-ciclistas-emergencia-sanitaria-pandemia-presupuesto-estado-de-jalisco-15859316,,"Localmartes, 21 de julio de 2020
Los colectivos proponen la priorización de 10 corredores metropolitanos, interconectados en una red segura de movilidad ciclista de 221.4 kilómetros
LOCAL
Mirza Flores acusa a Morena de ""grillar"" y lucrar políticamente con el tema del agua
El delito por el que fue denunciado Eduardo N, es por acoso sexual
La víctima está protegida y hasta el momento se desconoce su identidad"
91,Milenio,07-20-20,Piden ciclistas 9% del crédito de reactivación económica para ciclovías,trafilatura,trafilatura,1131,0.27,https://www.milenio.com/politica/comunidad/reactivacion-economica-ciclistas-piden-9-credito-ciclovias,,"33 organizaciones y colectivos ciclistas de Jalisco solicitaron formalmente que se destine el 9 por ciento del crédito por 6 mil 200 millones de pesos adquirido por el gobierno de Enrique Alfaro el pasado 23 de mayo, a la movilidad no motorizada.
Mencionaron que una red segura de ciclovías permitirá a la ciudadanía hacer traslados seguros, eficientes, asequibles, sustentables que garanticen los derechos a la ciudad a todas las personas. Además, permitirá a las personas transportarse sustentablemente, mientras cumplen con recomendaciones como la sana distancia para disminuir los contagios de covid-19.
La propuesta suma 221.4 kilómetros de ciclovías que conectan de manera articulada el Área Metropolitana de Guadalajara, teniendo un costo aproximado de 554 millones de pesos. El planteamiento contempla los trabajos de una primera fase, a llevarse a cabo en los próximos 12 meses, en la que se terminarían los corredores inconclusos de carretera a Tesistan - Laureles, Ávila Camacho, Alcalde, Revolución – Río Nilo; y Federalismo - 8 de Julio - carretera a San Sebastián; así como la construcción de nueve ciclovías más.
JMH"
92,Telediario,07-20-20,Ciclistas piden 9% del crédito de reactivación económica para ciclovías,trafilatura,trafilatura,1647,0.8,https://www.telediario.mx/local/ciclistas-piden-9-credito-reactivacion-economica-ciclovias,,"Ciclistas piden 9% del crédito de reactivación económica para ciclovías
Invertir en la movilidad no motorizada permitirá a las personas transportarse sustentablemente, mientras cumplen con recomendaciones como la sana distancia para disminuir los contagios de covid-19, señalaron.
33 organizaciones y colectivos ciclistas de Jalisco solicitaron formalmente que se destine el 9% del crédito por 6 mil 200 millones de pesos adquirido por el gobierno de Enrique Alfaro el pasado 23 de mayo, a la movilidad no motorizada.
Mencionaron que una red segura de ciclovías permitirá a la ciudadanía hacer traslados seguros, eficientes, asequibles, sustentables que garanticen los derechos a la ciudad a todas las personas. Además, permitirá a las personas transportarse sustentablemente, mientras cumplen con recomendaciones como la sana distancia para disminuir los contagios de covid-19.
La propuesta suma 221.4 kilómetros de ciclovías que conectan de manera articulada el írea Metropolitana de Guadalajara, teniendo un costo aproximado de 554 millones de pesos. El planteamiento contempla los trabajos de una primera fase, a llevarse a cabo en los próximos 12 meses, en la que se terminarían los corredores inconclusos de carretera a Tesistan - Laureles, ívila Camacho, Alcalde, Revolución "" Río Nilo; y Federalismo - 8 de Julio - carretera a San Sebastián; así como la construcción de nueve ciclovías más.
CGE
Queda prohibida la reproducción total o parcial del contenido de esta página, mismo que es propiedad de TELEDIARIO; su reproducción no autorizada constituye una infracción y un delito de conformidad con las leyes aplicables."
93,Pasajero 7,07-20-20,PIDEN 9% DEL PRESUPUESTO PARA MOVILIDAD CICLISTA EN JALISCO,trafilatura,trafilatura,4280,0.32,http://www.pasajero7.com/piden-presupuesto-movilidad-ciclista-jalisco/,,"Son 33 organizaciones y colectivos ciclistas de Jalisco los que solicitaron formalmente que se destine el 9% del nuevo presupuesto adquirido por el gobierno de Enrique Alfaro, a la movilidad no motorizada.
Mediante un comunicado argumentan que la movilidad ciclista resultará clave ante las nuevas dinámicas necesarias para una nueva normalidad que pondrá a prueba los servicios e infraestructura de la ciudad.
Una red integral de ciclovías permitirá a la ciudadanía hacer traslados seguros, eficientes, asequibles y sustentables que garanticen los derechos a la ciudad a todas las personas. Además, permitirá a los ciclistas transportarse de manera sustentable, mientras cumplen con recomendaciones como la sana distancia, para disminuir los contagios de Covid-19.
En una carta dirigida al poder Ejecutivo, al Congreso del Estado de Jalisco y al IMEPLAN, señalaron la falta de medidas sanitarias suficientes en el transporte público, a la vez que recordaron al Gobierno del Estado que en Jalisco está pendiente la ejecución del Plan Maestro de Movilidad No Motorizada, elaborado en año 2009.
A la fecha, existen en el área metropolitana 179.12 kilómetros de ciclovías y 116.15 kilómetros de carril prioridad ciclista, pero en su mayoría no están conectados en una red articulada y excluyen zonas periféricas de la ciudad donde el uso del transporte público y la bicicleta es mayor. Por ello, se propone la priorización de 10 corredores metropolitanos, interconectados en una red segura de movilidad ciclista, facilitando que más personas hagan viajes intermodales, económicos y sustentables.
La propuesta
La propuesta suma 221.4 kilómetros de ciclovías que conectan de manera articulada el Área Metropolitana de Guadalajara, teniendo un costo aproximado de 554 millones de pesos, equivalente a un 9% de los 6 mil doscientos millones que recibirá el Gobierno del Estado de Jalisco.
Las externalidades por el uso excesivo del automóvil privado van desde congestionamiento, cambio climático, siniestralidad, ruido y enfermedades relacionadas con la contaminación del aire. En el estudio ""El costo de la congestión, vida y recursos perdidos"", elaborado por el Instituto Mexicano para la Competitividad (IMCO), presentado en octubre del 2019, se informa que Guadalajara gasta 8 mil millones de pesos para hacer frente a estas externalidades.
Invertir los 554 millones en la red de ciclovías sería dar un avance muy importante, y equivale a un 7% de los costos que solamente la congestión genera. El tener una opción de movernos como la bicicleta ayuda a mediano y largo plazo disminuir los costos de la movilidad, se destaca en el comunicado.
Aunado al avance que representaría del Plan Maestro de Movilidad No Motorizada, la construcción de estos corredores es esencial para la creación de opciones seguras de transporte para las mujeres, ya que el 64.8% de sus traslados son realizados en transporte público y el 13% ha sufrido acoso, según los datos presentados en el estudio ""Ser mujer en Guadalajara"" 2018.
Podría interesarte: Suman casi 18 mil desplazamientos en ciclovías de Av. Insurgentes
El planteamiento contempla los trabajos de una primera fase, a llevarse a cabo en los próximos 12 meses:
Terminación de corredores inconclusos:
Corredor 1 : Carretera Tesistan-Laureles Ávila Camacho, Alcalde, Revolución – Río Nilo
Corredor 8 : Federalismo-8 de Julio-carretera A San Sebastián
Inicio de la construcción de nueve nuevos corredores;
Corredor 2 : Javier Mina- Gigantes-Pedro Moreno- Morelos- Inglaterra
Corredor 3: Camino Al ITESO, Cruz del sur-Arboleda-Bernardo de Balbuena-Circunvalación- Plutarco Elías Calles
Corredor 4 : Juan Pablo II- Belisario Domínguez- Aquiles Serdán- González Gallo
Corredor 7: Mariano Otero
Corredor 9 : Calzada Independencia- Gobernador Curiel
Corredor 11: Patria- Legalidad- Av. de la cruz, corredor 14: Carretera a Chapala
Corredor 15: Camino Real a Colima
Corredor 16 : Lázaro Cárdenas
Siendo necesaria una segunda fase que permita concluir la implementación de la red primaria del Plan Maestro de Movilidad No Motorizada de Guadalajara, así como la realización de estudios que permitan llevar propuestas de implementación de ciclovías a otros municipios de Jalisco como Puerto Vallarta, Ciudad Guzmán, Lagos de Moreno, Tepatitlán y Chapala."
97,El Informador,07-13-20,Guadalajara y Zapopan prevén triplicar extensión de sus ciclovías este año,trafilatura,trafilatura,13755,0.31,https://www.informador.mx/Guadalajara-y-Zapopan-preven-triplicar-extension-de-sus-ciclovias-este-ano-l202007130001.html,,"Guadalajara y Zapopan prevén triplicar extensión de sus ciclovías este año
Con las obras realizadas en este año sumarán 113.36 kilómetros de ciclovías
El Instituto de Planeación y Gestión del Desarrollo del írea Metropolitana informó que 39.11 kilómetros de ciclovías estaban interconectados en 2019 en Guadalajara y Zapopan. Sin embargo, con las obras realizadas en este año sumarán 113.36 kilómetros: el triple.
Libertad Zavala Marín, directora de Movilidad y Transporte del Ayuntamiento tapatío, explica que una vez que se concluyan los tramos de la Calzada Independencia y Calzada del Ejército, en Avenida Revolución y el carril ""Bus-bici"", en Avenida Hidalgo, estarán unidos 84.28 kilómetros de ciclovías segregadas (el año pasado tenía 36.24 kilómetros conectados). La conectividad en el Oriente se podría dar con Tonalá.
Zapopan tiene 29.08 kilómetros interconectados; hace un año eran 2.87 kilómetros.
Alistan ciclovías emergentes para el traslado seguro ante pandemia
- Autoridades proyectan incrementar el número de los pedalistas en la metrópoli
Los Ayuntamientos de Guadalajara y Zapopan alistan ciclovías emergentes en los municipios, con el objetivo de ofrecer a los ciudadanos opciones seguras de traslado ante la epidemia por el COVID-19, pensando también en disminuir los contagios.
En la capital del Estado se proyectan rutas en Avenida México, que ya están terminadas, también en el carril ""Bus-bici"", en Avenida Hidalgo, entre López Mateos y el Centro Histórico, así como otras vías en el Oriente, que próximamente serán anunciadas.
Mientras que en Zapopan plantean rutas en Guadalupe, Inglaterra y Las Torres, las cuales tendrían 120 mil 164 usuarios potenciales.
Libertad Zavala Marín, directora de Movilidad y Transporte del Ayuntamiento tapatío, remarca que se les llama ciclovías emergentes porque surgen de forma espontánea para atender la emergencia sanitaria.
También enfatiza que ""se ha demostrado a nivel internacional que en este momento de la pandemia por el COVID-19 tenemos que ofertar un medio de transporte amigable y que le abone a la salud física y mental"".
En ese sentido, realizar ejercicio mediante la bicicleta ayuda a reducir el exceso de peso y aminora la ansiedad.
""Son puestas de manera inmediata, tal vez no con los criterios de construcción que quisiéramos, como lo hemos hecho en los últimos años en Guadalajara. La ciclovía de Avenida México tiene bolardos abatibles de color amarillo. Y lo que nos ayuda mucho es que los colocamos a una distancia razonable, donde si vas circulando en un vehículo, puedes ver a la distancia que hay un marco y, al ciclista, le da la certeza de que lo van a ver"".
Acentúa que se están haciendo ajustes en conjunto con el Sistema de Tren Eléctrico Urbano (Siteur) para el carril ""Bus-bici"", debido a que ese espacio será exclusivo para los ciclistas, camiones de las rutas 1 y 3 del SiTren, además de las calandrias.
Sobre el nivel de seguridad, debido a que no brinda confinamiento mediante una barrera física, la directora acepta que sí existe menos protección.
""Por eso hacemos el énfasis de que son emergentes; por lo tanto, elegimos vialidades que no representan un riesgo alto al tenerlas señaladas con bolardos abatibles y balizamientos o pintura en el piso"".
Añade que en la ruta de la Avenida Hidalgo se han realizado labores de socialización con representantes de colonias. También con los habitantes de las casas o los negocios, quienes tuvieron una respuesta positiva al proyecto.
En avenidas, la mitad de las muertes de ciclistas
La Asociación Bicicleta Blanca registra que, entre 2009 y 2020, un total de 260 ciclistas perdieron la vida en accidentes viales en la metrópoli. De esa cantidad, 131 casos ocurrieron en las avenidas o ejes viales. Otros 64 en calles secundarias, así como 31 en carreteras, 27 en el Periférico y las siete restantes no se identificaron.
Yeriel Salcedo, integrante de este colectivo y de GDL en Bici, destaca que por ese motivo es importante realizar las ciclovías en vialidades primarias, luego de que varios grupos opositores pidieran que proyectos como el de Avenida Guadalupe se realizaran por calles secundarias.
""Sustentamos que las avenidas siguen siendo la vía principal para moverse para los ciclistas porque conectan origen y destino de forma continua y rápida"".
Indica que es fundamental crecer la infraestructura ciclista para que las personas puedan usar las bicicletas como medio de transporte de forma segura y eficiente, además de incentivar la utilización para quienes todavía no se animan por miedo a los siniestros. ""La infraestructura garantiza seguridad"".
Por tipo de vehículo, en los siniestros se han involucrado el transporte público (en 32.8% de los casos), en auto particular (23.7%), sin identificar (12.9%), camión de carga (12.0%), camioneta particular (11.6%), otros (5.4%), taxi (1.2%) y motocicleta (0.4%).
En 2017, el entonces Instituto de Movilidad y Transporte de Jalisco estimó que diariamente se generaban 290 mil viajes en bicicleta en la metrópoli.
El estudio Origen-Destino de 2007, el último realizado en la metrópoli, reveló que 2.2% de los viajes en la ciudad eran en bicicleta. Yeriel Salcedo recuerda que el Instituto de Planeación y Gestión del Desarrollo del írea Metropolitana de Guadalajara (Imeplan) lanzó una licitación para un nuevo estudio sobre traslados ciclistas en la ciudad.
Otro indicador son los viajes ciclistas de MiBici Pública, que ascienden a 13 millones 629 mil 578 viajes entre diciembre de 2014 y julio de 2020, que representa mil 356 viajes diarios, en promedio.
DATO
Aumento
- La dirección de Movilidad y Transporte de Zapopan informa que en octubre de 2015 existían 22.28 kilómetros de ciclovías.
- Al corte de 2020 sumarán 53.68 kilómetros, incluyendo las tres ciclovías emergentes y el trazo de Mi Macro Periférico en territorio municipal.
Infraestructura
Kilometros conectados en la actualidad
Guadalajara: 36.24. 
 Zapopan: 2.87. 
Total: 39.11.
Proyección de kilometros conectados en 2020
Guadalajara: 84.28.
 Zapopan: 29.08.
Total: 113.36.
CLAVES
Liderazgo nacional
Líder
En días pasados se dio a conocer que Guadalajara obtuvo el primer lugar en el ""Ranking ciclociudades 2019"", entre 31 ciudades evaluadas. En el documento destacan la realización de las ciclovías emergentes ante las acciones por el COVID-19; además, resalta la inclusión y preparación del equipo de trabajo, ya que la Dirección de Movilidad y Transporte del Ayuntamiento es encabezada por una mujer. ""El 67% de las personas trabajadoras es mujer. El 83% de las funcionarias y funcionarios cuenta con alguna capacitación relacionada a la movilidad activa y todas las personas que laboran en el área tienen estudios relacionados al desarrollo y construcción de la ciudad"".
Avance
En el ""Ranking de ciclociudades 2019"" también se reconoció a Zapopan con el tercer sitio, debido a que sus ciclovías emergentes generan conexiones con la infraestructura existente en Guadalajara.
Se resalta que el municipio tiene un Reglamento de movilidad, tránsito y seguridad vial que en 2018 y 2019 se actualizó, otorgando derechos a las y los ciclistas. ""Además, la zona metropolitana cuenta con un manual de lineamientos y estándares para las vías peatonales y ciclovías, que incluye principios básicos, como la pirámide de la movilidad, pero también aspectos de diseño como los diferentes tipos de infraestructura ciclista"".
Estrenos
La Secretaría de Infraestructura y Obra Pública del Estado adelantó que en este mes estarán terminadas cuatro ciclovías pendientes en las Avenidas Revolución, 8 de Julio, Federalismo y Tonalá, que registran avances de entre 70%, 97%, 94% y 92%, respectivamente.
Rutas a detalle
Guadalajara
Avenida México
Libertad Zavala Marín subraya que la ruta es de 2.1 kilómetros, en el tramo de la Glorieta del Calzado, hasta el límite municipal con Zapopan, que es la calle Leñadores.
""Con estos 2.1 kilómetros estamos conectando a la población que viene de Zapopan, de colonias como San Juan de Ocotán o Jardines Vallarta, que pueden tomar la ciclovía de Inglaterra, circular por el carril confinado, introducirse a la zona de las vías, salir a la zona de la ex vidriera y conectar con Avenida México"".
""Bus-bici""
Se encuentra en Avenida Hidalgo. La directora de Movilidad y Transporte de Guadalajara comenta que serán 3.7 kilómetros. Ya se realizaron acciones de balizamiento y señalización, pero falta delimitar el confinamiento. Proyecta que quede lista a más tardar en un mes más.
""Cuando la actividad eléctrica se reactive también podrán circular las calandrias eléctricas y de tracción animal. Se vuelve un carril compartido que tiene un común denominador: que no podremos superar los 30 kilómetros por hora en ese espacio"".
Red al Oriente
Próximamente se anunciará una red de más de nueve kilómetros al Oriente y Sur de la ciudad. Estos nuevos kilómetros no están contabilizados en los 84.28 kilómetros de ciclovías segregadas o confinadas del municipio.
Zapopan
Guadalupe
La Dirección de Movilidad y Transporte detalla que el aforo diario de ciclistas en Avenida Guadalupe asciende a dos mil 600 personas. Los usuarios potenciales en la zona (dentro del área de influencia directa en un radio de 500 metros de la ciclovía) son 33 mil 463, de entre los 12 y 60 años de edad. El tramo es de Niño Obrero a Periférico, en una distancia de 4.2 kilómetros por sentido.
Inglaterra
El cuerpo norte va de la calle Libra a Teatro de la Republica (límite municipal), con una longitud de 0.41 kilómetros. Y de la parte sur mide 0.51 kilómetros, entre Escorpión y Leñadores.
El aforo diario de ciclistas con conexión en la Avenida México es de más de 130 ciclistas. Los usuarios potenciales de bicicleta en la zona son 14 mil 362 personas. Contemplando toda la ciclovía existente en Avenida Inglaterra, con su conexión con el tramo emergente en Avenida México, los posibles beneficiarios son 54 mil 609 personas ciudadanos.
Las Torres
El tramo va de la Avenida Guadalupe a Mariano Otero, en una distancia de tres kilómetros por sentido. El aforo diario de ciclistas asciende a más de 400 ciclistas. Los usuarios potenciales de bicicleta en la zona son 32 mil 092 personas.
Telón de fondo
Hay acuerdos
Un grupo de vecinos rechazaba que la ciclovía emergente de Avenida Guadalupe se realizara en el carril derecho de la arteria. Incluso, en días pasados un hombre se tiró a media calle para protestar por el proyecto, lo que generó burlas en las redes sociales.
El Gobierno de Zapopan informó que abriría un espacio de diálogo con los detractores; sin embargo, acotó que no cambiaría su ubicación.
""Estamos dispuestos a implementar ajustes viables que ayuden a mejorar la circulación. Por ejemplo, bahías de ascenso y descenso en algunos puntos, cancelar o agregar retornos, y todas aquellas propuestas que sean factibles y sirvan para mejorar el proyecto"".
Ayer se confirmó que la ciclovía de la Avenida Guadalupe será por el carril derecho. El Ayuntamiento de Zapopan informó a través de un comunicado, que luego de una reunión con ciudadanos opositores a la construcción, se establecieron acuerdos para que la ciclovía sea posible. Según el acuerdo, hoy se podrá reiniciar la construcción. Se prevé que las obras concluyan en dos meses, con una extensión de 4.2 kilómetros.
Este medio publicó que el Observatorio Ciudadano de Movilidad recordó que el Manual de Ciclociudades destaca la importancia de que las vías se ubiquen en el carril derecho, pues si estuvieran en camellones, sobre las banquetas o de lado izquierdo, se pone en riesgo a los ciclistas en cada intersección.
La voz del experto
Yeriel Salcedo (integrante de Bicicleta Blanca y GDL en Bici).
""Están planeadas desde 2009...""
Ante el reclamo constante de ciudadanos que indican que los Gobiernos construyen vías para bicicletas sin organización, el especialista remarca que las ""ciclovías están planeadas desde 2009"", cuando el Gobierno estatal invirtió millones de pesos para crear, en conjunto con la sociedad civil, el Plan Maestro de Movilidad Urbana no Motorizada, el cual define las rutas.
""No se parte de una ocurrencia, es un documento técnico generado en acercamiento con la sociedad. Todos los proyectos tienen un sustento de trabajo, técnico, teórico y de análisis"".
Recuerda que en la pasada administración actualizaron el plan, que evolucionó al Programa Metropolitano de Vías Ciclistas (Provici) y ahora al Programa de Infraestructura para la Movilidad Activa.
""Y viene el Proyecto de Movilidad Urbana Sustentable, con el Instituto Metropolitano de Planeación, que toma como base todo lo que ya se tiene"".
Adelanta que las agrupaciones están empujando que se incentive el transporte intermodal; es decir, potenciar que en las rutas ciclistas se puedan conjugar medios de transporte. Por ejemplo, construir estacionamientos seguros para personas que viven en Tlajomulco, quienes hagan un primer trayecto en bicicletas y luego las dejen para tomar el transporte público.
""Si hacemos una integración de la bici con el transporte público, tenemos más beneficios; además, las personas gastan menos dinero"".
Por otro lado, adelanta que se llegó a un acuerdo para que los transportistas cumplan con la norma de contar con canastas para transportar bicicletas, como ocurre en los camiones del Trolebús.
""Se llegó a un acuerdo de que la implementación va a ser en fases, no es retroactiva, pero esperando que en cinco o 10 años todos los camiones tengan canasta. Eso va a potenciar el uso"".
Sigue: #DebateInformador y participa en Twitter en el debate del día @informador
¿Qué opina de la ampliación de las ciclovías?
JL"
103,El Informador,07-12-20,Cae a la mitad el uso de MiBici,trafilatura,trafilatura,1613,0.17,https://www.informador.mx/jalisco/Cae-a-la-mitad-el-uso-de-MiBici-20200712-0013.html,,"Cae a la mitad el uso de MiBici
En promedio, durante la pandemia se han hecho 232 viajes por hora, cuando el año pasado eran 534, es decir, 57% menos del total registrado en 2019
SIN USO. Durante la pandemia se han visto reducidos los viajes de los usuarios de MiBici. ARCHIVO
El número de traslados realizados dentro del servicio de transporte MiBici, del Gobierno de Jalisco, ha disminuido considerablemente debido a la pandemia de coronavirus, según datos de la misma plataforma.
Mientras que del 16 de marzo pasado (cuando los jaliscienses comenzaron el aislamiento) y hasta el 30 de junio se registraron 589 mil 035 viajes, en la misma temporalidad de 2019 se habían contabilizado un millón 358 mil 756 traslados.
Lo anterior representa que, en promedio, durante la pandemia se han hecho 232 viajes por hora, cuando el año pasado eran 534. Es decir, 57% menos del total registrado en 2019, según las estadísticas de MiBici.
Aunque el servicio nunca fue suspendido, abril, mes que registró un porcentaje de 62% de movilidad de la población (según la Secretaría de Salud federal), fue el que menos traslados registró: 129 mil 644.
Para mayo, éstos comenzaron a incrementar: 160 mil 888 viajes. Y en junio fueron 196 mil 515, convirtiéndose, así, en el mes con más traslados desde el inicio de la pandemia.
Tal situación coincide con la ""fase de responsabilidad individual"", anunciada por el gobernador de Jalisco el pasado 6 de junio.
JL
Lee También
Recibe las últimas noticias en tu e-mail
Todo lo que necesitas saber para comenzar tu día
Registrarse implica aceptar los Términos y Condiciones"
105,NTR Guadalajara,07-11-20,Vecinos aceptan construcción de ciclovía en Guadalupe,trafilatura,trafilatura,2125,0.49,https://www.ntrguadalajara.com/post.php?id_nota=151530,,"Los vecinos de avenida Guadalupe y el Ayuntamiento de Zapopan llegaron a un acuerdo para que continúen los trabajos de construcción de la ciclovía en dicho lugar.
De acuerdo con el ayuntamiento después de dialogar con los vecinos se establecieron una serie de acuerdos para continuar con la construcción de la ciclovía.
Los trabajos podrán reiniciar a partir del 13 de julio, siguiendo los criterios internacionales con un carril segregado en el extremo derecho del arroyo vehicular.
""La vía ciclista de avenida Guadalupe conectará uno de los núcleos que generan más viajes de toda la metrópoli, la zona de Miramar-El Colli-Arenales Tapatío, con el centro de la ciudad"".
La ciclovía tendrá una extensión de 8.4 kilómetros, 4.2 kilómetros por sentido, los trabajos iniciarán en avenida Niño Obrero y terminarán en Anillo Periférico. Se estiman terminen en dos meses.
Entre los 17 puntos que pedían los vecinos de avenida Guadalupe destacan la elaboración de un estudio del Siapa para verificar la infraestructura pluvial y generar la geometría para la posibilidad de implementar una vuelta a la izquierda con bayoneta sobre avenida Guadalupe al cruce con avenida Piotr Ilich Tchaikovsky.
Se hará un análisis y diseño de la geometría para un retorno con carril particular sobre avenida Guadalupe al cruce con Rafael Sanzio, un estudio para la pavimentación y generar huellas de rodamiento en Misión Santa Julia.
Se complementará el retorno en avenida Guadalupe con bayoneta, a la altura del negocio Naranja Tacos, y se cancela el retorno a la altura de Plaza Allegra.
Asimismo, se hará balizamiento horizontal y vertical en avenida Guadalupe y la reforestación del camellón de avenida Guadalupe, en el tramo ubicado entre Anillo Periférico y Rafael Sanzio, en conjunto con los vecinos.
También se acordó construir una bahía a la altura del Colegio Miguel Ángel de Occidente y se realizará un retorno en diagonal frente a la base de Protección Civil y Bomberos, sin eliminar la ciclovía.
Además, se revisará la posibilidad de en algunas partes subir la ciclovía al nivel de la banqueta a la altura de las paradas de autobuses
EH"
106,El Informador,07-11-20,Ciudadanos y Ayuntamiento llegan a un acuerdo; ciclovía será por la derecha,trafilatura,trafilatura,3043,0.18,https://www.informador.mx/jalisco/Ciudadanos-y-Ayuntamiento-llegan-a-un-acuerdo-ciclovia-sera-por-la-derecha--20200711-0065.html,,"Ciudadanos y Ayuntamiento llegan a un acuerdo; ciclovía será por la derecha
Este lunes se podrá reiniciar la construcción; se prevé que las obras concluya en dos meses y la ciclovía tenga una extensión de 4.2 kilómetros
La dirección de Movilidad y Transporte de Zapopan estima dos mil ciclistas como primeros beneficiados de la obra. EL INFORMADOR/ARCHIVO
La ciclovía de la Avenida Guadalupe será por el carril derecho. El Ayuntamiento de Zapopan informó a través de un comunicado, que luego de una reunión con ciudadanos opositores a la construcción, se establecieron acuerdos para que la ciclovía sea posible.
Según el acuerdo, este lunes se podrá reiniciar la construcción de la ciclovía. Se prevé que las obras concluya en dos meses y la ciclovía tenga una extensión de 4.2 kilómetros.
La ciclovía estará a lo largo de Avenida Guadalupe entre sus cruces con Avenida Niño Obrero y Anillo Periférico. El objetivo es que quienes transiten se puedan conectar a la vía ciclista que comprende Avenida Niño Obrero, Glorieta Chapalita, y Avenida Arcos, además de conectarse con la infraestructura ciclista de la ciudad de Guadalajara.
La dirección de Movilidad y Transporte de Zapopan estima dos mil ciclistas como primeros beneficiados de la obra, y espera que un plazo corto, 10 mil ciclistas realicen su recorridos por la ruta.
Para llegar a este acuerdo, el Ayuntamiento tuvo que aceptar peticiones de los ciudadanos opositores, en donde solicitan otras medidas en la vialidad para reducir el tráfico vehícular.
Uno de los ajustes será la reducción en el tiempo de espera en los semáforos de Tchaikovsky, San Lorenzo y Anillo Periférico. El retorno en avenida Guadalupe a la altura de Naranja Tacos se terminará de complementar y se cancelará el retorno a la altura de Plaza Allegra.
También se trabajará la construcción de un espacio para que las personas puedan bajar del automóvil sin provocar un caos vial a la altura del Colegio Miguel íngel de Occidente.
Otra de las peticiones requieren de estudios previos para hacerse posibles, ante esto, el municipio de Zapopan acordó revisar los temas. Algunos de ellos son la creación de un retorno diagonal frente a la base de Protección Civil y Bomberos, y el subir la ciclovía a nivel de banqueta en cada parada de camión.
Otra de las solicitudes requiere de la intervención del Sistema Intermunicipal de los Servicios de Agua Potable y Alcantarillado (SIAPA) para evaluar la infraestructura pluvial y ver la posibilidad de implementar una vuelta a la izquierda sobre Avenida Guadalupe al cruce con Avenida Piotr Ilich Tchaikovsky.
Al igual, la Coordinación General de Servicios Municipales realizará un estudio para ver la posible pavimentación en Misión Santa Julia y hará un análisis para la creación de un retorno con carril particular en el cruce de Avenida Guadalupe y Rafael Sanzio.
NR
Lee También
Recibe las últimas noticias en tu e-mail
Todo lo que necesitas saber para comenzar tu día
Registrarse implica aceptar los Términos y Condiciones"
107,Milenio,07-11-20,Llega Zapopan a un acuerdo para continuar ciclovía en Avenida Guadalupe,trafilatura,trafilatura,2459,0.46,https://www.milenio.com/politica/comunidad/zapopan-vecinos-llegan-a-un-acuerdo-para-continuar-ciclovia,,"Tras semanas de confrontación y manifestaciones, autoridades zapopanas lograron llegar a un común acuerdo con vecinos de avenida Guadalupe para que continúen la construcción de la ciclovía con el proyecto original.
En la resolución, se pactaron una serie de trabajos de insfraestructura en obra pública que beneficiarán a la ciudadanía en general.
""En cuestiones generales, se llegaron algunos acuerdos de adecuación de la avenida Guadalupe como es el caso de las bahías, de supresión de algunos retornos y de mesetas para transporte público para poder subir o dejar pasajes"", comentó Vania Contreras, de la Organización ""Sí a la ciclovía"".
    Entre las 17 peticiones consensuadas destacan:
    
    - La elaboración de un estudio del SIAPA para la verificación de la infraestructura pluvial.
- El Análisis en la geometría para la posibilidad de implementar una vuelta a la izquierda con bayoneta, sobre la avenida al cruce con Tchaikovsky.
- Diseño de un retorno con carril particular al cruce con Rafael Sanzio.
- Un estudio para la pavimentación o huellas de rodamiento en Misión Santa Julia; así como la complementación del retorno en avenida Guadalupe con bayoneta, a la altura de un conocido negocio de Tacos.
- Además, se revisará la posibilidad de subir la ciclovía al nivel de la banqueta en algunas paradas de autobuses.
La vocera del multicolectivo ""Sí A La Ciclovía"" recordó la importancia de estas vías de movilidad en tiempos de covid-19.
""La situación que estamos viviendo en función al covid-19, donde la bicicleta es un medio de transporte que es súper importante en este momento porque no genera tumultos a diferencia del transporte público donde pues puedes tomar una distancia pertinente con el resto de la gente, es un medio de transporte que es completamente limpio y no genera emisiones de CO2"", manifestó Contreras.
Por su parte, una de las habitantes del Fraccionamiento Jardínes de Chapalita, zona por donde corre la ciclovía, aplaudió la reanudación de la obra por la accesibilidad que traerá consigo.
""La ciclovía es una de las accesibilidades que vamos a tener porque aquí nos va a beneficiar tanto peatones, ciclistas, y si alguien viene queriendo caminar o en silla de ruedas se va poder mover en una accesibilidad, sin peligro a que los atropellen"", opinó la vecina de Jardines de Chapalita, Cecilia Cano.
Los trabajos para esta ciclovía emergente de 8.4 kilómetros de extensión, reanudarán la tarde del lunes 13 de julio.
JMH"
108,Meganoticias,07-11-20,Gobierno y vecinos logran acuerdos; va ciclovía en Guadalupe,trafilatura,trafilatura,1920,0.65,https://www.meganoticias.mx/guadalajara/noticia/gobierno-y-vecinos-logran-acuerdos-va-ciclovia-en-guadalupe/162761,,"Movilidad
                                                                    
                                                Por:
                                                                    Karla Jiménez
                     
                    
Guadalajara
Fecha: 11-07-2020
                                        Guadalajara
Fecha: 11-07-2020
Luego de semanas de debate, manifestaciones, quejas y rodadas para defender esta vía, el Gobierno de Zapopan y los vecinos de la zona, logran acuerdos y este lunes 13 de julio se reanuda la instalación de la ciclovía en Avenida Guadalupe. 
La vía ciclista continúa por el carril derecho de la Avenida, para garantizar la seguridad de los usuarios, pero se lograron algunas modificaciones como;
- La elaboración de un estudio con SIAPA para la verificación de la infraestructura pluvial y generar la geometría para la posibilidad de implementar una vuelta a la izquierda con bayoneta sobre avenida Guadalupe al cruce con avenida Piotr Ilich Tchaikovsky
- Análisis y diseño de la geometría para un retorno con carril particular sobre avenida Guadalupe al cruce con Rafael Sanzio, así como estudio para la pavimentación o generación de huellas de rodamiento en Misión Santa Julia, en conjunto con la Coordinación General de Servicios Municipales
- Se complementará el retorno en avenida Guadalupe con bayoneta, a la altura del negocio Naranja Tacos, y se cancela el retorno a la altura de Plaza Allegra
- Balizamiento horizontal y vertical en avenida Guadalupe y la reforestación del camellón de avenida Guadalupe, en el tramo ubicado entre Anillo Periférico y Rafael Sanzio, en conjunto con los vecinos
- El IMEPLAN revisará la posibilidad de generar plataformas para subir a la ciclovía a nivel de banqueta a la altura de las paradas de camión, así como para la generación de cuadrantes con áreas verdes en zonas que aún no se han intervenido"
110,NTR Guadalajara,07-10-20,Vecinos sostienen diálogo por ciclovía,trafilatura,trafilatura,2294,1.66,https://www.ntrguadalajara.com/post.php?id_nota=151482,,"Vecinos inconformes por la construcción de la ciclovía en avenida Guadalupe, en Zapopan, informaron que tras la manifestación del miércoles por la mañana sobre la vialidad, en la que impidieron que trabajadores llevaran a cabo las obras, el diálogo mejoró con autoridades del gobierno de Zapopan.
La tarde del miércoles, un grupo de representantes de inconformes acudió a una mesa de diálogo con Juan José Frangie Sade, jefe de Gabinete del gobierno de Zapopan. Según vecinos, el trato y el diálogo fue diferente, y hay esperanza de que sus propuestas a la ciclovía puedan ser analizadas.
El ayuntamiento se comprometió a analizar las alternativas de los vecinos a fin de abrir la posibilidad de implementar ajustes al proyecto original, tales como bahías de ascenso y descenso, cancelar o agregar retornos, entre otras; sin embargo, les dejó en claro que no se puede cambiar la ubicación de la vía ciclista.
""De parte de los vecinos esperamos que reconozcan públicamente esta apertura al diálogo para abrir de inmediato una mesa de acuerdos que nos permitan seguir adelante"", informó el Municipio.
Pese al diálogo, ayer por la mañana otro grupo de vecinos interpuso una queja formal ante la Comisión Estatal de Derechos Humanos Jalisco (CEDHJ), en la cual señalaron que sus derechos humanos están siendo violados por el proyecto, especialmente los de adultos mayores.
PEDALEAN POR EL PROYECTO
En contraste, durante la tarde de ayer se realizó una rodada sobre la avenida Guadalupe, desde Rafael Sanzio y hasta Periférico, en la que ciclistas se manifestaron a favor de la ciclovía que el gobierno de Zapopan impulsa.
Los ciclistas rodaron con el objetivo de manifestar sus derechos a una vía exclusiva y segura para trasladarse en bicicleta; lo hicieron por el carril de baja velocidad, justo donde se contempla construir la vía ciclista.
LA FRASE:
""De parte de los vecinos esperamos que reconozcan públicamente esta apertura al diálogo para abrir de inmediato una mesa de acuerdos que nos permitan seguir adelante"": Extracto de lo informado por el Municipio
Sin cambios
- El Ayuntamiento de Zapopan informó a vecinos de Zapopan que la ciclovía de avenida Guadalupe no puede cambiar de ubicación, por lo que no es opción realizarla en el camellón, tal como un grupo de vecinos lo solicita
jl/I"
111,Pagina 24,07-10-20,"""Que la vía ciclista se haga, pese a inconformidad""",trafilatura,trafilatura,3096,0.75,https://pagina24jalisco.com.mx/2020/07/10/local/que-la-via-ciclista-se-haga-pese-a-inconformidad/,,"Piden colectivos de ciclistas al alcalde de Zapopan
Por Rafael Hernández Guízar
Activistas del colectivo #Síalaciclovía acudieron ayer a realizar una rodada por la vía ciclista que se construye por la avenida Guadalupe en Zapopan, dijeron que la obra tiene que concluirse aunque moleste a los vecinos.
Vania Contreras, representante del movimiento, indicó en entrevista con Página 24 que la obra debe continuar pues se trata de la posibilidad de que los ciclistas transiten ""de forma segura"", aún cuando esto no sea del agrado de los vecinos que se han manifestado en contra.
""Entendemos cuál es su frustración, entendemos que después de tantos años de una Guadalajara que es completamente automotora, no les gusta perder privilegios, desafortunadamente el espacio público es eso, público, y no le pertenece a un coto en específico o a una sociedad en específico"".
Alrededor de 50 ciclistas realizaron un recorrido por la vía que está de momento sólo dibujada en el piso del carril de extrema derecha desde el cruce de la avenida Rafael Sanzio hasta el Anillo Periférico y de regreso.
Según la activista, debe seguir la obra por la avenida, ya que es el espacio idóneo pues se trata de la vía más rápida y directa.
""Pueden ser obreros, trabajadores, etcétera, y obviamente que por la tarde regresan a sus casas, qué es lo que pasa entonces, que no tenemos vialidades secundarias que puedan permitir esos recorridos porque además, si vamos buscándole vías alternas ya no es una opción viable para el ciclista, por las distancias, las condiciones climáticas; los manuales en general y las experiencias, nos dicen que tenemos que poner ciclovías en vialidades que son caóticas, precisamente para que no pase absolutamente nada, es decir, nosotros estamos tratando de resguardar nuestra vida y necesitamos ciclovías que sean seguras para nuestro traslado porque no llevamos una carrocería que nos proteja"".
A pregunta expresa de este reportero sobre la inseguridad que supondría para los ciclistas el uso de la ciclovía debido a las constantes inundaciones y el cúmulo de agua que baja de la parte alta del terreno por la misma avenida Guadalupe, indicó que se trata de algo que está pensado y que no les afectaría.
""Si nosotros observamos el temporal de lluvias, todo Guadalajara se inunda, no hablemos de vialidades como López Mateos, de Cruz del Sur, no es exclusivo de avenida Guadalupe; nosotros como ciclistas urbanos sabemos que mientras esté lloviendo, obviamente con una fuerte cantidad de lluvia, pues difícilmente vamos a circular, sobre todo porque no alcanzamos a ver las alcantarillas o los baches, qué sucede en esos momentos, nosotros hacemos alto y nos resguardamos y una vez que baja la lluvia continuamos nuestro trayecto, eso es en todo Guadalajara"".
El llamado de los colectivos fue al gobierno municipal para que la obra continúe pese a la inconformidad de los vecinos, y dijeron incluso estar dispuestos a apoyar con este tipo de manifestaciones para que se logre terminar el proyecto al que se han opuesto los moradores de las colonias aledañas al trayecto de la vía ciclista."
112,NTR Guadalajara,07-09-20,"Con rodada, ciclistas reviran a favor de la ciclovía en Guadalupe",trafilatura,trafilatura,651,0.24,https://www.ntrguadalajara.com/post.php?id_nota=151446,,"Una nueva manifestación ocurrió la tarde de este jueves, sobre la avenida Guadalupe, desde Rafael Sanzio y hasta Periférico.
Ahora, fueron ciclistas, quienes manifestaron su aprobación al proyecto de la ciclovía que el gobierno de Zapopan construye en esta arteria, y con ello reviran a algunos vecinos de la zona, quienes se oponen rotundamente al proyecto.
Los ciclistas rodaron sobre avenida Guadalupe, con el objetivo de manifestar su derechos a una vía exclusiva y segura para trasladarse en bicicleta.
Lo hicieron por el carril de baja velocidad, en donde contempla construirse la vía ciclista de acuerdo al proyecto del ayuntamiento apopano.
jl"
114,El Informador,07-09-20,Ciclistas toman la ciclovía de Guadalupe en pro de su construcción,trafilatura,trafilatura,3014,0.17,https://www.informador.mx/jalisco/Ciclistas-toman-la-ciclovia-de-Guadalupe-en-pro-de-su-construccion-20200709-0125.html,,"Ciclistas toman la ciclovía de Guadalupe en pro de su construcción
Los manifestantes aseguran que el objetivo es visibilizarse y remarcar la importancia que tendrá esta obra para la comunidad
Fue hacia las 17:30 horas que los manifestantes tomaron la ciclovía para circular sobre ella. EL INFORMADOR/G. Gallo
Ni la lluvia evitó que esta tarde decenas de ciclistas se reunieran para manifestarse a favor de la ciclovía que se construye sobre la avenida Guadalupe, con la finalidad de demostrar que ""no son pocos quienes toman esta vía para transportarse"".
 
 ""Lo que queremos es visibilizarnos. De repente dicen 'casi no hay ciclistas' ocupando estos espacios""
Estaban convocados para partir a las 16:00 horas de la gasolinera que se encuentra en el cruce de Guadalupe y la avenida Rafael Sanzio; sin embargo fue hacia las 17:30 que tomaron la ciclovía para circular sobre ella, dijeron, por un lapso de dos horas, aunque algunos salieron antes.
""Lo que queremos es visibilizarnos. De repente dicen 'casi no hay ciclistas' ocupando estos espacios. Muchas veces la bicicleta pasa desapercibida y quizá por eso lo dicen. Este es un corredor muy importante porque conecta la periferia de la ciudad, con el Centro y difícilmente un corredor puede hacer esta colectividad entre varios municipios"", dijo Vania Contreras, una de las asistentes y quien apoyó a los ciclistas con la organización.
Explicó que uno de los objetivos es apoyar a los ciclistas trabajadores que utilizan este medio de transporte ante la falta de recursos y quienes comúnmente son olvidados como usuarios de las ciclovías.
 
 ""Independientemente si hay tráfico ciclista o no, deben generarse las condiciones para que puedan transitar seguros""
Entre sus asistentes se encontraban algunos colectivos ciclistas, jóvenes, adultos y familias con sus hijos, quienes acudieron en su gran mayoría, con sus respectivos elementos de seguridad, cubrebocas e incluso impermeables.
Rodrigo Campos es vecino de la zona de Chapalita y esta tarde acudió acompañado de su hijo pequeño, dijo, con la finalidad de enseñarle desde temprana edad a solidarizarse con la comunidad ciclista, además de para enseñarle que, pese a que ellos tienen un automóvil, la bicicleta siempre será una opción para moverse más rápido por la ciudad y sin necesidad de contaminar el medio ambiente.
""Independientemente si hay tráfico ciclista o no, deben generarse las condiciones para que puedan transitar seguros. Sí hay tráfico, pero la única forma de terminar con él es dejando a un lado los carros y tomar más la bicicleta"", añadió.
El Ayuntamiento de Zapopan informó esta mañana que la obra ciclovía fue parada porque dialogarán de nueva cuenta con los vecinos que se manifestaron ayer en contra de su construcción para buscar alguna solución con la finalidad de disminuir el tráfico.
JM
Lee También
Recibe las últimas noticias en tu e-mail
Todo lo que necesitas saber para comenzar tu día
Registrarse implica aceptar los Términos y Condiciones"
115,Milenio,07-09-20,Ciclistas se manifiestan a favor de la ciclovía en Guadalupe,trafilatura,trafilatura,1495,0.31,https://www.milenio.com/politica/comunidad/ciclovia-guadalupe-rodada-ciclistas-manifiestan-favor,,"Alrededor de 50 ciclistas se congregaron en las confluencias de las avenidas Coopérnico y Guadalupe para manifestarse a favor de la construcción de la ciclovía en esta zona.
El polémico proyecto, que ha causado descontento entre la quienes viven en la zona, fue nuevamente tema de discusión entre los protagonistas, y es que en días pasados, vecinos del sector destruyeron parte de la obra que ya se había edificado a modo de protesta. El miércoles por la mañana también se manifestaron.
Los ciclistas reaccionaron saliendo a las calles el jueves por la tarde, a pesar de la lluvia, recorriendo todo el tramo de la ciclovía, a lo largo de Avenida Guadalupe hasta Periférico para tomar posteriormente Coopérnico y de regreso, todas las veces que les fuera posible a lo largo de dos horas. Con esto intentaron demostrar que la nueva vía no afectará a la circulación.
Los ciclistas señalaron que no es una opción construir la ciclovía por calles aledañas Avenida Guadalupe, como lo piden vecinos, debido a que esto provocaría trayectos más largos, que resultarían inviables para la bicicleta.
Llueva o truene, las personas tenemos derecho a movernos con dignidad y seguridad. #SíALaCiclovíaPorLaDerecha pic.twitter.com/ULxm10ZJYw
— Bicicleta Blanca (@BicicletaBlanca) July 9, 2020
Más temprano, este mismo día, habitantes de la zona interpusieron una queja ante la CEDHJ contra el proyecto por la supuesta violación de los derechos humanos de vecinos, peatones y usuarios del transporte público.
MC"
116,Milenio,07-09-20,Vecinos interponen queja ante CEDHJ por ciclovía de Guadalupe,trafilatura,trafilatura,1720,0.23,https://www.milenio.com/politica/comunidad/ciclovia-vecinos-interponen-queja-ante-cedhj,,"Como una acción más para manifestar su inconformidad ante el proyecto de la ciclovía sobre Avenida Guadalupe, habitantes de la zona interpusieron una queja ante la Comisión Estatal de Derechos Humanos Jalisco (CEDHJ).
""Si estamos de acuerdo es necesario una ciclovía pero no cómo la están desarrollando o proyectando Y priorizando antes al ciclista que al peatón"", detalló la abogada.
De acuerdo con quienes tuvieron acceso al proyecto ejecutivo de la ciclovía, los datos que sustentan la creación de la infraestructura son añejos además de no considerar de manera integral y respetar la pirámide de movilidad, donde se prioriza al peatón, después al ciclista, transporte público, transporte de carga y por último automovilistas y motociclistas.
""El proyecto es bueno porque llevó un beneficio pero queremos que se magnifique, hemos encontrado ciertos detalles a la hora de los números que son números de años anteriores, el tráfico ahora es muchísimo mayor"", dijo uno de los vecinos.
Aseguran que el municipio sólo quiere cumplir con los objetivos internacionales que obligan a los gobiernos a crear políticas públicas donde se incentive el uso de otro tipo de transporte que sea sostenible y no contamine como el carro, y que el proyecto no considera el contexto completo de la zona, como la congestión de vehículos.
El ayuntamiento zapopano acordó abrir un espacio de diálogo, pero se les dejó claro que la ciclovía no puede cambiar su ubicación, sin embargo, están dispuestos a implementar ajustes viables que ayuden a mejorar la circulación, por ejemplo bahías de ascenso y descenso en algunos puntos, cancelar o agregar retornos, y todas aquellas propuestas que sean factibles y sirvan para mejorar el proyecto.
MC"
118,Quadrin Jalisco,07-09-20,Ciclistas pedalean a favor de la ciclovía en Guadalupe ,trafilatura,trafilatura,1268,0.75,https://jalisco.quadratin.com.mx/sin-categoria/ciclistas-pedalean-a-favor-de-la-ciclovia-en-guadalupe/,,"Arranca el TSJ el ciclo escolar 2026-2027 con nuevas carreras
                
                
Guadalajara, Jal. a 28 de agosto de 2026            
        
              09 de julio de 2020                  
            
 , 
             
              17:39 
            
          
            
            Redacción/ Quadratín Jalisco            
          
        GUADALAJARA, Jal; 09 de julio de 2020.- La lluvia no detiene a un grupo de ciclistas de distintos colectivos que se manifiestan esta tarde a favor de la ciclovía de Avenida Guadalupe.
Los manifestantes recorrerán durante dos horas el tramo de Rafael Sanzio hacia Periférico.
En este mismo lugar, vecinos de la zona han señalado que la ciclovía que el Gobierno de Zapopan propuso para desincentivar el uso del transporte público y con ello bajar las posibilidades del contagio de Covid, solo provocará caos vial en horas pico.
Ciclistas señalan que la ciclovía no es una ocurrencia, sino que forma parte del plan de movilidad urbana sustentable y tiene respaldo de expertos a nivel mundial.
Ofrece Secretaría de Innovación cursos de capacitación digitales
              
                                  
                
                 Visita Pablo Montero Guadalajara para obsequiar cubrebocas"
122,Milenio,07-08-20,Rechazan obra de ciclovía en Zapopan; manifestante se tira al suelo,trafilatura,trafilatura,2523,0.24,https://www.milenio.com/politica/comunidad/zapopan-ciclovia-hombre-echa-suelo-protesta,,"Vecinos de la avenida Guadalupe, piden ser escuchados por el ayuntamiento de Zapopan para que sea replanteado el proyecto de la ciclovía.
Uno de los vecinos se acostó a media calle para evitar que siguiera en marcha las obras, lo que provocó un gran congestionamiento vial en el cruce con la avenida Rafael Sanzio.
En esta ocasión acudieron los elementos de la Comisaría Municipal de Zapopan, para evitar que los vecinos agredieran al personal de obras públicas, uno de los vecinos fue agredido por los uniformados.
""Hoy en la mañana realmente nos sorprendió. Es la primera vez que recibimos agresión por parte del personal al principio solamente están bloqueando trabajos pero después empezó la gente a calentarse, ya empezaron a haber agresiones después llegó la policía había como 20 patrullas y uno de ellos inclusive sí nos agredió no sé si un alcoholizado drogado pero sí mismos compañeros tuvieron que calma"", dijo Enrique Campos, vecino inconforme.
Los habitantes de la colonia Jardines de Guadalupe, se consideran decepcionados de esta reciente administración municipal, ya que no se les ha tomado en cuenta para poder tener más opciones para la construcción de la ciclovía.
""Siempre estamos esperando situaciones nuevas y las vamos a seguir buscando el gobierno no escucha realmente; yo tenía fe en este gobierno. Ahora que me estoy involucrando en este movimiento estoy perdiendo totalmente la fe"", agregó.
— Rescate Av. Guadalupe con #CicloviaUtilySegura (@RescateAvGPE) July 8, 2020
Se han puesto en contacto con los encargados de la obra, pero no ha sido considerada su propuesta, ellos argumentan que la avenida Guadalupe registra mucho congestionamiento vial y solo se perjudicaría más
""Ya dimos algunas propuestas formales y ya están haciendo trabajos quiere decir que no nos van a considerar ni escuchar. O sea realmente no les importamos somos ciudadanos de bien estamos defendiendo nuestro derecho de calidad de vida sin oponernos a la ciclovía simplemente nos están manifestando no no buscamos que se replantee el proyecto original"", dijo Campos.
Uno de los comandantes de la Comisaría de Seguridad Pública de Zapopan, informó que ellos acuden para evitar conatos de bronca.
"" Nosotros nomás estamos para vigilar que no vaya a ver un conflicto entre los vecinos y los que están llevando a cabo la obra, la obra no se ha suspendido y está todo trabajando normal nomás los señores están un poco en contra de eso, pero él se están manifestando pacíficamente pero la obra continúa"", dijo el uniformado.
SRN"
123,NTR Guadalajara,07-08-20,Persiste el rechazo a la ciclovía,trafilatura,trafilatura,2552,0.39,https://www.ntrguadalajara.com/post.php?id_nota=151374,,"De nueva cuenta vecinos de la avenida Guadalupe, en Zapopan, volvieron a impedir trabajos de la ciclovía que se construye sobre la arteria. Poco después de las 6 horas cuatro colonos se presentaron a la altura de Rafael Sanzio para evitar que se colocaran quesadillas de concreto que dividen a la vía ciclista.
Los actos de inconformidad subieron de tono, pues vecinos se colocaron sobre el carril de baja velocidad para evitar que los trabajadores pudieran realizar las labores, por lo que al lugar acudieron elementos de la Policía de Zapopan a fin de evitar más conflictos.
La inconformidad de los vecinos fue tal que incluso uno de ellos se acostó bocabajo sobre el carril para evitar que los trabajos se realizaran, lo cual provocó múltiples memes en redes sociales.
Algunos de los colonos indicaron además que fueron agredidos por elementos policiales, acusación que posteriormente fue desmentida por el comisario jefe de Seguridad Pública de Zapopan, Jorge Arizpe García, quien recalcó que la presencia de los uniformados fue únicamente para ""vigilar que no fuera a suceder un conflicto entre los vecinos y quienes llevan la obra"".
El funcionario recalcó que no hubo ningún conato de bronca ni daños a la infraestructura.
Horas más tarde, sobre la misma avenida, pero a la altura de Tchaicovsky, otro grupo de vecinos impidió que se iniciara la colocación de quesadillas de concreto y estacionó sus autos sobre el carril de baja velocidad, provocando que elementos de Movilidad del municipio acudieran hasta el punto y levantaran folios a los autos que ahí se estacionaron.
Los inconformes adelantaron que interpondrán una queja ante la Comisión Estatal de Derechos Humanos Jalisco (CEDHJ) por las acciones de ayer.
Por su parte, el Ayuntamiento de Zapopan presentó por la tarde un documento firmado por vecinos de la zona que se pronunciaron a favor de la construcción de la ciclovía.
El titular del Instituto de Planeación y Gestión del Desarrollo del Área Metropolitana de Guadalajara (Imeplan), Mario Silva Rodríguez, se refirió al proyecto y aclaró que lo ideal es realizarlo sobre el carril de baja velocidad y no en el camellón, como lo solicitan los vecinos.
""La ciclovía se construye en el carril extremo derecho por reglamentación oficial y colocarla en camellones u otras áreas verdes afecta el arbolado urbano, la filtración de agua y oxigenación de suelo (de por sí afectada por el desarrollo urbano)"", expuso.
El funcionario añadió que los cambios en el entorno urbano de avenida Guadalupe beneficiarán a más de 2 mil ciclistas.
EH"
126,Zapopan,07-07-20,Dialoga Zapopan con vecinos de avenida Guadalupe ,trafilatura,trafilatura,7763,0.92,https://www.zapopan.gob.mx/v3/noticias/dialoga-zapopan-con-vecinos-de-avenida-guadalupe,,"El Gobierno Municipal reitera una vez más su disposición al diálogo con los vecinos de este corredor
Además de la instalación y la implementación de la ciclovía emergente, el proyecto contempla una serie de adecuaciones viales como reprogramación de semáforos, reconfiguración de los carriles, balizamiento, reubicación de paradas del transporte público, reordenamiento del tránsito en los cruces de Periférico y Guadalupe, entre otras
Con estas acciones, se evitará un colapso vial en la zona y se brindará seguridad a 10 mil usuarios potenciales de esta infraestructura ciclista
Dando continuidad a la apertura y diálogo del Gobierno de Zapopan con la ciudadanía desde la socialización previa a la ejecución de la ciclovía emergente de avenida Guadalupe, autoridades municipales se reunieron ayer con siete representantes vecinales para atender a sus inquietudes.
""Estuvimos trabajando con ellos durante aproximadamente 3 horas, donde se les presentó un resumen muy detallado (sobre) cómo es que se han ido integrando y determinando las zonas donde han ido avanzando las ciclovías en el municipio. Se les explicó que hay programas de movilidad no motorizada que, desde 2009, han ido estableciendo que las ciclovías deben permanecer por el lado derecho de las vialidades, esto con la finalidad de garantizar la seguridad del ciclista, pero también de los peatones y de los propios automovilistas"", explicó Patricia Fregoso Cruz, Coordinadora General de Gestión Integral de la Ciudad, quien coordinó este encuentro.
Cabe destacar que en este corredor, desde Chapalita hasta Anillo Periférico, el aforo ciclista asciende a más de 2 mil ciclistas en los horarios de mayor demanda, aunque con la nueva infraestructura y la seguridad que representa, se prevé que lleguen a 10 mil usuarios potenciales.
Esta infraestructura emergente constará de una extensión total de 8.4 kilómetros —4.2 kilómetros por sentido—, se ejecutará desde avenida Niño Obrero hasta Anillo Periférico y se estima su término dentro de dos meses; conectará con la ciclovía de Avenida Niño Obrero - Glorieta Chapalita - Avenida Arcos, y a su vez, con toda la infraestructura ciclista del centro de Guadalajara.
Durante la reunión de ayer, los vecinos manifestaron como principal inconformidad la reducción de un carril a la circulación vehicular en esta vialidad, por lo que las autoridades municipales presentaron, a través de simulaciones en computadora, el contraste entre la situación actual y la propuesta del Gobierno Municipal.
""Ese modelo que está proponiendo el Ayuntamiento de Zapopan donde, además de la instalación y la implementación de la ciclovía emergente, se preparan una serie de adecuaciones viales en las inmediaciones de avenida Guadalupe, que incluyen una reprogramación de los semáforos y pequeñas soluciones viales de reconfiguración de los carriles, balizamiento, reordenamiento del tránsito en los cruces de Periférico y Guadalupe (…) Ellos pudieron ver que el tránsito queda exactamente igual a como se está sucediendo a estos momentos, y a estos momentos, me refiero a estos momentos sin pandemia"", explicó Fregoso Cruz.
Añadió que se trabaja en conjunto con el Imeplan, a través de la Agencia Metropolitana de Movilidad, para la reubicación de paradas del transporte público y la modernización de los semáforos en la zona, que se instalarían a finales de este año y permitirían la reducción en los tiempos de traslado.
Con estas acciones se evitará un colapso vial en avenida Guadalupe.
Por su parte, los vecinos propusieron un retorno a la altura de la calle Misión de San Lorenzo, donde se encuentra el Instituto Miguel Ángel de Occidente, que será analizada en conjunto con la comunidad vecinal y escolar.
""Les pedimos sensibilización de que es un proyecto que va caminando, que no se va a detener, que lleva un contexto y un beneficio social mucho más amplio y en un territorio mucho más grande que solamente los cotos que viven en avenida Guadalupe y es priorizando una de las zonas más desiguales del municipio de Zapopan"", señaló Fregoso Cruz.
A través de la dirección de Movilidad y Transporte Zapopan, el Gobierno Municipal ha brindado atención a las dudas e inquietudes de habitantes, representantes vecinales y comerciantes de la zona. Además socializó el proyecto previo a su arranque en calle y a través de reuniones virtuales, atención telefónica, redes sociales y whatsapp. También fueron entregados los estudios y justificaciones técnicas del proyecto para su consulta.
La Organización Mundial de la Salud (OMS) reconoce el uso de la bicicleta como un aliado para evitar contagios por Covid-19, dado que atiende a la medida de distanciamiento social y limita el contacto físico, reduciendo la probabilidad de contagio, así como evita la saturación del transporte público.
Además, se requiere desincentivar el uso del automóvil y motocicletas particulares dado que son fuente de emisiones contaminantes que agravan síntomas y padecimientos respiratorios.
Con una inversión de 14 millones de pesos, la ciclovía emergente en avenida Guadalupe contempla señalamiento horizontal, pintado de machuelo, bolardos abatibles, vialetones, elementos de segregación de tipo trapezoidal, señalización vertical, plataforma de ascenso y descenso, y sustitución de rejillas peligrosas.
Inicialmente, se realizó el balizamiento del señalamiento horizontal y la colocación de elementos de segregación temporal, como postes y mallas, para facilitar su uso inmediato. Conforme el avance de la obra, se inició la implementación de los elementos de segregación definitiva en la ciclovía, con bolardos abatibles y de tipo trapezoidal, coloquialmente conocidos como ""quesadilla"".
Los manuales de infraestructura ciclista como CROW (Holanda), NACTO (EEUU), VEJREGLER (Dinamarca) y Ciclociudades (México-ITDP) son unánimes respecto a que las ciclovías deben habilitarse del lado derecho de las avenidas y separadas de los automóviles por segregadores para brindar mayor seguridad a los ciclistas, cuyo diseño debe ser lo más próximo al carril de baja velocidad de forma unidireccional, en el mismo sentido de la circulación del tránsito automotor.
Recientemente, el Instituto de Políticas para el Transporte y el Desarrollo México (ITDP México) publicó el ranking de ciclociudades donde Zapopan se posiciona en el tercer lugar a nivel nacional por sus políticas en favor de la movilidad incluyente y sustentable.
El Manual de Ciclociudades indica que se considera una ciclovía en camellón, en ningún caso la avenida deberá tener más de dos carriles de ancho e intersecciones a 500 metros como mínimo.
Además, las ciclovías a lado derecho atraen más usuarios dado que la incorporación y desincorporación a las mismas es la más sencilla. De esa forma la infraestructura da servicio por igual a viajes de corto y largo itinerario, y además genera activación económica en los corredores donde se instalan, dado que las personas suelen emplear este medio de movilidad en un radio de 2 kilómetros a los alrededores de su vivienda.
Una ciclovía por camellón solo tiene uso recreativo o servicio a viajes de largo itinerario, dado que obliga a que la incorporación y desincorporación segura sea por las esquinas, por lo que suele evitarse el uso de esta infraestructura o hasta el empleo de la bicicleta como herramienta para la movilidad en estos espacios.
En el caso de avenida Guadalupe, el trazo recto de la ciclovía implicaría necesariamente el derribo de arbolado y la reducción de capacidad de infiltración al subsuelo, dado que los camellones son áreas verdes o áreas arborizables, así como zonas de recarga hídrica.
Se encontraron presentes en esta reunión Jesús Carlos Soto Morfín, Director de Movilidad y Transporte de Zapopan, así como el regidor Óscar Ramírez Castellanos."
127,Canal 44,07-07-20,Vecinos de avenida Guadalupe continúan oponiéndose a la ciclovía que mantiene su construcción,trafilatura,trafilatura,221,0.8,https://www.youtube.com/watch?v=K6B0lgAR-6w,,"Acerca de
Prensa
Derechos de autor
Comunicarte con nosotros
Creadores
Anunciar
Desarrolladores
Condiciones
Privacidad
Políticas y seguridad
Cómo funciona YouTube
Prueba funciones nuevas
NFL Sunday Ticket
© 2026 Google LLC"
128,Quadrin,07-06-20,"Sí a ciclovía, pero sin invadir carriles, piden vecinos de Av. Guadalupe",trafilatura,trafilatura,1442,0.73,https://jalisco.quadratin.com.mx/sin-categoria/si-a-ciclovia-pero-sin-invadir-carriles-piden-vecinos-de-av-guadalupe/,,"Arranca el TSJ el ciclo escolar 2026-2027 con nuevas carreras
                
                
Guadalajara, Jal. a 28 de agosto de 2026            
        
              06 de julio de 2020                  
            
 , 
             
              18:12 
            
          
            
            Monse Cuevas/Quadratín Jalisco             
          
        GUADALAJARA, Jal; 06 de julio de 2020.- Vecinos de Avenida Guadalupe se manifiestan esta tarde por la ciclovía emergente que se construirá en esta vialidad para desinsentivar el uso del transporte público con el que se incrementarían contagios de Covid 19.
Los vecinos señalan que en horas pico, el tráfico se incrementaría considerablemente si la ciclovía ocupara un carril completo, por lo que piden que se pase al camellón.
Los manifestantes bloquearon la circulación de dos carriles con sus automóviles para simular lo que significaría la ocupación de este espacio cuando haya una mayor tráfico vehicular en la zona, lo que generó la molestia de los conductores.
Piden comunicación con las autoridades y dar mantenimiento a la ciclovía para que no se convierta en una herramienta en desuso que luego sea un problema de seguridad.
En breve más información.
Presentan oficialmente a Chapulineros de Oaxaca en torneo de LBM
              
                                  
                
                 Abren convocatoria para Bienal de Novela Mario Vargas Llosa"
130,El Occidental,07-06-20,Zapopan emprenderá acciones contra quienes dañaron la ciclovía de avenida Guadalupe,trafilatura,trafilatura,353,0.86,https://oem.com.mx/eloccidental/local/noticias-zapopan-acciones-danos-ciclovia-avenida-guadalupe-15905253,,"Locallunes, 6 de julio de 2020
Así lo dio a conocer la coordinadora de Gestión Integral del municipio, Patricia Fregoso Cruz
LOCAL
Mirza Flores acusa a Morena de ""grillar"" y lucrar políticamente con el tema del agua
El delito por el que fue denunciado Eduardo N, es por acoso sexual
La víctima está protegida y hasta el momento se desconoce su identidad"
134,Publimetro,07-06-20,Escala el conflicto por la construcción de una ciclovía en Zapopan,trafilatura,trafilatura,536,1.33,https://www.publimetro.com.mx/,,"Activan contingencia ambiental en CDMX y Edomex por altos niveles de ozono
Activan contingencia ambiental por ozono en CDMX y Edomex. Consulta qué autos no circulan este domingo y las recomendaciones de la CAMe
Por Antonio Ramírez
Activa las notificaciones
El excampeón de peso mosca derrotó a Joseph Morales por decisión dividida en Noche UFC
Por Irving Chávez
Cargando ediciones...
Más de 20 años en Visa y dos países liderados: así llegó Francisco Valdivia a dirigir la operación en México, después de vivir la revolución tecnológica"
135,El Informador,07-06-20,Zapopan solicita a sindicatura presentar demanda por daños a ciclovía en Chapalita,trafilatura,trafilatura,3972,0.23,https://www.informador.mx/jalisco/Zapopan-solicita-a-sindicatura-presentar-demanda-por-danos-a-ciclovia-en-Chapalita-20200706-0092.html,,"Zapopan solicita a sindicatura presentar demanda por daños a ciclovía en Chapalita
A través de una transmisión en redes, un ciudadano se declaró responsable del daño en varias de las ""quesadillas"" o bloques que delimitan la vía
00:03:29
Ante los destrozos que hizo un ciudadano quien se acreditó como opositor a la vía que se construye sobre la avenida Guadalupe, en Zapopan, el Ayuntamiento de este municipio informó que se solicitó a la sindicatura se presentara una denuncia penal en contra de los daños causados a la infraestructura de la construcción de dicha vía.
Esta mañana, Ricardo Oliveras, vecino del fraccionamiento Chapalita Inn quien se ha manifestado en reiteradas ocasiones contra la ciclovía, compartió una transmisión en la que se dijo responsable de dañaran varias de las ""quesadillas"" o bloques que la delimitan ""a manera de protesta"" luego de que la construcción de la vía fuera reiniciada por el Ayuntamiento.
En el video, Oliveras aseguró que dicha acción fue llevada a cabo alrededor de las 5:00 horas de este lunes debido a que la alcaldía decidió continuar con la construcción de la ciclovía pese a algunos opositores.
""Les informo que acabo de hacer el daño, porque lo verán, y así son de resistentes estos elementos que están poniendo. Vamos a ver hasta dónde tenemos que llegar para que el Gobierno nos escuche"", fueron algunas de las frases expresadas por el colono durante la transmisión, misma que fue borrada de su cuenta durante el transcurso de este día.
Al respecto, la alcaldía aseguró que en reiteradas ocasiones han buscado dialogar con el hombre y el resto de vecinos en oposición, además de presentarles los estudios técnicos del proyecto y ""modelaciones digitales""; sin embargo, no han podido llegar a un acuerdo pese a que se le han presentado los estudios correspondientes al proyecto, motivo por el cual se decidió solicitar la presentación de la querella ante el Ministerio Público.
Las acciones realizadas podrían recaer en los artículos 131 y 259 del Código Penal para el Estado de Jalisco, en los cuales se especifican sanciones como de diez a cincuenta jornadas de trabajo a favor de la comunidad, o multa de veinte a cien días de salario mínimo al que entorpezca o se oponga con actos materiales a la ejecución de obras o trabajos públicos legalmente ordenados por la autoridad competente, además de un mes a cinco años de prisión y multa por el importe de dos a veinte días de salario por el delito de daño en las cosas.
""Yo haría una diferenciación entre las personas que realizaron los daños a la infraestructura municipal que se está planteando desde un eje lineal que se está planteando de desarrollo para toda la ciudad y los vecinos. La gente que vive en la zona de Guadalupe, que habita en la Zona Metropolitana de Guadalajara que está convencida del desarrollo y potencial que tiene su cuidad no genera daños, no agrede a la autoridad, sino que busca cómo construir una comunidad distinta"", dijo por su parte la coordinadora de Gestión Integral de la Ciudad del Ayuntamiento zapopano.
Ella insistió en que los estudios realizados con base en recomendaciones internacionales señalan que las ciclovías deben de construirse a la extrema derecha de las vías, pues de realizarse en camellones, como la oposición propone, significaría la remoción del arbolado urbano y no generaría condiciones de seguridad para el ciclista, pues este ""cruzaría de un lado a otro para poderse incorporar a las vías"".
""El hecho de que pongas una segregación y le des al ciclista las mejores condiciones de seguridad en la Zona Metropolitana de Guadalajara va a permitir que más personas se incorporen a este nuevo modelo de movilidad, donde necesitamos que se disminuyan las aglomeraciones del transporte público"", añadió.
JM
Lee También
Recibe las últimas noticias en tu e-mail
Todo lo que necesitas saber para comenzar tu día
Registrarse implica aceptar los Términos y Condiciones"
144,El Occidental,06-26-20,Vecinos entregan propuestas de ciclovía al ayuntamiento de Zapopan,trafilatura,trafilatura,389,0.58,https://oem.com.mx/eloccidental/local/noticias-ayuntamiento-de-zapopan-colonoa-avenida-guadalupe-alcalde-pablo-lemus-navarro-propuestas-15829327,,"Localviernes, 26 de junio de 2020
Los vecinos de Avenida Guadalupe solicitan que se les escuche y se tome en cuenta por el alcalde zapopano, Pablo Lemus Navarro
LOCAL
Mirza Flores acusa a Morena de ""grillar"" y lucrar políticamente con el tema del agua
El delito por el que fue denunciado Eduardo N, es por acoso sexual
La víctima está protegida y hasta el momento se desconoce su identidad"
145,Meganoticias,06-26-20,Sigue discusión por ciclovía emergente en Av. Guadalupe,trafilatura,trafilatura,2813,0.59,https://www.meganoticias.mx/guadalajara/noticia/sigue-discusion-por-ciclovia-emergente-en-av-guadalupe/158826,,"Movilidad
                                                                    
                                                Por:
                                                                    Daniela Rodríguez
                     
                    
Guadalajara
Fecha: 26-06-2020
                                        Guadalajara
Fecha: 26-06-2020
Vecinos y comerciantes ubicados sobre Avenida Guadalupe, siguen en desacuerdo por la ubicación de una ciclovía emergente que corre por toda la zona desde Niño Obrero hasta Anillo Periférico, por lo que a pesar de que muchos se dicen a favor de incentivar este medio de transporte, piden que se mueva de lugar por las complicaciones que dicen ha generado.
Yo creo que está bien para todos los ciclistas, pero que también está mal ubicado porque ha incrementado muchísimo el tráfico, y en una vía tan importante como es esta, pues la verdad hay muchos momentos en los que se junta todos los carros y es muchísimo más tráfico del que había antes (...) yo creo que en calles paralelas, así como si está está muy transitada, podría haber sido Tepeyac u otra calle"", dijo Yamile Galván, trabajadora de la zona.
""Pues sí, el ciclista merece su espacio, pero la inconveniencia que estoy viendo es que las calles no son suficientemente anchas; ahora, aquí en Avenida Guadalupe pasa mucho tráiler, mucho camión de volteo, de construcciones y las calles se hicieron más estrechas; ya hubo varios accidentes por esta circunstancia y gente que no suele pasar por aquí frecuentemente no se da cuenta, entonces, yo entiendo que es necesaria la ciclovía, pero también entiendo que debería de haber una reforma de la circulación de camiones"", mencionó la señora Gabriela Contreas, vecina del lugar.
Se encontró con algunas mantas a las afueras de un fraccionamiento, que dicen estar en desacuerdo con esta ciclovía, que además, no se ha terminado, pues aún hay tramos con señalética provisional que conductores no respetan.
Ciclistas se dicen a favor de la misma, pero aseguran que se necesita de educación vial para la convivencia de todos los tipos de transporte.
""A mí me parece bien porque yo trabajo aquí a la vuelta y diario la utilizo. No, la verdad es no la respetan. En algunos lugares donde no están? y los postes verdes, se estacionan ahí y pueden causar accidentes, porque yo por ejemplo, para no subirme a la banqueta, yo me bajo, entonces vienen los carros y si puede pasar un accidente"", señlaó Juan Echauri.
Por su parte, Elton Osorio, titular de Bici Blanca señaló que la ubicación y plan de construcción de ciclovías está bien hecho, pues se traza por zonas de alta afluencia ciclista; además de que se busca sean seguras para los mismos; sin embargo, aceptó que la socialización de la misma con vecinos sigue siendo un problema."
146,Trafico ZMG,06-25-20,Pide Observatorio de Movilidad continuar con la ciclovía de avenida Guadalupe,trafilatura,trafilatura,2261,1.11,https://traficozmg.com/2020/06/pide-observatorio-de-movilidad-continuar-con-la-ciclovia-de-avenida-guadalupe/,,"Pide Observatorio de Movilidad continuar con la ciclovía de avenida Guadalupe
El Observatorio Ciudadano de Movilidad y Transporte pide al Gobierno Municipal de Zapopan continuar con la construcción de la ciclovía de avenida Guadalupe, a pesar de la polémica que esa construcción ha generado.
A través de un comunicado, el Observatorio informó que respaldan el diseño que ha sido implementado por el gobierno municipal, debido a que este ha sido realizado en base a a estudios técnicos-científicos como el manual de ciclociudades del Instituto de Policías para el Transporte y Desarrollo, así como el manual de calles de la SEDATU.
Esta ciclovía constará de una extensión total de 8.4 kilómetros, se realizará desde avenida Niño Obrero hasta el Anillo Periférico y se estima su término dentro de dos meses. Además conectará con la ciclovías de avenida Niño Obrero, la Glorieta Chapalita, la avenida Arcos, y a su vez, con toda la infraestructura ciclista del centro de Guadalajara. La obra tiene una inversión de 14 millones de pesos mexicanos.
Sin embargo los vecinos manifiestan como principal inconformidad la reducción de un carril a la circulación vehicular en esta avenida, por otro lado, también exigen que la ruta tenga un retorno a la altura de la calle Misión de San Lorenzo, donde se encuentra el Instituto Miguel Ángel de Occidente.
Por su parte el gobierno municipal destacó que además de la instalación y la implementación de la ciclovía emergente, el proyecto contempla una serie de adecuaciones viales como reprogramación de semáforos, reconfiguración de los carriles, balizamiento, reubicación de paradas del transporte público, reordenamiento del tránsito en los cruces de Periférico y Guadalupe
La infraestructura ciclista debe garantizar un trayecto seguro, coherente, accesible y equitativo. Exhortamos al @ZapopanGob a continuar con la construcción de la ciclovía de Av. Guadalupe con su trazo por el carril derecho de la vía.
Texto completo:https://t.co/cqQrmDWhcp pic.twitter.com/dREbwyZiLh
— Observatorio Ciudadano de Movilidad y Transporte (@OCMTP_JAL) June 25, 2020
JLS
Te puede interesar: Sin tiros con barrera, saques de banda ni afición, la ""nueva normalidad"" de las canchas de fútbol
Debe estar conectado para enviar un comentario."
147,Meganoticias,06-25-20,Respalda Observatorio de Movilidad construcción de ciclovía en Av.Guadalupe,trafilatura,trafilatura,2268,0.15,https://www.meganoticias.mx/guadalajara/noticia/respalda-observatorio-de-movilidad-construccion-de-ciclovia-en-avguadalupe/158532,,"Movilidad
                                                                    
                                                Por:
                                                                    Denisse Esparza
                     
                    
Guadalajara
Fecha: 25-06-2020
                                        Guadalajara
Fecha: 25-06-2020
La construcción de la Ciclovía emergente en Avenida Guadalupe cuenta con la aprobación del Observatorio Ciudadano de Movilidad y Transporte de Jalisco, OCMTP,  ya que es prioritaria la consolidación del proyecto para que la movilidad ciclista sea interconectada, incluyente, segura y sustentable.  
A través de un comunicado, la organización respaldó la construcción de la infraestructura debido a que:   
""Desarrollar una ciclovía segura en la zona impulsa los viajes en bicicleta y podría detonar un crecimiento del sistema MI BICI para tener cobertura hacia el poniente de la ciudad, conectando: Universidades; Viviendas y Centros Comerciales."" 
""Además, ayudaría a la reducción de contagios por Covid-19, ya que incentiva el uso eficiente y seguro de la bicicleta ante la necesidad de moverse, en lugar del transporte público o el automóvil. Este tipo de movilidad es uno de los sistemas más limpios y salubres en estos tiempos"" , menciona el Observatorio.
El OCMTP añade que ""los Planes Parciales de Desarrollo Urbano son un instrumento legal, que se apoya en legislaciones federales y locales, como la constitución Política de México y la de Jalisco; también en la Ley General y Estatal del Equilibrio Ecológico y Protección al Ambiente; y el Código Urbano del Estado de Jalisco."" 
La ciclovía de Avenida Guadalupe, ha causado molestias por parte de algunos vecinos, quienes insisten que es mala idea y se oponen a la construcción de la misma.  
Ante ello, el pasado 15 de Junio, el director de Movilidad y Transporte de Zapopan, Jesús Carlos Soto planteó una mesa de diálogo con cinco representantes de vecinos, a quienes presentó el plan de la ciclovía y las modificaciones a realizar, entre las que se tienen adecuaciones viales, reprogramación de semáforos, reubicación de paradas del transporte público y el reordenamiento del tránsito en los cruces de Periférico y Guadalupe."
151,Meganoticias,06-17-20,Vecinos inconformes con ciclovía emergente de Av. Guadalupe,trafilatura,trafilatura,3159,0.32,https://www.meganoticias.mx/cdmx/noticia/vecinos-inconformes-con-ciclovia-emergente-de-av-guadalupe/156258,,"Movilidad
                                                                    
                                                Por:
                                                                    Daniela Rodríguez
                     
                    
Guadalajara
Fecha: 17-06-2020
                                        Guadalajara
Fecha: 17-06-2020
Vecinos y comerciantes ubicados sobre Avenida Guadalupe, se dicen inconformes por la instalación de una ciclovía emergente que corre por 8.4 kilómetros desde Avenida Niño Obrero hasta Anillo Periférico, pues dicen que es insegura para ciclistas y generará cuellos de botella en horas pico.
Esta ciclovía contempla una inversión de 14 millones de pesos y se estima quede lista en dos meses.
""Creo que no está muy bien pensada, porque Guadalupe es una Avenida demasiado complicada y tiene muchas líneas de camiones, entonces mi pregunta sería ¿Dónde quedaría la subida y bajada de los camiones?; además como una avenida completamente comercial tenemos muchísimos estacionamientos, vea, como aquí, entonces cómo no va a ser complicado con el camión, la ciclovía y la gente intentando entrar y salir"", mencionó José García, vecino de la zona.
""Pues yo creo que le quita mucho espacio a una de las vías rápidas que tiene aquí Guadalajara. De hecho tienen una obsesión por poner las ciclovías en las vías principales como Avenida México y estorba bastante a la circulación de los carros"", dijo Arturo Amaro, conductor que transitaba por la avenida.
Por su parte, también hay quienes se dicen a favor de la instalación de la ciclovía e incluso, el director de Movilidad y Transporte de Zapopan, Jesús Carlos Soto señaló que el lunes se tuvo una mesa de diálogo con cinco representantes de vecinos, a quienes se les presentó el plan de la ciclovía y las modificaciones a realizar, entre las que se tienen adecuaciones viales, reprogramación de semáforos, reubicación de paradas del transporte público y el reordenamiento del tránsito en los cruces de Periférico y Guadalupe.
""Tuvimos una primera reunión el 3 de junio a través de Zoom, plataforma virtual, donde eran 50 vecinos y personal de la dirección de movilidad, donde se les presentó el planteamiento de las ciclovías emergentes y la necesidad que detectamos en la población vulnerable, usuaria del transporte público, que requería la colocación de esta infraestructura (...) se les presentó a estos vecinos representantes, el estudio del componente integral del corredor Guadalupe que tenemos, que nos hicieron una petición formal a través de una vecina para que les entregará este estudio que se dio ayer y que fue parte de los acuerdos, adicionalmente se les presentó la simulación de tres escenarios que tenemos del corredor"", explicó el director.
El director mencionó que los vecinos se dijeron conformes, por lo que el plan de la ciclovía continúa, con la finalidad de después construirla formalmente.
Además, pidió a los vecinos no entorpecer las obras ni retirar la señalética, pues esto ha influido en que automovilistas no respeten el carril y los ciclistas no se sientan seguros y opten por transitar en la banqueta."
152,Meganoticias,06-17-20,Resuelven diferencias por ciclovía emergente en Guadalupe,trafilatura,trafilatura,3101,0.12,https://www.meganoticias.mx/guadalajara/noticia/resuelven-diferencias-por-ciclovia-emergente-en-guadalupe/156082,,"Obra Pública
                                                                    
                                                Por:
                                                                    Denisse Esparza
                     
                    
Guadalajara
Fecha: 17-06-2020
                                        Guadalajara
Fecha: 17-06-2020
Autoridades municipales de Zapopan atendieron inquietudes vecinales dirigidas a la ejecución de la ciclovía emergente de Avenida Guadalupe, misma que ha causado diferencias entre los habitantes aledaños a la zona respecto a la reducción de un carril a la circulación vehicular para la instalación del proyecto.  
Los ciclistas que transitan por el corredor de Chapalita hasta Anillo Periférico asciende a más de 2 mil en horarios de mayor demanda, se prevé que con la nueva infraestructura se alcancen los 10 mil usuarios potenciales.
Los trabajos en el corredor constan de una extensión por sentido de 4.2 kilómetros, para logar un total de 8.4 kilómetros desde Avenida Niño Obrero hasta Anillo Periférico.
Se estima terminar la infraestructura dentro de dos meses. 
Esta ciclovía se conectará con las infraestructuras instaladas en la Glorieta Chapalita, Avenida Arcos y con las vías ciclistas del centro de Guadalajara 
Para adecuar las vialidades y evitar la generación de caos vehicular, el proyecto incluye:
- Reprogramación de los semáforos,
- Reconfiguración de los carriles,
- Balizamiento
- Reordenamiento del tránsito en los cruces Periférico y Guadalupe,
- Reubicación de paradas del transporte público
- Modernización de semáforos en la zona, mismos que se instalarán a finales de este 2020.
Los trabajos se llevarán en conjunto con el IMEPLAN a  través de la Agencia Metropolitana de Movilidad.  
Por su parte, la instalación de la infraestructura implica el derribo de arbolado y la reducción de capacidad de infiltración al subsuelo, dado que los camellones son áreas verdes, así como zonas de recarga hídrica. 
Durante el diálogo, los vecinos propusieron un  retorno a la altura de la calle Misión de San Lorenzo, donde se encuentra el Instituto Miguel Ángel de Occidente, que será analizada en conjunto con la comunidad vecinal y escolar. 
¿QUÉ TENDRÁ LA CICLOVÍA EMERGENTE EN  AVENIDA GUADALUPE? 
La infraestructura emergente en avenida Guadalupe contempla:
- Señalamiento horizontal
- Pintado de machuelo,
- Bolardos abatibles,
- Vialetones,
- Elementos de segregación de tipo trapezoidal,
- Señalización vertical,
- Plataforma de ascenso y descenso,
- Sustitución de rejillas peligrosas. 
Para su ejecución se cuenta con una inversión de 14 millones de pesos.  
Hasta el momento, ya se cuenta con el balizamiento del señalamiento horizontal y la colocación de postes y mallas, también se inició la implementación de los elementos de segregación definitiva con bolardos abatibles y de tipo trapezoidal.  
Durante la reunión realizada el pasado 16 de Junio, estuvieron presentes Jesús Carlos Soto Morfín, Director de Movilidad y Transporte de Zapopan, así como el regidor Óscar Ramírez Castellanos."
153,NTR Guadalajara,06-17-20,Licitan 56 obras a realizar con deuda,trafilatura,trafilatura,2736,0.5,https://www.ntrguadalajara.com/post.php?id_nota=150311,,"Desde el fin de semana fueron publicadas en el periódico oficial El Estado de Jalisco las licitaciones para 56 proyectos de obra pública que serán financiados con parte del crédito de 6 mil 200 millones de pesos que contratará el Poder Ejecutivo.
Entre los 56 proyectos apenas suman 68.98 millones de pesos (mdp), lo que representa el 1.11 por ciento del total del crédito aprobado, el cual ya está en proceso de licitación para ser contratado el 1 de julio.
La capital del estado es la que aglomera la mayoría de los proyectos, pues de 56 le tocarán 27. La mayoría tiene que ver con rehabilitación de infraestructura educativa, pues contempla la rehabilitación de 11 primarias, ocho preescolares y dos secundarias.
Entre los proyectos también se contemplan más frentes de obra en las ciclovías de Federalismo y Niños Héroes-Guadalupe, esta última en conjunto con Zapopan. En total, Guadalajara acaparará 31.77 mdp o el 46 por ciento del recurso asignado.
A Zapopan le tocarán nueve proyectos con dinero de deuda. Se trata de nueve remodelaciones de infraestructura educativa de nivel básico que en conjunto costarán 8 mdp.
A El Salto se le destinarán 4 mdp para la conservación periódica del nuevo libramiento oriente; a Tlaquepaque, 748 mil pesos para una primaria, y a Tonalá, 4.68 mdp para una ciclovía y para el Hospital Civil de Oriente. El resto de municipios de la Zona Metropolitana de Guadalajara (ZMG) aún no tiene proyectos a financiar con el crédito.
La primera etapa de obras también contempla cinco proyectos para Tepatitlán de Morelos. Tendrá recursos para obras en cuatro escuelas primarias y un auditorio municipal. En total, se le asignarán 5.86 mdp.
Fuera de la ZMG, además de Tepatitlán, Arandas, Huejuquilla el Alto, Mezquitic, Poncitlán, Tomatlán, Tonaya y Villa Guerrero, cuentan con presupuestos asignados.
En resumen, los primeros 68.98 mdp a licitar del crédito de 6 mil 200 mdp para la reactivación económica están repartidos en 13 municipios.
Las obras arrancarán entre mediados y finales de julio. En las licitaciones se especifica que entre octubre y diciembre estarán terminadas. El gobierno de Jalisco deberá entregar el 30 por ciento de anticipo a las empresas ganadoras al momento de firmar los contratos.
El gobierno estatal también lanzó una licitación para la construcción de la carretera Autlán de Navarro-Villa Purificación. Para este proyecto hay un recurso de 40.8 mdp que proviene del crédito por 5 mil 250 mdp que el Congreso de Jalisco le aprobó al Ejecutivo en marzo de 2019 al Ejecutivo estatal.
Se prevé que el 24 de julio dé arranque la obra y esté finalizada el 15 de diciembre.
EL NÚMERO:
- 68.98 millones de pesos es el primer monto a utilizar de la deuda; será para 56 proyectos
jl/I"
156,El Informador,06-16-20,Guadalajara salta al primer lugar en ranking ciclista y desplaza a CDMX,trafilatura,trafilatura,4882,0.34,https://www.informador.mx/jalisco/Guadalajara-salta-al-primer-lugar-en-ranking-ciclista-y-desplaza-a-CDMX--20200616-0071.html,,"Guadalajara salta al primer lugar en ranking ciclista y desplaza a CDMX
Con este instrumento, el Instituto de Políticas para el Transporte y el Desarrollo México mide el desempeño de 31 ciudades en el país en cuanto al impulso del uso de la bicicleta como modo de transporte
La implementación existosa del programa MiBici en Guadalajara y Zapopan, ha sido clave para mejorar la clasificación de la ciudad en el ranking. EL INFORMADOR / ARCHIVO
Guadalajara le quita la corona a la Ciudad de México en la última edición del ranking de ciclociudades elaborado por el Instituto de Políticas para el Transporte y el Desarrollo México (ITDP, por sus siglas en inglés).
La Perla Tapatía logró el mejor puntaje entre 31 ciudades evaluadas en 11 ejes distintos como seguridad vial, cambio climático, regulación y planeación urbana, entre otros.
En el ""Ranking ciclociudades 2019"", Guadalajara logró un puntaje de 73/100, mientras que la Ciudad de México sumó 66/100; además Zapopan se coloca en el tercer sitio con 65/100.
Además de lograr el primer lugar en la evaluación, Guadalajara también fue la ciudad que más avanzó respecto a sus resultados en el Ranking 2018 con 35 puntos de diferencia.
En los 11 rubros evaluados, Guadalajara logra tres calificaciones de 100 en los ejes de cambio climático, capacidad institucional y educación y promoción.
Zapopan subió su calificación en ocho puntos respecto al informe del año pasado lo que le bastó para asegurar el tercer sitio, teniendo el mejor desempeño en el rubro de cambio climático.
Cabe mencionar, que tanto para Guadalajara como Zapopan, el eje de ""Intermodalidad"" fue el que menor calificación reporta, con 45% y 36% del cumplimiento, respectivamente.
Este eje de intermodalidad contempla el nivel de integración de la bicicleta con los sistemas de transporte público, a través de la instalación de biciestacionamientos cerca de puntos de interés o mediante sistemas de bicicletas públicas.
En el informe, también se incluye el municipio metropolitano de San Pedro Tlaquepaque, que registra una puntuación total de 41/100, una diferencia de siete puntos más respecto a 2018, que lo coloca en el puesto número 11 del ranking 2019.
Otro municipio de Jalisco que aparece en la evaluación de ciclociudades es Ciudad Guzmán, que resulta con una calificación de 22/100 y aparece en el sitio 25 del ranking, empatado con Monterrey y por encima de Mazatlán, Ciudad Juárez y Acapulco.
Los últimos puestos de la lista de ciclociudades están ocupados por Cuernavaca, Morelos, y Ensenada, Baja California, con una calificación de 13/100 y 12/100, respectivamente.
El reporte destaca la capacidad institucional de la Zona Metropolitana de Guadalajara en movilidad: ""Es la que cuenta con una mayor coordinación para construir estrategias e implementar acciones que permitan a la ciudadanía trasladarse en bicicleta a través de ella"".
Para la última edición del ranking de ciclociudades en México fue clave la consideración de las acciones que están tomando algunas ciudades para promover el uso de la bicicleta en respuesta a la emergencia sanitaria del COVID-19.
Entre estas acciones ante la pandemia, el reporte del ITDP apunta la implementación de 13 km de ciclovías emergentes en Guadalajara y otros 28 kilómetros en Zapopan.
El informe resalta como una condición de las 31 ciudades evaluadas, que ""aún hay pocos esfuerzos relacionados a otorgar incentivos para que las personas puedan llegar a su trabajo en bicicleta"".
Y además señala la necesidad que la mayoría de las ciudades analizadas cumplan con criterios de comodidad, seguridad y coherencia en cuanto a redes de movilidad en bicicleta.
En la edición 2019 del ranking, se incluyó por primera vez a las ciudades de La Paz, Baja California; Playa del Carmen, Quintana Roo; y San Pedro Garza García, Nuevo León.
A continuación las puntuaciones totales de las 31 ciudades mexicanas evaluadas en el ""Ranking Ciclociudades 2019"" del Instituto de Políticas para el Transporte y el Desarrollo México:
PARA SABER
El Ranking Ciclociudades se comenzó a elaborar en el año 2013 y para esta edición se actualizó la metodología para hacer un análisis más detallado de cada ciudad en función de su tamaño de población y analizar los movimientos intermunicipales en las metrópolis.
El objetivo del Ranking Ciclociudades es utilizar las bases de datos e indicadores de evaluación para guiar la política de movilidad en bicicleta de ciudades mexicanas y generar más información abierta y al alcance de cualquier persona interesada, así como servir de apoyo en las futuras decisiones de proyectos y política pública relacionadas con la movilidad en bicicleta.
Lee También
Recibe las últimas noticias en tu e-mail
Todo lo que necesitas saber para comenzar tu día
Registrarse implica aceptar los Términos y Condiciones"
157,NTR Guadalajara,06-14-20,Carril Bus-Bici de Hidalgo tiene un 50% de avance,trafilatura,trafilatura,812,0.26,https://www.ntrguadalajara.com/post.php?id_nota=150130,,"El Ayuntamiento de Guadalajara informó que el carril Bus-Bici, en avenida Hidalgo, tiene un 50 por ciento de avance en su construcción.
La directora de Movilidad y Transporte, Libertad Zavala Marín, informó que la ciclovía en avenida Hidalgo tendrá una distancia de 3.7 kilómetros, entre avenida López Mateos y el Centro Histórico.
Hasta el momento, los trabajos que se han concluido son de pintura y señalización a nivel de piso, aún faltan señalizar a nivel vertical, la colocación de lonas informativas.
En las lonas informativas, manifestó Libertad Zavala se incluirán detalles sobre los usuarios del carril Bus-Bici, y a qué velocidad se puede circular.
""El carril Bus-Bici será para ciclistas, calandrias y transporte público y quedará concluido a finales de mes"", indicó el Ayuntamiento de Guadalajara.
EH"
158,NTR Guadalajara,06-14-20,Concluyen ciclovía emergente en avenida México,trafilatura,trafilatura,912,0.26,https://www.ntrguadalajara.com/post.php?id_nota=150129,,"La ciclovía emergente de avenida México fue concluida, mientras que la de avenida Hidalgo tiene un avance de 50 por ciento, informó el Ayuntamiento de Guadalajara.
La directora de Movilidad y Transporte, Libertad Zavala Marín, indicó que la ciclovía emergente tiene con fin apoyar en la disminución de los contagios de Covid-19 y garantizar formas de movilidad independiente.
La ciclovía emergente de avenida México está conformada por dos kilómetros lineales, entre avenida Juan Palomar y Arias, hasta la calle Teatro de la República.
""Lo que hicimos fue un proceso informativo con las comunidades vecinas; colocamos la señalización que es el balizamiento de manera horizontal en la pintura del piso, señalamos de manera vertical con señalamiento también y complementamos con elementos que configuran el espacio o que lo delimitan, como es el caso de los bolardo abatible amarillos"", explicó Libertad Zavala.
EH"
159,Pagina 24,06-14-20,No cesan protestas por ciclovía en Guadalupe,trafilatura,trafilatura,2309,0.74,https://pagina24jalisco.com.mx/2020/06/14/local/no-cesan-protestas-por-ciclovia-en-guadalupe/,,"Vecinos y ciclistas enfrentan opiniones
El problema se agrava en la glorieta Chapalita debido a la ""histórica ausencia"" de la policía vial, que jamás puso orden en la zona, lamentaron habitantes
Por Rafael Hernández Guízar
Nuevamente hubo manifestación de vecinos y ciclistas en avenida Guadalupe con opiniones encontradas por la instalación de la ciclovía.
Al filo de las 6:30 de la tarde del viernes, un enorme caos vial se dio por la avenida ante la insistencia de vecinos por hacer notar sus inconformidades ante la instalación de esta vía ciclista que reducen de tres a sólo dos carriles de circulación para automóviles y camiones.
Sin embargo, tras dar un recorrido por la avenida desde el Periférico hasta la glorieta Chapalita, todo esto en el municipio de Zapopan, constatamos que es debido a los comercios mayormente bares y restaurantes gran parte del caos vehicular, según lo confirmó Gerardo García, vecino de la zona y usuario de la bicicleta.
""Ahorita el asunto es incentivar o educar al conductor a que no haga eso, ve los de Rappid y a los de Uber –repartidores de comida por plataformas de internet–, están apilados como si fuera un estacionamiento, pero no es un lugar de estacionamiento, y claro los carros, es lo de siempre, una o dos filas, en un lugar que es nada más de dos carriles, entonces cuánto queda, pues nada más uno para circular; aquí el problema no creo que haya sido la ciclovía, el problema es que se sigue permitiendo que se estacionen así, porque eso es desde siempre, no aparece el problema con la ciclovía"".
Resaltó que es indiscutible la necesidad de qué la policía vial se haga presente, para aplicar la ley de movilidad y así multar a todos los que causan este conflicto.
""Pues básicamente que vinieran hicieran su trabajo, porque definitivamente no es justo que suceda esto, además aquí el problema que vemos no es del diseño de la ciclovía, aquí el problema es del usuario de la avenida, es el usuario que está fallando entonces la única manera de que esto cambie pues es que la autoridad haga lo que le toca"".
Sin embargo, el tráfico desde la glorieta Chapalita hasta el anillo periférico se ha hecho cada vez más complicado, siendo esto el centro de la protesta de las personas que habitan en las distintas colonias que se ubican a lo largo de todo el corredor."
160,Pasajero 7,06-13-20,GUADALAJARA ENCABEZA EL RANKING DE 31 CIUDADES QUE IMPULSAN EL USO DE LA BICICLETA,trafilatura,trafilatura,3231,1.0,http://www.pasajero7.com/guadalajara-encabeza-ranking-31-ciudades-impulsan-uso-la-bicicleta/,,"De acuerdo al estudio realizado por Instituto de Políticas para el Transporte y el Desarrollo México (ITDP, por sus siglas en inglés) sobre el impulso de la bicicleta en 31 ciudades del país, es Guadalajara la que mejor ha trabajado en promover este medio de movilidad sustentable y en adecuar la ciudad para seguridad de sus usuarios.
Por primera vez el estudio contemplo medidas implementadas para hacer frente a la pandemia, por lo que se calificaron se las acciones que las principales ciudades del país han llevado a cabo para fomentar el uso de la bicicleta como un transporte seguro, que garantiza la sana distancia, como respuesta a los nuevos comportamientos que exige la nueva normalidad, que implica saber convivir con el virus en tanto no exista una vacuna que garantice inmunidad.
La evaluación hecha por el ITDP se basa en 11 ejes y 47 indicadores que asignan 100 puntos, según el nivel de cumplimiento. Los ejes son: cambio climático, capacidad institucional, educación y promoción, intermodalidad, inversión, monitoreo y evaluación, otros incentivos, planeación urbana, red de movilidad en bicicleta, regulación y seguridad vial.
Los resultados posicionaron a Guadalajara en primer lugar de esta edición, con 73 de 100 puntos. Pero no solo eso, fue de las urbes que más creció en su puntaje con respecto a la evaluación anterior, en la que obtuvo apenas 38. De hecho, es la metrópoli que más incrementó su puntaje del ranking de 2018 al de 2019, con 35 puntos de diferencia.
Guadalajara obtuvo sus puntajes más altos en los ejes de cambio climático, capacidad institucional y educación y promoción, con 100 por ciento de cumplimiento. Los más bajos fueron en inversión, monitoreo y evaluación y otros incentivos, con 50, 55 y 50 por ciento, respectivamente.
- Podía interesarte: Comienzan los trabajos de la ciclovía emergente en av. México
La CDMX
El segundo lugar fue para la Ciudad de México, que desde el ranking de 2013 había sido la urbe con mayor puntaje en las políticas para impulsar el uso de la bicicleta como modo de transporte. Si bien la capital mexicana aumentó sus calificación con respecto al 2018, al pasar de 63 a 67 puntos, no le alcanzó para mantener el liderato histórico.
En el caso de la Ciudad de México, el puntaje más alto fue en los ejes de cambio climático, con 100 por ciento; regulación, con 94 por ciento y planeación urbana con 78 por ciento. Los más bajos fueron inversión, red de movilidad en bicicleta y monitoreo y evaluación, con 50, 50 y 45 por ciento, respectivamente.
Sin embargo, la Ciudad de México es parte de la Zona Metropolitana del Valle de México, que tiene una población de 20.8 millones de habitantes en una superficie de siete mil 866 kilómetros cuadrados, mientras que la Zona Metropolitana de Guadalajara tiene apenas 4.7 millones de habitantes, que no alcanzar a sumar la población total solamente de la capital mexicana.
El tercer puesto en el ranking fue para la ciudad de Zapopan, Jalisco con 66 puntos; le siguieron Morelia, Michoacán y León, Guanajuato, con 55 puntos; Hermosillo, Sonora, con 47 puntos; Puebla, Puebla, con 46; Metepec, Estado de México y Tlaquepaque, Jalisco, con 41 puntos. El resto de las urbes se quedaron por debajo de los 40 puntos."
161,Pagina 24,06-12-20,Que ciclovía vaya por camellón: Vecinos de avenida Guadalupe,trafilatura,trafilatura,3172,0.46,https://pagina24jalisco.com.mx/2020/06/12/local/que-ciclovia-vaya-por-camellon-vecinos-de-avenida-guadalupe/,,"De por sí el tráfico es horrible en la zona, critican
Por Rafael Hernández Guízar
De nueva cuenta causó polémica la ciclovía que se construyó sobre avenida Guadalupe en Zapopan: mientras que colectivos la aplauden, vecinos la repudian.
Francisco Rosas, uno de los habitantes de la zona, indicó que rechazan tajantemente el proyecto propuesto por el ayuntamiento de Zapopan, no quieren que la vía quite un carril de circulación para los vehículos.
""Ya le pedimos apoyo a Lemus porque nos quieren quitar un carril, ya tuvimos un colapso en el tráfico y eso que estamos en pandemia, que no estamos funcionando al 100, les pedimos por favor que nos escuchen, porque estamos a favor de la ciclovía, pero queremos que la reestructuren, podemos hacer algo muy bonito en el centro del camellón, algo como en Providencia; que por favor piensen en los ciclistas también, porque aquí se hace un río cuando llueve y lo que queremos es apoyo"", dijo.
Y agregó: ""El movimiento es pacífico, lo que queremos es que nos escuchen por favor; Lemus por favor, escúchenos, la problemática es fuerte: cómo van a circular las ambulancias, la policía, tenemos aquí a la policía y a los bomberos, están abriendo edificios verticales por todos lados, están por abrir una plaza en Rafael Sanzio; cómo van a hacer para circular. Por eso les pedimos apoyo para que restructura en la ciclovía. La mejor opción será en el centro (del camellón)"".
Según los vecinos, no están en contra de la instalación de la ciclovía como tal, sino de la manera en la que el ayuntamiento Zapopan la propone, pues piden que la misma corra por el centro de la avenida, sobre el camellón, y no por el carril de extrema derecha, pues reduciría de tres a sólo dos carriles esta tan transitada arteria vial.
""Tenemos un carril de más de 6 metros y ahí se puede hacer algo perfecto sin tumbar un árbol, también aclaro porque estamos favor de la ciclovía, pero no queremos que nos afectan en nuestro patrimonio, nosotros le pedimos apoyo para que nos ayuden y sea lo mejor"".
En tanto, algunos usuarios de la bicicleta y otra parte de los vecinos acudieron a la manifestación también que tuvo lugar ayer sobre la avenida Guadalupe al cruce con la calle Misión de Santo Tomás.
La ciclovía había sido anunciada tiempo atrás por el alcalde zapopano Pablo Lemus Navarro, y fue el 19 de mayo pasado cuando se inició el proyecto que conectará desde la zona poniente del municipio hasta la glorieta Chapalita en Guadalajara.
Dicho proyecto tendrá una extensión de 8.4 kilómetros en total, 4.2 por cada sentido, con una inversión de 14 millones de pesos.
Por cierto que según datos del ayuntamiento, en un periodo de tres años, se han incrementado los aforos ciclistas sobre esta avenida –Guadalupe– en 43 por ciento, sobre todo en horario matutino.
Destaca que en el caso hay opiniones totalmente divididas, pues mientras vecinos de la zona han manifestado su descontento a la instalación de la vía ciclista en la forma proyectada, otra gran cantidad de personas aplauden los trabajos que realizan los empleados del ayuntamiento, pues consideran que se trata de un carril confinado que les brindará seguridad para el uso de la bicicleta."
162,W Radio,06-11-20,Ciclovía en camellón no es segura ni viable,trafilatura,trafilatura,3569,1.04,https://wradio.com.mx/emisora/2020/06/12/guadalajara/1591920204_308176.html,,"Ciclovía en camellón no es segura ni viable
Vecinos de avenida Guadalupe se oponen a que les quiten un carril, piden pongan la ciclovía en medio
Jalisco
Por: Giselle Soriano
Vecinos de la zona de Rafael Sanzio así como de Av. Guadalupe se manifestaron para externar su deseo para que la ciclovía emergente se realice por el camellón y no por el carril de baja velocidad, lo cual resulta inviable comentó, Jesús Carlos Soto, director de movilidad de Zapopan: ""Pero no es el caso de Avenida Guadalupe donde tendríamos tres carriles en cada uno de los costados obligaríamos a los ciclistas a circular en medio de ellos en una avenida de 6 carriles en medio de ellos, lo cual haría los viajes sumamente indeseable, además de peligrosos por las imperfecciones los ciclistas se toparían con varios movimientos circulares, vueltas a la izquierda, retornos, que harían muy complicado su cruce al siguiente punto de continuación por el camellón, por eso mismo se recomienda la infraestructura a los costados derecho e izquierdo de la banqueta"". El director de movilidad señaló que plantear esta ciclovía por el camellón resulta bastante peligroso para los ciclistas ya que no es una zona 30 por lo que mantendrán un diálogo permanente con los ciudadanos.
Jesús Carlos Soto dijo se ha mantenido la socialización y diálogo directo con los vecinos y presidentes de colonias por la ciclovía emergente que se realiza por Av. Guadalupe: ""Tuvo un proceso de socialización a las fechas anteriores, se recorrieron el 18 y el 19 de mayo y a lo largo de todo el corredor de Niño Obrero hasta Periférico. Se visitaron 324 predios y hemos tenido también llamadas telefónicas con diferentes representantes vecinales, videoconferencias también con presidentes de colonias que tuvieron una reunión importante la semana pasada a través de una plataforma digital donde dieron cuenta representantes de diferentes condominios"". Además se mencionó que habrá más reuniones con los vecinos para que puedan llegar a externar sus dudas e inquietudes.
En tanto ya se puede comenzar a usar la ciclovía emergente en Zapopan de Av.Niño Obrero y Guadalupe hasta Periférico, aunque el avance que se tiene como ciclovía permanente es del 60%, explicó el director de movilidad Jesús Carlos Soto: ""Todavía nos falta ese 60% de ejecución, esperemos en un mes, mes y medio estar concluyendo sobre la otra pregunta, sí está contemplada en la siguiente fase de crecimiento de MiBici crecer el polígono que ya llega a la zona de Chapalita con 17 estaciones de MiBici hacia el entorno de la Univa por el canal de Santa Catalina cercano a Clouthier y avenida Patria"". Además comentó que se pretende colocar estaciones de MiBici en los próximos meses para promover la movilidad no motorizada.
Vecinos piden que no les quiten carriles
Personas que viven por la zona donde se encuentra la ciclovía emergente de Av. Guadalupe y Rafael Sanzio, externaron que no quieren que se elimine un carril de la vialidad con la ciclovía: ""Bueno, nosotros le pedimos al ayuntamiento de Zapopan, a Pablo Lemus que no nos ha escuchado, que no nos ha querido dar voz, que no nos cierre un carril, que no nos quite un carril. Tenemos tres carriles de circulación en este tramo pasan camiones en este tramo de Guadalupe, entonces si nos quita un carril, la presión de los vehículos, el tránsito el tráfico va a ser enorme la contaminación"". Además señalaron que desean que el presidente de Zapopan, Pablo Lemus Navarro, los escuche para que no elimine una parte de la vialidad motorizada y se evite el tráfico que podría generar la ciclovía."
164,Quadratin Jalisco,06-11-20,Aumentó 43% aforos en la ciclovía de Avenida Guadalupe en Zapopan,trafilatura,trafilatura,2673,0.54,https://jalisco.quadratin.com.mx/principal/aumento-43-aforos-en-la-ciclovia-de-avenida-guadalupe-en-zapopan/,,"Entregan cancha rehabilitada en Atemajac del Valle, en Zapopan
                
                
Guadalajara, Jal. a 29 de agosto de 2026            
        
              11 de junio de 2020                  
            
 , 
             
              12:38 
            
          
            
            Redacción/Quadratín Jalisco            
          
        ZAPOPAN, Jal., 11 de junio de 2020.- Con una extensión de 8.4 kilómetros, la ciclovía de Avenida Guadalupe que se comenzó a construir de manera emergente el pasado 19 de mayo para reducir el uso del transporte público ante la emergencia sanitaria del Covid 19, terminará sus adecuaciones en dos meses y conectará desde Niño Obrero hasta Anillo Periférico, informó el gobierno municipal de Zapopan.
Agrega que en un periodo de tres años, se han incrementado los aforos ciclistas sobre avenida Guadalupe, en 43 por ciento en horario matutino, es decir, de 371 a 655 viajes y un 33 por ciento en horario vespertino de 413 a 518 viajes.
Recuerda que este proyecto significa una inversión de 14 millones de pesos y contempla señalamiento horizontal, pintado de machuelo, bolardos abatibles, elementos de segregación de tipo trapezoidal, señalización vertical, plataforma de ascenso y descenso, y sustitución de rejillas peligrosas.
Esta ciclovía emergente en avenida Guadalupe que ha sido rechazada por algunos automovilistas, conectará con la ciclovía de Avenida Niño Obrero - Glorieta Chapalita - Avenida Arcos, la cual conecta con toda la infraestructura ciclista del centro de Guadalajara.
Ante las inquietudes, el gobierno zapopano añade que la dirección de Movilidad y Transporte, ha brindado atención y diálogo con habitantes, representantes vecinales y comerciantes de la zona, y socializó el proyecto previo a su arranque en calle y a través de reuniones virtuales, atención telefónica, redes sociales y whatsapp.
Agrega que el 3 de junio se efectuó una reunión virtual con 50 vecinos y funcionarios municipales de la dirección de Movilidad y Trasporte para la explicación a detalle del proyecto. Además, se facilitó a los vecinos los estudios y justificaciones técnicas del proyecto para su consulta.
Explicaron que en el caso de avenida Guadalupe, el trazo recto de la ciclovía implicaría necesariamente el derribo de arbolado y la reducción de capacidad de infiltración al subsuelo, dado que los camellones son áreas verdes o áreas arborizables, así como zonas de recarga hídrica.
Realizan cambios en SRE ante postulación de Seade para OMC
              
                                  
                
                 Alcanza CDMX índice de 12% en muertes por casos confirmados de Covid 19"
166,El Informador,06-10-20,Ciclovía en Guadalupe es riesgosa para ciclistas y colapsará la zona: vecinos,trafilatura,trafilatura,2967,0.15,https://www.informador.mx/jalisco/Ciclovia-en-Guadalupe-es-riesgosa-para-ciclistas-y-colapsara-la-zona-vecinos-20200610-0133.html,,"Ciclovía en Guadalupe es riesgosa para ciclistas y colapsará la zona: vecinos
Considerán que la mejor opción es contruir la ciclovía en el camellón, sin necesidad de derribar árboles
00:06:23
Rodando entre los camiones y autos, Juan Vergara recorre a diario en bicicleta avenida Guadalupe desde San Pablo hasta el cerro de El Colli, lo que ya le ha hecho padecer accidentes: hace cuatro meses lo aventó una moto y fue a dar al suelo, por lo que está de acuerdo en la ciclovía. ""Casi todos vamos para allá (en bicicleta), aquí se ocupa mucho"".
No obstante, vecinos de 42 cotos en los alrededores de avenida Guadalupe demandaron a las autoridades de Zapopan modificar el proyecto sobre dicha arteria, pues vaticinan que como se ha planteado es riesgosa para ciclistas y colapsará el tráfico, manifestó su vocero, Ricardo Oliveras Ureña.
""Nos han pedido entablar con el Ayuntamiento un diálogo, pero no se ha podido dar, las autoridades han estado cerradas a recibirnos. Queremos replantear el proyecto para hacer una ciclovía segura y no una ciclovía impuesta"".
El vocero dejó en claro que no están en contra de la construcción de carriles para bicicletas, sino que quieren que instalen la infraestructura en el camellón, lo cual se puede hacer sin la necesidad de derribar los árboles.
La ciclovía se construye en los carriles que circulan hacia el Periférico, por lo que tomará el espacio de uno, que es actualmente utilizado por el transporte público.
Consideraron que, así como se plantea, será riesgosa para los ciclistas porque en la avenida hay 18 cotos con ingreso y salida controlados, 10 centros comerciales y más de 300 negocios locales con estacionamientos de entrada de frente y salida en reversa.
""Implica que puedas tener en puntos ciegos al ciclista e incluso que el auto salga en reversa hasta el tercer carril"". Esto puede causar choques e interrupciones constantes del flujo vial.
Además hay colegios donde los padres dejan y recogen a sus hijos en el primer carril, que al regreso a clases será en el segundo carril, por lo que solo quedará libre uno para que circule el transporte público y vehículos particulares.
Para demostrar sus pronósticos, los vecinos han llevado a cabo varios simulacros en los que estacionan autos en dos carriles para demostrar lo que ocurrirá al regreso a clases.
Estos bloqueos serán constantes hasta que tengan respuesta de las autoridades. ""No aceptaremos que quiten un carril, porque es el carril del transporte público actual"".
Algunos pocos vecinos, como Carlo Paolo Rivera, están de acuerdo en la construcción de ciclovía, pues este tipo de infraestructura debe ser fomentada. ""Opino que sí lo hagan y que la gente entienda que ahora hay menos espacio, ahora que lo veo, la mayoría de la gente no ocupa tanto ese carril"".
LS
Lee También
Recibe las últimas noticias en tu e-mail
Todo lo que necesitas saber para comenzar tu día
Registrarse implica aceptar los Términos y Condiciones"
170,El Occidental,06-03-20,La bicicleta gana terreno en medio de la pandemia por Covid-19,trafilatura,trafilatura,348,0.86,https://oem.com.mx/eloccidental/local/la-bicicleta-gana-terreno-en-medio-de-la-pandemia-por-covid-19-13165237,,"Localmiércoles, 3 de junio de 2020
Un estudio de la Universidad de Guadalajara revela incremento en las ventas de bicis
LOCAL
Mirza Flores acusa a Morena de ""grillar"" y lucrar políticamente con el tema del agua
El delito por el que fue denunciado Eduardo N, es por acoso sexual
La víctima está protegida y hasta el momento se desconoce su identidad"
173,El Occidental,06-03-20,Celebraron el Día de la Bicicleta alrededor del mundo,trafilatura,trafilatura,364,0.65,https://oem.com.mx/eloccidental/local/celebraron-el-dia-de-la-bicicleta-alrededor-del-mundo-pedales-moto-coches-13162883,,"Localmiércoles, 3 de junio de 2020
Aunque se ha trabajado en hacer conciencia, en México sigue el eterno debate del respeto al ciclista
LOCAL
Mirza Flores acusa a Morena de ""grillar"" y lucrar políticamente con el tema del agua
El delito por el que fue denunciado Eduardo N, es por acoso sexual
La víctima está protegida y hasta el momento se desconoce su identidad"
174,El Informador,06-02-20,Retrasan las obras para reducir uso del auto en ZMG,trafilatura,trafilatura,13210,0.21,https://www.informador.mx/Retrasan-las-obras-para-reducir-uso-del-auto-en-ZMG-l202006020001.html,,"Retrasan las obras para reducir uso del auto en ZMG
Se trata de la Línea 3 del Tren Ligero y las ciclovías de Federalismo, 8 de Julio, Revolución y avenida Tonalá
En la Zona Metropolitana de Guadalajara (ZMG) siguen retrasadas obras que ayudarían a reducir el uso del auto: la Línea 3 del Tren Ligero y las ciclovías de Federalismo, 8 de Julio, Revolución y avenida Tonalá.
El 5 de abril, el Presidente Andrés Manuel López Obrador afirmó que la Línea 3 ya estaba terminada. Sin embargo, persisten los trabajos inconclusos en las estaciones.
En Jalisco se prevé que se inaugure entre julio y noviembre próximos. No hay nada concreto porque la crisis sanitaria atora la certificación de seguridad.
Por otro lado, aunque las ciclovías debían estar listas en diciembre pasado, Comunicación Social de la Secretaría de Infraestructura y Obra Pública reporta que las intervenciones en Revolución, 8 de Julio, Federalismo y avenida Tonalá continúan con avances de 70%, 97%, 94% y 92%, respectivamente. Tampoco hay fecha para su conclusión.
Revisan estaciones del Peribús
David Zamora informó el pasado 19 de mayo que, junto con Patricia Martínez, coordinadora de Gestión del Territorio, y Diego Monraz, secretario de Transporte, revisaron las características físicas y los procedimientos de la instalación de las estaciones prefabricadas para Mi Macro Periférico (Peribús).
Indicó que serán 46 espacios, conocidos como ""almendras"", ubicados a lo largo de 41.5 kilómetros del Periférico, desde Tonalá hasta Zapopan.
Respecto a los carriles laterales dijo que en el tramo de Juan Palomar a Acueducto están entubando el arroyo de La Campana, que viene de las partes altas de avenida Aviación, cruza con Periférico y desemboca hasta Patria, para construir encima un nuevo carril destinado para los peatones y vehículos (incluirá banquetas y ciclovía nuevas).
""Llegamos también en Santa Margarita, de la lateral de Santa Esther a Juan Gil Preciado, donde tenemos un 96% de avance con reencarpetamiento, colector pluvial, banquetas anchas y accesibles y ciclovía"".
El Gobierno estatal anunció el pasado 8 de mayo que los carriles de Periférico, desde avenida López Mateos hasta prolongación Tepeyac, y desde 5 de Mayo hasta Santa Esther, ya fueron abiertos a la circulación. Con estos sumaban 16.8 kilómetros renovados desde que el Gobierno de Jalisco inició los trabajos en noviembre del año pasado.
Además, reportan un avance de 75% en las obras de reencarpetamiento y se espera que terminen los trabajos en julio, ""puesto que la tercera y última etapa, la cual arrancó casi una semana antes de lo previsto, avanza sin contratiempos"".
Este medio publicó que, aunque los tres mil 300 millones de pesos etiquetados al Fondo Metropolitano en el ámbito federal podrían reasignarse, el Instituto de Planeación y Gestión del Desarrollo del írea Metropolitana de Guadalajara (Imeplan) descartó que estén en riesgo los recursos para la ejecución del sistema de transporte articulado Mi Macro Periférico.
El Imeplan refirió que si se aprueba la iniciativa presidencial, que incluye usar los recursos del Fondo en la entrega de apoyos a los afectados por la crisis económica generada por la contingencia sanitaria del coronavirus, quedarían sin intervenirse los entornos urbanos del corredor Sur por donde circulará el camión articulado.
Suman 16 obras activas en la zona metropolitana
Desde 2019, el Gobierno de Jalisco inició con la construcción del Mi Macro Periférico (Peribús) y el mantenimiento y la conservación del anillo, la rehabilitación del parque de la Solidaridad, la edificación del nuevo Hospital Civil de Oriente, la avenida Tonalá, la unidad deportiva López Mateos, la segunda etapa de la construcción de la Base 4 de Protección Civil y Bomberos, así como el Centro de Reunión y Atención a las Mujeres, cuya primera etapa debía estar lista en la primera quincena de mayo.
Los trabajos del Nuevo Hospital Civil de Oriente registran un avance de 60%, reporta el área de Comunicación Social de la Secretaría de Infraestructura y Obra Pública (SIOP).
El secretario David Zamora anunció en sus redes sociales que en este mes estaría lista la primera etapa de la intervención en las calles Juan Manuel, Mariano de la Bárcena y Arista. Además de la finalización de un módulo en Zapopan del Instituto Tecnológico Mario Molina. También el pasado 19 de mayo, el Gobierno estatal anunció una inversión de 10 millones de pesos en una obra para soluciones en Mariano Otero y López Mateos. Estiman que finalizarán en julio. ""El paso de incorporación de Mariano Otero a López Mateos será fluido, sin semáforos. Se contempla la cuestión peatonal y banquetas de siete metros"", explicó el presidente municipal, Pablo Lemus.
Por otro lado, el Gobierno de Guadalajara publica en su portal de Transparencia que en 2019 quedó pendiente la construcción de una estancia infantil dentro del edificio de la Comisaría de Policía, y dos obras de mantenimiento con asfalto. Además, ciudadanos reportan atrasos en los trabajos en Golfo de Cortés, en la colonia Monraz de Guadalajara, y en la colocación de concreto hidráulico en avenida Constitución, en Tonalá (ambas están a cargo de los Ayuntamientos).
Este medio solicitó información sobre el avance de obras pendientes al Gobierno estatal y a los municipios metropolitanos, pero no se concretó.
Calles intervenidas
- En Juan Manuel reportan un avance de 86%. Se realizan trabajos en redes de agua y drenaje, banquetas, cruces seguros y concreto hidráulico. En este mes terminan la primera etapa.
- En Mariano de la Bárcena informan de los trabajos con concreto hidráulico, instalaciones de agua y drenaje, con un avance de 84% en la primera etapa.
- En Arista se realiza un reencarpetado asfáltico.
- En el Edificio Lúdica, en avenida Alemania, existe un avance de 95%. Será destinado para albergar a niños en situación de calle. Las labores iniciaron desde agosto de 2016 y anunciaron que estarían terminadas ese año. Se informó que tendría un costo de 21 millones de pesos, de los cuales, 17 saldrían de la iniciativa privada y cuatro millones del Ayuntamiento de Guadalajara. La proyección es que se atenderían 400 niñas, niños y adolescentes.
- En los entornos de la Línea 3 del Tren Ligero, el pasado 17 de mayo se anunció que las obras tenían un avance de 90%. Incluían acciones de accesibilidad universal, alumbrado, banquetas, adoquinado, reposición de losas y cruceros seguros, entre otras.
- Sobre los módulos en Zapopan y Zapotlanejo del Instituto Tecnológico Mario Molina, las obras tienen un 95% de avance. En estos espacios ofrecen formación integral para profesionistas competitivos, innovadores y emprendedores. Prevén 300 beneficiados.
- De la construcción de la Base 4 de Protección Civil y Bomberos, ya se recibió en obra negra.
- El Centro de Reunión y Atención a las Mujeres avanza en la modernización de las instalaciones eléctricas, la rehabilitación de sanitarios y fachada. La primera etapa sería entregada en la primera quincena de mayo. Es el edificio donde estaba el Instituto Jalisciense de las Mujeres.
GUíA
Recortan recursos por la pandemia
- El Programa de Inversión 2020 en Infraestructura y Obra Pública de Jalisco contempla un ejercicio de seis mil 680 millones de pesos (MDP). El secretario David Zamora informó el pasado 27 de abril, en una reunión con el Colegio de Ingenieros Civiles del Estado de Jalisco, que seis mil 238 millones de los recursos eran para inversión pública y 442 millones para gastos de operación. Sin embargo, en la modificación de ingresos por la pandemia, el presupuesto quedó en tres mil 750 millones de pesos.
- De acuerdo con el dictamen publicado, las partidas con más recortes fueron: ""construcción de carreteras, puentes y similares"", con 801 millones de pesos, ""provisiones para erogaciones especiales"", con 576.4 millones, y el Fondo Común Concursable (Fococi), con 400 millones. También quitaron la partida de 20 millones para la Línea 4 del Tren Ligero.
- Antes del recorte, David Zamora comunicó que de las obras ya etiquetadas en el presupuesto, que suman 903 millones de pesos, la mayoría era para terminar obras en salud (268 millones), infraestructura en general (121 millones), recreación y esparcimiento (157 millones), vialidades, caminos, carreteras y similares (95 millones), estudios y proyectos (64.1 millones), puentes (60 millones) y mercados (55 millones). Los expedientes están en proceso. También las obras multianuales, como infraestructura carretera, Red Jalisco de Internet y el proyecto de semaforización.
- Afirmó que de los mil 200 millones de pesos previstos para el proyecto del Peribús ya están contratados 580 millones. Y está en proceso la licitación de los corredores inteligentes, que tendrán un costo de 250 millones.
Carreteras, calles y centros de salud destacan en el interior del Estado
La Secretaría de Infraestructura y Obra Pública reporta en su página de internet que hay 259 contratos vigentes de obras en Jalisco: 238 de 2019 y 21 desde 2018.
Del total, 24 son obras con sede en la Zona Metropolitana de Guadalajara y 235 en municipios del interior del Estado.
Las principales edificaciones son en los rubros de conservación carretera (29), reconstrucción de caminos (18) y puentes (5); acciones en vialidades, como pavimentación (21) o empedrados (nueve), así como trabajos en hospitales (seis) y centros de salud (17).
Resaltan los espacios de salud como el Hospital Regional de Puerto Vallarta, el Hospital Regional de Lagos de Moreno y el Hospital Regional de Yahualica.
En su página de redes sociales, el secretario David Zamora informa que ya quedó lista la primera etapa del Hospital Comunitario de Cihuatlán, que tenía 10 años de abandono y en el que destinaron 37.5 millones de pesos. Con los arreglos podrá sumarse al plan de reconversión de COVID-19, para la atención de pacientes en la Costa Sur. La segunda etapa será de 52.7 millones de pesos.
También se anunció la conclusión de la primera etapa del Hospital Regional de Ameca.
Las contrataciones incluyen más acciones en escuelas (20), los módulos del Instituto Tecnológico Mario Molina (cinco), el acondicionamiento de unidades deportivas (26) y los trabajos en agua potable y drenaje (20), entre otros.
Afectan la infraestructura sanitaria
- En febrero de 2020 este medio publicó que en Jalisco hay 85 unidades médicas reportadas con obras suspendidas o ""fuera de operación"".
- Vía Transparencia y mediante el folio 00814820, el Organismo Público Descentralizado (OPD) Servicios de Salud en Jalisco confirmó que tenía trabajos detenidos en 21 unidades de primer nivel debido a la falta de asignación presupuestal.
- Otros 57 centros de salud de primer contacto estaban ""fuera de operación"", aunque no detalló los motivos.
Parque de la Solidaridad, en la primera etapa
La Secretaría de Infraestructura y Obra Pública compartió el pasado 17 de mayo que continuaban los trabajos en el parque de la Solidaridad. ""En este Gobierno nos comprometimos a cambiar a fondo esa realidad y, con más de 600 millones de pesos de inversión, poco a poco avanza la rehabilitación de lo que pronto será uno de los bosques urbanos más bonitos, arbolados y funcionales de Jalisco"".
Según informa la oficina de Comunicación Social, los trabajos de rehabilitación en este espacio están en su primera etapa de intervención, con un 85% de avance general.
El Gobierno de Jalisco anunció que invertirían 627 millones de pesos para adecuar la superficie de 110 hectáreas, con el objetivo de que este espacio se convierta en el ""Parque Central"" de Guadalajara, con actividades permanentes de cultura y deporte.
La proyección fue que en la primera etapa destinarán 115 millones de pesos para resolver el tema de la contaminación del agua: 70 millones serán para acciones en el parque y 45 millones para la remodelación y ampliación de la planta de tratamiento (que pasará de una capacidad de 20 litros por segundo a 60 litros).
Afirman que la obra estaría concluida en cuatro años; es decir, en 2023.
Ciudad Creativa Digital sigue inconclusa
Felipe Calderón, en su etapa de presidente, designó a Guadalajara como la sede de la Ciudad Creativa Digital (el 30 de enero de 2012). Aunque han pasado más ocho años, apenas fue inaugurada la primera etapa del complejo.
Este medio publicó en febrero pasado que, aunque ya alberga proyectos empresariales y educativos, todavía tenía pendientes como la finalización de la rehabilitación de la casa Baeza Alzaga.
La Secretaría de Infraestructura y Obra Pública reporta que en 2019 le destinó 35.9 millones de pesos. Para la adecuación del ingreso, recepción y control de acceso otorgó 3.5 millones; a la adecuación del nivel cinco para oficinas, otros 14.1 millones; en la rehabilitación de la casa Baeza Alzaga, para su incorporación al complejo, 7.2 millones; y en las adecuaciones para el centro de exposiciones en el edificio A, otros 11.1 millones.
Sigue: #DebateInformador
¿Cuál es la obra con mayor retraso en su colonia?
Participa en Twitter en el debate del día @informador"
176,El Informador,06-02-20,Prevén terminar ciclovías pendientes en junio y julio,trafilatura,trafilatura,3078,0.18,https://www.informador.mx/jalisco/Preven-terminar-ciclovias-pendientes-en-junio-y-julio-20200602-0128.html,,"Prevén terminar ciclovías pendientes en junio y julio
La SIOP precisa que la rehabilitación de la ruta en Avenida Federalismo quedará el 20 de junio; la de Avenida Tonalá el 30 de junio; y los trabajos en las vialidades de Revolución y 8 de julio, el 15 de julio
En junio del año pasado que la red de infraestructura ciclista estaba conformada por 123 kilómetros de ciclovías. EL INFORMADOR / ARCHIVO
La Secretaría de Infraestructura y Obra Pública (Siop) estima que los trabajos pendientes en cuatro ciclovías de la ciudad estarán finalizados en los próximos dos meses.
Este medio publicó hoy que las ciclovías de las Avenidas Revolución, 8 de Julio, Federalismo y Tonalá registran avances de 70%, 97%, 94% y 92%, respectivamente. Esto, pese a que debían estar listas en diciembre pasado.
Al respecto, la SIOP precisa que la rehabilitación de la ruta en Avenida Federalismo quedará terminada el próximo 20 de junio; la de Avenida Tonalá el 30 de junio; y los trabajos en las vialidades de Revolución y 8 de julio, el 15 de julio.
El Instituto de Planeación y Gestión del Desarrollo del írea Metropolitana de Guadalajara (Imeplan) informó en junio del año pasado que la red de infraestructura ciclista estaba conformada por 123 kilómetros de ciclovías. Del total, en Guadalajara se documentaron 36.24 kilómetros conectados, principalmente en Federalismo, Washington, La Paz, López Cotilla y Agustín Yáñez; en Tlajomulco, 11.62 kilómetros; y en Zapopan, 2.87 kilómetros, con lo que suman 50.73 kilómetros de rutas interconectadas.
Mario Silva, titular del Imeplan, afirmó que con la construcción de las nuevas ciclovías en ívila Camacho (ya terminada), Revolución, Niños Héroes y 8 de Julio, se enlazarían otros 28.34 kilómetros.
Aunque la ruta que se construye en Tonalá, de 7.1 kilómetros, aún no conecta con el resto de la infraestructura, la intención era unirla en los años siguientes. Con ello estarían conectados el Centro de Tonalá con Tlaquepaque, Guadalajara y Zapopan.
Por otro lado, el área de Comunicación Social detalla avances en las siguientes obras:
- Las acciones del Corredor Integral de Movilidad Urbana Sustentable para el írea Metropolitana de Guadalajara, mejor conocido como Mi Macro Periférico, continúan avanzando y hoy se tiene un 78% en la repavimentación con concreto hidráulico de los carriles centrales; la LP-001-2020 corresponde a los trabajos de rehabilitación de las laterales de Periférico.
- El Centro de Reunión y Atención a Mujeres (CREA) se encuentra en rehabilitación; actualmente registra un avance del 70%.
- Los trabajos en el Parque González Gallo reportan un avance del 85%, se están realizando acciones como la reconstrucción de andadores y la rehabilitación de la plazoleta.
- Las obras de construcción de la Base 4 de Protección Civil y Bomberos de Guadalajara, sobre la calle Gigantes, tienen un 90% de avance.
LS
Lee También
Recibe las últimas noticias en tu e-mail
Todo lo que necesitas saber para comenzar tu día
Registrarse implica aceptar los Términos y Condiciones"
177,Milenio,06-02-20,Comerciantes y vecinos protestan contra ciclovía en Avenida Guadalupe,trafilatura,trafilatura,1663,0.32,https://www.milenio.com/politica/comunidad/zapopan-comerciantes-protestan-ciclovia-avenida-guadalupe,,"Vecinos y comerciantes de la Avenida Guadalupe cerraron el paso de la ciclovía que está en construcción con sus vehículos para protestar por la falta de socialización sobre la obra por parte de las autoridades de Zapopan.
Manifestaron su desacuerdo con la ubicación de la pista debido a los problemas que, en su opinión, se desencadenarían, como el tráfico vehicular, ya que para hacer la ciclovía quitaron un carril de los tres que componen la avenida, dejando uno para el transporte público y camiones de carga pesada y otro para los automóviles y motociclistas.
Consideran que tienen que ser consultados para la implementación de la nueva vía. ""No lo han consultado ni con los locatarios, ni dueños de predios, ni negocios ni nadie. Nosotros no estamos en contra de que hagan la ciclovía pero que la hagan en un lugar donde no nos vemos afectados"", dijo un comerciante.
La ciclovía se ubicará en Avenida Guadalupe desde Avenida Niño Obrero y Avenida de las Torres.
Para los ciclistas es importante contar con infraestructura que resguarde su integridad física: ""Hemos sufrido muchos atropellamientos, yo tres de las bicicletas que tengo, dos las tengo chuecas y no porque no sepa manejar yo, sino porque los vehículos se vienen encima.
Los colonos del Condominio Parque de Guadalupe acordaron tramitar un amparo administrativo contra la decisión tomada por el gobierno zapopano, al violentar los actuales planes parciales, así como propiciar el aumento en la contaminación en la zona, aglomeración vehicular y afectación en los tiempos, según argumentaron.
Este viernes 5 de junio sostendrán una junta con autoridades municipales para hablar sobre el tema.
JMH"
178,Milenio,05-27-20,Disminuyen viajes en MiBici hasta en 80% por coronavirus,trafilatura,trafilatura,821,0.52,https://www.milenio.com/politica/comunidad/coronavirus-jalisco-disminuyen-viajes-mibici-80,,"El paro de clases escolares, actividades comerciales, industriales y de entretenimiento a causa de la pandemia por coronavirus, se ve reflejado en los viajes del programa de bicicleta pública Mi Bici los cuales han disminuido de forma considerable
Del 16 de marzo al 24 de mayo se realizaron 350 mil 514 viajes, mientras que en el mismo periodo de 2019 fue de 1 millón 721 mil 688, lo que representa un decremento de alrededor de 80%.
El promedio de viajes diarios desde que comenzó el aislamiento social ha sido de 35 mil 051.
A pesar de que distintas autoridades han recomendado optar por el uso de bicicleta para evitar el transporte público, y así disminuir el riesgo de contagio de covid-19, los viajes en este medio continuaron a la baja en las semanas siguientes a la implementación de las medidas restrictivas.
MC"
179,Milenio,05-27-20,Construirán ciclovías para desaturar transporte público,trafilatura,trafilatura,3177,0.23,https://www.milenio.com/politica/comunidad/ciclovias-guadalajara-zapopan-desaturar-transporte-publico,,"El gobierno de Guadalajara y Zapopan lanzaron proyectos de construcción de ciclovías como alternativa para no saturar el transporte público, ante la contingencia sanitaria por coronavirus que se vive en la ciudad.
""Un porcentaje muy grande de la población se mueve en transporte público, este medio que es tan eficiente, y entonces la ciudad tiene que tomar medidas para generar más ofertas de traslado para las y los tapatíos"", argumentó Libertad Zavala, directora de Movilidad y Transporte de Guadalajara.
Guadalajara construirá 13 kilómetros que conectarán el oriente y sur de la ciudad: dos kilómetros sobre Avenida México, tres en Avenida Hidalgo y zona centro, y los ocho restantes están por definirse. El tramo en Avenida Hidalgo serán bus bici, lo que significa que dará prioridad al transporte público que transita en dicha vialidad (línea 1 del trolebús y SITREN 2), a las calandrias y a las y los ciclistas, explicó Zavala.
Según el gobernador Enrique Alfaro, los 18 mil millones del presupuesto de la reactivación económica, cuyo eje principal se basa en el sector de la construcción, contemplan la instalación de ciclovías en todos los municipios de la Zona Metropolitana de Guadalajara, Chapala y Ciudad Guzmán, para lo que se invertirán 200 millones de pesos.
""Son proyectos que ya traemos en ruta pero sí, por supuesto que será una de las agendas que estén incluidas en el paquete de obras dentro de los 18 mil millones de pesos que estaremos ejecutando en los siguientes meses"", dijo el mandatario.
Sin embargo, hasta el momento, Guadalajara y Zapopan son los únicos municipios de la ZMG que ya tienen definido ampliar la oferta de transporte sustentable como medida ante la contingencia.
Se sorprenden por ciclovía
Automovilistas y conductores de transporte público se vieron confundidos con la implementación de la ciclovía de Avenida México, cuya construcción comenzó el martes. La señalética parece no ser suficiente ya que algunos no se percatan de la vía y los ciclistas se ven obligados a bajar la velocidad. En el sitio solo hay un letrero y conos naranjas.
El objetivo de la ciclovía que construye Guadalajara es conectarse con la ciclovía de Avenida Inglaterra, la cual pertenece al municipio de Zapopan, sin embargo, hay un tramo que falta construir para darle continuidad a la vía.
Para que las y los tapatíos cuenten con mejores espacios públicos, arrancamos con las Ciclorrutas Emergentes, las cuales se desarrollan ante el nuevo concepto integral de movilidad por la pandemia. pic.twitter.com/gCNinluqkd
— Gobierno de Guadalajara (@GuadalajaraGob) May 27, 2020
Según la titular de la dirección de Movilidad y Transporte de Guadalajara, es Zapopan quien debe concluirla.
""Nos falta también terminar de trabajar con el municipio de Zapopan porque estamos justo en el límite o los temas que tenemos pendientes por resolver están del otro lado del límite municipal y es marcar de aquel lado"", señaló.
""Este tramito seguramente le tendremos que preguntar a ellos, pero estamos buscando empatar para que todos estemos en tiempo y forma"".
La ciclovía será terminada en 15 días, se espera que en ese plazo comience la construcción del tramo faltante.
MC"
180,Pasajero 7,05-27-20,COMIENZAN LOS TRABAJOS DE LA CICLOVÍA EMERGENTE EN AV. MÉXICO,trafilatura,trafilatura,1290,0.65,http://www.pasajero7.com/comienzan-trabajos-ciclovia-emergente-av-mexico/,,"La titular de la Dirección de Movilidad y Transporte, Libertad Zavala Marín, detalló que este martes comenzó la habilitación del tramo de la ciclovía de avenida México, entre la avenida Juan Palomar y Arias, y la calle Teatro de la República. La extensión total, considerando ambos sentidos de circulación es de poco más de dos kilómetros.
Asimismo, explicó que en avenida Hidalgo ""lo que vamos a hacer es tomar un carril de circulación, y darle prioridad al transporte público que sería a líneas del SITEUR, como el Sitren y el Trolebús; así también por ese carril podrán circular las calandrias eléctricas y de tracción animal, y las y los ciclistas de Guadalajara, conectando a la ciclovía de avenida Arcos con la zona del Centro histórico de la ciudad de Guadalajara.""
Puedes leer: Por diversas faltas fueron sancionadas casi 2 mil unidades de transporte público
Viajes cortos
La funcionaria municipal informó que estos trabajos tendrán una duración de 15 días y añadió que estas modificaciones permitirán ""facilitar viajes a corta y mediana distancia, y en este momento, libres de contagios"".
De acuerdo con Zavala Marín, las intervenciones fueron socializadas con vecinos de estas zonas, quienes manifestaron su apoyo a la implementación de estas alternativas temporales de movilidad."
181,Meganoticias,05-27-20,Ven positiva vía ciclista en Av. Hidalgo,trafilatura,trafilatura,3182,0.58,https://www.meganoticias.mx/guadalajara/noticia/ven-positiva-via-ciclista-en-av-hidalgo/150958,,"Movilidad
                                                                    
                                                Por:
                                                                    Karla Jiménez
                     
                    
Guadalajara
Fecha: 27-05-2020
                                        Guadalajara
Fecha: 27-05-2020
La señalética del proyecto de ciclovías emergentes que arrancó este martes el Gobierno de Guadalajara, y que contempla la ampliación e instalación de 13 kilómetros de vía para ciclistas, no ha iniciado en Avenida Hidalgo, donde uno de los 4 carriles será tomado para convertirse de uso exclusivo de bicicletas, transporte público y calandrias.
Los trabajos están contemplados para un tiempo no superior a los 15 días y tienen la intención de incentivar el uso de la bicicleta durante la pandemia del covid-19, y así, evitar la acumulación de personas en el transporte público.
Pese a que las ciclovías no siempre son bien vistas por algunos ciudadanos, esta alternativa parece ser bien aceptada, e incluso reconocen que es un aliciente para disminuir el uso del vehículo.
""Para mí sería una buena opción ¿por qué? Porque así tendrían ellos una lugar específico donde circular y no entorpecerían el demás flujo vehicular y también tendrán un poco más de seguridad, creo yo. Para mi sería benéfico. Evitamos contaminación, aparte pues nos ejercitamos un poquito y nos ayuda a la salud""
 ""Yo creo que la ciudad es para todos. Hay suficientes carriles para autos, y tenemos que compartir la ciudad con ciclistas y con el transporte público, claro, sin problema"".
""Pues cada vez agarro menos el carro, yo de mi cuenta andaría todo el día en bici""
Los ciclistas celebra esta medida, pues Avenida Hidalgo es una línea de conexión importante, sin embargo, los riesgos que conlleva el circular por ahí sin ciclovía, los obliga a tomar vías alternas que terminan sumando tiempo a su trayecto.
""Si me sirve mucho, me traslado de aquí Américas hacia el centro a diario a esta hora, entonces me tengo que venir hasta la ciclovía de López Cotilla, es la que utilizo""
""Los carros pasan muy pegados a nosotros los ciclistas, es por eso que es inseguro. Cuando tengo que agarrar por Avenida Hidalgo, sobre la banqueta, o me voy por alguna otra calle alternativa""
Un grupo de 25 colectivos ciclistas habían solicitado el pasado 21 de mayo, a través de un comunicado, la creación de estas ciclovías emergentes para disminuir la afluencia en el transporte público durante la pandemia e incentivar los trayectos seguros en bicicleta, por lo que celebran la medida.
""Lo que hace esto es incrementar la capacidad de la vialidad a través de brinda el carril exclusivo para la movilidad ciclista y transporte público esto muy bueno ya que priorizaría el movimiento de personas a través de transporte público y brinda mayor seguridad al ciclista"".
La recomendación responde a las observaciones de la Organización Mundial de la Salud, que ve un foco de contagio importante en el transporte público al reunir a tantos usuarios en un solo espacio donde no se respeta la sana distancia, y tienen contactos con las mismas plataformas."
182,NTR Guadalajara,05-27-20,Vecinos de la Seattle protestan por obras ,trafilatura,trafilatura,1828,0.44,https://www.ntrguadalajara.com/post.php?id_nota=149278,,"Vecinos de la colonia Seattle, en particular de la avenida Aurelio Ortega, pidieron nuevamente a las autoridades de Zapopan que no se construya una ciclovía, ya que esto implicaría dejarlos sin el carril para estacionamiento. Además, recordaron que ya sobre el camellón hay el espacio para la circulación de bicicletas.
A través de un comunicado, señalaron que las obras se retomaron en plena pandemia a pesar que no hay consenso entre los vecinos. Incluso, mencionaron que el presidente municipal de Zapopan, Pablo Lemus Navarro, se había comprometido a que, si no había un acuerdo, los recursos se enviarían a otro proyecto.
Recordaron también que se había solicitado a las autoridades que se conservara el adoquín del andador y la estructura de la calle con empedrado que permite la filtración de la lluvia a los mantos freáticos; sin embargo, al retomarse las obras se retiró el adoquín, colocándose una plancha de concreto y, sobre esta, un material conocido como ""adocreto"".
El 20 de mayo pasado enviaron una carta al presidente municipal en la que le expresan su inconformidad con las obras, la cual está firmada por varias decenas de vecinos, quienes proporcionan su domicilio y teléfono para confirmar el interés que tienen.
En la misiva reiteran que no quieren las obras en el camellón ni la modificación de la avenida, pues dejarán solo un carril por cada sentido, lo que afectará el tráfico. Además, dicen que no tendrán lugar para estacionar sus autos.
Agregan que destinar un carril para una ciclovía es innecesario, pues ""ya hay una arriba del camellón y también en la avenida Manuel Ávila Camacho"", que es paralela.
También lamentan que los vecinos no son tomados en cuenta por el Municipio y que en la ejecución de las obras se han cortado las raíces de varios árboles que tienen muchos años de antigüedad.
jl/l"
183,NTR Guadalajara,05-27-20,Piden plan para transporte no motorizado en GDL,trafilatura,trafilatura,2280,0.26,https://www.ntrguadalajara.com/post.php?id_nota=149245,,"En búsqueda de que evitar alza en los casos de Covid-19 con la reapertura de negocios el próximo lunes en Guadalajara, el regidor panista Miguel Zárate Hernández solicitó al presidente municipal Ismael del Toro Castro la instalación de una mesa de planeación que permita desarrollar estrategias para reducir aglomeraciones.
""Las voces más autorizadas de la Organización Mundial de la Salud han sido insistentes en que el nuevo coronavirus podría quedarse por un largo tiempo entre nosotros; es por eso que lo que hagamos como gobierno durante la etapa de reactivación económica y entrada a la nueva normalidad, requiere criterios más estrictos en materia de salud pública"", señaló al afirmar que es necesario escuchar a los expertos para tomar decisiones.
Uno de los temas en lo que el municipio debe poner principal atención es en el uso del transporte público. Para ello el edil panista solicitó al alcalde, Ismael del Toro, que la mesa de trabajo propuesta se enfoque en promover el transporte no motorizado y elabore un plan de mitigación de riesgos.
Recordó que ya hay un programa emergente para la movilidad no motorizada desarrollado por el IMEPLAN para que tenga una visión metropolitana que pueden poner en marcha. La idea es generar una peatonalización cotidiana de las calles, la construcción de ciclovías y rutas preferenciales para vehículos de emergencia.
Para esto, la Coordinación General de Construcción de la Comunidad podría prestar bicicletas de la vía recreactiva con la finalidad de reducir la saturación de usuarios del transporte público. Además, ve necesario presionar a la Secretaría de Transporte para que revierta el incremento a la tarifa en 50 rutas.
Por otro lado, mencionó que el gobierno debe poner el ejemplo en reducir aglomeraciones al permitir el escalonamiento de los horarios de entrada y salida, así como el uso de bicicleta entre sus trabajadores.
Por último, a pesar de que la bancada panista en el Congreso de Jalisco avaló el crédito por seis mil 200 mdp que solicitó el Ejecutivo estatal, Zárate Hernández aseguró que hay poca certeza en la utilización que tendrá este recurso, por lo que pidió al primer edil tapatío que otorgue claridad en el asunto y explique de qué forma la capital de Jalisco se verá beneficiada con esa deuda.
jl"
185,NTR Guadalajara,05-26-20,Ampliará GDL 13 km de ciclovías por coronavirus,trafilatura,trafilatura,1917,0.41,https://www.ntrguadalajara.com/post.php?id_nota=149186,,"Como parte de las medidas de regreso a la nueva normalidad, el ayuntamiento de Guadalajara anunció el inicio de ciclovías emergentes que conectarán con otros municipios de la Zona Metropolitana de Guadalajara, con el objetivo de reducir la posibilidad de contagios de coronavirus en el transporte público.
""Estaremos trabajando en un programa de 13 kilómetros de ciclovías emergentes y cuatro kilómetros de carriles compartidos"", explicó el presidente municipal, Ismael del Toro Castro.
El primero de estos espacios arrancó en la avenida México, en el poniente de Guadalajara, que conectará con la ciclovía de Zapopan, la cual tiene las mismas características de haber sido señalada con conos o muros plásticos de forma temporal.
""El fondo de estas medidas es que puedan ser vinculantes con el transporte público y podamos tener un ciclo de movilidad alternativa y tradicional que nos permita ser más eficaces en las medidas de protección y protocolos sanitarios"", explicó.
Además de las ciclovías, la avenida Hidalgo, que lleva del poniente al oriente de Guadalajara y atraviesa el centro, tendrá un carril compartido y de forma temporal será destinado a la circulación de bicicletas.
""Estas son las acciones de la nueva realidad, promover el uso de transporte alternativo para poder ser contundentes a largo plazo en la propagación del coronavirus"", sostuvo el alcalde.
Agregó que la reactivación de empresas y comercios el 1 de junio como parte de la denominada Fase 0, no será un banderazo de salida para que los ciudadanos regresen a realizar su vida cotidiana en las calles, sino el reinició gradual de algunos giros.
Del Toro Castro reiteró que la Vía Recreactiva que se realiza todos los domingos no tiene aún fecha de reapertura debido a que se busca evitar la congregación de personas debido la pandemia, pero los ciudadanos pueden hacer ejercicio de manera individual y con cubrebocas en la vía pública.
jl"
189,El Informador,05-20-20,"Inician obra de ciclovía ""emergente"" en Avenida Guadalupe",trafilatura,trafilatura,1808,0.18,https://www.informador.mx/jalisco/Inician-obra-de-ciclovia-emergente-en-Avenida-Guadalupe-20200520-0150.html,,"Inician obra de ciclovía ""emergente"" en Avenida Guadalupe
Para que los ciudadanos tengan una opción de movilidad durante la pandemia, la ciclovía será temporal en el tramo entre Niño Obrero y Periférico
La ciclovía tendrá una distancia de 4.2 kilómetros y se prevé sea concluida en dos meses. ESPECIAL / Gobierno de Zapopan
Para hacer frente a la pandemia, el municipio de Zapopan y la dirección de Movilidad y Transporte iniciaron el arranque de obras de una ciclovía ""emergente"" en Avenida Guadalupe entre el tramo de Niño Obrero y Periférico.
La ciclovía ""emergente"" significa que es temporal y busca que durante el término de la fase tres y las siguientes semanas, los ciudadanos puedan tener una opción de movilidad diferente al transporte público y con ello reducir la probabilidad de contagio.
La ciclovía tendrá una distancia de 4.2 kilómetros y se prevé sea concluida en dos meses. Las obras incluyen balizamiento en la zona, integración de muros de concreto y bolardos (para dividir el carril de los automovilistas), construcción de plataformas para transporte público e implementación de señalamiento vertical.
Además de esta ciclovía, la dirección de Movilidad y Transporte prevé que en los próximos días también inicie obras para instalar otras dos ciclovías emergentes. Una estará ubicada en Avenida Las Torres en el tramo de Avenida Guadalupe y Avenida Mariano Otero, y otra en Avenida Inglaterra hasta su cruce con Avenida México.
Entre las tres ciclovías se tendrá una inversión de 30 millones de pesos y se espera beneficie a 400 mil ciclistas. En total los usuarios podrán recorrer 15.3 kilómetros.
LS
Lee También
Recibe las últimas noticias en tu e-mail
Todo lo que necesitas saber para comenzar tu día
Registrarse implica aceptar los Términos y Condiciones"
190,El Informador,05-19-20,Disminuyen traslados de Mi Bici durante la pandemia,trafilatura,trafilatura,1798,0.27,https://www.informador.mx/jalisco/Disminuyen-traslados-de-Mi-Bici-durante-la-pandemia-20200519-0138.html,,"Disminuyen traslados de Mi Bici durante la pandemia
Marzo y abril tuvieron en promedio y por primera vez, una disminución del 46.6% respecto de los mismos meses de 2019
El día que menos usuarios tuvo Mi Bici fue el domingo 26 de abril, con un total de dos mil 389 viajes. EL INFORMADOR/ARCHIVO
El aislamiento llevado a cabo por gran parte de la ciudadanía como parte de las medidas sanitarias para evitar contagios de COVID-19 también trajo consigo una disminución de usuarios del sistema de préstamo de bicicletas de Mi Bici.
Marzo y abril tuvieron en promedio y por primera vez, una disminución del 46.6% respecto de los mismos meses de 2019, de acuerdo con el Instituto de Información Estadística y Geográfica (IIEG).
La disminución equivale a 29% menos viajes durante marzo (419 mil 970 viajes en 2019 contra 297 mil 975 este año) y un 64.2% menos durante abril (361 mil 883 traslados el año pasado contra 129 mil 657 este 2020), respecto de los mismos meses de 2019, de acuerdo con el IIEG.
El tiempo de traslado también disminuyó durante este bimestre, en relación con el promedio establecido durante 2019. Mientras de enero a diciembre de 2019 se tuvo un promedio de 11 minutos y 26 segundos por viaje, en marzo y abril de este año bajó a 10 minutos y 46 segundos.
El día que menos usuarios tuvo Mi Bici fue el domingo 26 de abril, con un total de dos mil 389 viajes, mientras que el último día que presentó más traslados luego del llamado al aislamiento hecho el 13 de marzo por el Gobierno estatal fue el martes 17 de abril, que tuvo 12 mil 417 viajes, de acuerdo con las estadísticas presentadas por el IIEG.
NR
Lee También
Recibe las últimas noticias en tu e-mail
Todo lo que necesitas saber para comenzar tu día
Registrarse implica aceptar los Términos y Condiciones"
193,El Informador,05-18-20,Muere ciclista tras ser arrollado en Periférico Poniente,trafilatura,trafilatura,1612,0.16,https://www.informador.mx/jalisco/Muere-ciclista-tras-ser-arrollado-en-Periferico-Poniente-20200518-0115.html,,"Muere ciclista tras ser arrollado en Periférico Poniente
Los hechos sucedieron poco después de las 16:00 horas, casi al cruce con la avenida Mariano Otero
El responsable se dio a la huida. ESPECIAL
Un hombre de aproximadamente 50 años falleció este lunes tras ser arrollado mientras circulaba en su bicicleta sobre el Periférico Oriente, en Zapopan.
Los hechos sucedieron poco después de las 16:00 horas, casi al cruce con la avenida Mariano Otero.
El cuerpo del hombre, quien vestía una playera azul y un pantalón de mezclilla, quedó sobre los carriles laterales del Periférico que van de Norte a Sur. A un costado de él quedó su bicicleta.
De acuerdo con la Policía de Zapopan, en el lugar no hubo testigos que pudieran informar sobre el vehículo causante, pues el responsable se dio a la huida.
Será necesario revisar las cámaras de seguridad de la zona para identificar al causante y dar así con su paradero.
El cuerpo fue llevado a las instalaciones del Servicio Médico Forense en espera de que sea reconocido oficialmente por algún familiar. Por su parte el Ministerio Público abrió la carpeta de investigación correspondiente.
Con él suman al menos seis las muertes de ciclistas registradas en lo que va del año en la Zona Metropolitana de Guadalajara. La última víctima había sido un hombre adulto mayor que murió atropellado por un auto particular en calles de la colonia Medrano, en Guadalajara, el pasado 24 de marzo.
LS
Lee También
Recibe las últimas noticias en tu e-mail
Todo lo que necesitas saber para comenzar tu día
Registrarse implica aceptar los Términos y Condiciones"
194,NTR Guadalajara,05-04-20,"Renovación de ciclovía, con 90% de avance ",trafilatura,trafilatura,1789,2.23,https://www.ntrguadalajara.com/post.php?id_nota=147969,,"Las obras de remodelación de la ciclovía de Federalismo llevan un 90 por ciento de avance y sólo faltan cinco cuadras por intervenir, informó Libertad Zavala Marín, directora de Movilidad y Transporte del Ayuntamiento de Guadalajara.
Tras un recorrido por la vía de 3.95 kilómetros, la funcionaria detalló que las obras han avanzado hasta el Parque Revolución, también conocido como Parque Rojo; sin embargo, hay detalles por atender en el tramo de Juárez a Independencia, así como pendientes de jardinería, iluminación y señalética en el tramo completo.
La infraestructura fue creada en 2009 y desde entonces no había sido rehabilitada.
""Es una primera remodelación (desde su creación) y sobre todo lo que plantea esta remodelación es darle una actualizada a los criterios (…) En su momento eran muy innovadores, pero al día de hoy nos hemos dado cuenta que hay muchos criterios que ya no son vigentes"", afirmó.
Los trabajos, iniciados en octubre del año pasado y a cargo de la Secretaría de Infraestructura y Obra Pública (SIOP), no fueron detenidos pese a la contingencia a causa del Covid-19, lo cual, añadió la funcionaria, sirvió para avanzar en el proyecto.
Por ser una obra estatal, reconoció que no tiene clara la fecha exacta de conclusión, además, la situación actual ha provocado que las previsiones cambien.
Hace un año fue cuando se anunció la primera fase del proyecto, planteado de Circunvalación Agustín Yáñez a avenida Hidalgo. Previamente, al no ser intervenida durante años, colectivos ciclistas señalaron que sus principales problemas eran sus baches y el desgaste.
FRASE:
""Es una primera remodelación (desde su creación) y sobre todo lo que plantea esta remodelación es darle una actualizada a los criterios"": Libertad Zavala Marín, Directora de Movilidad de GDL
jl/I"
100,Meganoticias,07-13-20,Aceptan vecinos la construcci󿿃󿾳n de la ciclov󿿃󿾭a en Avenida Guadalupe,playwright,playwright,711,3.42,https://www.debate.com.mx/guadalajara/Aceptan-vecinos-la-construccion-de-la-ciclovia-en-Avenida-Guadalupe-20200713-0327.html,HTTP 403,"Luego de trabajos de dialogo los vecinos de Avenida Guadalupe aceptaron la construcción de la ciclovía en el carril derecho de la vialidad. 
Reanudan las obras de la ciclovía en Avenida Guadalupe, el Gobierno de Zapopan ratificó esta mañana los acuerdos que se establecieron con los vecinos de la ruta para que se continuara con la construcción del proyecto por el carril derecho de la vialidad.
En reunión encabezada por el Jefe de Gabinete de Zapopan, Juan José Frangie Saade, compartió los acuerdos entablados con los vecinos de la zona quien anteriormente se oponían a la obra; pero ahora de han aceptado reanudar la construcción de la ciclovía.
Tras la firma de este acuerdo hoy se reanudarán los trabajos de este proyecto en el tramo ubicado entre Avenida Rafael Sanzio y Anillo Periférico.
El proyecto conectará uno de los núcleos que genera más viajes en la Zona Metropolitana de Guadalajara, la zona de Miramar, El Colli, Arenales Tapatíos con el centro de Guadalajara a través de la ciclovía de avenida Niño Obrero, Glorieta Chapalita y Avenida Arcos.
Al tratarse de una ciclovía segregada, se generarán condiciones para que muchos más usuarios potenciales utilicen esta alternativa, esto es, podrían moverse hasta 10 mil ciclistas por esta ruta en el corto plazo acorde a estimaciones de la Dirección de Movilidad y Transporte Zapopan. Los aforos actuales estiman que 2 mil usuarios diarios transitan por esta ruta.
Se realizaron algunas modificaciones viales a fin de evitar que el flujo vehicular se vea afectado. Estos ajustes permitirán que el tiempo de espera en los semáforos de Tchaikovsky, San Lorenzo y Anillo Periférico que se reducirá en más del 30 por ciento.
Además, en colaboración y diálogo permanente con los vecinos de este corredor, Zapopan asume el compromiso de ejecutar propuestas viables planteadas por los ciudadanos para que este proyecto sea un referente en la metrópoli.
La ciclovía de Avenida Guadalupe tendrá una extensión de 8.4 kilómetros, cada sentido tendrá 4.2 kilómetros y se construirá desde Avenida Niños Obrero hasta Anillo Periférico."
