Unnamed: 0,medio,fecha,titulo,nivel,estado,chars,segundos,url_final,error,texto
1,Mural,28/12/2024,Supera MiBici viajes de 2023,trafilatura,trafilatura,340,0.97,https://www.mural.com.mx/supera-mibici-viajes-de-2023/ar2929026?v=5,,"Supera MiBici viajes de 2023
02 MIN 30 SEG
Maggie Urzúa
Guadalajara, México (28 diciembre 2024) .-05:00 hrs
El sistema MiBici Pública creció su número de usuarios en el año 2024 y mantuvo su tendencia anual al alza. Crédito: Archivo
El sistema MiBici Pública creció su número de usuarios en el año 2024 y mantuvo su tendencia anual al alza."
2,Mural,14/12/2024,Proponen más carriles para autobuses y bicicletas en la ZMG,trafilatura,trafilatura,432,0.7,https://www.mural.com.mx/proponen-mas-carriles-para-autobuses-y-bicicletas-en-la-zmg/ar2923280?v=2,,"COMUNIDAD
02 MIN 30 SEG
Maggie Urzúa
Guadalajara, México (15 diciembre 2024) .-05:00 hrs
Uno de los modelos son los carriles compartidos como el de Avenida Hidalgo, para transporte público y bicicletas. Crédito: Archivo.
El nuevo Plan Integral de Movilidad Urbana Sustentable (PIMUS) propone confinar más carriles en el Área Metropolitana de Guadalajara, que sean de uso exclusivo para autobuses del transporte público y bicicletas."
3,Notisistema,02/12/2024,GDL no contempla construcción de nuevas ciclovías,trafilatura,trafilatura,675,0.39,https://www.notisistema.com/noticias/gdl-no-contempla-construccion-de-nuevas-ciclovias/,,"Por lo pronto la creación de más ciclovías en el municipio de Guadalajara tendrá que esperar, antes se revisarán los proyectos y se les dará mantenimiento a las ya existentes, estima el director de Movilidad Municipal de Guadalajara, Saúl González Ramírez.
""El tema de las ciclovías, lo tenemos que revisar, tenemos que analizar todos los proyectos que existen disponibles o los que se puedan generar para verificar cuáles son viables y cuáles podemos continuar"".
El Director de Movilidad del Ayuntamiento de Guadalajara por lo pronto dice que la continuación de la ciclovía de Javier Mina-Juárez-Vallarta tendrá que esperar para mejor ocasión. (Por José Luis Jiménez Castro)"
4,Imagen TV,29/11/2024,Alertan por asaltos a motos y bicicletas en Zona Centro GDL,trafilatura,trafilatura,454,1.79,https://www.imagentv.com/programas/imagen-noticias-guadalajara-primera-emision/alertan-por-asaltos-motos-y-bicicletas-en-zona-centro-gdl,,"Imagen Noticias Guadalajara Primera Emisión
Alertan por asaltos a motos y bicicletas en Zona Centro GDL
Alertan por asaltos a conductores de motocicletas y ciclistas en la Zona Centro, Guadalajara.
29 de noviembre de 2024
PUBLICIDAD
Imagen Noticias Guadalajara Primera Emisión
Alertan por asaltos a motos y bicicletas en Zona Centro GDL
Alertan por asaltos a conductores de motocicletas y ciclistas en la Zona Centro, Guadalajara.
29 de noviembre de 2024"
5,Mural,10/11/2024,Afecta ciclismo al Bosque La Primavera,trafilatura,trafilatura,600,0.77,https://www.mural.com.mx/afecta-ciclismo-al-bosque-la-primavera/ar2904428,,"Afecta ciclismo al Bosque La Primavera
03 MIN 30 SEG
Mariana Quintero
Guadalajara, México (10 noviembre 2024) .-05:00 hrs
El experto mencionó que la principal afectación por el paso tan recurrente de las bicicletas es la erosión provocada en el suelo. Crédito: Archivo. 
Hasta el tercer trimestre de este 2024 la cifra de visitantes que realizan esta misma actividad ya era de 113 mil 997. Crédito: Archivo. 
El incremento de actividad ciclista al interior del Bosque La Primavera comienza a generar estragos en esta Área Natural Protegida, advirtieron funcionarios del OPD Bosque La Primavera (BLP)."
6,El Occidental,10/11/2024,Organizan eventos callejeros para genera una cultura de prevención en bicicletas,trafilatura,trafilatura,1569,0.77,https://oem.com.mx/eloccidental/local/organizan-eventos-callejeros-para-genera-una-cultura-de-prevencion-en-bicicletas-13165208,,"Localdomingo, 10 de noviembre de 2024
La idea surgió de Dilan Vargas conocido como Dior y líder del Club D.S.T., quien comenzó a platicar con Arce y organizarse entre ellos
LOCAL
El ejercicio se realizará el viernes 18 de septiembre en toda la Red Universitaria; simulará un sismo de magnitud 7.7 con epicentro en Tehuacán, Puebla
Las restricciones comenzarán desde las 10:00 horas y se recomienda utilizar Federalismo, Calzada Independencia, Revolución, Niños Héroes y La Paz
El titular del SIAPA, Ismael Jáuregui reconoció la importancia del sector hotelero para la economía del estado al realizar inversiones y crear fuentes de empleo
Le encontraron el dispositivo oculto entre sus prendas de vestir
El presidente de la AMHM, detalló que ellos tiene que pagar los servicios con tarifas comerciales y los inmuebles colocados en las plataformas tienen tarifas domésticas que son mucho más baratas
Estiman que al centro de Guadalajara asistirán 92 mil personas
La víctima fue una mujer de 66 años, residente de Cocula; durante la última semana se sumaron 10 casos, por lo que Jalisco alcanzó un acumulado de 163 personas enfermas de dengue.
En el estado hay alrededor de 270 mil estudiantes de educación media superior y superior que reciben una Beca para el Bienestar
Aunque la entidad recibe apenas 38% de los fármacos, el gobierno estatal asegura que mantiene un abasto de 95% mediante compras e inversión propia
La Secretaría de Salud estatal atribuyó la contención de contagios a las acciones de control epidemiológico y vacunación entre población local y migrante"
8,Trafico ZMG,04/11/2024,Consejos si eres ciclista en ZMG,trafilatura,trafilatura,1523,0.32,https://traficozmg.com/2024/11/consejos-si-eres-ciclista-en-zmg/,,"Consejos si eres ciclista en ZMG
En Jalisco, los reglamentos relacionados con el uso de la bicicleta buscan promover la seguridad vial y la convivencia entre ciclistas, conductores y peatones. El Reglamento de Vialidad del Estado de Jalisco establece normas específicas para el uso de la bicicleta en vías públicas, con el objetivo de reducir accidentes y fomentar una movilidad más sostenible.
Entre las disposiciones más relevantes, se destaca que los ciclistas deben circular por el carril derecho de la vía, utilizar casco de protección si tienen menos de 18 años y contar con luces frontales y traseras en condiciones de poca visibilidad. Además, el reglamento establece que los ciclistas deben respetar las señales de tránsito, semáforos y límites de velocidad, y en caso de transitar por zonas urbanas, deben evitar circular por las aceras, reservándolas para los peatones.
Te puede interesar: Morena podría ampliar su bancada en el Congreso del Estado
En ciudades como Guadalajara, se han implementado ciclovías y áreas específicas para mejorar la infraestructura urbana para ciclistas, promoviendo la reducción del uso de vehículos motorizados. A pesar de estos avances, es fundamental que los ciclistas sigan las normativas de tránsito y que las autoridades continúen mejorando la seguridad y las condiciones para este medio de transporte cada vez más popular.
Jennifer Solis
Nota relacionada: Muere ciclista tras ser atropellado en calles del Centro de Guadalajara
Debe estar conectado para enviar un comentario."
9,ImagenTV,30/10/2024,Ciclista choca con mujer de la tercera edad,trafilatura,trafilatura,442,1.06,https://www.imagentv.com/programas/imagen-noticias-guadalajara-primera-emision/ciclista-choca-con-mujer-de-la-tercera-edad,,"Imagen Noticias Guadalajara Primera Emisión
Ciclista choca con mujer de la tercera edad
Ciclista chocó contra una mujer de la tercera edad en un desafortunado accidente en la Colonia Americana.
30 de octubre de 2024
PUBLICIDAD
Imagen Noticias Guadalajara Primera Emisión
Ciclista choca con mujer de la tercera edad
Ciclista chocó contra una mujer de la tercera edad en un desafortunado accidente en la Colonia Americana.
30 de octubre de 2024"
10,UDGTV,23/10/2024,"Ante falta de mantenimiento de administración anterior, Intervienen ciclovías y parques de Ocotlán",trafilatura,trafilatura,1799,0.59,https://udgtv.com/,,"INTERNACIONAL
Amazon suspende su relación con la aerolínea implicada en el accidente...
                                Miami, Estados Unidos Amazon suspendió su vinculación con la aerolínea de carga que o...
                            
Trump considera un ""bulo"" que la inteligencia artificial vaya a destru...
                                Washington, Estados Unidos El presidente de Estados Unidos, Donald Trump, calificó es...
                            
¿Es posible desacelerar el desarrollo de la IA?...
                                Nueva York, Estados Unidos Los principales empresarios de la inteligencia artificial ...
                            
La ONU pide una ""acción urgente"" para frenar la IA debido a los riesgo...
                                Ginebra, Suiza El Alto Comisionado de la ONU para los Derechos Humanos, Volker Türk, ...
                            
MULTIMEDIA
Transtorno Obsesivo compulsivo en la infancia- El Expresso de las 10- Lu. 14 Septiembre 2026
                             Hay niños que necesitan revisar una y otra vez que la puerta esté cerrada, que sus l...
                        
Un congreso atrapado en sus propios vicios | Parte IV: ¿Y el servicio civil de carrera?
                        El Congreso de Jalisco sigue sin escalafón laboral ni servicio civil de carrera. Sind...
                    
Un congreso atrapado en sus propios vicios | Parte III: Los 303 juicios laborales contra el Congreso
                        El Congreso de Jalisco enfrenta 303 juicios laborales. De ellos, 127 son por antigüed...
                    
Un congreso atrapado en sus propios vicios | Parte II: Trabajadores al servicio de los diputados
                        Cada diputado del Congreso de Jalisco dispone de 219 mil 495 pesos mensuales para con..."
11,NTR Guadalajara,23/10/2024,"Periférico, la vía más riesgosa para ciclistas",trafilatura,trafilatura,3768,0.46,https://www.ntrguadalajara.com/post.php?id_nota=221012,,"La plataforma Riesgo de Accidente de Movilidad Ciclista (Ramci) del Instituto de Información Estadística y Geográfica (IIEG) muestra que el Periférico es la vialidad más peligrosa para las personas ciclistas, pues concentra el mayor número de intersecciones con riesgo fatal.
Ramci fue elaborada en 2023 dentro del programa Verano Científico Delfín y en su creación participaron cinco estudiantes de México y Colombia. La plataforma utiliza inteligencia artificial para predecir la severidad de un siniestro vial de acuerdo con el día y la hora, y con base en información histórica analizada.
El IIEG señaliza en un mapa la severidad de un posible siniestro vial con un semáforo de cuatro colores: el rojo indica que los incidentes que ahí se registren pueden ser mortal; el naranja, de riesgo alto; el amarillo, de riesgo moderado, y el verde, de riesgo menor.
Con base en esa clasificación, el Periférico presenta 18 puntos de severidad fatal y con ello es la vialidad más peligrosa para las personas ciclistas.
Algunas de las intersecciones con mayor riesgo de tener un siniestro vial en bicicleta y fallecer son Periférico y carretera a Chapala, donde hay dos puntos de alto riesgo, pero otros cruces peligrosos de Periférico son con López Mateos, El Colli, Álvaro Obregón, Independencia Norte, Matatlán y la carretera a Zapotlanejo.
Además de esos puntos con semáforo en rojo, el Periférico también cuenta con más de una veintena de cruces con riesgo alto y alrededor de 20 con riesgo moderado. Así, dicha vía es la de mayor riesgo a pesar de que con la construcción de MiMacroPeriférico se construyó en ella la ciclovía ""más grande del país"", según el gobierno estatal.
Otras vías de la ciudad que tienen intersecciones en rojo son la carretera libre a Zapotlanejo, donde hay al menos ocho puntos con ese nivel de severidad, y la carretera a Chapala, donde hay más de una decena. La carretera a El Salto, San Martín de las Flores, San Agustín y Santa Cruz de las Flores también presentan puntos con áreas de riesgo fatal.
Según el IIEG, uno de los objetivos de Ramci es que las y los ciclistas puedan consultarlo frecuentemente para conocer por cuáles zonas de la ciudad es más seguro transitar y en cuáles hay mayor riesgo de tener un siniestro grave.
PUNTOS CLAVE
Además de ubicar las zonas de mayor severidad y generar un modelo predictivo, el IIEG también detectó vía Ramci que la velocidad arriba de 80 kilómetros por hora (km/h) eleva 74 por ciento el riesgo de muerte en una colisión con un ciclista.
Otros factores que elevan el riesgo es la cantidad de tránsito vehicular y la presencia de transporte público en la vialidad y el horario; por ejemplo, se detectó que entre las 0 y las 5 horas hay mayor probabilidad de muerte en un siniestro vial.
Al contrario, entre los factores que reducen el riesgo se encuentran la señalización, la reducción de velocidad y las ciclovías; estas bajan la severidad hasta 23 por ciento, según el IIEG.
Premian a la plataforma
El IIEG informó que la plataforma Ramci obtuvo el galardón ""La más innovadora"" en la edición 24 de Netmedia.
Así el instituto obtuvo el primer lugar del sector público entre 130 organizaciones que sometieron a concurso sus proyectos. Al premiar a Ramci se destacó que su innovación consiste en ser una plataforma web pública que, mediante inteligencia artificial, predice la severidad de un accidente que podría tener un ciclista en la ciudad.
El organismo añadió que entre los beneficios de Ramci está la ayuda a más de 130 mil personas que utilizan la bici como su medio de transporte. Además, resaltó que genera predicciones para ciclistas en tiempo real con inteligencia artificial y proporciona una base sólida para crear políticas públicas de movilidad. Lauro Rodríguez / Guadalajara
GR"
12,Canal 44,23/10/2024,"Tres años después, CEDHJ exhibe a Policía Vial que dejó ir a conductor tras atropellar a ciclista",trafilatura,trafilatura,221,0.86,https://www.youtube.com/watch?v=Nf4LdN06oLI,,"Acerca de
Prensa
Derechos de autor
Comunicarte con nosotros
Creadores
Anunciar
Desarrolladores
Condiciones
Privacidad
Políticas y seguridad
Cómo funciona YouTube
Prueba funciones nuevas
NFL Sunday Ticket
© 2026 Google LLC"
13,Mural,20/10/2024,Repuntan muertes de ciclistas en el Área Metropolitana,trafilatura,trafilatura,372,0.71,https://www.mural.com.mx/repuntan-muertes-de-ciclistas-en-el-area-metropolitana/ar2892994?v=2,,"JUSTICIA
02 MIN 30 SEG
Fernanda Carapia
Guadalajara, México (20 octubre 2024) .-05:00 hrs
El pasado 5 de agosto, Adela Margarita Armenta Quevedo perdió la vida atropellada en la esquina de Juan Gil Preciado y Arco del Triunfo. En su honor se colocó una bicicleta blanca. Crédito: Archivo
Las muertes ciclistas presentan un incremento del 40 por ciento con relación a 2023."
14,NTR Guadalajara,16/10/2024,Rehabilitan hasta 32 km de ciclovías al mes,trafilatura,trafilatura,2053,0.23,https://www.ntrguadalajara.com/post.php?id_nota=220665,,"De acuerdo con datos de la Agencia de Infraestructura para la Movilidad del Área Metropolitana de Guadalajara (Amim), cada semana brinda mantenimiento a 8.34 kilómetros (km) de infraestructura ciclista de la urbe, por lo que al mes el total es superior a 32 km.
También cada mes brinda mantenimiento a un aproximado de 2 mil bicicletas de MiBici, lo que representa poco más de la mitad de la flotilla, pues según la página oficial del sistema de bici pública éste cuenta con 3 mil 972 unidades.
Las acciones de mejora ante la infraestructura ciclista incluyen jardinería del arbolado urbano y limpieza de las vías de tránsito en el AMG, apuntó la Amim.
En cuanto a las unidades de MiBici, reciben constantes mantenimientos correctivos y preventivos a lo largo del año.
Consultado al respecto, el coordinador del Observatorio Ciudadano de Movilidad, Yeriel Salcedo Torres, apuntó que la infraestructura ciclista requiere de constantes mantenimientos para mantener la seguridad de las y los ciclistas.
A la vez apuntó que desde el observatorio se ha detectado que la mayoría de desperfectos en este tipo de infraestructura es causado por percances viales.
""A veces se destruye totalmente por siniestros, es lo que hemos descubierto, en algunas ciclovías la infraestructura que cuida la vida de las personas que usan la bicicleta no está porque hubo un coche que chocó o que la derrumbó (…) (pero también) a veces encontramos muchas piedras, sedimentos, que pueden hacer que un ciclista caiga"", explicó.
Salcedo Torres agregó que hay diversas zonas ciclistas que requieren mantenimiento, entre ellas las cercanas al Instituto Tecnológico y de Estudios Superiores de Occidente (ITESO): ""Falta mucho mantenimiento por el tema de las lluvias, se llena de arena, de piedras y más en las bocas de tormenta, cuando pasas por ahí se siente que las llantas se resbalan; otra (ciclovía con pendientes) sería (la de) López Cotilla, donde ya muchos bolardos no existen, o la que está en avenida Washington, muchos automovilistas se meten, se estacionan"", mencionó.
GR"
16,NTR Guadalajara,10/10/2024,"Espacios para ciclistas, insuficientes y desconectados",trafilatura,trafilatura,1754,0.22,https://www.ntrguadalajara.com/post.php?id_nota=220400,,"Según la actualización 2024 del Plan de Ordenamiento Territorial Metropolitano del Área Metropolitana de Guadalajara (POTMet), la infraestructura ciclista de la urbe es ""deficiente, insuficiente y (está) desconectada"".
En el documento se precisa que viajar en bicicleta aún es inseguro debido a los accidentes que puedan provocar automovilistas o el transporte público, lo que a su vez provoca la reducción de la movilidad activa como medio de transporte.
Ante la problemática, la solución planteada en el documento es la ampliación de las redes de infraestructura para ciclistas; sin embargo, este martes el alcalde de Zapopan, Juan José Frangie Saade, descartó la construcción de más kilómetros de ciclovía en el municipio.
Al respecto, el coordinador del Observatorio Ciudadano de Movilidad y Transporte, Yeriel Salcedo Torres, calificó la declaración del primer edil zapopano como preocupante.
""Más allá de si son ciclovías o no, (para) todas las personas que andamos en bici es importante que se garanticen nuestros derechos constitucionales a una movilidad segura, (y) ya con esas declaraciones nos está negando nuestro derecho a poder circular seguros, también manda un mensaje de que sus prioridades son otras, eso preocupa mucho"", apuntó.
Además, recalcó que las declaraciones del munícipe también van en contra de los análisis realizados desde el Instituto de Planeación y Gestión del Desarrollo del Área Metropolitana de Guadalajara (Imeplan), así como de investigaciones de universidades y de diversas organizaciones internacionales.
El efecto
El nuevo Plan de Ordenamiento Territorial Metropolitano del Área Metropolitana de Guadalajara apunta que la falta de infraestructura para ciclistas provoca una reducción de la movilidad activa.
jl/I"
17,NTR Guadalajara,08/10/2024,Descartan construcción de más ciclovías en Zapopan,trafilatura,trafilatura,4146,0.22,https://www.ntrguadalajara.com/post.php?id_nota=220332,,"El alcalde de Zapopan, Juan José Frangie Saade, anticipó que durante su segunda administración a cargo del Municipio habrá nuevos proyectos relacionados a infraestructura vial y movilidad; sin embargo, acotó que entre ellos no se incluye la construcción de más ciclovías.
""Estoy a favor de las ciclovías y seguiré apoyando a las ciclovías, pero hoy nos estamos dando cuenta que muchas veces, primero, hay que resolver el uno y luego hacer el dos. El problema de movilidad está grande, este martes pasaba por avenida Hidalgo, yendo al Centro y obviamente hay un carril completo que se quitó y que pues obviamente sí ves el tráfico, ahí la idea era que hubiera 20 camiones teniendo el servicio, pero no lo tienen, lo que sí te puedo decir es que tenemos que fijar, verlo con lupa, si queremos poner ciclovía o no, porque muchas veces no conviene"", explicó.
El primer edil apuntó que el problema actual de la movilidad del municipio tiene que ver son los vehículos y que hay que darle solución. Posteriormente, añadió, se analizará la posibilidad de incrementar los kilómetros de ciclovías.
De acuerdo con datos de la plataforma Monitoreo de Indicadores de Desarrollo de Jalisco (Mide), hasta el 2023 había 339.1 kilómetros de ciclovías en las zonas urbanas y metropolitana del estado, cifra que representa un incremento en comparación a 2015, cuando solo se tenía registro de 35.5 kilómetros.
El alcalde recordó que durante su nueva gestión al frente de Zapopan se proyectan al menos cinco obras enfocadas a desahogar zonas aquejadas por el tráfico. Entre ellas se encuentran un paso a desnivel en avenida Patria y Universidad, otro en Servidor Público y avenida Valle Real, y uno más en Aviación y Juan Gil Preciado.
""Ya me tendré que pelear con Pablo Lemus a ver cuánto va a apoyarnos el gobierno del estado, pero sí está la mejor disposición"" explicó.
Adelantó además que en los próximos meses concluirán las obras de mejoramiento urbano en avenida Santa Margarita, las cuales tuvieron un retraso debido a problemas con la constructora.
""No fue una mala elección, porque uno nunca sabe cómo te van a quedar de mal, pero esta obra se debió haber terminado hace seis, ocho meses y esperamos que en tres meses termine. La teníamos que hacer porque, si no, no podíamos empezar la de Servidor Público, tenemos que dejar un desahogo para esa calle, esperamos que en dos, tres meses (quede) terminada, pero sí hemos tenido problemas muy graves con la constructora y es una obra que ha causado una molestia a todos los comercios, pérdidas a los comercios, una lata para toda la ciudadanía"", agregó el munícipe.
Implementarán Guardianes Viales en 21 cruces caóticos
El gobierno de Zapopan anunció que, tras detectar 21 cruces viales con la necesidad de medidas para desahogar el tráfico vehicular que ahí se genera, implementará una estrategia llamada Guardianes Viales, también enfocada en impulsar acciones de supervisión al cumplimiento de las reglas de vialidad y en eficientar la movilidad.
Entre los puntos caóticos por tráfico se encuentran: Anillo Periférico Manuel Gómez Morín, avenida Inglaterra, avenida Juan Gil Preciado, carretera a Saltillo, lateral de la carretera a Nogales, avenida Patria, carretera Colotlán, laterales de avenida Adolfo López Mateos, avenida Santa Margarita, entre otros.
""Los Guardianes Viales atenderán dos turnos (matutino y vespertino): entre semana de 6 a 20:30 horas y un turno los fines de semana (según se requiera). Darán servicio en los 21 cruceros detectados como conflictivos por la afluencia tan alta de automóviles motorizados que hay en esas zonas"", explicó la directora de Movilidad y Transporte de Zapopan, Mercedes Cruz Vázquez.
Durante el lanzamiento del programa también se anunció la convocatoria de contratación, la cual consta de tres etapas: recepción de documentos, evaluaciones y entrevistas, y capacitación.
Guardianes Viales prevé la contratación de 200 elementos que serán capacitados en distintas áreas para que la estrategia arranque en enero. La convocatoria puede ser consultada a través de https://portal.zapopan.gob.mx/movilidad/convocatoria_guardianes_viales.pdf. Nancy Ángel
jl-jl/I"
19,Lider 919,02/10/2024,Inaugura gobernador ciclovía en Puerto Vallarta,trafilatura,trafilatura,1172,0.46,https://lider919.com/inaugura-gobernador-ciclovia-en-puerto-vallarta/,,"Este miércoles el gobernador de Jalisco, Enrique Alfaro inauguró la ciclovía de la avenida Francisco Medina Ascencio en Puerto Vallarta donde la inversión fue de 300 millones de pesos en cuatro kilómetros y medio.
""Por eso no vine, hasta que la acabamos, porque, insisto, lo que se ve es una obra grande e importante, pero lo que no se ve, lo que va abajo es lo más difícil, el poder arreglar todas las infraestructuras hidrosanitarias, porque era una red muy vieja que ya no tenía capacidad de atender la demanda, sobre todo del sector hotelero, entonces hice una renovación integral y, claro, como cualquier obra de este tamaño, pues nos llevó tiempo ajustar cosas, afinar detalles, pero ya está entregada y terminada para que la pueda disfrutar la gente de Vallarta"".
Recordó que, para la realización de la obra, había que renovar toda la infraestructura hidrosanitaria y hacer una obra incluyente, no solamente para los vehículos.
Por su parte, el presidente municipal de Puerto Vallarta, Luis Munguía dijo que además de ser una obra necesaria, este es una obra que viene a revitalizar la ciudad y activa la movilidad de este destino turístico a través de la ciclovía."
20,NTR Guadalajara,27/09/2024,"Mi Bici para Jefas de Familia, sin aprovecharse",trafilatura,trafilatura,1830,0.28,https://www.ntrguadalajara.com/post.php?id_nota=219836,,"La Agencia Metropolitana de Infraestructura para la Movilidad (AMIM) realizó ayer el panel Nosotras y MiBici, Informe de la Estrategia de Inclusión de Usuarias en Mi Bici 2020–2023, y a la par dio a conocer que este 2024 hay más de 17 mil beneficiarias de Mi Pasaje Apoyo a Mujeres, es decir, el que apoya a jefas de familia y mediante el cual las beneficiarias pueden acceder a una membresía del sistema de bici pública, pero solamente 41 están activas.
No obstante, NTR documentó recientemente que, hasta agosto pasado, apenas había 14 beneficiarias activas.
Araceli Cárdenas, jefa de Transporte Individual en Red de la AMIM, explicó que trabajan para tener contacto con las beneficiarias de Mi Pasaje Apoyo a Mujeres, pero muchas no saben usar la bicicleta o no saben que tienen el beneficio.
Por otro lado, Cárdenas habló que Todas en Bici es un programa para enseñar a las mujeres a andar en bicicleta y que se sumen al sistema.
""Hemos realizado 57 talleres en el 2023 y 2024. (Tuvimos) un total de asistentes de 212 en el 2023 y en el 2024 llevamos 281 mujeres. Hemos estado en siete municipios y próximamente estaremos en los dos municipios restantes"".
De manera general, comentó que el 35 por ciento de usuarias de MiBici es mujer y genera el 26 por ciento de los viajes en el sistema, por lo que buscan que este número aumente.
""La agencia trabajó en un diagnóstico donde encontramos tres problemáticas, una es la falta
de acceso a MiBici, la otra es la falta de actividades y la percepción de inseguridad, (para lo que hay) tres estrategias: estímulos de una membresía, capacitación y la mejora de la seguridad. Además de tres proyectos: Mi Pasaje Apoyo a Mujeres, Todas en Bici y Espacios Seguros"", refirió.
CIFRA:
35 por ciento de usuarias de MiBici es mujer y genera el 26 por ciento de los viajes en el sistema.
jl/I"
21,Trafico ZMG,27/09/2024,Presentan estrategia de inclusión de usuarias a MiBici,trafilatura,trafilatura,1770,0.15,https://traficozmg.com/2024/09/presentan-estrategia-de-inclusion-de-usuarias-a-mibici/,,"Presentan estrategia de inclusión de usuarias a MiBici
Como parte de la ""Estrategia de Inclusión de Usuarias en MiBici 2020 – 2023"" se presentó un diagnóstico de inclusión que mostró que las mujeres no usan la bicicleta por miedo al acoso callejero y por que no se sienten capacitadas para moverse por la ciudad.
Araceli Cárdenas, Jefa de Transporte Individual de Red de la AMIM, comentó que MiBici cuenta actualmente con 35 por ciento de usuarias que generan el 26 por ciento de los viajes; para el cierre del 2024 se espera llegar al 28 por ciento con la implementación de las acciones que son parte de la estrategia de inclusión.
Te podría interesar: Tragedia deportiva
Agregó que Mi Pasaje Apoyo a Mujeres es un estímulo para que jefas de familia tengan el acceso al transporte en bici gratuito, desde su implementación en 2021 se han otorgado 3 mil 465 membresías y las beneficiarias han realizado más de 35 mil viajes. Actualmente se encuentra en el proceso de reactivación 2024.
Dijo que con el programa ""Todas En Bici"", la biciescuela itinerante con perspectiva de género, se han recorrido siete municipios de la Zona Metropolitana de Guadalajara (ZMG) y capacitado cerca de 500 mujeres en temas de movilidad activa y en el uso de la bicicleta.
""La biciescuela es primordialmente para capacitar a las beneficiarias pero también pueden participar todas las mujeres interesadas en utilizar este medio de transporte"", se anotó en ficha informativa.
En el año 2022 la estrategia incluyó la instalación de 20 botones de emergencia y 20 lámparas para mejorar la iluminación en estaciones, los puntos se determinaron con un diagnóstico que aquellas ubicaciones con poca iluminación y reportes de robo y vandalismo.
MHF
Nota relacionada: MiBici tiene plan para el futuro"
22,El Informador,26/09/2024,Usan más hombres que mujeres sistema MiBici en la ZMG,trafilatura,trafilatura,3962,0.66,https://www.informador.mx/jalisco/Usan-mas-hombres-que-mujeres-sistema-MiBici-en-la-ZMG-20240926-0167.html,,"Usan más hombres que mujeres sistema MiBici en la ZMG
Falta de acceso a MiBici y la percepción de inseguridad son las principales razones por las cuales las mujeres no utilizan este medio de transporte.
Se entregó un reconocimiento a las panelistas por su labor en la formación del programa MiBici para seguro para mujeres. EL INFORMADOR/H.FIGUEROA
Alrededor de 35 por ciento de los usuarios de MiBici son mujeres, las cuales generan el 26 por ciento de los viajes en este sistema de transporte público, según datos del informe ""Nosotras y MiBici, Informe de la Estrategia de Inclusión de Usuarios MiBici 2020 -2023"", de la Agencia Metropolitana de Infraestructura para la Movilidad del AMG (AMIM), presentado esta noche en la Casa ITESO Clavijero.
Falta de acceso a MiBici, de actividades y la percepción de inseguridad son las principales razones por las cuales las mujeres no utilizan este medio de transporte. La AMIM espera que para este año el porcentaje de viajes ascienda a 28 por ciento con la implementación de tres proyectos para incentivar el uso de las bicicletas públicas: Mi pasaje apoyo a mujeres, Todas en bici y Espacios seguros.
LEE: Retrasan arranque oficial del Tequila Express
El primero de ellos consiste en dar una membresía de dos pasajes al día para el sistema MiBici a jefas madres de familia de entre 26 y 65 años de edad con ingresos menores de 13 mil 400 mensuales. Este apoyo cuanta con 17 mil beneficiadas. El segundo programa busca a enseñar a las mujeres a usar y transportarse en bicicleta.
En tanto, el último es un programa piloto que cuenta con 20 botones de emergencia, luminarias solares y cárteles informativos. Espacios seguros, además, trabaja en coordinación con el sistema C5 de Guadalajara para salvaguardar a las usuarias de MiBici.
""Hay un interés de parte de distintas instancias, desde diferentes rincones en hacer de la movilidad, y de la ciudad en general, de la forma de experiencia de vida de la ciudad, una forma de vivir la ciudad de manera agradable, de manera saludable, de manera que nos beneficie a todas las personas"", comentó Mayela García Alcalá, socia y fundadora de la consultura Kaliopeo, organización especializada en la asesoría para la toma de decisiones.
La presentación del evento fue precedida por Mayela García, Wendy Córdoba, coordinadora de Urbanismo Social de la consultora Cuadra Urbanismo; Beirut Rodríguez, urbanista de la organización BKT Bici Pública; Triana Zepeda, fundadora del Colectivo Transeúntas, y Karen Cortés, delegada de la Sociedad Nacional de Estudiantes de Diseño, Urbanismo y Planeación (ANEDUP).
PUEDES LEER: Bosque Urbano de Extra impulsa la reforestación en Jalisco
""Al momento de tratarse de un medio de transporte, como cualquier intervención, servicio público, cosas que nos incluyen a la comunidad general, es necesario contar con esta inclusión porque es la única manera de realmente conocer las necesidades, las expectativas y de intercambiar conocimiento de todas las personas que, de alguna manera, vamos a ser beneficiadas o afectadas al respecto. Entonces, como somos una comunidad diversa, este plan tendrá que tener atravesada la perspectiva de género [""¦]. El espacio público se percibe de una forma diferente entre hombres y mujeres, entonces eso es importante considerarlo"", subrayó la coordinadora de Urbanismo Social de la consultora Cuadra Urbanismo.
Al final del evento se entregó un reconocimiento a las panelistas por su labor en la formación del programa MiBici para seguro para mujeres, así como a algunas usuarias del proyecto Mi pasaje apoyo a Mujeres. ístas fueron: Josefina Hernández Jiménez y Antonia Cuevas, las usuarias con más viajes en este programa; y Claudia Rico, la usuaria que más viajes realiza en el sistema MiBici.
YC
  
Lee También
Recibe las últimas noticias en tu e-mail
Todo lo que necesitas saber para comenzar tu día
Registrarse implica aceptar los Términos y Condiciones"
23,Canal 44,23/09/2024,"Mueren 96 ciclistas este sexenio, exigen presupuesto digno",trafilatura,trafilatura,221,0.93,https://www.youtube.com/watch?app=desktop&v=9AFFmXOjqFM,,"Acerca de
Prensa
Derechos de autor
Comunicarte con nosotros
Creadores
Anunciar
Desarrolladores
Condiciones
Privacidad
Políticas y seguridad
Cómo funciona YouTube
Prueba funciones nuevas
NFL Sunday Ticket
© 2026 Google LLC"
24,UDGTV,22/09/2024,"Mueren 96 ciclistas este sexenio, exigen presupuesto digno",trafilatura,trafilatura,1866,0.23,https://udgtv.com/noticias/mueren-96-ciclistas-este-sexenio-exigen-presupuesto-digno-/240475,,"Guadalajara, Jalisco.
Un total de 96 ciclistas urbanos han perdido la vida mientras pedaleaban en el Área Metropolitana de Guadalajara en lo que va del actual sexenio, por lo que una treintena de colectivos ciclistas exigieron al Gobernador Enrique Alfaro garantizar condiciones de seguridad en las calles y destinar un presupuesto digno para la creación de ciclovías.
En un comunicado a propósito del Día Mundial Sin Auto conmemorado este domingo, los colectivos señalaron que el sexenio actual ha fracasado en garantizar una movilidad segura y accesible para todos que se encuentra plasmada como un derecho en el Artículo Cuarto Constitucional.
Ante ello, exigieron al Gobernador entrante, saliente, alcaldías y diputaciones emprender acciones contundentes que se vean reflejadas en menos personas fallecidas solo por moverse en la ciudad.
Entre las acciones que exigen figura sancionar con mano dura a conductores que manejen de manera peligrosa e infrinjan reglas de tránsito, aumentar el presupuesto para construir ciclovías seguras en condiciones de conectividad y a manera de red.
Asimismo, pidieron mayor vigilancia a los programas de Banquetas libres y cruceros seguros, así como hacer cumplir los límites de velocidad en calles y avenidas debido a que
este factor es el principal causante de accidentes con muertes en la ciudad.
Para hacer visibles estas demandas, los colectivos organizaron una rodada masiva este sábado en Guadalajara en donde tomaron las calles para hacer valer su derecho a la movilidad sustentable y segura.
- Te puede interesar:
- Insuficientes, 13 estaciones de monitoreo para 5 millones de habitantes - 30 septiembre, 2024
- Publican nuevo protocolo de contingencias atmosféricas, critican laxitud- 25 septiembre, 2024
- ¿Basura cero? Observatorio de Residuos llama a separar y erradicar residuos para lograrlo- 25 septiembre, 2024"
25,Mural,21/09/2024,Hacen mega rodada en GDL por el Día Mundial Sin Auto,trafilatura,trafilatura,552,0.81,https://www.mural.com.mx/hacen-mega-rodada-en-gdl-por-el-dia-mundial-sin-auto/ar2877407?v=2,,"Hacen mega rodada en GDL por el Día Mundial Sin Auto
02 MIN 00 SEG
Mariana Quintero
Guadalajara, México (21 septiembre 2024) .-18:39 hrs
Mega rodada por el Día Mundial Sin Auto Crédito: Rodolfo Lasso
Mega rodada por el Día Mundial Sin Auto Crédito: Rodolfo Lasso
Mega rodada por el Día Mundial Sin Auto Crédito: Rodolfo Lasso
Cientos de ciclistas se congregaron esta tarde en la Rambla Cataluña, ubicada sobre Avenida Juárez y Enrique Díaz de León, para participar en la Mega Rodada por el Día Mundial Sin Auto que se conmemora mañana 22 de septiembre."
26,UDGTV,20/09/2024,Día Mundial del Auto: Crecen los vehículos motorizados y Mi Bici se desploma,trafilatura,trafilatura,2745,0.34,https://udgtv.com/noticias/dia-mundial-del-auto-crecen-los-autos-y-se-desploma-mi-bici/240375,,"Guadalajara, Jalisco.
Mientras las calles se llenan de automóviles, motocicletas, motopatines y otros medios de transporte motorizado, las bicicletas resisten pero con una tendencia a la baja.
De acuerdo con datos abiertos del sistema Mi Bici, mientras el 2023 cerró con 3 millones 631 viajes, este año apenas van 605 mil, es decir, una sexta parte de los realizados el año pasado.
En sentido contrario, el parque vehicular de las motocicletas creció 14 por ciento en el último año y el de los automóviles 3.8 por ciento, para dar un total de 4 millones 609 mil vehículos motorizados en Jalisco.
Para Génesis Hernández, integrante del colectivo Femi Bici que ofrece clases a mujeres interesadas en aprender a andar en bici en la ciudad, han detectado que la falta de conectividad en las ciclovías y escasa cobertura del sistema Mi Bici desincentivan a las usuarias de procurar el servicio.
""Se ha generado infraestructura, desgraciadamente no está conectada y no cubre los diferentes territorios que abarca la ciudad. Muchísimas mujeres están aprendiendo a andar en bicicleta y nos escriben y nos dicen sabes qué, ya saqué la membresía de Mi Bici pública, sí la utilizan en un tiempo determinado.
Pero se vuelven a bajar ¿por qué? Por miedo a ser violentadas, les ha tocado violencia, y principalmente porque el servicio no llega hasta su destino final, y la otra es también por inseguridad pública"", declaró.
Para Yeriel Ochoa, coordinador del Observatorio Ciudadano de Movilidad y Transporte de Jalisco, otro motivo del drástico descenso a los viajes de Mi Bici este año podrían ser las quejas que en diversos periodos han subido por el mal estado de las bicicletas y desabasto en horas pico.
En tanto que la Agencia Metropolitana de Servicios para la Movilidad, que administra Mi Bici, no respondió a qué se debe el decremento de usuarios.
El Día Mundial sin Auto se conmemora este domingo 22 de septiembre y colectivos ciclistas aprovechan para organizar actividades e invitar a la población a reflexionar sobre las implicaciones individuales y colectivas de abusar de los vehículos.
Así como a construir entornos más seguros para todos y principalmente para quienes exponen su cuerpo y su vida al moverse en la ciudad de manera sustentable: peatones y ciclistas.
Viajes a la baja en MI BICI
Año Viajes
- 2019 4'226,654
- 2020 2'589,437
- 2021 2'777,796
- 2022 3'590,887
- 2023 3'631,908
- 2024* 617,170
*Al corte de agosto
Fuente: AMIM
- Insuficientes, 13 estaciones de monitoreo para 5 millones de habitantes - 30 septiembre, 2024
- Publican nuevo protocolo de contingencias atmosféricas, critican laxitud- 25 septiembre, 2024
- ¿Basura cero? Observatorio de Residuos llama a separar y erradicar residuos para lograrlo- 25 septiembre, 2024"
27,NTR Guadalajara,18/09/2024,"Jefas de familia en MiBici, a la baja",trafilatura,trafilatura,2961,0.28,https://www.ntrguadalajara.com/post.php?id_nota=219413,,"El programa de Mi Pasaje que apoya a jefas de familia con una membresía gratuita en MiBici para que disfruten de los beneficios de un transporte sustentable apenas tiene 15 beneficiarias activas de 41 registradas en el año, según el corte al mes de agosto de 2024.
La cifra es la más baja de los últimos años en los que ha operado el programa. Tan solo en agosto de 2021 sumaron 138 beneficiarias activas, según las cifras por mes que actualiza la Agencia de Infraestructura para la Movilidad (AMIM). El costo anual de la suscripción es de 478 pesos.
Los datos de la agencia también indican que entre enero y agosto de este año apenas se han realizado 637 viajes gracias a este apoyo. En contraste, en 2021, cuando inició el proyecto, se documentaron 11 mil 313 viajes y eso que el programa comenzó a operar hasta marzo.
La estrategia está dirigida a mujeres de 25 a 64 años que sean el sustento económico de una familia de personas dependientes a su cargo y tengan ingresos mensuales menores a 11 mil 122 pesos. Tiene el objetivo de apoyarlas en su economía familiar y que gasten menos dinero en transporte público o privado.
El programa también se pensó como una alternativa contra el acoso callejero, ya que la bicicleta es el segundo medio de transporte que las mujeres consideran más seguro, solamente detrás del automóvil propio.
""Tanto en caminar, usar camión, Tren Ligero, taxi o incluso Uber, Didi, Cabify, generan percepción de que el riesgo al acoso es menor al utilizar Mi Bici. El automóvil es del único modo que se reporta una mayor exposición al acoso que al usar Mi Bici"", se indica en el estudio Usuarias del Sistema de Bicicletas Públicas en el Área Metropolitana de Guadalajara y su experiencia en Movilidad, realizado en 2019 por Kaliopeo en colaboración con el Instituto de Planeación y Gestión del Desarrollo del Área Metropolitana de Guadalajara (Imeplan) y MiBici.
El mismo ejercicio arrojó que las usuarias encuestadas consideraron que el mayor beneficio de utilizar MiBici es la rapidez y el ahorro de tiempo (38.6 por ciento), así como hacer ejercicio mientras se trasladan (24.5 por ciento) y el ahorro de dinero (18.5 por ciento).
Respecto al acoso callejero, en su percepción explícita el 25.3 por ciento respondió que mejoró la situación al usar MiBici, el 64.6 por ciento dijo que permanece igual y 10.1 por ciento consideró que ha empeorado al usar el sistema de bicicleta pública en relación con otros modos de transporte.
SIN RESPUESTA
La AMIM es el organismo público descentralizado intermunicipal que se encarga de supervisar la red de semáforos, radares de velocidad y MiBici, por lo que mensualmente analiza los resultados del programa. A fin de saber por qué hay tan pocas beneficiarias jefas de familia por medio de MiPasaje, NTR consultó a su área de comunicación social, pero no obtuvo respuesta.
En general, Mi Bici tiene 154 mil 667 usuarios, quienes realizan viajes en tres mil 972 bicicletas y 360 estaciones.
jl/I"
28,NTR Guadalajara,18/09/2024,Piden análisis sobre fracaso del programa de Mi Bici para Mujeres,trafilatura,trafilatura,2227,0.22,https://www.ntrguadalajara.com/post.php?id_nota=219434,,"Aunque llegó a tener 134 beneficiarias activas hace tres años, actualmente el programa de membresías gratuitas para jefas de familia de Mi Bici apenas tiene 15 beneficiarias, su registro más bajo, revelan los datos actualizados por la Agencia de Infraestructura para la Movilidad (AMIM) en agosto.
Al respecto, Yeriel Salcedo, del colectivo GDL en Bici, consideró que es importante analizar qué fue lo que sucedió con este proyecto, el cual apoya a mujeres en condiciones de desigualdad económica, que reciben un salario menor a 11 mil 122 pesos mensuales.
""Hay que empujar el uso de la bicicleta en las mujeres, de lo que vemos en los aforos que hacemos del uso de la bicicleta es que el uso en mujeres es menor que el de los hombres. El programa en esencia es bueno, pero hay que mejorar en la difusión y el seguimiento de ver qué está pasando con las mujeres que se escribieron"", comentó.
Salcedo explicó que al platicar con colectivos feministas sobre los motivos generales por los cuales las mujeres usan menos las bicicletas que los hombres, independientemente del programa Mi Bici, es porque muchas no sabían andar en ellas.
""No saben andar en bici por toda la discriminación y estas cuestiones de desigualdad que hubo por el machismo de que a las mujeres normalmente no se les enseñaba a andar en bici"".
En ese sentido, el activista consideró que sería importante reforzar el programa con proyectos como las Bici escuelas o adaptar los vehículos para este sector de población. Por ejemplo, debido a que muchas mujeres se encargan de temas de cuidados, podrían existir cambios para que pudieran llevar a niños o niñas con ellas.
""Creo que hay que poner en la mesa el tema de si las bicis son las adecuadas para la movilidad. Y la infraestructura, ubicar dónde viven. Hay que hacer un análisis sobre quienes se inscribieron, por qué dejaron de usarlo para ver si era lo que necesitaban en cuestión de sus trayectos porque a la mejor vivían en zonas donde aún no llega el sistema de Bici Pública"".
Salcedo añadió que es importante aumentar la red de ciclovías a colonias más vulnerables, ya que hay estudios que avalan que las mujeres son más cuidadosas en moverse en bicicleta en espacios con infraestructura adecuada.
EH"
29,El Informador,10/09/2024,"Vía RecreActiva provoca la unión de dos ""Guadalajaras""",trafilatura,trafilatura,4109,0.54,https://www.informador.mx/jalisco/Via-RecreActiva-provoca-la-union-de-dos-Guadalajaras-20240910-0026.html,,"Vía RecreActiva provoca la unión de dos ""Guadalajaras""
José Palacios Jiménez, uno de sus promotores, recuerda el génesis de este proyecto social; borrar la ""división"" que marcaba la calzada Independencia fue objetivo de la iniciativa
A dos décadas de su nacimiento, ha dejado una profunda marca en la urbe, tanto en lo social como en lo económico. EL INFORMADOR/A. Navarro
Hace 20 años un grupo de vecinos y empresarios de la Plaza Tapatía buscaban realizar un reglamento de imagen y construcción de la zona para unificar todos los edificios. Para ello tenían un presupuesto de 150 mil pesos, pero el proyecto les costaba 500 mil pesos.
Para reunir los recursos pensaron en realizar un evento con un grupo musical pero por algunas razones esto nunca se concretó.
En el camino los promotores se encontraron al arquitecto y doctor en Movilidad, Luis Felipe Siqueiros, especialista en Planeación Urbana quien les propuso realizar un proyecto que cambiara la manera de pensar de los tapatíos y hacer una ciudad más unidad y humana.
Luis Felipe Siqueiros les recomendó al exalcalde de Bogotá, Enrique Peñalosa para que les ayudará a realizar el proyecto.
Peñalosa llegó a Guadalajara el 9 de septiembre del 2003 para conocer la ciudad y ofrecer una serie de conferencias. En sus pláticas, el colombiano recalcaba la belleza del Centro Histórico de Guadalajara, lo bonito del bosque de La Primavera y de la barranca de Huentitán, por lo que sugirió unirlos con un proyecto integrador.
""Nos empezó a platicar todo lo que hizo en Bogotá en tres años de alcalde y la decisión fue ir a Colombia a ver los proyectos que había hecho, entre ellos la Ciclovía de Bogotá"", recordó José Palacios Jiménez, promotor del proyecto y presidente de la Fundación GDL 500 (anteriormente, Guadalajara 2020).
El 31 de enero del 2004 los promotores tapatíos viajaron a Bogotá para ver la Ciclovía que tiene 120 kilómetros y en la que participan dos millones de personas cada domingo. ""Fuimos en bicicleta y vimos todas las actividades que había y como la gente gozaba de este espacio público y fue cuando decidimos replicar este proyecto en Guadalajara"".
Fue así que el domingo 12 de septiembre del 2004 se inauguró la Vía RecreActiva de Guadalajara, con una extensión de 11 kilómetros entre la glorieta Minerva y Tetlán.
""El objetivo era unir ""las dos Guadalajaras"" que se decía estaban divididas por la calzada Independencia. El arranque fue justamente por eso de Tetlán a La Minerva"", recordó José Palacios.
La primera jornada fue de las 8:00 a las 12:00 horas. ""Esperábamos alrededor de cinco mil usuarios y tuvimos 32 mil visitantes el primer día"", recordó con emoción.
Con el paso del tiempo, la Vía RecreActiva amplió su horario de las 8:00 horas a las 14:00 horas, además de que crecieron los kilómetros y las rutas.
La vía cuenta ahora con 73 kilómetros y tiene diversas rutas en Guadalajara, Zapopan, Tlaquepaque y Tonalá. Se estima que cada domingo asisten más de 300 mil personas a disfrutarla.
Además de José Palacios otros impulsores del proyecto fueron Rocío Herrera, Tomás López Miranda y Lucy Barriga.
Los retos y premios del camino
De acuerdo con el entrevistado hay varios retos para mejorar la Vía RecreActiva, como el que se tengan más jóvenes de servicio social que son los que están en los cruceros, también falta que los municipios mantengan los uniformes y colores institucionales de los servidores y mejorar la señalética, además de realizar más actividades alrededor de la misma.
José Palacios asegura que la Vía RecreActiva, además de unir a los tapatíos, también ha sido un factor fundamental para la limpieza de la imagen urbana.
""Cuando empezamos a sacar las fotos de la vía comenzamos a ver la contaminación visual que teníamos en el mobiliario urbano y los árboles. Entonces logramos también que los municipios aprobaran una iniciativa para prohibir el uso de pendones"", afirmó.
Lee También
Recibe las últimas noticias en tu e-mail
Todo lo que necesitas saber para comenzar tu día
Registrarse implica aceptar los Términos y Condiciones"
30,NTR Guadalajara,09/09/2024,Reconocen que 266 unidades del sistema MiBici no funcionan,trafilatura,trafilatura,1946,0.22,https://www.ntrguadalajara.com/post.php?id_nota=219075,,"Este fin de semana el gobierno de Jalisco publicó el acuerdo de donación de 2 mil 446 bicicletas y 274 estaciones del sistema MiBici a la Agencia de Metropolitana de Infraestructura para la Movilidad (AMIM), documento que especifica que 266 unidades están inservibles.
Según el acuerdo y la base de datos difundida el fin de semana, las unidades inactivas –a excepción de una adquirida en 2021– fueron compradas en la pasada administración, cuando inició el programa.
Los datos precisan que de las mil 392 bicicletas que donó la Secretaría de Administración a la AMIM y que fueron compradas en 2014, un total de 244 no sirven. De ese año es el mayor número de bicis sin funcionar y significa además que el 17.53 por ciento de las unidades de ese año ya está descompuesto.
De las 758 compradas en 2015, 16 ya no funcionan, mientras que de las 189 adquiridas en 2018 hay cinco inactivas. Por último, de tres compradas en 2021, una está inservible.
Hasta antes de la donación la AMIM tenía las bicicletas del sistema MiBici en comodato, al igual que las estaciones, pero ahora pasaron a ser su propiedad.
El dictamen incluye sólo a bicicletas adquiridas en 2018 u años anteriores –y tres compradas en 2021-. Desde 2019 el sistema es operado por la AMIM, por lo que las adquisiciones de unidades o estaciones nuevas a partir de esa fecha ya corrían a cargo de la agencia y no de la Secretaría de Administración, precisa el documento.
Con lo anterior el sistema pasa a ser completamente administrado por la AMIM. En la justificación de la donación la agencia menciona que ""desde el momento de su resguardo se ha hecho cargo tanto del mantenimiento correctivo y/o preventivo, así como de los pagos de seguros, deducibles y cualquier erogación para el manejo, administración y operación de dichos bienes"".
La donación, añade, les permitirá ""llevar una mejor operación y control de todo el parque vehicular del Sistema de Bicicletas Públicas MiBici.
jl/I"
31,Heraldo,09/09/2024,"¿Dónde deben circular los ciclistas en Guadalajara, Jalisco?",trafilatura,trafilatura,3968,0.14,https://heraldodemexico.com.mx/nacional/2024/9/9/donde-deben-circular-los-ciclistas-en-guadalajara-jalisco-636250.html,,"En días recientes se viralizó un video en el que una automovilista graba con su teléfono celular a una ciclista que circulaba sobre una avenida en Guadalajara, Jalisco. La mujer detrás del volante criticaba a la usuaria de la bicicleta por circular en medio del carril, como si fuera un vehículo más en la vialidad y además acusaba que se ponía en distintos riesgos.
Los comentarios por parte de usuarios en redes sociales se dividieron para apoyar a la que conducía la bici o para decir que la que llevaba el automotor era la equivocada. No obstante, la mejor manera de conocer cuál es la realidad, es apelar directamente a la norma local.
Sigue leyendo:
Arrollan a peregrino ciclista sobre la carretera federal 57, San José Iturbide, Guanajuato
IMíGENES FUERTES ciclista es arrollado por un automóvil al chocar con una puerta
¿Cuál es el reglamento para los ciclistas en Jalisco?
El Reglamento de la Ley de Movilidad, Seguridad Vial y Transporte del Estado de Jalisco tiene reglas claras para que todos los vehículos transiten a través de las vialidades que componen todos su municipios.
Pese a que cualquiera de los 125 municipios tiene la posibilidad de crear su propia serie de normas en torno al uso de la vialidad, en el caso de Jalisco, todas las regiones se suscriben a la norma estatal para indicar las sanciones, obligaciones y responsabilidades de los conductores de vehículos, ya sea automotores o no.
Ciclismo urbano: ¿por dónde deben circular las bicicletas en Guadalajara, Jalisco?
De acuerdo con el Artículo 25. III. de la normativa vigente en Jalisco, los ciclistas deben circular en el carril de extrema derecha y en el centro del carril. Para llevar a cabo esta acción, debe tener precaución para evitar distintos riesgos en este medio de transporte.
Este derecho lo tienen aún en casos en los que hay una ciclovía o vía ciclista, aunque se les sugiere que en estos últimos casos, lo hagan por los carriles que tienen designados para ellos.
Con esto queda en evidencia que la joven que circula en el clip a bordo de la bicicleta está haciéndolo conforme a lo que marca la normativa local y que el reclamo que realiza la que va en el automóvil no tiene fundamentos legales.
¿Qué reglas debe seguir un ciclista y cuáles son las normas para los ciclistas en Jalisco?
El mismo Artículo 25 marca las acciones que no deben realizar las personas a bordo de sus bicicletas para no caer en riesgos a bordo de este medio de transporte. A continuación las exigencias que pide la regla local.
- Usar de manera preferente (opcional) caso protector, aunque en menores de 12 años de edad es obligatorio.
- Llevar consigo preferentemente un chaleco o chamarra reflejante.
- No conducir en sentido contrario, por vías rápidas, túneles o lugares donde haya señalética que se los impida.
- Respetar la luz roja del semáforo.
- Si la vía está impedida, hay más ciclistas de lo usual, se tenga que rebasar a otro ciclista, se tenga que rebasar por la izquierda o haya otros medios de transporte no motorizados con un ancho mayor a 0.75 metros, se debe conducir con mayor precaución.
- Deben respetar la Pirámide de movilidad y brindar el espacio necesario a otros usuarios dependiendo de esta jerarquía.
¿Cuáles son los reglamentos del ciclismo en ruta en México?
Cada entidad tiene sus propios reglamento de tránsito; no obstante, cualquier municipio puede crear el suyo para regular normas y situaciones que no estaban contemplados en la norma estatal. De esta manera, es posible que en el país dos mil 469 normas.
Sin embargo, hay varios estados como la Ciudad de México o Jalisco, donde hay un reglamento que concentra las actividades para todas sus alcaldías o ayuntamientos. De esta forma se facilita el entendimiento de estas normas y facilita su aprendizaje.
De esta forma, las cosas que ocurren en cuanto a vialidad en Zapopan, tendrán la misma normativa que en Guadalajara o en Ejutla, Encarnación de Díaz o Etzatlán."
32,Página 24 Jalisco,09/09/2024,Piden Ampliar Vía RecreActiva,trafilatura,trafilatura,2348,0.86,https://pagina24jalisco.com.mx/2024/09/09/local/piden-ampliar-via-recreactiva/,,"Celebran 20 años de la ruta en Guadalajara
Por Elizabeth Ríos Chavarría
A 20 años de su creación como un referente de convivencia, cultura y sobre todo movilidad en la ciudad, tapatíos disfrutaron su domingo en la ya tradicional Vía RecreActiva; pugnaron por ampliar todavía más su tramo a otras partes de la ciudad.
Como cada domingo, cientos -si no es que miles- salieron desde temprano con sus bicicletas y acompañados de algún amigo o familiar, con la finalidad de recorrer parte de los 31 kilómetros con los que está conformada esta vía.
Tapatíos que platicaron para Página 24 expresaron su sentir con respecto a esta vía ahora con su 20 aniversario, así como sus sugerencias a fin de que esta sea mejorada por parte de autoridades estatales y municipales.
""Desde chiquillo nos veníamos mis hermanos y yo para acá al centro (…). Sí ha cambiado mucho, pero al menos está más larga, ahora creo que tiene más cosas para entretenerte como en Parque Rojo y sus actividades o aquí en el mero centro"", expresó Matías Saucedo Barragán.
""En sí no le pediría nada, está muy a gusto recorrerte el tramo que conecta Guadalajara y Zapopan en las mañanas para entrenar. A lo mejor abrirla más para otros municipios, que llegue para Tonalá, más para el lado de Tlaquepaque"", consideró Julio Tafolla.
""La visita obligada es cada quince días porque nos ponemos a recorrerla de punta a punta. Yo no la conocía hasta hace apenas unos años que una amiga y su familia me invitaron y desde entonces no he dejado de visitarla, ahora un trayecto (de la vía) me queda cerca de mi casa, entonces, es muy fácil tomarla y se me hace bien, es un buen ejercicio, pero también la oportunidad de convivir con familia o con amigos"", añadió Lucía Navarro.
Con 31 kilómetros de recorrido, se estima que cada semana más de 100 mil personas visitan la Vía RecreActiva. Para su funcionamiento participan trabajadores de 25 dependencias municipales, estatales y de educación, quienes se encargan de delimitar el trayecto y vigilar para que todo transcurra con normalidad y seguridad.
Son cerca de 35 actividades que se realizan cada domingo a lo largo del recorrido para el disfrute de grandes y chicos. Sin embargo, por su 20 aniversario, las autoridades implementaron actividades varias entre las que se encontraron exhibiciones, rodadas, pinta de murales de arte urbano y juegos."
33,Notisistema,09/09/2024,Tapatíos celebran 20 años de la Vía RecreActiva con actividades familiares y deportivas,trafilatura,trafilatura,673,0.27,https://www.notisistema.com/noticias/tapatios-celebran-20-anos-de-la-via-recreactiva-con-actividades-familiares-y-deportivas/,,"Miles de tapatíos celebraron el 20º aniversario de la Vía RecreActiva en Guadalajara con diversas actividades, como rodadas, exhibiciones y carreras. Diversos usuarios destacaron el crecimiento en rutas y seguridad, permitiendo que más personas disfruten del espacio.
El alcalde interino, Francisco Ramírez Salcido, y el gobernador electo, Pablo Lemus, participaron en la conmemoración. Ramírez reconoció el papel de los fundadores y activistas en este proyecto que ha transformado la ciudad, y subrayó la importancia de la ciudadanía en su éxito. Las celebraciones incluyeron la quinta etapa de la carrera ""Corramos la Meta"" y actividades en diversos parques de la ciudad."
36,NTR Guadalajara,06/09/2024,Festejarán 20 años de la Vía RecreActiva,trafilatura,trafilatura,1306,0.29,https://www.ntrguadalajara.com/post.php?id_nota=218918,,"El Ayuntamiento de Guadalajara presentó una serie de actividades por el aniversario 20 de la Vía RecreActiva, espacio consolidado como punto de reunión para la sana convivencia, recreación y actividad física de las personas. Cada semana reúne a más de 100 mil tapatíos.
Este domingo será el día en que se festejarán las dos primeras décadas del recorrido dominical, el cual tiene 31 kilómetros y suma esfuerzos de 25 dependencias municipales y estatales, así como de instituciones prestadoras de servicio social que impulsan más de 35 actividades de forma permanente.
""El domingo 8 (de septiembre) es el día especial, donde estaremos echando la casa por la ventana. Tendremos una exhibición de globos aerostáticos del Festival Internacional de León y también se tendrá la última etapa del Serial de Carreras de esta administración"", explicó el presidente municipal interino de Guadalajara, Francisco Ramírez Salcido.
También como parte de los festejos hoy se lanzará un podcast narrado por Jorge Cuevas en el que se podrá escuchar la historia de la Vía y mañana se instalará una mesa de diálogos y testimonios con usuarios del paseo en palacio municipal.
Para quienes festejen y disfruten de la Vía el domingo también habrá música, clases deportivas, un corredor gastronómico, entre otras actividades.
jl/I"
37,Tribuna de la bahia,03/09/2024,Urgen limpieza en la ciclovía y banquetas de la Avenida México,trafilatura,trafilatura,1269,0.63,https://tribunadelabahia.com.mx/limpieza-ciclovia-avenida-mexico/,,"Urgen limpieza en la ciclovía y banquetas de la Avenida México
A través de mensajes a la redacción de CPS Noticias y Tribuna de la Bahía, ciclistas y vecinos de la delegación de Ixtapa han solicitado la intervención de las autoridades municipales, en particular del departamento de Parques y Jardines, para que se realice una limpieza exhaustiva de la ciclovía y las banquetas que recorren la Avenida México, desde Mojoneras hasta el Centro Universitario de la Costa (CUC).
Los usuarios han expresado su preocupación por el estado de abandono en que se encuentra esta importante vía, la cual es utilizada diariamente por ciclistas, peatones y estudiantes. Denuncian la acumulación de basura, maleza y escombros, lo que dificulta el paso y representa un riesgo para la seguridad de quienes transitan por la zona.
""Es urgente que Parques y Jardines venga a dar una buena limpiada a toda la ciclovía y banquetas. Es una vía muy utilizada, especialmente por los estudiantes del CUC, y no es justo que esté en estas condiciones"", se lee en uno de los mensajes que se recibieron.
Los vecinos y usuarios de esta ciclovía esperan una pronta respuesta por parte de las autoridades para garantizar que este espacio público se mantenga en condiciones óptimas y seguras para todos."
38,NTR Guadalajara,03/09/2024,"AMG, ya con 15 ciclistas fallecidos",trafilatura,trafilatura,3632,0.27,https://www.ntrguadalajara.com/post.php?id_nota=218828,,"La cifra de ciclistas muertos en el Área Metropolitana de Guadalajara (AMG) asciende ya a 15 en 2024, con lo que está a dos de alcanzar los 17 decesos ocurridos en 2023.
La noche del lunes se registró la muerte número 15 en el Circuito Metropolitano Vicente Fernández al cruce con Valle de los Guamuchiles, en Tlajomulco de Zúñiga. Fue por atropellamiento.
El causante fue el conductor de una camioneta pick-up color negro que iba a exceso de velocidad y huyó de la escena.
Consultado al respecto, el vocero del colectivo Bicicleta Blanca, Yeriel Salcedo Torres, mencionó que en la ciudad hace falta instalar señalamientos e inhibidores para regular las altas velocidades en vialidades, factor en la última muerte de un ciclista.
""En esas vialidades es donde se pide infraestructura separada por el tema de ir muchos vehículos a altas velocidades, pero también creo que tenemos que abordar el pacificar o hacer que las personas que manejan regulen su velocidad"", afirmó.
El activista aclaró que todas las muertes de ciclistas registradas este año han sido por atropellamiento y que la velocidad ha sido una característica principal.
""Hasta ahorita todos los siniestros viales de los que tenemos registro han sido atropellados, donde la velocidad es uno de los factores que han estado incidiendo"", afirmó.
Ante el escenario descrito, Salcedo Torres consideró que la Policía Vial debe salir más a las calles a regular la circulación de los vehículos, implementar radares contra altas velocidades y aplicar multas significativas a conductores que infrinjan la ley.
15 peatones fallecieron en agosto por siniestros viales
Durante el mes de agosto la organización Pasos Blancos documentó 15 atropellamientos de personas peatonas en la ciudad que derivaron en el fallecimiento de las víctimas. Con ello el mes pasado fue el peor en lo que va del año en cuanto a fatalidades de este tipo.
""Estamos preocupados porque vemos un aumento de las cifras de las personas fallecidas con respecto al año anterior al mes de agosto sólo en el Área Metropolitana de Guadalajara. Refleja la falta de una política y agenda pública que esté enfocada en salvaguardar la vida de las personas"", mencionó Adonais Lee, representante de la organización.
En entrevista, dijo que las muertes son multifactoriales, pero la velocidad está presente casi en todas. Por ejemplo, el 86 por ciento de los decesos se dio en avenidas donde se permite circular a más de 50 kilómetros por hora.
""Falta una regulación de la velocidad en el Área Metropolitana de Guadalajara y tiene que ir acompañada de infraestructura y vigilancia, no basta con colocar la señal de restricción de velocidad. Hoy en día uno de los actores ausentes en la ciudad es la Policía Vial y hay cierta libertad para los conductores"".
Pasos Blancos detalló que el 23 por ciento de las muertes de agosto fue provocada por siniestros viales que tuvieron a un camión del transporte público como protagonista, lo que según Lee es muestra de que aún hay deficiencias en la vigilancia de los conductores de los camiones por parte de la Secretaría de Transporte (Setran).
Lamentó la actitud de la Setran y el gobierno de Jalisco que con decir que hay menos muertes que en la administración pasada, ya parece ser suficiente para ellos. Esto provoca que el problema no se aborde de manera integral.
""Tratar de minimizar el problema con tal de decir que se está haciendo un buen trabajo no está ayudando para identificar los problemas y que se trabaje sobre ellos. Me ha tocado escuchar al secretario cómo da la responsabilidad a la persona que fue atropellada y eso no abona al tema de la seguridad vial"".
jl/I"
39,Lider 919,27/08/2024,Bici Blanca alerta: la falta de ciclovías en accesos a Guadalajara aumenta muertes de ciclistas en 2024,trafilatura,trafilatura,2566,0.37,https://lider919.com/bici-blanca-alerta-la-falta-de-ciclovias-en-accesos-a-guadalajara-aumenta-muertes-de-ciclistas-en-2024/,,"Por Elizabeth Rivera Avelar
En 2024 han fallecido 14 ciclistas en el Área Metropolitana de Guadalajara (AMG), en todo 2023 ocurrieron 17, de acuerdo con la organización Bici Blanca, la asociación civil sostiene que la ciclovías son una medida eficiente para reducir este índice, el integrante de esta agrupación Sergio Vandick apuntó que la mayoría de las muertes ocurrieron en los ingresos de la ciudad, donde la infraestructura para ciclistas es inexistente.
""Es que no hay ciclovías en toda la ciudad, los ciclistas no solamente se mueven por donde hay infraestructura, de hecho muchos de los accidentes que se están dando cada vez más tienen que ver con entradas carreteras, autopistas urbanas donde evidentemente no existe infraestructura segura. Son importantísimas las ciclovías, de un ancho correcto y en vías principales que conecten puntos de origen y destino, por supuesto que son importantes para garantizar la seguridad de los ciclistas"", expuso.
La organización Bici Blanca enfatizó la importancia de las ciclovías como una medida eficaz para reducir estos accidentes, señala que, aunque la red de ciclovías ha crecido, su expansión aún es insuficiente y no garantiza la seguridad necesaria para los ciclistas.
Sergio Vandick, miembro de Bicicleta Blanca, destacó que factores como el exceso de velocidad, la invasión de ciclovías por parte de vehículos motorizados y la inadecuada aplicación de reglamentos contribuyen a este problema.
Menciona la urgente necesidad de que las autoridades municipales amplíen y mejoren la infraestructura ciclista, señaló el caso como el proyecto inconcluso de la ciclovía en la Avenida Copérnico.
Sergio también subrayó que las ciclovías deben ser de un ancho adecuado y ubicarse en vías principales que conecten los puntos de origen y destino de los ciclistas. Además, llama a una acción más decidida por parte de las autoridades para liberar estas vías de baches y vehículos estacionados de forma indebida.
En cuanto a la regulación de vehículos eléctricos como bicicletas y patinetes, Vandick sostiene que es un tema complejo que requiere una evaluación cuidadosa de cada tipo de vehículo, su velocidad y características para garantizar una convivencia segura en las calles.
La organización bicicleta Blanca ha resaltado que la situación de los siniestros en los que se ven afectados los ciclistas destaca la necesaria colaboración entre organizaciones, ciudadanos y gobiernos para desarrollar políticas efectivas que salvaguarden la vida de quienes eligen la bicicleta como medio de transporte ecológico y seguro."
40,Mural,14/08/2024,Crece uso de MiBici dentro de la Ciudad,trafilatura,trafilatura,310,0.74,https://www.mural.com.mx/crece-uso-de-mibici-dentro-de-la-ciudad/ar2856559,,"COMUNIDAD
03 MIN 00 SEG
Fernanda Carapia
Guadalajara, México (14 agosto 2024) .-05:00 hrs
En el primer semestre del año se realizaron 2 millones 336 mil 201 con MiBici, un aumento de 8.1% respecto al mismo periodo, pero de 2023. Crédito: Archivo Editorial
El uso del sistema de transporte MiBici va en aumento."
41,Meganoticias,10/08/2024,Realizan rodada por ciclista atropellada en Juan Gil Preciado,trafilatura,trafilatura,1957,0.29,https://www.meganoticias.mx/cdmx/noticia/realizan-rodada-por-ciclista-atropellada-en-juan-gil-preciado/541448,,"Movilidad
                                                                    
                                                Por:
                                                                    								Héctor Escamilla
                    							 
                    							
Guadalajara
Fecha: 10-08-2024
                                        Guadalajara
Fecha: 10-08-2024
Integrantes del colectivo Bicicleta Blanca realizaron una manifestación que inició en Casa Jalisco para reclamar justicia por la muerte de Adela Margarita Armenta Quevedo de 32 años, quien fue atropellada y muerta esta semana en el cruce de la avenida Juan Gil Preciado y Arco del Triunfo en Zapopan.
La joven se dirigía a trabajar cuando fue embestida por una camioneta Tornado de color rojo que a decir de testigos se pasó el alto del semáforo. El contingente realizó una rodada que partió de la residencia del ejecutivo, con dirección al punto del accidente y donde se instaló una bicicleta blanca anclada a un poste en homenaje a la víctima.
Los integrantes del colectivo señalaron que lo que va de este año suman 14 ciclistas muertos por accidentes viales, pero que en el caso de Juan Gi Preciado, suman dos víctimas en lo que va de 2024. Demandan que las autoridades realicen las intervenciones necesarias para garantizar la seguridad ciclista:
""Algo que queremos enfatizar en todos los medios es la necesidad de reconfigurar ese espacio, esa avenida. Constantemente han habido muchos siniestros vehiculares, siniestros en los cuales peatones han perdido la vida. Actualmente, hoy estamos por una ciclista que recientemente perdió la vida. Hoy de las cosas que venimos a pelear, a solicitar, es que no más muertes"", expresó Silvina Razo del colectivo Bicicleta Blanca.
Señalaron que ninguna muerte es justificable y menos a consecuencia de un siniestro vial. Familiares de la ciclista muerta señalaron que de momento no han aprehendido al responsable de este accidente."
42,Mural,10/08/2024,"Piden justicia por Adela, ciclista atropellada en Zapopan",trafilatura,trafilatura,349,0.74,https://www.mural.com.mx/piden-justicia-por-adela-ciclista-atropellada-en-zapopan/ar2855137,,"COMUNIDAD
02 MIN 00 SEG
Mariana Quintero
Guadalajara, México (10 agosto 2024) .-19:25 hrs
Una bicicleta blanca fue colocada sobre Avenida Juan Gil Preciado y Arco del Triunfo para honrar la memoria de la jóven ciclista Adela Margarita Armenta Quevedo, quien falleció en ese punto luego de ser atropellada por un vehículo el pasado lunes 5 de agosto."
43,nmas,10/08/2024,Ciclistas Exigen Mejores Condiciones Viales Para Los Usuarios de Bicicleta,trafilatura,trafilatura,345,0.3,https://www.nmas.com.mx/jalisco/sociedad/ciclistas-exigen-mejores-condiciones-viales-para-los-usuarios-bicicleta/,,"Derechos reservados Tritón Comunicaciones, S.A. de C.V., prohibido su uso o reproducción total o parcial.
Sociedad
Ciclistas Exigen Mejores Condiciones Viales Para Los Usuarios de Bicicleta
El colectivo Bicicleta Blanca realizó una rodada en honor a Adela Margarita Armenta Quevedo, una ciclista que perdió la vida este año en un accidente vial."
44,nmas,10/08/2024,Rodada en Zapopan Honra a Ciclista Atropellada; Colocan Bicicleta Blanca en el Lugar,trafilatura,trafilatura,375,0.31,https://www.nmas.com.mx/sociedad/rodada-zapopan-honra-ciclista-atropellada-colocan-bicicleta-blanca-el-lugar/,,"Derechos reservados Tritón Comunicaciones, S.A. de C.V., prohibido su uso o reproducción total o parcial.
Sociedad
Rodada en Zapopan Honra a Ciclista Atropellada; Colocan Bicicleta Blanca en el Lugar
En Zapopan, Jalisco, un colectivo realizó una rodada en honor a Adela Margarita Armenta, ciclista atropellada por una camioneta al intentar cruzar la Avenida Juan Gil Preciado"
45,NTR Guadalajara,05/08/2024,En 2024 ya van más muertes de ciclistas respecto al mismo periodo de 2023,trafilatura,trafilatura,1897,0.22,https://www.ntrguadalajara.com/post.php?id_nota=217568,,"Aún no termina agosto y en 2024 ya van más muertes de ciclistas en Jalisco respecto al mismo periodo del año anterior. Este lunes se añadió un deceso más con una atropellada por la mañana en la colonia Arcos de Zapopan.
Según las estadísticas de Bicicleta Blanca, hasta hoy iban 14 ciclistas fallecidos tras ser atropellados en el estado, mientras que el año pasado, hasta el mismo periodo, se registraban 11.
Yeriel Salcedo Torres, uno de los integrantes de esa organización, aseguró que este año podría rebasarse la cifra de 17 decesos de ciclistas registrada el año pasado, problemática que, además, va al alza desde el 2021.
""Iban 11 y ahorita ya vamos en 14, entonces ya pasamos el número y esperemos que la tendencia se detenga, (eso) o va en aumento y vamos a tener el año otra vez con aumento"", afirmó.
El también académico del Instituto Tecnológico y de Estudios Superiores de Occidente (ITESO), del Programa de Movilidad Urbana Sustentable, abundó que 2020 fue el año con menos muertes de este tipo con 13, pero la incidencia después subió a 15 en 2021; a 16 en 2022, y a 17 en 2023.
Cuestionado sobre las posibles causas de la problemática, indicó que son la falta de infraestructura para ciclistas, sobre todo en la zona periférica, y la velocidad de los conductores.
""Mucho de los siniestros viales que se han dado son en la periferia, entonces falta infraestructura para esas zonas donde se están dando los siniestros viales. También sigue siendo la velocidad uno de los indicadores, una de las causas (de las muertes), las altas velocidades"", afirmó.
La última víctima fue una mujer de 32 años que iba a su trabajo en bici. Murió atropellada sobre Juan Gil Preciado casi esquina con Arco del Triunfo.
Según testigos, una Chevrolet Tornado color tinto se pasó el alto, atropelló a la joven y luego se dio a la huida. El incidente quedó registrado a las 6:50 horas de este lunes.
jl/I"
46,Meganoticias,11/07/2024,"Aumenta infraestructura, pero no crece uso de la bicicleta",trafilatura,trafilatura,3682,0.1,https://www.meganoticias.mx/guadalajara/noticia/aumenta-infraestructura-pero-no-crece-uso-de-la-bicicleta/533626,,"Por:
                                                                    								Héctor Escamilla
                    							 
                    							
Guadalajara
Fecha: 11-07-2024
                                        Guadalajara
Fecha: 11-07-2024
Pese a las políticas públicas para incentivar el uso de la bicicleta en la Zona Metropolitana de Guadalajara, como es la construcción de ciclovías o programas como MiBici Pública, la utilización de este sistema de transporte no permea entre la población.
La Encuesta de Origen - Destino desarrollada por el Instituto Metropolitano de Planeación revela que apenas 1.9% de los viajes diarios en la ciudad se hacen en bicicleta. Otro dato revelador es que apenas uno de cada cuatro hogares en la ciudad cuenta con estas unidades. De hecho, el uso de la bicicleta entre los ciudadanos reporta una reducción, pues en 2021 se realizaban diariamente 2.7% de los viajes en este tipo de transporte.
Sin embargo es importante reconocer que el dato previo data de la pandemia y por las restricciones de movilidad se realizaban un millón 515 mil viajes diarios, mientras que en la normalidad se realizan 11.7 millones de viajes al día. Durante la emergencia sanitaria por el Covid-19 y para evitar las aglomeraciones en el transporte público, mucha gente comenzó a usar las bicis.
Este uso de la bici no va de la mano con la inversión realizada para la movilidad sustentable. Datos del gobierno del Estado expresan que en 2018 había 162 kilómetros de ciclovías, mientras que en 2023 se duplicaron a 339 kilómetros. En el caso del sistema MiBici, el programa se extendió a varias partes de la ciudad y hay un incremento de estaciones. Sin embargo, en cuanto a viajes, al programa le ha costado trabajo recuperarse tras la pandemia del Covid-19.
La encuesta muestran que sólo uno de cada cuatro viviendas en la ciudad cuentan con una bicicleta.
Automovilistas reconocen que dejarían sus vehículos motorizados si hubiera mejor infraestructura ciclista: ""Por supuesto que sí, excelente sería si hubiera una seguridad para los usuarios, por supuesto que lo haría, pero la verdad es que sí deja mucho que desear"", expresó Xóchitl Ramírez, automovilista. Esta idea fue compartida por Julissa García, usuaria de la bici: ""Me encanta andar en bici, creo que es muy bueno para nuestro medio ambiente y lo que falta es fomentarlo más y que estén los mecanismos, por ejemplo más ciclopuertos de MiBici. También más conciencia vial y también más ciclovías"", expresó.
Según los datos de la Encuesta Origen Destino 2023, es Zapotlanejo donde, del total de viajes realizados al día, más se llevan a cabo en bicicleta, con 3.5% del total. Tlaquepaque y Tonalá donde menos viajes la gente realiza en bici, con 1.3% y 1.1% del total de los viajes.
Se destaca que 71.6 por ciento de los viajes en bicicleta los hacen hombres y el rango de edad principal de usuarios es de los 18 a los 34 años de edad. También sobresalió que la mayoría de los viajes ciclistas se realizan en un rango horario de 7:00 a 9:00 de la mañana y tienen una duración promedio de 20 minutos, pero hay casos de viajes en los que se estiman más de 120 minutos en bicicleta.
En el AMG, la zona con el mayor número de viajes producidos en bicicleta es la que corresponde al Centro de Guadalajara. Esta cifra es significativamente superior a cualquier otra área del AMG. Le sigue la zona Constitución - Auditorio, con 13 mil 791 viajes y las zonas Tesistán y Oblatos con 10 mil 100 viajes.
Un dato relevante es que las dos primeras zonas, la Centro Guadalajara y Constitución ? Auditorio, cuentan con ciclovías y sistema de bicicleta pública MiBici, lo que implicaría atracción de usuarios."
47,El Informador,08/07/2024,Prefieren ciclovía de Federalismo por segura,trafilatura,trafilatura,14431,0.76,https://www.informador.mx/jalisco/Movilidad-Prefieren-ciclovia-de-Federalismo-por-segura-20240708-0021.html,,"Prefieren ciclovía de Federalismo por segura
Tras un sondeo con pedalistas, coinciden en que la ruta no es invadida por los motociclistas ni por los automovilistas
Pedalistas prefieren la ciclovía de Federalismo, ya que circulan con más seguridad. Piden a los Ayuntamientos ampliarla. EL INFORMADOR/ H. Figueroa
En la ciudad se han incrementado las ciclovías durante la actual administración estatal y suman 339 kilómetros de infraestructura adaptada para los pedalistas, según el portal de indicadores Mide Jalisco. Hay 28 ciclovías en la metrópoli. Para los pedalistas, la más segura es la de Federalismo, entre Circunvalación y Washington, principalmente porque no es invadida por motociclistas o automóviles.
""Vas por la banqueta y no te arriesgas tanto. Por ejemplo, en las ciclovías que están en las calles se meten las motos y te puede salir cualquiera. En esta de Federalismo no se suben tan fácil"", comentó Alejandro Macías, usuario de las ciclovías de Federalismo y ívila Camacho.
Datos de la Encuesta de Hábitos y Percepción Ciclista señalan que la ruta de Federalismo es la que más se utiliza por parte de la ciudadanía, seguida por las ubicadas en vialidades como Revolución, Paseo Alcalde y Avenida México.
Un sondeo en la página de esta casa editorial revela que, de dos mil 092 participantes, 53% votó por la ciclorruta de Federalismo por las condiciones antes expuestas, desplazando a las ciclovías de ívila Camacho, Busbici y Santa Margarita.
""La ruta de Santa Margarita se construyó en medio del camellón y es segura, pero es una zona periférica y no es tan utilizada. En cambio, la ciclovía de Federalismo tiene una alta demanda por estar céntrica"", refirió Carlos García.
Quienes prefieren la de ívila Camacho se debe a que está a nivel de calle, comentó Alexis Baeza: ""De alguna u otra manera, los autos van al mismo ritmo que uno, pero siempre la invaden motos y autos. Y cuando dan vuelta a la izquierda siempre hay riesgo"".
Joel Zúñiga, director de la consultoría en movilidad urbana EPS Vial, afirmó que organismos internacionales están a favor de las ciclovías a nivel de calle porque forman parte de la infraestructura vehicular y no peatonal.
""La más adecuada es la que va a nivel de calle, donde el ciclista es parte de la infraestructura vial y no de la infraestructura peatonal"".
Hay quienes prefieren las ciclorrutas que están en carriles exclusivos, como la Avenida Hidalgo, acentuó Salvador Espinoza: ""El carril es exclusivo y la señalización está bien identificada, a diferencia de otras zonas que no las respetan"".
Para Andrés Padilla, la ciclovía de Santa Margarita es la más segura: ""Es más amplia, no tenemos riesgo de que nos peguen por un lado"". Coincide en que le falta interconexión para aumentar la afluencia de pedalistas.
Muertes de pedalistas van al alza, pese a más ciclovías
El pasado 24 de junio, un ciclista de 60 años de edad falleció durante la madrugada mientras circulaba rumbo a su trabajo sobre la Carretera a Chapala, a la altura del fraccionamiento Puerta del Sol, en el municipio de Ixtlahuacán de los Membrillos. El hombre era velador de una empresa cercana al punto y al sitio llegaron familiares para reconocerlo.
Las muertes de ciclistas en la Zona Metropolitana siguen sin freno durante 2024. El caso anterior se convirtió en la víctima número 13 tratándose de usuarios fallecidos, por lo que la cifra se acerca a la registrada durante el año anterior que fue de 17 personas que murieron debido a algún accidente de tránsito.
Esto continúa pese a que sigue creciendo la infraestructura para ciclistas en toda la ciudad, por ejemplo, de 2022 a 2023 hubo 19 kilómetros más de ciclovías según reportó la plataforma MIDE Jalisco, entre ellas, la de Javier Mina, con una extensión de más de siete kilómetros; para este año, la meta establecida es de 384, cifra aún lejana.
Joel Zúñiga, director de la consultoría en movilidad urbana EPS Vial, opinó que se debe trabajar para que haya más infraestructura ciclista segura para usuarios y que ellos mejoren sus hábitos al circular por las vías, por ejemplo, cumpliendo con medidas de seguridad para tratar de disminuir riesgos.
""Sí falta mejorar estos factores en la seguridad como es más infraestructura ciclista adecuada que proteja a todos los usuarios de la vía; que tengan estos cambios de hábito que muchas veces inciden en esta inseguridad y en esta fatalidad. Desde el hábito de usar casco, respetar las normas de vialidad, el circular por donde se debe circular, por ejemplo estar atento, anticipar maniobras, utilizar señales de mano, nos podrían ayudar a bajar estos índices"".
Para Esmeralda Velázquez García, fundadora de la Red Internacional Pentagobernanza para el Territorio Sostenible, los ciclistas que circulan en ciclovías lo hacen de forma insegura y sin el total de garantías para su tránsito correcto: ""Algo que se ha notado es la invasión que las ciclovías están teniendo por parte de los motociclistas que, como tienen el espacio para que puedan transitar por ahí, en realidad lo hacen y genera problemas muy fuertes y fatales"".
Por ello, coincidió en que debe reforzarse la cultura vial entre todas las partes involucradas, tanto peatones, ciclistas, así como quienes circulan en otros sistemas de transporte para evitar riesgos para la población.
Aumento de vías es la opción
- Los ganadores de las elecciones del pasado 2 de junio para presidencias municipales metropolitanas o para la gubernatura plantearon algunas propuestas en sus campañas en materia de ciclovías.
- Por ejemplo, el gobernador electo de Jalisco, Pablo Lemus, resaltó que se deberán construir ciclovías como parte de su programa de obra pública y en materia de movilidad, al señalar que se requiere transformar sitios abandonados para convertirlos en espacios públicos que impulsen el desarrollo social.
- Verónica Delgadillo, ganadora de la contienda por la alcaldía de Guadalajara, no planteó la construcción de alguna ciclovía nueva; sin embargo, insistió en que se dará seguimiento al mantenimiento de la infraestructura ciclista.
- Juan José Frangie, alcalde electo de Zapopan y quien repetirá en el cargo, no mencionó si buscará la ampliación de infraestructura ciclista, aunque durante los últimos meses de su encargo comenzó la renovación de un tramo de la ciclovía de avenida Santa Margarita. Además, en su primer periodo de Gobierno, hubo renovación de varios kilómetros de ciclovías en vialidades del municipio.
- Sergio Chávez, alcalde electo de Tonalá, planteó a colectivos de ciclistas la extensión del andador Guardianes de la Reina hasta la Central Camionera, con el fin de que tenga una ciclovía para que cuente con más seguridad al transitar y un espacio para una actividad recreativa.
- Propuso también que buscará la incorporación del municipio al programa de MiBici, lo cual podría propiciar que haya más ciclovías en el municipio tonalteca.
Voz del experto
 Esmeralda Velázquez García, fundadora de la Red Internacional Pentagobernanza para el Territorio Sostenible
ímsterdam, con el mejor modelo
Para Esmeralda Velázquez García, fundadora de la Red Internacional Pentagobernanza para el Territorio Sostenible, hay una ciudad fuera de México que pone el ejemplo en cuanto a las ciclovías como infraestructura vial y es ímsterdam, en Países Bajos.
La especialista en la materia reconoció la modernidad de la infraestructura ciclista en aquella ciudad europea como ejemplo para otras partes del mundo, es el caso de Guadalajara.
""El que tengo ahorita en mente es ímsterdam. Bajo la estación principal existe uno de los pasos que son más modernos para ciclistas y peatones también. Tiene toda una infraestructura que genera cierta protección y seguridad para el ciclista porque son los más modernos, seguros e inclusivos"".
Entre los puntos que destacó en la infraestructura de aquella ciudad está el puente Hovenring, el cual consideró que presenta una infraestructura innovadora: Hovenring es un puente elevado, colgante con forma de rotonda, exclusivo para bicicletas y peatones, aunque también pueden verse motocicletas en él. Cuenta con una extensión de 72 metros de diámetro y un pilar de 70 metros de altura al cual se amarran los 24 cables de acero que sostienen la estructura de mil toneladas de acero.
La especialista puso de ejemplo lo que hay en aquel país en cuanto a ciclovías, señalando que en el caso de Guadalajara se debe avanzar para dejar de lado el automóvil, ante el incremento que ha tenido el parque vehicular en la metrópoli.
""Las ciudades están colapsadas con tantos automóviles y necesitamos otra forma de poder transitar la ciudad. La bici es uno de los modelos más importantes, que puede generar salud; en lo económico es más accesible y también en el tema de contaminación. Hay muchos beneficios para apostarle al uso de la bici, pero seguimos pensando que la movilidad es una inversión en particular"".
Utiliza con seguridad las ciclovías
1. Usa casco: Protege tu cabeza con un casco adecuado y bien ajustado.
 2. Respeta las señales: Sigue las normas de tráfico y respeta los semáforos y señales viales.
 3. Mantente visible: Usa ropa reflectante y luces en tu bicicleta, especialmente en condiciones de baja visibilidad.
 4. Señala tus movimientos: Indica con anticipación tus giros y cambios de dirección con señales de mano.
 5. Evita distracciones: Mantén la atención en el camino y evita el uso de auriculares o dispositivos móviles mientras pedaleas.
Las rutas más seguras para pedalistas
Las ciclovías de las avenidas Federalismo y Manuel ívila Camacho son las más seguras de la Zona Metropolitana de Guadalajara (ZMG), según comentaron usuarios de las mismas.
""La verdad son muy tranquilas, a nosotros nos gustan mucho, son cómodas, seguras y tranquilas. Hay algunos tramos que son más seguros que otros, claro, pero en general te diría que un 70% es seguro. Nada más que con las lluvias hay escombros, piedras, lodo y ramas de árboles, pero eso es normal por la temporada"", indicó Felipe Díaz, quien predominantemente utiliza la de ívila Camacho.
De acuerdo con información de la Agencia Metropolitana de Infraestructura para la Movilidad, hasta 2023, último año del que se tiene registro, en la ZMG las ciclovías ascienden a 339.21 kilómetros. La meta para 2024, según el propio organismo, es 384.28 kilómetros.
""Sí es segura, es la que más uso y la que más me gusta [ívila Camacho], porque me queda cerca de mi casa. Sólo pediría a los carros y sobre todo a las motos que respeten, por ahí no se pueden meter"", señaló Laura Gallardo.
En este punto coincidieron diversos usuarios consultados, quienes aseguraron que pese a las indicaciones de personal de vialidad y a los señalamientos en las calles, automovilistas y motociclistas no respetan las ciclovías. ""Quizá habría que poner más vigilancia o más señalamientos o algo porque las motos siempre se pasan por aquí aunque no se puede. Luego he visto que hay gente que les dice que no se pueden meter y no les hacen caso y se van. Sólo te diría que eso falta, porque de ahí en fuera se me hace muy segura y cómoda"", comentó Rosa Méndez.
La multa económica por invadir ciclovías en la ZMG va de los 10 a 30 Unidades de Medidas y Actualización (UMA), que es alrededor de entre mil 086 a tres mil 257 pesos. Sin embargo, de acuerdo con información de la Policía Vial del Estado, hasta el 29 de febrero apenas se habían abierto 208 folios a conductores y motociclistas por invadir estos carriles exclusivos para bicicleta.
Con todo, los usuarios consultados consideran que las ciclovías de Federalismo y Manuel ívila Camacho son las más seguras y las que más recomiendan de la ZMG.
""A mí se me hace muy bien, tranquila, segura y cómoda. Hay seguridad en los semáforos y a veces hay personal que te ayuda y les indican a los carros por dónde irse, sobre todo los domingos"", refirió Juan Pablo Tolentino.
""Para mí las dos son las mejores (Federalismo y Manuel ívila Camacho). Son las que más utilizo porque son las más cómodas y seguras. A mi parecer están bien esas dos"", dijo María Cristina Guevara, usuaria de las ciclovías.
Telón de fondo
Crece extensión
Durante la actual administración estatal, ya se duplicó el número de kilómetros de ciclovías registradas respecto al periodo anterior, al pasar de 162.58 kilómetros a 339.21 al cierre de 2023, según lo reportado por la plataforma MIDE Jalisco.
El crecimiento es exponencial pues incluso desde antes, desde 2015, había apenas 35 kilómetros de ciclovía en toda la ciudad y posteriormente fueron inauguradas algunas como la de Federalismo, Santa Margarita, avenida México, López Cotilla, Niños Héroes, Guadalupe, sobre el Periférico, entre otras.
Pese a ello, expertos coincidieron en que hace falta mayor infraestructura ciclista en la metrópoli y que apenas representa una parte mínima en comparación con el tamaño de las vialidades, consideró Joel Zúñiga Gosálvez, director de la consultoría en movilidad urbana EPS Vial.
""Hace muchísima falta más, es una infraestructura que ya no podemos dejarla como opcional, las ciclovías deben ser un componente dentro de nuestra movilidad cotidiana. Por explicarte la dimensión: en el AMG tenemos 5 mil km de vialidades, pero solamente hay alrededor de 120 kilómetros de carriles compartidos y esto nos habla de que está escasa la infraestructura ciclista en relación a todo el activo de vialidades que tenemos"".
Esmeralda Velázquez García, fundadora de la Red Internacional Pentagobernanza para el Territorio Sostenible, señaló que se debe enfocar la construcción de más infraestructura ciclista hacia el oriente:
""Esto ha sido un buen avance, pero creo que es muy tibio. Se requiere voluntad política para generar una infraestructura suficiente que conecte y que llegue a los sitios donde se necesita. Ahorita es muy tardado y se ha hecho infraestructura más del lado del poniente de la ciudad de Guadalajara y creo que la infraestructura debería ir del lado del oriente. Sí se requiere beneficiar esos lados de la ciudad como el oriente"".
Ambos también opinaron que debe haber una mejor cultura vial para todas las personas involucradas.
CT
Lee También
Recibe las últimas noticias en tu e-mail
Todo lo que necesitas saber para comenzar tu día
Registrarse implica aceptar los Términos y Condiciones"
49,El Occidental,06/07/2024,Lluvias afectan ciclovía de 8 de julio; usuarios exigen limpieza,trafilatura,trafilatura,1498,0.77,https://oem.com.mx/eloccidental/local/lluvias-afectan-ciclovia-de-8-de-julio-usuarios-exigen-limpieza-13166014,,"Localsábado, 6 de julio de 2024
Usuarios denuncian que la ciclovía está cubierta de tierra y escombro
LOCAL
El ejercicio se realizará el viernes 18 de septiembre en toda la Red Universitaria; simulará un sismo de magnitud 7.7 con epicentro en Tehuacán, Puebla
Las restricciones comenzarán desde las 10:00 horas y se recomienda utilizar Federalismo, Calzada Independencia, Revolución, Niños Héroes y La Paz
El titular del SIAPA, Ismael Jáuregui reconoció la importancia del sector hotelero para la economía del estado al realizar inversiones y crear fuentes de empleo
Le encontraron el dispositivo oculto entre sus prendas de vestir
El presidente de la AMHM, detalló que ellos tiene que pagar los servicios con tarifas comerciales y los inmuebles colocados en las plataformas tienen tarifas domésticas que son mucho más baratas
Estiman que al centro de Guadalajara asistirán 92 mil personas
La víctima fue una mujer de 66 años, residente de Cocula; durante la última semana se sumaron 10 casos, por lo que Jalisco alcanzó un acumulado de 163 personas enfermas de dengue.
En el estado hay alrededor de 270 mil estudiantes de educación media superior y superior que reciben una Beca para el Bienestar
Aunque la entidad recibe apenas 38% de los fármacos, el gobierno estatal asegura que mantiene un abasto de 95% mediante compras e inversión propia
La Secretaría de Salud estatal atribuyó la contención de contagios a las acciones de control epidemiológico y vacunación entre población local y migrante"
50,Canal 44,24/06/2024,"Con rodada al desnudo, exigen respeto para los ciclistas",trafilatura,trafilatura,221,0.75,https://www.youtube.com/watch?v=QUJ4m8KUj4U&t=36s,,"Acerca de
Prensa
Derechos de autor
Comunicarte con nosotros
Creadores
Anunciar
Desarrolladores
Condiciones
Privacidad
Políticas y seguridad
Cómo funciona YouTube
Prueba funciones nuevas
NFL Sunday Ticket
© 2026 Google LLC"
51,El Occidental,22/06/2024,¡Sin ropa! Pedalean al desnudo para exigir respeto y más información vial,trafilatura,trafilatura,1479,0.46,https://oem.com.mx/eloccidental/local/rodada-al-desnudo-pedalean-para-exigir-respeto-y-mas-informacion-vial-13157679,,"Localsábado, 22 de junio de 2024
Hace 13 años se empezó con las rodadas al desnudo
LOCAL
El ejercicio se realizará el viernes 18 de septiembre en toda la Red Universitaria; simulará un sismo de magnitud 7.7 con epicentro en Tehuacán, Puebla
Las restricciones comenzarán desde las 10:00 horas y se recomienda utilizar Federalismo, Calzada Independencia, Revolución, Niños Héroes y La Paz
El titular del SIAPA, Ismael Jáuregui reconoció la importancia del sector hotelero para la economía del estado al realizar inversiones y crear fuentes de empleo
Le encontraron el dispositivo oculto entre sus prendas de vestir
El presidente de la AMHM, detalló que ellos tiene que pagar los servicios con tarifas comerciales y los inmuebles colocados en las plataformas tienen tarifas domésticas que son mucho más baratas
Estiman que al centro de Guadalajara asistirán 92 mil personas
La víctima fue una mujer de 66 años, residente de Cocula; durante la última semana se sumaron 10 casos, por lo que Jalisco alcanzó un acumulado de 163 personas enfermas de dengue.
En el estado hay alrededor de 270 mil estudiantes de educación media superior y superior que reciben una Beca para el Bienestar
Aunque la entidad recibe apenas 38% de los fármacos, el gobierno estatal asegura que mantiene un abasto de 95% mediante compras e inversión propia
La Secretaría de Salud estatal atribuyó la contención de contagios a las acciones de control epidemiológico y vacunación entre población local y migrante"
52,El Informador,21/06/2024,Por Rodada al Desnudo habrá cierres viales este sábado,trafilatura,trafilatura,1519,0.57,https://www.informador.mx/jalisco/Por-Rodada-al-Desnudo-habra-cierres-viales-este-sabado-20240621-0046.html,,"Por Rodada al Desnudo habrá cierres viales este sábado
La ruta comenzará a las 18:00 horas, irá del Centro hacia Casa Jalisco y de retorno
Será la decimotercera edición de la Rodada al Desnudo en Guadalajara. EL INFORMADOR/Archivo
La World Naked Bike Ride 2024, iniciativa para visibilizar la fragilidad de quienes circulan en bicicleta y hacer consciencia de ello entre los automovilistas, tendrá lugar en Guadalajara este sábado 22 de junio.
Para esta decimotercera edición de la Rodada al Desnudo en la ciudad se espera la participación de aproximadamente 2 mil personas, que se congregarán en la explanada entre en avenida Juárez y la calle Pedro Moreno a partir de las 17:00 horas para, una hora después, recorrer juntos unos 25 kilómetros.
La ruta irá del centro a la glorieta Minerva por avenida Juárez; después tomarán Golfo de Cortés, Aztecas y Manuel Acuña hasta Casa Jalisco.
Tras una parada en la residencia del gobernador de Jalisco volverán al centro de la ciudad por López Mateos, Circunvalación, Enrique Díaz de León, ívila Camacho, Alcalde, Maestros, calzada Independencia, Sierra Madre, Belisario Domínguez, Revolución, Ramón Corona y Juárez.
La Policía Vial coordinará cierres y reapertura de calles conforme avance el contingente, para lo que ha pedido la comprensión y cooperación de automovilistas y peatones.
Lee También
Recibe las últimas noticias en tu e-mail
Todo lo que necesitas saber para comenzar tu día
Registrarse implica aceptar los Términos y Condiciones"
53,Mural,17/06/2024,Rodarán al desnudo en GDL este 22 de junio,trafilatura,trafilatura,438,0.77,https://www.mural.com.mx/rodaran-al-desnudo-en-gdl-este-22-de-junio/ar2826050?v=2,,"CULTURA
02 MIN 30 SEG
Rebeca Pérez Vega
Guadalajara, México (17 junio 2024) .-05:00 hrs
Ediciones anteriores de la World Naked Bike Ride Guadalajara (WNBRGDL). Crédito: Ismael Ramírez
Visibilizar y hacer conciencia sobre la vulnerabilidad a la que están expuestos peatones y ciclistas en una ciudad pensada para el automóvil, es uno de los objetivos de la World Naked Bike Ride Guadalajara (WNBRGDL), que este año llegará a su 13 edición."
55,Página 24 Jalisco,10/06/2024,"""La Ciclovía de la Guadalupe Sólo Desquicia el Tránsito de Vehículos""",trafilatura,trafilatura,2231,0.84,https://pagina24jalisco.com.mx/2024/06/10/local/la-ciclovia-de-la-guadalupe-solo-desquicia-el-transito-de-vehiculos/,,"Sigue la Queja de Vecinos
*Impensable Dejar el Carro y Comenzar a Utilizar Bicicleta Algunos Días
Por Rafael Hernández Guízar
La ciclovía de la avenida Guadalupe de Zapopan, constituye un grave problema para la movilidad motorizada, muy pocas bicicletas pasan por este carril confinado.
Y es que la problemática se vive desde hace dos administraciones, cuando Pablo Lemus Navarro fue presidente municipal se instaló, luego, Juan José Frangie se comprometió con los vecinos a poner la permanencia de dicha ciclovía a consulta pública, y no lo hizo, por lo cual hoy el tráfico se ha desquiciado.
""Es algo que siempre le vamos a estar reclamando a este presidente municipal, no me explico cómo fue que ganó las elecciones otra vez, y no me explico como a pesar de que el tráfico es tan abrumador siguen sin poner solución, aquí a las horas pico no se puede ni pasar, y es un problema enorme que afecta a todos, menos a los que van en la bicicleta que, como se puede dar cuenta, pues no son muchos"", dijo uno de los vecinos entrevistados.
""Solamente esta avenida cruza el periférico, la otra opción es Mariano Otero, está bastante lejos, y la otra es avenida Vallarta, no hay más, entonces, aquí tenemos el problema de que son miles de carros y camiones lo que tienen que pasar diario, y como no hay otra opción, pues nos tenemos que aguantar, entonces sí deberían de prestar atención a esto que es bastante importante.
""Sólo esta avenida cruza el periférico, la otra opción es Mariano Otero, pero está bastante lejos, y la otra es avenida Vallarta, no hay más, entonces, aquí tenemos el problema de qué son miles de carros y camiones lo que tienen que pasar diario, y como no hay otra opción, pues nos tenemos que aguantar, entonces sí deberían de prestar atención a esto que es bastante importante"".
Vecinos y comerciantes de la zona habían solicitado al ayuntamiento de Zapopan que se tomara en consideración el trazo que se tenía dentro de los planes del municipio, que se instalará la ciclovía sobre la servidumbre de la avenida Guadalupe, la cual en algunos casos es hasta de 15 metros, pero que ilegalmente ha sido tomada por particulares, y sobre todo por plazas comerciales y negocios establecidos para poner estacionamientos."
56,Nmas,08/06/2024,Un Motociclista Alcoholizado Invadió el Carril Exclusivo de Bicicletas y Chocó,trafilatura,trafilatura,298,0.32,https://www.nmas.com.mx/jalisco/seguridad/accidentes/un-motociclista-alcoholizado-invadio-carril-exclusivo-bicicletas-choco/,,"Derechos reservados Tritón Comunicaciones, S.A. de C.V., prohibido su uso o reproducción total o parcial.
Accidentes
Un Motociclista Alcoholizado Invadió el Carril Exclusivo de Bicicletas y Chocó
Motociclista invade la ciclovía de avenida Patria Oriente, en Tlaquepaque, y termina gravemente herido"
57,NTR Guadalajara,05/06/2024,Ignora 44% multas por obstruir ciclovías,trafilatura,trafilatura,2293,0.4,https://www.ntrguadalajara.com/post.php?id_nota=214878,,"El 44.2 por ciento de las personas sancionadas en el Área Metropolitana de Guadalajara (AMG) por obstruir una ciclovía, ya sea por estacionar su vehículo sobre ella o circular en automóvil o motocicleta, ha decidido ignorar el pago de la multa.
NTR publicó el 27 de mayo que las multas por obstruir las ciclovías en la ciudad van en aumento, según datos de la Comisaría de Seguridad Vial.
El problema es que estas multas han sido ignoradas por el 44.2 por ciento de las personas sancionadas, según datos entregados por la Secretaría de la Hacienda Pública (SHP) mediante un recurso de revisión interpuesto ante el Instituto de Transparencia, Información Pública y Protección de Datos Personales del Estado de Jalisco (Itei) por NTR Guadalajara.
Entre 2019 y abril de 2024 –en el periodo se omiten datos de 2020, pues la SHP no entregó información de ese año– se generaron 5 mil 561 folios de parte de la Comisaría de Seguridad Vial por obstrucción de ciclovías. De este total, sólo fueron pagados 3 mil 102, según la SHP.
En 2019 se generaron 771 multas y sólo 383 terminaron en pago; en 2021 fueron 708 sanciones y 621 pagos; en 2022, mil 167 multas y 816 pagos; en 2023, mil 636 sanciones de las que 877 fueron pagadas, y en 2024, hasta abril, mil 279 con 405 folios pagados.
Aún con la omisión en el pago de 44 de cada 100 sancionados y los descuentos que gracias a la Ley de Movilidad, Seguridad Vial y Transporte pueden tener quienes obstruyen ciclovías, la SHP logró recaudar entre 2019 y febrero de 2024 un total de 5.85 millones de pesos por este tipo de multas, la cuales van desde los 2 mil 171.4 a 6 mil 514.2 pesos.
Al respecto, el coordinador del Observatorio Ciudadano de Movilidad y Transporte de Jalisco, Yeriel Salcedo Torres, dijo a NTR que ese dinero debería invertirse en infraestructura ciclista y acciones enfocadas a la seguridad vial. El planteamiento, añadió, ya lo ha hecho el organismo al gobierno del estado, pero éste siempre le ha respondido que ese dinero se ejercerá mediante el fondo verde para acciones relacionadas a la movilidad sustentable.
EL DATO:
- 5 mil 561 folios por obstrucción de ciclovías se generaron entre 2019 y abril de 2024 (en el periodo se omiten datos de 2020, pues la SHP no entregó información de ese año)
- 3 mil 102 fueron pagados
jl/I"
58,NTR Guadalajara,28/05/2024,"Al alza, multas por invadir las ciclovías",trafilatura,trafilatura,4471,0.21,https://www.ntrguadalajara.com/post.php?id_nota=214483,,"A partir de 2023 aumentó en la ciudad la cantidad de multas impuestas por elementos de la Comisaría de Seguridad Vial a las personas que se estacionan o circulan sobre ciclovías haciendo uso de automóviles o motocicletas.
Según datos entregados vía transparencia por la comisaría a NTR, en 2019 se impusieron 771 multas por infracciones al artículo 183 bis de la descontinuada Ley de Movilidad y Transporte del Estado de Jalisco, el cual sanciona por ""circular o estacionarse sobre ciclovías"".
En 2023, cuando en la entidad ya estaba vigente la nueva Ley de Movilidad, Seguridad Vial y Transporte del Estado de Jalisco, las sanciones por los mismos motivos ascendieron a mil 636.
En 2024, hasta abril, la imposición de sanciones por las mismas causas sigue la tendencia del año pasado, pues hasta entonces ya sumaban 514 sanciones por ""conducir un vehículo de motor en ciclovías, zonas peatonales, jardines, plazas y pistas para uso exclusivo de peatones, a no ser que cuente con la autorización respectiva de la autoridad competente para circular por dichas zonas"".
Pero también 765 por ""circular o estacionarse en los lugares específicamente destinados al estacionamiento de bicicletas, aun cuando se trate de personas conductoras de motocicletas"", es decir, por ambas infracciones ya iban mil 279 hasta el cuarto mes del año, casi el doble que en todo 2019.
Las cifras de la Policía Vial también indican que en 2020 la cifra total de multas por invadir vías ciclistas se redujo a 634, pero en 2021 creció a 708, y en 2022, a 971 sanciones basadas en la antigua ley de movilidad y 196 con la nueva. Así, el total de sanciones por este concepto del sexenio es de 6 mil 195 hasta abril.
Tanto la ley pasada como la vigente establecen que la multa por el mal uso de ciclovías es de 20 a 60 unidades de medida y actualización (UMA), es decir, este año va de los 2 mil 171.4 pesos a 6 mil 514.2; sin embargo, en ambas legislaciones se establecieron descuentos conmutables por acudir a cursos de sensibilización sobre los derechos de las personas ciclistas: en la ya derogada la rebaja era de 50 por ciento si se asistía y en la actual es de 60 por ciento.
Para conocer cuánto se ha recaudado por sanciones por obstruir o circular en ciclovías, NTR consultó al gobierno del estado vía transparencia y la Secretaría de la Hacienda Pública (SHP) contestó que entre enero de 2019 y febrero de 2024 recaudó 5.85 millones de pesos (mdp).
Según el coordinador del Observatorio Ciudadano de Movilidad y Transporte de Jalisco, Yeriel Salcedo Torres, ese dinero debería invertirse en infraestructura ciclista y acciones enfocadas a la seguridad vial, planteamiento que el organismo ha realizado ya al gobierno del estado; sin embargo, la respuesta siempre ha sido que se operaría a través del llamado fondo verde para acciones relacionadas a la movilidad sustentable, pero el problema, lamentó, es que no hay transparencia en el uso de dicha bolsa.
NUEVA LEY ES CLAVE: OBSERVATORIO
Para Salcedo Torres, la creación e implementación de la nueva ley de movilidad ha sido clave para sancionar el mal uso de ciclovías, ya que las infracciones se especifican más a detalle.
En entrevista, precisó que desde 2023 el observatorio ha sido muy insistente en incrementar los operativos y, aunque su percepción es que cada vez se nota menos presencia de la Policía Vial en las calles, el aumento de las sanciones podría ser un indicador de que la petición está siendo atendida.
Las sanciones, apuntó, ayudan a mostrar a la población que no utiliza las ciclovías de forma correcta que eso puede tener consecuencias económicas, por lo que llamó a seguir con el reforzamiento de la vigilancia.
La importancia de no obstruir las ciclovías y no circular sobre ellas si no es mediante una bicicleta radica en que dicha infraestructura fue creada para resguardar la integridad de las personas ciclistas, las cuales ponen en riesgo su vida cuando se ven obligadas a rodear por la presencia de un vehículo o un motociclista, añadió.
Finalmente, pidió a las autoridades que, además de las sanciones, también haya campañas de socialización en las que se explique qué son y para qué sirven las ciclovías; se instale más señalética, y se busque sensibilizar a automovilistas y motociclistas.
En lo que va del sexenio van casi 6 mil 200 multas
- 2019 771
- 2020 634
- 2021 708
- 2022 1,167*
- 2023 1,636
- 2024 1,279**
- Total 6,195
*971 se impusieron bajo la antigua ley y 196 con la nueva
**Hasta abril
jl/I"
59,NTR Guadalajara,28/05/2024,Carente información vial sobre el uso de las ciclovías,trafilatura,trafilatura,1741,0.21,https://www.ntrguadalajara.com/post.php?id_nota=214502,,"Antes de multar por invadir las ciclovías se debe emprender una campaña de concientización sobre el uso de esta infraestructura en la Zona Metropolitana de Guadalajara, consideró Yeriel Salcedo, coordinador del Observatorio Ciudadano de Movilidad.
Aclaró que el invadir las ciclovías aunque sea por un minuto pone en riesgo a los ciclistas y peatones, ya que al estar obstruida la vialidad, los ciclistas optan por bajar a los carriles de los vehículos o subirse a la banqueta.
Insistió que el gobierno debe realizar campañas de monitoreo, pero también de difusión para que se respete el derecho de los ciclistas, también reconoció que algunos ciclistas desconocen las reglas viales.
""Lo primero antes de llegar a las multas es hacer mucha difusión, llevar información a la gente, que conozca que puede hacer y que no, que implicaciones tiene lo que no se debe de hacer como poner en riesgo a las personas que andan en bici o las personas que van caminando"".
Yeriel Salcedo consideró que el principal problema es la gran cantidad de automóviles que existen en la ciudad, los espacios de estacionamiento comienzan a agotarse, además de que culturalmente están acostumbrados a dejar sus vehículos sobre los carriles derechos, pese a que existan líneas amarillas o bajo la premisa de sólo ocupar el espacio por un minutito.
Reconoció que las dinámicas de algunas ciclovías han cambiado en los últimos 10 años, recordó que este tipo de problemas era común en la ciclovía de Federalismo, pero con trípticos y operativos cambió el paradigma vial en la zona.
También, Yeriel Salcedo, coordinador del Observatorio de Movilidad, criticó al gobierno de Jalisco por negarse a proporcionar a detalle en qué se está gastando el dinero del fondo verde.
EH"
61,Lider 919,15/05/2024,Ciclistas hacen rodada hasta Casa Jalisco piden mayor visibilidad y seguridad,trafilatura,trafilatura,818,0.47,https://lider919.com/ciclistas-hacen-rodada-hasta-casa-jalisco-piden-mayor-visibilidad-y-seguridad/,,"Alrededor de 500 ciclistas se postraron al exterior de Casa Jalisco durante minutos la noche de este miércoles, exigiendo mayores condiciones de visibilidad y buenas ciclovías.
Todos pertenecientes al menos a 55 grupos de ciclistas de diferentes municipios como Guadalajara, Tlaquepaque, Tonalá, Zapopan, entre otros, esto es lo que comentó Samuel.
«Ciclovías en buen estado pedimos a las mismas autoridades correspondientes que nos tiene a ver porque ayudamos a reducir el tráfico y reducir la contaminación la negligencia de los automovilistas la velocidad y la falta de preparación Vial queremos pedir también que se puedan hacer exámenes para que los chicos de menores edades realmente estén capacitados No nada más darles la licencia»
Y es que refieren que en este año han ocurrido bastantes decesos de ciclistas."
63,Pagína 24 Jalisco,13/05/2024,Señalan Caos Vehicular por Obras,trafilatura,trafilatura,1515,0.65,https://pagina24jalisco.com.mx/2024/05/13/local/senalan-caos-vehicular-por-obras/,,"Ampliación de Banquetas en Avenida Copérnico
Por Rafael Hernández Guízar
Un enorme caos vial se ocasiona a diario debido a la reducción de carriles sobre la avenida Copérnico, en la colonia Paseos del Sol, de Zapopan.
Lo habían advertido los vecinos con la instalación de la ciclovía, pero en el Ayuntamiento de Zapopan se negaron a escucharlos, incluso la problemática ahora es también por el ensanchamiento de las banquetas que, dicen, ha empezado a ocasionar accidentes.
""Aquí el problema es que quedan muy ancha las banquetas, aquí en la glorieta pusieron unas como jardineras grandes y es fácil chocar"", dijo una de las vecinas entrevistadas por este reportero.
""Nadie usa el espacio de ciclovía, y la verdad es que muy poca gente lo va a usar, porque aquí lo que se necesitaba es que arreglaran las calles bien para que la gente pudiera pasar en el carro, en el camión, no en la bicicleta, porque casi no hay ciclistas por aquí, entonces no nos quisieron escuchar, aquí están las consecuencias, por eso vamos a votar en contra del presidente (Juan José Frangie), ni de locos lo queremos otra vez, para que queremos a alguien que no nos toma en cuenta"", aseguró la mujer.
Nosotros fuimos testigos de la problemática que se ocasiona debido a que, de tres carriles de circulación quedaron sólo dos, uno de los cuales es utilizado por el transporte público, pero también por algunas personas aún para estacionar los carros, es decir, que en algunos tramos queda sólo un carril para que pasen miles de automotores."
65,Mural,22/04/2024,No respetan ciclovía en Esteban Loera,trafilatura,trafilatura,464,0.73,https://www.mural.com.mx/no-respetan-ciclovia-en-esteban-loera/ar2794898,,"No respetan ciclovía en Esteban Loera
01 MIN 00 SEG
Fernanda Carapia
Guadalajara, México (22 abril 2024) .-05:00 hrs
Esta camioneta estuvo un buen rato sobre el trazo, en la esquina con General Pedro María Anaya. Crédito: Maricarmen Galindo
Algunos usuarios también la utilizan en sentido contrario. Crédito: Maricarmen Galindo
Aunque está marcada, la ciclovía de la Calle Esteban Loera no es respetada ni por automovilistas ni por los propios usuarios de la bici."
67,NTR Guadalajara,19/04/2024,Recrimina colectivo muerte de 10 ciclistas en siniestros viales,trafilatura,trafilatura,1857,0.62,https://www.ntrguadalajara.com/post.php?id_nota=212779,,"El colectivo Bici Blanca recriminó la falta de atención a la situación de inseguridad vial que existe en la ciudad, pues al día de hoy ya cobró la vida de 10 ciclistas.
La agrupación lamentó que 2024 registra un crecimiento en las muertes de ciclistas en siniestros viales en la ciudad con respecto a años anteriores, pues en tan sólo cuatro meses suma 10 casos, mientras que en 2023 hubo 17 en todo el año.
""10 ciclistas muertos en lo que va de 2024 por la velocidad de los vehículos motorizados y la falta de infraestructura en accesos carreteros y en las periferias, causando riesgo y muerte para los más vulnerables"", describió la organización.
Ante los decesos, el colectivo lanzó una serie de exigencias tanto a las autoridades actuales como a las personas candidatas. Entre ellas están generar más inversión en infraestructura segura; actualizar los estudios y análisis de los planes de movilidad no motorizada; mejorar la infraestructura ya construida; crear e implementar protocolos de actuación ante siniestros viales; reforzar proyectos de educación vial, y crear un fondo blindado para la atención a víctimas.
""La velocidad de los vehículos motorizados y la falta de infraestructura (ciclovías y cruces seguros) siguen siendo un factor de riesgo y muerte. Tenemos derecho a rodar seguras/os, a movernos en bicicleta y los municipios, así como el gobierno de Jalisco deben garantizar este derecho"".
Si bien el colectivo reconoció que ha crecido la infraestructura ciclista en la ciudad, apuntó que está focalizada en el Centro y deja de lado a la periferia, donde mayor riesgo hay.
Diez personas han fallecidas en menos de 4 meses.
En el año 2023 fallecieron 17 personas que viajaban en bicicleta por la ciudad, en este 2024 en menos de 4 meses ya han fallecido 10 personas atropelladas en diversas situaciones, pic.twitter.com/8CGMtEjCk5
EH-jl/I"
68,El Informador,18/04/2024,Suman 10 muertes de ciclistas en lo que va del 2024 en el AMG,trafilatura,trafilatura,2112,0.52,https://www.informador.mx/jalisco/Seguridad-en-Jalisco-Suman-10-muertes-de-ciclistas-en-lo-que-va-del-2024-en-el-AMG-20240417-0152.html,,"Suman 10 muertes de ciclistas en lo que va del 2024 en el AMG
Al menos 10 personas ciclistas han fallecido en los primeros cuatro meses de este 2024, un aumento significativo en comparación con las 17 de todo el 2023
Del total de las personas ciclistas fallecidas tres murieron tras ser atropelladas por alguna unidad del Transporte Público. EL INFORMADOR/ A. Navarro.
Al menos 10 personas ciclistas han fallecido en lo que va de este 2024 en el írea Metropolitana de Guadalajara (AMG), de acuerdo con datos del colectivo ciclista ""Bicicleta Blanca"".
La víctima más reciente fue un hombre entre 50 a 55 años, quien fue embestido por un vehículo que tras el atropellamiento se dio a la huida, dejando en el sitio su placa delantera.
Los hechos sucedieron anoche en el cruce de Belisario Domínguez, a pocos metros de la Glorieta Los Pinos de la colonia Santa Isabel, en Guadalajara.
Yeriel Salcedo, integrante del colectivo ""Bicicleta Blanca"", el cual desde hace 15 años documenta las muertes de personas ciclistas en la ciudad, lamentó que la cifra sea tan alta cuando solo van cuatro meses transcurridos en el año, y cuando en todo 2023 fueron 17.
Explicó, lo que se busca y lo cual debería privilegiar la autoridad, es generar medidas de seguridad e infraestructura vial para las personas ciclistas, con la finalidad de llegar a tener cero muertes de este sector de la movilidad, sin embargo, la cifra representa que, por mes, están muriendo entre dos y tres ciclistas en promedio.
Del total de las personas ciclistas fallecidas tres murieron tras ser atropelladas por alguna unidad del Transporte Público, una por el atropellamiento de un taxi, dos a consecuencia de transportes de carga y el resto por vehículos particulares.
En lo que va de la actual administración estatal han fallecido 91 personas ciclistas, y suman al menos 325 muertes desde 2009, cuando se comenzó el conteo, de acuerdo con las estadísticas de Bicicleta Blanca.
NA
Lee También
Recibe las últimas noticias en tu e-mail
Todo lo que necesitas saber para comenzar tu día
Registrarse implica aceptar los Términos y Condiciones"
69,Meganoticias,18/04/2024,Protestan ciclistas en Casa Jalisco por alza de accidentes,trafilatura,trafilatura,2489,0.45,https://www.meganoticias.mx/guadalajara/noticia/protestan-ciclistas-en-casa-jalisco-por-alza-de-accidentes/512490,,"Movilidad
                                                                    
                                                Por:
                                                                    								Héctor Escamilla
                    							 
                    							
Guadalajara
Fecha: 18-04-2024
                                        Guadalajara
Fecha: 18-04-2024
Un grupo conformado por alrededor de 400 ciclistas se manifestó anoche de manera sorpresiva en las puertas de Casa Jalisco, para demandar mejores condiciones de seguridad, luego de dos accidentes viales ocurridos en esta última semana que elevaron a 10 la cifra de ciclistas muertos en la zona metropolitana de Guadalajara.
Los manifestantes forman parte de la llamada Rodada Nocturna que anoche partió de la Rectoría de la Universidad de Guadalajara y enfiló a la residencia del Ejecutivo. Cerca de las 11:30 de la noche llegaron a la avenida Manuel Acuña. Fue tan sorpresiva la protesta que no había vallas protegiendo Casa Jalisco e incluso dejaron estacionada una camioneta Suburban blanca en el pórtico de la residencia del Ejecutivo.
Los ciclistas se apostaron al exterior del inmueble y algunos colocaron pancartas en la camioneta, mientras que otros colocaron un tablero en un árbol del camellón frente a Casa Jalisco con la cifra de ciclistas fallecidos. El tablero mencionaba nueve decesos, pero reconocieron que con otro fallecido el martes por la noche, ya sumaban una decena en 2024. En 2023 fueron 17 en total.
""Rodemos libres, sabiendo que somos parte de la ciudad, sabiendo que buscamos ciudades para todas y todos, pero también con esa carga ciudadana que sabemos que mucho de lo que pasa en las calles nosotros también somos parte de ello"" expresó una de las manifestantes de la protesta.
En Casa Jalisco había pocos elementos policiacos custodiando a pesar de la gran cantidad de ciclistas en el sitio. Tras permanecer 20 minutos en el día el contingente enfiló hacia Enrique Díaz de León y Ávila Camacho, donde el domingo murió un ciclista luego de chocar contra la puerta de un carro y después de caer, fue arrollado por una camioneta. La movilización concluyó de forma pacífica en la Glorieta de La Normal.
??Al grito de ""somos ciclistas, no delincuentes"", un colectivo de 300 ciclistas se manifestaron la noche del miércoles afuera de Casa Jalisco. Demandan mayor seguridad vial tras la muerte de dos ciclistas en los últimos días??
?https://t.co/9jOQ3Ez1iO pic.twitter.com/cW9W2Dtjnx"
70,Notisistema,18/04/2024,Ciclistas se manifiestan en Casa Jalisco,trafilatura,trafilatura,1140,0.36,https://www.notisistema.com/noticias/ciclistas-se-manifiestan-en-casa-jalisco/,,"En protesta por la reciente muerte de dos ciclistas en diferentes hechos esta semana, un grupo de 400 ciclistas se manifestó anoche de manera sorpresiva afuera de Casa Jalisco para demandar al Gobierno del Estado mejores condiciones de seguridad en su tránsito diario.
El contingente partió de la Rectoría de la UdeG hacia Casa Jalisco y ahí colocaron cartulinas en una camioneta que dejaron estacionada frente a la residencia del Ejecutivo.
Fue tan sorpresiva la movilización que esta vez no había vallas en Casa Jalisco.
El grupo colocó un tablero frente al inmueble con la cifra de víctimas ciclistas este año, 10 en total.
Habla una integrante de Bicicleta Blanca.
""Rodemos libres, sabiendo que somos parte de la ciudad, sabiendo que buscamos ciudades para todas y todos, pero también con esa carga ciudadana que sabemos que mucho de lo que pasa en las calles nosotros también somos parte de ello"".
Tras la protesta el contingente enfiló hacia avenida Enrique Díaz de León y Ávila Camacho, donde murió un ciclista el domingo por la mañana y entonces se desplazaron a La Normal, donde se dio fin al evento. (Por Héctor Escamilla Ramírez)"
72,Mural,11/04/2024,Buscan que más mujeres usen Mi Bici,trafilatura,trafilatura,537,0.74,https://www.mural.com.mx/buscan-que-mas-mujeres-usen-mi-bici/ar2788560,,"COMUNIDAD
01 MIN 30 SEG
Violeta Meléndez
Guadalajara, México (11 abril 2024) .-18:09 hrs
Debido a que dos terceras partes de los usuarios de Mi Bici son hombres, buscan que más mujeres utilicen este medio de transporte. Crédito: Archivo
Debido a que dos terceras partes de los usuarios de Mi Bici son hombres, la Agencia Metropolitana de Infraestructura para la Movilidad (AMIM) y el Imeplan buscan que más mujeres utilicen este medio de transporte, mediante una estrategia que plantearán en la nueva versión del Plan Maestro de Mi Bici."
73,El Informador,05/04/2024,Ciclovías ponen en riesgo a pasajeros,trafilatura,trafilatura,5021,0.53,https://www.informador.mx/jalisco/Vialidad-Ciclovias-ponen-en-riesgo-a-pasajeros-20240405-0022.html,,"Ciclovías ponen en riesgo a pasajeros
En la de Ávila Camacho, los que buscan abordar una unidad del transporte público tienen que ""torear"" a los ciclistas
De acuerdo con especialistas y ciudadanos, las fallas en el diseño de la ciclovía de ívila Camacho provocan que a diario las personas tengan que estar atentas a los ciclistas que pasan para evitar ser atropelladas. EL NFORMADOR/H. Figueroa
Por alcanzar el camión, Christian llegó corriendo a la parada. Cuando estaba por subir a la unidad, un ciclista se estrelló contra él. Ambos sufrieron lesiones.
Este hecho en el cual se pone en riesgo a los pasajeros no es aislado. Es recurrente que los usuarios del transporte público tengan que ""torear"" a los ciclistas cuando se disponen a abordar un autobús en diferentes puntos de la Zona Metropolitana de Guadalajara (ZMG).
Un ejemplo de esto se observa diariamente en avenida ívila Camacho, a la altura de plaza Patria.
En este punto la ciclovía atraviesa el área de abordaje y descenso de pasajeros. Sin embargo, no hay ninguna clase de adecuación o señalética preventiva que evite accidentes en esta zona que fue remozada como parte del proyecto que integraron las obras de la Línea 3 del Tren Ligero.
""Sí es un riesgo estar esperando el autobús, porque luego viene una bicicleta, a veces hasta una moto y es peligroso para nosotros"", dijo Christian.
""Corren riesgo tanto ellos como nosotros. Tenemos que esquivarlos para evitar un accidente, debería haber algún semáforo o algo para prevenir esto, porque cuando el de la bici viene con velocidad puede pasar algo grave. Cuando bajas del camión no alcanzas a ver"", comentó Juan.
De acuerdo con Yeriel Salcedo, miembro del Observatorio Ciudadano de Movilidad y Transporte de Jalisco, hace falta mejorar el diseño de la infraestructura vial de las ciclovías en los paraderos, así como mejorar la difusión de cultura vial para los ciclistas.
""Ese tipo de diseño está mal, no debería ser así, lo que se pide es que sea un paradero con una isleta a nivel del machuelo, como en avenida La Paz, donde la gente no tiene que bajar de la banqueta, porque esto de entrada lo hace inaccesible para gente usuaria de silla de ruedas que va a tomar el camión y los expone a los ciclistas"", explicó Salcedo, quien también es encargado del Programa de Movilidad Sustentable del Instituto Tecnológico y de Estudios Superiores de Occidente (ITESO) y participa en el grupo GDL en Bici.
En avenida La Paz hay rampas que obligan a los ciclistas a reducir la velocidad para prevenir accidentes con peatones.
Salcedo añadió que las ciclovías deberían tener vibradores para invitar a los ciclistas a que disminuyan la velocidad, así como señalética que les avise que la zona es preferencial para los peatones.
""Va por el diseño de la infraestructura, hay que buscar el mejor para este tipo de espacios y tratar de minimizar la dificultad de accesibilidad de las personas al transporte público. Hay otros diseños donde la ciclovía se va por detrás de las bancas del paradero del camión"", agregó.
Diversos colectivos, así como el Observatorio de Movilidad, han insistido a las autoridades municipales de la metrópoli que refuercen la difusión de cultura vial para los ciclistas, pues pocos conocen el Manual de Ciclismo Urbano Metropolitano que se puso en marcha desde la administración de Aristóteles Sandoval Díaz.
""Nos falta mucho en invertir, en educar y sensibilizar a los ciclistas. El año pasado se hizo una nueva edición del Manual del Ciclista, pero sólo imprimieron 500 ejemplares. No se ha logrado una difusión profunda que pueda permear"".
Los Gobiernos de Guadalajara y Zapopan crearon el programa Luchadores Viales, que pretende promover las responsabilidades y derechos de los ciclistas. Y tiene la plataforma Mapa Ciclista con información necesaria para pedalear con seguridad, además de la Biciescuela gratuita.
El número de fallecimientos por atropellamientos en Jalisco ha ido en aumento en los últimos años. En 2023 fueron 147, así como 127 en 2022, según el Consejo Estatal para la Prevención de Accidentes en Jalisco.
El Reglamento de la Ley de Movilidad, Seguridad Vial y Transporte del Estado, que entró en vigor el año pasado, no establece sanciones para ciclistas que van en sentido contrario, o los que circulan por las banquetas, poniendo en peligro a los peatones. Ni considera castigos para los que no usan casco o no respetan la luz roja de los semáforos (deben hacerlo como cualquier otro vehículo).
El uso correcto de este vehículo es clave, por ejemplo, para los que forman parte del sistema de MiBici Pública, que opera en la metrópoli desde el 2014.
En el contrato que se incluye en el sitio de internet se especifica que un usuario no podrá gozar del Seguro de Gastos Médicos luego de un accidente si utilizó de forma inadecuada una unidad.
Lee También
Recibe las últimas noticias en tu e-mail
Todo lo que necesitas saber para comenzar tu día
Registrarse implica aceptar los Términos y Condiciones"
74,El Occidental,04/04/2024,MiBici: Bicicletas a un bajo costo; aquí te decimos cómo funciona,trafilatura,trafilatura,291,0.63,https://oem.com.mx/eloccidental/local/mibici-bicicletas-a-un-bajo-costo-aqui-te-decimos-como-funciona-13169112,,"MiBici: Bicicletas a un bajo costo; aquí te decimos cómo funciona
Este programa te permite usar bicicletas para tus traslados
Localjueves, 4 de abril de 2024
LOCAL
Le encontraron el dispositivo oculto entre sus prendas de vestir
Estiman que al centro de Guadalajara asistirán 92 mil personas"
75,El Occidental,03/04/2024,Ciclovías en Guadalajara: Dónde se ubican y cómo usarlas,trafilatura,trafilatura,1521,0.51,https://oem.com.mx/eloccidental/tendencias/ciclovias-en-guadalajara-donde-se-ubican-y-como-usarlas-13148144,,"Tendenciasmiércoles, 3 de abril de 2024
Si sueles usar la bicicleta, esta información es para ti
TENDENCIAS
Esta tendencia ha abierto nuevas oportunidades para los fabricantes mexicanos, que compiten en un mercado con una amplia variedad de materiales
El choque generacional y las estructuras empresarialestradicionales marcan el camino de las mujeres líderes
Todo lo que necesitas saber para disfrutar las Fiestas de Octubre 2026: cartelera, precios, accesos y hasta premios
Regalarán 25 mil tortas en el Paseo Alcalde, a unos pasos de la Catedral
María Vargas y Mariana Macías compartieron en Guadalajara sus experiencias dentro de los certámenes de belleza y los retos que enfrentaron para llegar al podio nacional
El diseño con el que la anfitriona de ""La Casa de los Famosos México"" sorprendió en la gala de eliminación fue un vestido de plumas confeccionado por el diseñador mexicano Iván Ávalos
A través de una carta, Carlos III recuerda que los duques de Sussex fueron quienes eligieron ""respeto por su independencia financiera y la protección de su intimidad y así continuará""
La abogada, esposa del actor George Clooney, está poniendo de cabeza a la prensa internacional y a las redes sociales en su paso por la alfombra roja de la 83 edición del Festival de Cine de Venecia
El creador de contenido saltó a la fama en redes sociales tras participar en distintos proyectos de la presentadora Martha Debayle
El cantante Jay de la Cueva lleva la conversación sobre sexualidad y protección al escenario de la música"
76,NTR Guadalajara,19/03/2024,Van 6 ciclistas muertos tras atropellamientos,trafilatura,trafilatura,845,0.28,https://www.ntrguadalajara.com/post.php?id_nota=211402,,"En lo que va de 2024, seis ciclistas han muerto víctimas de atropellamiento en la Zona Metropolitana de Guadalajara (ZMG), según cifras de Bicicleta Blanca, colectivo que visibiliza las muertes para hacer conciencia de la vulnerabilidad de quienes se mueven en bici.
La última muerte de este tipo ocurrió sobre Periférico, a la altura de la avenida López Mateos, en la colonia El Briseño de Zapopan. La víctima fue un hombre de aproximadamente 30 años que terminó desmembrado luego de que un vehículo de carga pesada lo proyectara por varios metros.
El primer ciclista fallecido del año murió el 5 de enero. Tenía alrededor de 30 años y fue arrollado por un vehículo sobre Camino La Piedrera, en Tlajomulco de Zúñiga.
De hecho, ese municipio ocupa el primer sitio por más muertes de ciclistas en 2024, pues tres de los casos ocurrieron ahí.
jl/I"
78,NTR Guadalajara,14/03/2024,Acusan tala ilegal en av. Copérnico; Zapopan desestima señalamiento,trafilatura,trafilatura,1673,0.29,https://www.ntrguadalajara.com/post.php?id_nota=211251,,"Luego de que la Unión de Vecinos de Paseos del Sol denunciara que personal del gobierno de Zapopan taló árboles por las obras del proyecto Calle Completa en avenida Copérnico, lo que calificó como un ""ecocidio"", el gobierno municipal desestimó los señalamientos.
""No es un ecocidio, se sembrarán más árboles adecuados para el entorno. Este proyecto ganó un concurso, tiene criterios técnicos y avalados. Los beneficios para la ciudadanía serán de suma importancia para traslados más incluyentes"", precisó el área de Cercanía Ciudadana mediante un mensaje vía redes sociales.
El concurso al que refiere el Municipio es Mejores Calles MX, organizado por el Instituto de Políticas para el Transporte y el Desarrollo en colaboración con Cemex y Autodesk, y en el cual resultó ganador Calle Completa.
Por su parte, las y los vecinos han señalado que en ningún momento solicitaron la obra en Copérnico y, en cuanto a la tala de los árboles, indicaron que el personal del Municipio en ningún momento mostró los permisos para realizarlas. Los ejemplares cortados estaban en el camellón central.
A la denuncia de la tala se suma un plantón que las y los vecinos mantienen desde el martes durante el día para evitar el incumplimiento a acuerdos tomados desde enero luego de las reuniones de representantes de diversas direcciones del ayuntamiento y el estado con las personas inconformes y grupos de colectivas y colectivos que defienden el derecho a la ciudad, la movilidad y la seguridad vial.
En esos acuerdos se desestimó la construcción de un parque lineal en avenida Copérnico y se acordó la construcción de la ciclovía, parte del proyecto que generó más inconformidad.
jl-jl/I"
79,UDGTV,13/03/2024,"Por ciclovía, vecinos de Paseos del Sol realizan plantón permanente",trafilatura,trafilatura,2312,0.39,https://udgtv.com/noticias/por-ciclovia-vecinos-de-paseos-del-sol-realizan-planton/217084,,"Guadalajara, Jalisco.
Habitantes de la colonia Paseos del Sol en Zapopan mantienen un plantón indefinido en la Avenida Copérnico por el incumplimiento del alcalde con licencia Juan José Frangie al continuar con la construcción del parque lineal.
Y la reducción de 4 a 2 carriles que incluyen una ciclovía por ambos sentidos cuando se les había confirmado que la calle quedaría con 3 vías de circulación.
- Yoselin Rangel una de las mujeres que se mantienen en el plantón indica que el último informe que tuvieron por parte del director de obras públicas de Zapopan fue que la glorieta de la avenida Copérnico también serán reducida a dos carriles lo cual les traerá problemas de tráfico severo.
""Hace dos días nos dicen los mismos encargados de la obra que ya no va a haber parque lineal y metimos un escrito y no sé si fue a causa de eso que comprobamos que realmente no era seguro para nadie estar aquí.
Entonces nos dicen que se va a quedar el mismo ancho de banqueta y pues no respeta que es de cuatro carriles y nos quieren dejar a dos carriles en la última junta que hablamos con Jáuregui nos dijo que era para que no hubiera tanto carro y la mayoría estuviéramos en bicicleta"".
Los vecinos comentan que la ampliación del camellón central se realiza de la glorieta de Copérnico hacia Felipe Ruvalcaba mientras que de la glorieta a Mariano Otero sí se respetarán los carriles, al respecto opinan que se forma un cuello de botella y que esto complicará aún más el tráfico de la zona.
""Claro y no se dan cuenta que la glorieta es súper transitada y que hemos comprobado que aunque el director dice que sólo se meten dos carros al mismo tiempo nosotros mandamos videos donde se ve que cada carril tiene su porqué ya que el tercer carril se utiliza para ir saliendo.
Pero no hemos tenido respuesta entonces no hay por qué reducir los carriles...
Aquí en Paseos del Sol nunca habíamos tenido problemas pero se da esto y se autoriza que se haga por parte de la mesa directiva que aprobó que se hiciera eso"".
- El proyecto de la ciclovía en la avenida Copérnico de la colonia Paseos del Sol inició en el mes de noviembre del 2023 y se detuvo por la oposición de vecinos al no ser socializado, hoy piden a las autoridades atenderlos ya que no están de acuerdo en que se reduzcan de cuatro a dos carriles la arteria."
81,Mural,22/02/2024,Sí habrá parque lineal en Paseos del Sol,trafilatura,trafilatura,325,0.75,https://www.mural.com.mx/si-habra-parque-lineal-en-paseos-del-sol/ar2761374,,"COMUNIDAD
01 MIN 30 SEG
Maggie Urzúa
Guadalajara, México (22 febrero 2024) .-05:00 hrs
El Gobierno de Zapopan reanudó la obra de la ciclovía con todo y parque lineal en el camellón. Crédito: Ismael Ramírez
En la Avenida Copérnico-Enrique Ladrón de Guevara continuará la construcción de un parque lineal, pero sólo por tramos."
82,Notisistema,21/02/2024,Parque lineal en Enrique Ladrón de Guevara se construirá sólo en tramos,trafilatura,trafilatura,762,0.18,https://www.notisistema.com/noticias/parque-lineal-en-enrique-ladron-de-guevara-se-construira-solo-en-tramos/,,"El Ayuntamiento de Zapopan emitió un posicionamiento ante la inconformidad de vecinos de Paseos del Sol por las obras que se construyen en la avenida Enrique Ladrón de Guevara y afirman que tras las reuniones con vecinos se acordó que el tramo donde no habrá parque lineal será del Templo del Señor de la Salud hasta la glorieta de Felipe Zetter.
Se advierte que el acuerdo es que el segundo tramo de la glorieta a Felipe Ruvalcaba se construya de acuerdo al proyecto original que ganó un concurso nacional de espacio público y movilidad sustentable. El proyecto incluye en efecto el parque lineal.
El ayuntamiento señaló que estos si fueron acuerdos con los que se llegaron con vecinos en las reuniones de trabajo que se tuvieron. (Por Héctor Escamilla Ramírez)"
83,NTR Guadalajara,21/02/2024,No habrá parque lineal en Copérnico: Zapopan,trafilatura,trafilatura,1850,0.29,https://www.ntrguadalajara.com/post.php?id_nota=210271,,"Luego de que vecinos de la colonia Paseos del Sol, en Zapopan, señalaran el lunes que en avenida Copérnico se pretende construir un parque lineal pese a que se había acordado con ellos que no sería así, el gobierno de Zapopan afirmó que éste no se llevará a cabo.
Tampoco habrá reducción en los cuatro carriles de la avenida como parte del proyecto Calle Completa.
""Se mantiene la decisión de suspender la construcción del parque lineal en el primer tramo de la obra con base en los acuerdos generados por parte del gobierno municipal, en conjunto con las y los vecinos de la zona y los colectivos ciclistas, a fin de evitar la reducción de carriles"", dio a conocer el Municipio.
El ayuntamiento precisó que dicha obra comprende dos etapas que tuvieron modificaciones en varios puntos tras diversas reuniones y mesas de trabajo con las partes a favor y en contra de Calle Completa. La obra generó oposición, principalmente, por considerar la construcción de una ciclovía.
El Municipio detalló que la primera etapa comprende desde la Primaria 989 hasta la glorieta deFelipe Zetter, en donde se realizará la construcción de banquetas con accesibilidad universal, estacionamiento oficializado de un carril, cruceros seguros y construcción de una ciclovía segregada.
El segundo tramo de la obra, que abarca de la misma glorieta a la calle Felipe Ruvalcaba/Volcán Quinceo, se intervendrá conforme al proyecto original de Calle Completa, el cual contempla todos los modelos de movilidad segura para personas peatonas, automovilistas y ciclistas.
""Es importante precisar que dichas decisiones no fueron unilaterales, pues se lograron gracias al trabajo en equipo entre el gobierno y la ciudadanía, con el único objetivo de beneficiar a todas y todos los usuarios de la avenida, garantizando su seguridad y la fluidez del tráfico en la zona"", agregó.
GR-jl/I"
84,Lider 919,20/02/2024,"Se quejan usuarios de Mi Bici; denuncian mal servicio durante el festival ""GDLuz""",trafilatura,trafilatura,1525,0.54,https://lider919.com/se-quejan-usuarios-de-mi-bici-denuncian-mal-servicio-durante-el-festival-gdluz/,,"El servicio de bicicleta pública Mi Bici fue muy malo durante el desarrollo del festival «GDLuz». Los ciclopuertos ubicados cerca de la cruz de plazas del centro de Guadalajara, se inhabilitaron durante 6 días de esta actividad, lo que provocó que los ciclopuertos aledaños se saturaron sin que los responsables efectuarán una buena tarea de balanceo de las bicis, se quejaron Carlos Ochoa y Perla Medina.
""Pues sí, está mal porque es la zona centro y es donde hay más para dejar las bicis. Sí, pues no hay personal que los mueva para poder anclar las bicicletas"", indicó Carlos Ochoa.
""No avisaron para nada, pues nada está mal porque uno trae sus tiempos programados y llega y de repente no y ve incluso en las aplicaciones y llegas y tampoco, aunque dice que hay lugar, a veces no hay lugar Sí, está como medio gacho eso, la verdad Sí, no, está fatal, o sea, eso desde ayer en la noche, era para que hoy temprano, a primera hora ya funcionara Entonces, pues sí, sí tienen, pues todavía hay que mejorar ahí"", expresó Perla Medina.
Además este martes los ciclopuertos en cuestión continuaron cerrados este martes, pese ya que no hubo actividades del festival.
Entre los ciclopuertos que estaban en servicio y saturados de bicicletas están los siguientes: el de Belén y San Felipe, el de Venustiano Carranza y Morelos, y González Ortega, Paseo Alcalde y Prisciliano Sánchez y el de Corona y Juárez.
Los usuarios del sistema se quejaron de que no se haya difundido de forma oportuna y suficiente de la suspensión del servicio."
85,Notisistema,20/02/2024,Parque lineal en Paseos del Sol no será imposición: alcaldesa,trafilatura,trafilatura,843,0.11,https://www.notisistema.com/noticias/parque-lineal-en-paseos-del-sol-no-sera-imposicion-alcaldesa/,,"Ante las inconformidades de vecinos por la construcción de un parque lineal en un tramo de la avenida Enrique Ladrón de Guevara, la alcaldesa interina de Zapopan, Isaura Amador, afirmó que se establecerá diálogo con los vecinos y que se respetarán todos los acuerdos a los que se había llegado con ellos a principios de enero cuando comenzaron las obras.
""Nosotros estamos en toda, toda la disposición de seguir las conversaciones, de trabajar de la mano de ellos y de ellas, del modo que pósalos atender a todas las personas que están a favor del parque lineal, quienes no están a favor"".
Señaló que no habrá una imposición en la zona, sino que el proyecto se terminará de determinar a partir del diálogo con los vecinos. Pidió a los inconformes no caer en versiones que aseguró sólo pretenden generar polémica. (Por Héctor Escamilla Ramírez)"
86,NTR Guadalajara,19/02/2024,Vecinos de Paseos del Sol protestan contra parque lineal en Copérnico,trafilatura,trafilatura,2223,0.21,https://www.ntrguadalajara.com/post.php?id_nota=210150,,"La Unión de Vecinos de Paseos del Sol se manifestó este lunes para señalar que el gobierno de Zapopan rompió el acuerdo alcanzado con ellos mediante el cual se comprometió a descartar la construcción de un parque lineal en la avenida Copérnico como parte del proyecto Calle Completa, el cual también considera una ciclovía para la vialidad.
Durante la movilización, realizada esta mañana, las y los vecinos apuntaron que en las reuniones que se mantuvieron en enero con el alcalde Juan José Frangie Saade, funcionarios municipales, la diputada Mónica Magaña Mendoza y colectivos que defienden el derecho a la ciudad, la movilidad y la seguridad vial, se acordó quitar el parque lineal de los planes originales; sin embargo, afirmaron que en días atrás se reanudó su construcción
""Frangie llegó a un acuerdo, lamentablemente no hay nada por escrito, (pero) resulta que en una reunión de la semana pasada con Jáuregui (Ismael Jáuregui, director de Obras Públicas e Infraestructura de Zapopan) cambian las cosas y dice que sí va a haber parque lineal, que sí se va a intervenir en la glorieta, que no estaba contemplado, entonces están faltando a los acuerdos y es por eso que nos estamos manifestando"", expresó Alfredo Quiroz, representante vecinal.
Y agregó: ""No sabemos quién es el responsable, si Jáuregui no sigue las instrucciones de Frangie o si la presidenta interina Ana Isaura Amador está cambiando el acuerdo, de todas maneras, de todo el esfuerzo que tuvimos y de que cedimos a la ciclovía, de todas maneras esta obra está fuera de norma, no hicieron los trámites que deberían y seguimos afectados por esta situación"".
Luis Juárez, quién también es habitante del lugar, agregó que la colocación de la ciclovía ha afectado a los negocios de la zona.
""Ahora se están tardando más de un mes y medio en terminar el proyecto, no dejan entrar a los estacionamientos y nos bajan las ventas, la gente no se detiene, habrá mayor tráfico y por lo mismo hay menos ventas"", expresó.
Las y los vecinos agregaron que en ningún momento se ha realizado una socialización del proyecto ni se ha solicitado la opinión de quienes habitan en la zona, por lo que continuarán con la exigencia de que se respete el acuerdo previo.
GR-jl/I"
87,Mural,19/02/2024,Paran vecinos parque lineal; denuncian incumplimiento,trafilatura,trafilatura,883,0.76,https://www.mural.com.mx/paran-vecinos-parque-lineal-denuncian-incumplimiento/ar2759809?v=2,,"Paran vecinos parque lineal; denuncian incumplimiento
02 MIN 30 SEG
Violeta Meléndez
Guadalajara, México (19 febrero 2024) .-12:26 hrs
Vecinos de Paseos del Sol se manifestaron en contra de la construcción del parque lineal que pretende el gobierno de Zapopan en Avenida Felipe Zetter. Crédito: Ismael Ramírez
El motivo por el que se oponen a la obra es por que implicaría la reducción de cuatro carriles. Crédito: Ismael Ramírez
Tal es el caso de la ciclovía y la ampliación de banqueta. Crédito: Ismael Ramírez
Luego de que Ayuntamiento de Zapopan incumplió el acuerdo de no construir un parque lineal en Avenida Felipe Zetter, al que había llegado con vecinos de Paseos del Sol; inconformes se presentaron este lunes a la zona de obra para increpar a funcionarios municipales quienes se comprometieron, de nueva cuenta, a no avanzar en el parque hasta redefinir un proyecto final."
88,Pagína 24 Jalisco,19/02/2024,"Piden ""Liberar"" Ciclovía de Malecón",trafilatura,trafilatura,2584,0.78,https://pagina24jalisco.com.mx/2024/02/19/local/piden-liberar-ciclovia-de-malecon/,,"Además ""Presenta Deterioro que Debe ser Atendido""
Legisladora de Morena Solicita a los Ayuntamientos de Guadalajara y Tonalá a Resolver el Conflicto de Obstrucción
Por Elizabeth Ríos Chavarría
Con la finalidad de que no se vulnere el derecho a la movilidad de ciclistas que se ven afectados bloqueos, el Congreso de Jalisco llamó a las autoridades de Guadalajara y Tonalá a resolver el conflicto de obstrucción que perdura en la ciclovía de la avenida Malecón.
La diputada local de Morena, Ángela Gómez Ponce, presentó este llamado hace poco más de un mes, luego de advertir cómo es que un tramo de la ciclovía en mención aparece constantemente obstruida con basura acumulada o lavacoches, lo que imposibilita el tránsito de forma libre y segura a ciclistas del lugar.
""En la revisión de datos ofrecidos, así como en publicaciones noticiosas, tenemos que en la parte de la ciclovía en Guadalajara se encuentra basura acumulada, la cual obstruye parte de la ciclovía. Por otro lado, las personas que se dedican a lavar coches sobre la avenida impiden el uso debido de la vía, ya que mantienen sus herramientas de trabajo sobre la misma"", se puede leer en el acuerdo legislativo aprobado.
Tal como lo mencionó en su momento, en el documento recordó que en el lado de Tonalá, en la ciclovía se ve también mucha basura que llega a rebasar incluso los diez centímetros de alto, ya que entre los residuos varios es común encontrar escombro o hasta muebles viejos, sin que hasta el momento exista autoridad alguna del municipio que intervenga al respecto.
""Por último, el mantenimiento no se debe olvidar. La ciclovía presenta deterioro que debe ser atendido, pues presenta daños en las jardineras, los señalamientos, arena, grava y basura acumulada, lo que en su conjunto vuelve peligrosa la vía en lugar de cumplir con su cometido en favor de la comunidad, y resulta evidente que es imposible de transitar por los ciclistas"", añadió.
No dejó de recordar que la bicicleta es un medio de transporte amigable con el medio ambiente por no contaminar, por lo que se deben implementar políticas y acciones que abonen cada vez más a su uso. Además, mencionó que la autoridad no se puede quedar solo en la creación de ciclovías, pues también es su obligación el mantenerlas en óptimas condiciones a fin de que se pueda transitar con naturalidad y sobre todo de una forma segura.
""No solo es construir la ciclovía, sino que es construirla bien, señalizarla, evaluar su uso y su seguridad, estar dispuesto a hacer los cambios que sean necesarios y mantenerla"", concluyó la morenista en su propuesta."
89,Notisistema,08/02/2024,Sigue en pie proyecto de BusBici en avenida República,trafilatura,trafilatura,856,0.11,https://www.notisistema.com/noticias/sigue-en-pie-proyecto-de-busbici-en-avenida-republica/,,"Sigue en pie el proyecto de ampliación del carril BusBici del centro de la ciudad en la avenida República, prolongación de la avenida Hidalgo, hasta Plutarco Elías Calles, señala el director de Obras Públicas de Guadalajara, Francisco Ontiveros.
Reconoce que no hay todavía una asignación de recursos para este proyecto.
""El carril BusBici que fue tan polémico ya cumplió un año de uso y no hemos tenido un solo accidente de ciclistas es un carril que se usa de manera muy intensa, entonces existe un proyecto, no se está ejecutando todavía, no existe todavía suficiencia presupuestal para poder hacer la continuación de este Bus-Bici desde lo que es el centro de Guadalajara hasta lo que es el poniente de la ciudad"".
El carril Bus-Bici actualmente abarca desde López Mateos hasta el Centro de la ciudad por la avenida Hidalgo. (Por Claudia Manuela Pérez)"
90,Notisistema,06/02/2024,Vinculan a proceso a policía de Tlajomulco que participó en muerte de ciclista,trafilatura,trafilatura,1038,0.1,https://www.notisistema.com/noticias/vinculan-a-proceso-a-policia-de-tlajomulco-que-participo-en-muerte-de-ciclista/,,"Fue vinculado a proceso un policía municipal de Tlajomulco de Zúñiga por su presunta participación en la muerte de un hombre.
El elemento se llama José Guadalupe ""O"", quien se desempeñaba como encargado de turno el pasado 14 de enero.
José Guadalupe tuvo conocimiento de un ciclista que había sido atropellado, y lo reconoció como una persona que constantemente ocasionaba problemas en la zona.
El elemento en lugar de pedir ayuda médica le ordenó a otros policías que lo subieran a una patrulla donde lo estuvieron paseando hasta que les ordenó abandonarlo en un punto del fraccionamiento Chulavista.
El ciclista atropellado murió por las lesiones que presentaba.
El agente del Ministerio Público que llevó las investigaciones logró acreditar la presunta participación de José Guadalupe para ponerlo a disposición de un juez de control.
El juzgador vinculó a proceso al imputado por los delitos de homicidio simple, abuso de autoridad y abandono de personas.
Le fue dictada además prisión preventiva por un año. (Por José Luis Escamilla)"
91,UDGTV,26/01/2024,"Ponen balizamiento en colonia de Zapopan, vecinos creen que es ciclovía... y protestan",trafilatura,trafilatura,1605,0.29,https://udgtv.com/noticias/ponen-balizamiento-en-colonia-de-zapopan/211158,,"Guadalajara, Jalisco.
Las rayas que personal del ayuntamiento pintó en la Avenida Venustiano Carranza han creado un nuevo debate entre los vecinos de la colonia Villa Laureles, pues algunos consideran que se trata de una ciclovía que las autoridades de Zapopan no socializaron.
Desde que iniciaron con los trazos del proyecto, los vecinos comenzaron a manifestar su inconformidad en sus grupos internos de WhatsApp, pues las líneas pintadas de la presunta ciclovía se colocaron fuera de las viviendas
lo que habitantes consideran sería una problema tanto para ciclistas como para ellos.
Los residentes de la Avenida Venustiano Carranza argumentan que cuadras abajo (Obreros de Cananea) ya existe una ciclovía balizada, por lo que no comprenden la necesidad de colocar otra en este sitio, además de que en sus mensajes expresan que el proyecto no fue socializado.
- Al paso de los días y ante la inconformidad los vecinos fueron notificados que las rayas blancas sólo se tratan de un balizamiento para delimitar los carriles y no de una ciclovía.
En recorrido por UDGTV Canal 44 se logró apreciar que justo el lugar donde se realizó el balizamiento es el único espacio que no cuenta con una ciclovía oficial, ya que pasando la Avenida Enrique Díaz de León rumbo al Centro Cultural Constitucional la arteria se convierte en vía prioridad para el ciclista por lo que las nuevas pintas podrían funcionar como conexión para ciclovía.
Las opiniones entre vecinos también están encontradas, pues mientras un grupo se dice estar de acuerdo con la obra, otro se dice inconforme porque está obstruiría sus cocheras."
92,El Occidental,22/01/2024,Cobra relevancia utilizar bicicleta,trafilatura,trafilatura,841,0.55,https://oem.com.mx/eloccidental/local/cobra-relevancia-utilizar-bicicleta-13170954,,"El ejercicio se realizará el viernes 18 de septiembre en toda la Red Universitaria; simulará un sismo de magnitud 7.7 con epicentro en Tehuacán, Puebla
El titular del SIAPA, Ismael Jáuregui reconoció la importancia del sector hotelero para la economía del estado al realizar inversiones y crear fuentes de empleo
El presidente de la AMHM, detalló que ellos tiene que pagar los servicios con tarifas comerciales y los inmuebles colocados en las plataformas tienen tarifas domésticas que son mucho más baratas
La víctima fue una mujer de 66 años, residente de Cocula; durante la última semana se sumaron 10 casos, por lo que Jalisco alcanzó un acumulado de 163 personas enfermas de dengue.
La Secretaría de Salud estatal atribuyó la contención de contagios a las acciones de control epidemiológico y vacunación entre población local y migrante"
93,Letra fría,19/01/2024,Entregan 100 bicicletas a estudiantes en UDT,trafilatura,trafilatura,796,1.43,https://letrafria.com/entregan-100-bicicletas-a-estudiantes-en-udt/,,"Unión de Tula, Jalisco.- El gobierno de Unión de Tula entregó 100 bicicletas a niñas, niños y adolescentes de educación básica y media superior como parte del programa «Apoyo al Transporte para Grupos Prioritarios» de la Secretaría del Sistema de Asistencia Social Jalisco.
Entre las y los beneficiarios están estudiantes de escuelas primarias, secundarias y preparatorias de localidades como La Piñuela, San Clemente, San Gaspar, San Cayetano, El Bonete, Santa Rosa, Tacotán, La Alpatahua y Santa Fe entre otras quienes recibieron las bicicletas.
Este programa de transporte a grupos prioritarios tiene entre sus objetivos fomentar la permanencia educativa y la movilidad amigable con el medio ambiente y la salud.
Para la entrega de estos vehículos estuvieron presentes autoridades municipales."
94,NTR Guadalajara,17/01/2024,"Bicipuerto de López Cotilla, el de mayor movimiento",trafilatura,trafilatura,1783,0.22,https://www.ntrguadalajara.com/post.php?id_nota=208692,,"Al analizar los datos 2023 del sistema MiBici, el Instituto de Información Estadística y Geográfica (IIEG) de Jalisco encontró que el bicipuerto ubicado en López Cotilla esquina con Marcos Castellanos, por el Parque Revolución, fue el de mayor movimiento.
""Las estaciones más utilizadas son las localizadas en la Zona Centro de Guadalajara. La estación donde se iniciaron más viajes fue la que se ubica en López Cotilla esquina con Marcos Castellanos, de la cual salieron 95 mil 720 viajes durante el periodo analizado"", detalló el IIEG.
Al respecto, usuarios y usarías del sistema MiBici atribuyen la alta cifra de viajes a la ubicación del bicipuerto y la conexión con otros medios de transporte.
""Estamos cerca del Tren Ligero, tanto de la Línea 1, la Línea 2 y éstas conectan incluso con la Línea 3, entonces es un punto donde muy probablemente sea lo más conocido"", detalló Salvador Espinoza, usuarios que suma tres años inscrito a MiBici.
El bicipuerto cuenta con una capacidad de 33 bicicletas que están en constante movimiento debido a la alta demanda de las y los usuarios.
""Yo he recorrido todas, prácticamente ando por todos los bicipuertos y este es el único que tiene dos líneas de bicis y aun así hay veces que ni siquiera hay lugar para regresarlas y hay veces que ni siquiera hay bicis, porque supongo que es el punto medio de toda la ciudad"", agregó Paulina Castro, usuaria desde hace cuatro años.
David Palos, quien también es parte del sistema, explicó que el bicipuerto logra conectar con distintos puntos de la ciudad a través de ciclovías, mientras que Neto Rocha, que también apuesta por la movilidad activa, detalló que debido a la alta demanda se genera una constante falta de unidades en el punto, por lo que solicitó que dicha problemática se atienda.
jl/I"
95,Mural,17/01/2024,Aumentan en 2023 viajes en MiBici,trafilatura,trafilatura,398,0.87,https://www.mural.com.mx/aumentan-en-2023-viajes-en-mibici/ar2741934,,"Aumentan en 2023 viajes en MiBici
03 MIN 00 SEG
Fernanda Carapia
Guadalajara, México (17 enero 2024) .-13:39 hrs
Aunque apenas superó el 2 por ciento, los viajes realizados en el sistema MiBici presentaron un incremento en relación con 2022. Crédito: Maricarmen Galindo
Aunque apenas superó el 2 por ciento, los viajes realizados en el sistema MiBici presentaron un incremento en relación con 2022."
96,Mural,17/01/2024,Aumentan en 2023 viajes en MiBici,trafilatura,trafilatura,398,0.05,https://www.mural.com.mx/aumentan-en-2023-viajes-en-mibici/ar2741934,,"Aumentan en 2023 viajes en MiBici
03 MIN 00 SEG
Fernanda Carapia
Guadalajara, México (17 enero 2024) .-13:39 hrs
Aunque apenas superó el 2 por ciento, los viajes realizados en el sistema MiBici presentaron un incremento en relación con 2022. Crédito: Maricarmen Galindo
Aunque apenas superó el 2 por ciento, los viajes realizados en el sistema MiBici presentaron un incremento en relación con 2022."
99,El Occidental,16/01/2024,Vecinos de Paseos del Sol aprueban ciclovía; piden atender otras necesidades de la colonia,trafilatura,trafilatura,391,0.47,https://oem.com.mx/eloccidental/local/vecinos-de-paseos-del-sol-aprueban-ciclovia-piden-atender-otras-necesidades-de-la-colonia-13170788,,"Localmartes, 16 de enero de 2024
Existen opiniones que consideran que la colonia tiene otras necesidades con mayor urgencia
LOCAL
En el Segundo Informe de la presidenta de Tlaquepaque, Laura Imelda Pérez no se habló de loshomicidios cometidos en lo que va del año
Le encontraron el dispositivo oculto entre sus prendas de vestir
Estiman que al centro de Guadalajara asistirán 92 mil personas"
100,El Informador,16/01/2024,Reanudan obras para construir ciclovía en Avenida Copérnico; mantendrán cuatro carriles,trafilatura,trafilatura,3140,0.7,https://www.informador.mx/jalisco/Zapopan-Reanudan-obras-para-construir-ciclovia-en-Avenida-Copernico-mantendran-cuatro-carriles-20240116-0118.html,,"Reanudan obras para construir ciclovía en Avenida Copérnico; mantendrán cuatro carriles
Los trabajos tendrán que respetar el número de carriles con los que cuenta esta vialidad
Luego de manifestaciones y mesas de negociación, todas las partes involucradas llegaron a un acuerdo y este lunes las autoridades de Zapopan reanudaron las obras para construir la ciclovía en Avenida Nicolás Copérnico. EL INFORMADOR / H. Figueroa
Luego de manifestaciones y mesas de negociación, todas las partes involucradas llegaron a un acuerdo y este lunes las autoridades de Zapopan reanudaron las obras para construir la ciclovía en Avenida Nicolás Copérnico, sin embargo, los trabajos tendrán que respetar el número de carriles con los que cuenta esta vialidad.
""Llegamos a un buen arreglo, hubo gran disposición de los vecinos y colectivos, tanto ciclistas como colonos. En el transcurso vamos a perfeccionar ciertas observaciones buenas de los vecinos, ya que ellos viven todos ahí, y también de los ciclistas"", explicó el alcalde Juan José Frangie.
Por un parte, el proyecto de la ciclovía se mantendrá, sin embargo, se sacrificará el ensanchamiento el camellón que tenía como objetivo agrandar el parque lineal, esto para poder observar los cuatro carriles de la Avenida, tema que preocupaba a una parte de los colonos.
""Se ganó que la obra avanzara, sobre todo por la postura de los vecinos que estaban en contra. Aunque hay que aclarar que hay unos vecinos que están a favor, pero los que estaban en contra su postura era no hacer nada, entonces el primer gane para nosotros es que se reanuden las obras"", señaló Yeriel Salcedo, encargado del programa de movilidad sustentable del ITESO y miembro del colectivo GDL En Bici.
De acuerdo con lo informado por el alcalde, los trabajos también contemplan ampliar las banquetas, mejorar el alumbrado público para que también ilumine a los peatones, así como los cruceros peatonales y las paradas de camiones.
Yeriel Saucedo destacó la importancia de obras como estas, dado que su impacto no sólo beneficia a los ciclistas, sino a la movilidad en general, incluso al medioambiente.
""Es una acción para cuidar la vida de las personas. Necesitamos incentivar otros medios de movilidad que no sea el coche, porque vemos que cada vez tenemos más contingencia ambiental, más contaminación, entonces es importante buscar opciones seguras y eficientes para que la gente opte por otras opciones de movilidad"", dijo Yeriel Salcedo.
Vecinos de la zona explicaron que ven positivo que las obras de la ciclovía respeten el número de carriles para la Avenida, dado que sirven para el flujo vehícular y esperan que puedan terminar lo antes posible para no afectar a los comerciantes de la colonia.
Por su parte, el Ayuntamiento de Zapopan informó que las mesas de diálogo con vecinos y ciclistas seguirán, por lo que aún falta definir ciertos detalles del alcance de la obra, como su duración, costo y trabajos a realizar.
MF
Lee También
Recibe las últimas noticias en tu e-mail
Todo lo que necesitas saber para comenzar tu día
Registrarse implica aceptar los Términos y Condiciones"
101,Trafico ZMG,16/01/2024,en solo 15 días sumas tres ciclistas muertos por atropellamiento,trafilatura,trafilatura,1751,0.26,https://traficozmg.com/2024/01/en-solo-15-dias-suman-tres-ciclistas-muertos-por-atropellamiento/,,"En solo 15 días, suman tres ciclistas muertos por atropellamiento
Desde 2020, en la Zona Metropolitana de Guadalajara (ZMG) no se vivía un inicio de año tan complejo en lo que a ciclistas muertos a causa de atropellamientos se refiere. Tan solo del 1 al 15 enero de 2024, un total de tres personas han muerto a bordo de sus bicicletas luego de ser arrollados, ya sea por unidades del Transporte Público (TP) o bien por vehículos particulares.
De acuerdo con estadísticas reveladas por el colectivo Bicicleta Blanca, que puntualmente lleva un recuento de los ciclistas muertos en la metrópoli así como al interior del estado, 2024 se coloca como el peor inicio de año en esta materia. Las tres muertes en 15 días, son la cifra más alta que se ha tenido en este periodo desde 2020.
El año 2020, en el lapso del 1 al 15 de enero, se registraron dos fallecimientos por esta causa (ciclistas atropellados); mientras tanto 2021 no registró muertes en ese mismo periodo; 2022 tuvo una y el año pasado se mantuvo con dos tan solo en las dos semanas de arranque de año.
El primer ciclista muerto de este 2024, ocurrió el pasado 5 de enero en el municipio de Tlajomulco de Zúñiga, sobre Camino a la Pedrera, en la colonia Lomas de San Agustín. Se trató de un hombre. El segundo tuvo lugar en Tlaquepaque en la colonia Las Juntas, ocurrido el 8 de enero.
Apenas ayer, se registró el tercer ciclista fallecido de este año; éste fue un hombre que murió embestido por una unidad del Trasporte Público, hechos ocurridos sobre Camino a San Sebastián El Grande, en Tlajomulco.
De las tres muertes de este año, dos han sido provocadas por operadores del Transporte Público, de ellas, también dos sucedieron en Tlajomulco.
Debe estar conectado para enviar un comentario."
102,Azteca Jalisco,16/01/2024,Ciclista con 5 meses de embarazo es atropellada en Zapopan,trafilatura,trafilatura,1242,1.65,https://www.aztecajalisco.com/azteca-noticias/ciclista-5-meses-embarazo-atropellada-zapopan/,,"En estado grave se encuentra una ciclista que fue atropellada en la colonia Plaza Guadalupe en Zapopan.
El accidente ocurrió en la avenida Guadalupe y Copérnico, a decir de testigos, la mujer de 40 años intentó cruzar sobre el costado izquierdo siendo impactada por el automotor saliendo eyectada varios metros.
El conductor quedó detenido
De inmediatos testigos llamaron a los Servicios Médicos, quienes a su llegada le brindaron las primeras atenciones, la estabilizaron y se percataron que estaba embarazada, por lo que de inmediato trasladaron a la Cruz Verde Las Águilas para una atención especializada.
""Trae un traumatismo craneoencefálico severo, una contusión profunda de tórax, una fractura expuesta de tibia y heridas graves en sus extremidades inferiores, así mismo está en estado de gestación de entre 20 a 25 semanas de gestación"", informó Pedro Ovalle, paramédico.
El conductor del automotor, quedó retenido mientras se deslindan responsabilidades. Del costado derecho de la vialidad, se encuentra una ciclovía.
El lugar fue acordonado para realizar los peritajes, por lo que fueron cerrados los carriles generando carga vehicular.
Te podría intersar: Muere hombre calcinado tras incendio en su hogar; cigarro pudo ser la causa"
103,NTR Guadalajara,16/01/2024,Atropellan a dos ciclistas en la ZMG; uno muere,trafilatura,trafilatura,2343,0.32,https://www.ntrguadalajara.com/post.php?id_nota=208646,,"En hechos distintos fueron atropellados dos ciclistas en la Zona Metropolitana de Guadalajara. Una de las víctimas falleció y la otra resultó gravemente herida.
Uno de los casos se registró la noche de este lunes en Tlajomulco de Zúñiga, donde un hombre, del que las autoridades no precisaron su edad, fue embestido por una unidad de la ruta 175, y falleció.
Los hechos se registraron al filo de las 21:30 horas sobre la carretera a San Sebastián El Grande, a la altura del fraccionamiento Residencial San Pablo.
El hombre viajaba a bordo de su bicicleta cuando fue impactado por el operador de la unidad de transporte público. Personas que esperaban el camión, y automovilistas, hicieron que el chofer detuviera la marcha y también impidieron que escapara del lugar.
Aproximadamente 20 minutos después llegaron las primeras unidades de la Comisaría de Tlajomulco de Zúñiga, quienes se encargaron de resguardar la zona y hacer el llamado a los servicios médicos del municipio. Lamentablemente el ciclista fue declarado muerto.
En tan sólo 15 días del año, cinco personas han muerto atropelladas por unidades de transporte público en diferentes partes de la metrópoli. Además, son ya tres los ciclistas que murieron tras ser atropellados por unidades del transporte público o por vehículos particulares.
Otro caso en Zapopan
Entre las avenidas Nicolás Copérnico y Guadalupe, en Zapopan, una ciclista fue atropellada cerca de las 5 de la madrugada de este martes. La mujer fue trasladada en estado grave con múltiples fracturas hasta la sala de urgencias de un hospital.
Tras los reportes de emergencias, paramédicos de Cruz Verde, policías municipales y rescatistas urbanos, encontraron a una mujer de 42 años de edad agonizante tras ser arrollada por un coche Ford Figo de modelo reciente. El conductor responsable permaneció en el lugar.
Debido a la colisión, la lesionada sufrió varias fracturas en tibia, peroné, tórax y cráneo. Los socorristas lograron estabilizarla para trasladarla en estado crítico y grave hasta las instalaciones de un hospital próximo.
El área del siniestro fue acordonada por policías municipales con la intención de recibir instrucciones de parte del Ministerio Público. La circulación de la vía fue totalmente cerrada.
La aseguradora correspondiente se dio cita para atender y realizar los trámites pertinentes.
JB"
105,UDGTV,15/01/2024,Jamay realiza trabajos de reparación en ciclovía,trafilatura,trafilatura,1655,0.44,https://udgtv.com/noticias/jamay-realiza-trabajos-de-reparacion-en-ciclovia/209964,,"Ocotlán, Jalisco
Luego que el gobierno de Jamay, anunciara el cierre de algunos tramos de la ciclovía Jamay-Ocotlán para realizar reparaciones, Diego Alonso Fernández, Director de Obras Públicas en el municipio explicó en qué consisten estos trabajos:
""Se van a hacer demoliciones en ciertos puntos, para posteriormente mejorar la base hidráulica y volver a colocar una losa de concreto.
Posteriormente a eso, estarán colocando también árboles de ornato, que vienen siendo los olivo negro, que no dañan a la infraestructura y también colocando postes para luminaria"".
Debido a estas reparaciones, se cerrarán por completo los tramos que están paralelos a la carretera federal no.35, tramo Jamay-Ocotlán. En algunos otros espacios de la ciclovía, se colocó una vía alternativa para facilitar el tránsito a las y los usuarios.
El funcionario municipal, explicó los daños que motivan estas reparaciones:
""Hay por ahí algunas partes dañadas lo que viene siendo el tramo de Jamay hacia Ocotlán, hay muchos tramos que se encuentran fisurados, las terracerías deslavadas, las cunetas de desalojo de aguas fluviales, también se encuentran tapadas"".
Diego Alfonso Fernández dijo que una vez que concluyan los trabajos, la ciudadanía podrá disfrutar de este espacio, en particular los vecinos que utilizan esta ruta de manera cotidiana para llegar a sus centros de trabajo en los restaurantes de la ribera, así también turistas y ciclistas que visitan el municipio.
De acuerdo con el director de Obras Públicas, se prevé que estos trabajos concluyan a finales del mes de marzo, por lo que pidió el apoyo y comprensión de la población.
Redacción por Andrea Gutiérrez"
107,El Occidental,15/01/2024,"Con modificaciones, arrancan obras de ciclovía en avenida Copérnico",trafilatura,trafilatura,380,0.47,https://oem.com.mx/eloccidental/local/con-modificaciones-arrancan-obras-de-ciclovia-en-avenida-copernico-13168011,,"Locallunes, 15 de enero de 2024
Las obras iniciaron primero con la modificación de banquetas y alumbrado público
LOCAL
En el Segundo Informe de la presidenta de Tlaquepaque, Laura Imelda Pérez no se habló de loshomicidios cometidos en lo que va del año
Le encontraron el dispositivo oculto entre sus prendas de vestir
Estiman que al centro de Guadalajara asistirán 92 mil personas"
109,Notisistema,12/01/2024,Pactan reanudar parte de las obras en Copérnico,trafilatura,trafilatura,1023,0.34,https://www.notisistema.com/noticias/pactan-reanudar-parte-de-las-obras-en-copernico/,,"Tras la reunión de este jueves entre autoridades de Zapopan y opositores a la ciclovía de Copérnico, se acordó que el lunes se reinicien trabajos en las banquetas, pero el resto de las obras quedarán pendientes en tanto, no se lleguen a acuerdos sobre el resto del proyecto. Varios colonos afirman que la construcción de una ciclovía y un parque estrangulará el flujo de vehículos en la zona.
En la reunión estuvieron presentes el director de Obras Públicas, Ismael Jáuregui, la diputada Mónica Magaña y el alcalde Juan José Frangie. En un comunicado compartido por vecinos, se da por hecho que el parque lineal en el camellón de la avenida no se realizará, desde Mariano Otero hasta la glorieta de Felipe Zetter y se quedan los cuatro carriles para los autos.
Sobre estas decisiones no se consultó a quienes si están a favor de las obras, pues la reunión donde participarán colectivos ciclistas y peatonales se realizará hasta hoy, pero al parecer ya se llegó a promesas con los inconformes. (Por Héctor Escamilla Ramírez)"
110,NTR Guadalajara,12/01/2024,Se multiplican kilómetros de ciclovías en Jalisco,trafilatura,trafilatura,1873,0.29,https://www.ntrguadalajara.com/post.php?id_nota=208487,,"De 2015 a 2022 se han multiplicado los kilómetros (km) de ciclovías instaladas en áreas urbanas y metropolitanas de Jalisco, según datos de la Agencia Metropolitana de Infraestructura para Movilidad en el Área Metropolitana de Guadalajara (Amim) expuestos en la plataforma Monitoreo de Indicadores del Desarrollo en Jalisco (Mide Jalisco).
El primer año, 2015, cerró con 35.5 km de ciclovías, mientras que 2016 sumó 36.48 km; 2017, 79.13 km; 2018, 62.58 km; 2019, 178.15 km; 2020, 253.91 km; 2021, 288.23 km, y 2022, 320.23 km.
En la información aún no se muestran los kilómetros de ciclovías instaladas en 2023, sin embargo, en el Área Metropolitana de Guadalajara (AMG) se inauguraron varios proyectos, como la intervención de 7.3 km que arranca en Tetlán y llega hasta San Juan de Dios, en la Zona Centro de Guadalajara.
El gobierno de Guadalajara precisó a inicios de septiembre del año pasado que con la habilitación de ese espacio el municipio sumaba 134 kilómetros de ciclovías interconectadas.
En 2023 también se integró la ciclovía localizada en Paseo Royal Country, vialidad que tiene una extensión de 2 km y abarca de Juan Palomar y Arias hacia Periférico Poniente.
El año pasado también inició un proyecto que incluye una ciclovía en avenida Copérnico, en Zapopan. Su nombre es Calle Completa, pero el gobierno municipal detuvo la obra debido a inconformidades de vecinos de la zona, quienes criticaron la instalación de la vía ciclista por la reducción de carriles en la vialidad.
Luego de reuniones entre representantes de diversas direcciones del ayuntamiento con las personas inconformes y grupos de colectivas y colectivos que defienden el derecho a la ciudad, la movilidad y la seguridad vial, el Municipio informó que la primera sección de la obra será reanudada a partir de este lunes 15 de enero; sin embargo, el parque lineal será sacrificado.
EH-jl/I"
111,UDGTV,12/01/2024,Vecinos vs. obras en Copérnico plantean cambios al Municipio,trafilatura,trafilatura,1843,0.22,https://www.ntrguadalajara.com/post.php?id_nota=208468,,"Vecinos de la colonia Paseos del Sol, en Zapopan, que están en contra del proyecto Calle Completa, obra que incluye una ciclovía y parque lineal en la avenida Copérnico, se reunieron ayer con autoridades municipales y la diputada titular de la Comisión de Movilidad del Congreso de Jalisco, Mónica Magaña Mendoza, y les plantearon cambios a la intervención.
Durante el encuentro se dialogaron varios puntos a favor de la optimización del proyecto, así como modificaciones que se presentarán el sábado 13 de enero, informó Belisario Hernández, ingeniero y vecino de la zona que está en contra que se deje un solo carril para la circulación.
""Lo que estaban haciendo era beneficiar a uno a causa de que otro elemento se sacrificara"", comentó.
El colono indicó que también se planteó una propuesta que consiste en desestimar el parque lineal en el camellón de avenida Copérnico y desplazarlo a las aceras.
""El peor lugar para que una persona camine o haga ejercicio es el camellón, es donde hay más concentración de partículas suspendidas de monóxido y otros contaminantes cancerígenos"", detalló.
Francisco Peredo, también vecino de la zona, agregó que en el encuentro se pidió a las autoridades evitar la reducción de carriles y ajustar el ancho de la avenida en el tramo de la glorieta de Felipe Zetter hacia Felipe Ruvalcaba.
Adelantó que en conjunto con el presidente municipal de Zapopan, Juan José Frangie Saade; el director de Obras Públicas de Zapopan, Ismael Jáuregui Castañeda, y la diputada Mónica Magaña se acordó que el lunes iniciarán las obras en las banquetas, pero las demás obras en la avenida serán pausadas mientras se realizan otras reuniones.
Para conocer la otra visión en torno al proyecto, la cual defiende la instalación de la ciclovía en la avenida, hoy habrá una reunión entre el Municipio y colectivos ciclistas.
jl/I"
112,NTR Guadalajara,12/01/2024,Vecinos vs. obras en Copérnico plantean cambios al Municipio,trafilatura,trafilatura,1843,0.23,https://www.ntrguadalajara.com/post.php?id_nota=208468,,"Vecinos de la colonia Paseos del Sol, en Zapopan, que están en contra del proyecto Calle Completa, obra que incluye una ciclovía y parque lineal en la avenida Copérnico, se reunieron ayer con autoridades municipales y la diputada titular de la Comisión de Movilidad del Congreso de Jalisco, Mónica Magaña Mendoza, y les plantearon cambios a la intervención.
Durante el encuentro se dialogaron varios puntos a favor de la optimización del proyecto, así como modificaciones que se presentarán el sábado 13 de enero, informó Belisario Hernández, ingeniero y vecino de la zona que está en contra que se deje un solo carril para la circulación.
""Lo que estaban haciendo era beneficiar a uno a causa de que otro elemento se sacrificara"", comentó.
El colono indicó que también se planteó una propuesta que consiste en desestimar el parque lineal en el camellón de avenida Copérnico y desplazarlo a las aceras.
""El peor lugar para que una persona camine o haga ejercicio es el camellón, es donde hay más concentración de partículas suspendidas de monóxido y otros contaminantes cancerígenos"", detalló.
Francisco Peredo, también vecino de la zona, agregó que en el encuentro se pidió a las autoridades evitar la reducción de carriles y ajustar el ancho de la avenida en el tramo de la glorieta de Felipe Zetter hacia Felipe Ruvalcaba.
Adelantó que en conjunto con el presidente municipal de Zapopan, Juan José Frangie Saade; el director de Obras Públicas de Zapopan, Ismael Jáuregui Castañeda, y la diputada Mónica Magaña se acordó que el lunes iniciarán las obras en las banquetas, pero las demás obras en la avenida serán pausadas mientras se realizan otras reuniones.
Para conocer la otra visión en torno al proyecto, la cual defiende la instalación de la ciclovía en la avenida, hoy habrá una reunión entre el Municipio y colectivos ciclistas.
jl/I"
114,NTR Guadalajara,12/01/2024,Iniciarán talleres para acuerdos de Calle Completa en Copérnico,trafilatura,trafilatura,2508,0.22,https://www.ntrguadalajara.com/post.php?id_nota=208507,,"Grupos de colectivas y colectivos que defienden el derecho a la ciudad, la movilidad y la seguridad vial se reunieron con el presidente de Zapopan, Juan José Frangie, personas titulares de la Dirección de Obras Públicas, Movilidad y Participación Ciudadana del municipio y la diputada Mónica Magaña, para acordar seguimiento a la obra de Calle Completa de Copérnico.
""Hemos estado platicando en torno al proyecto de Copérnico en respuesta, tanto a las personas que están inconformes con el proyecto, como a los diferentes colectivos que estamos a favor, entonces, a partir de esta reunión se generaron buenas sinergias y diferentes acuerdos que van a favor de generar una movilidad activa en torno a la calidad de vida de los ciudadanos que evitamos esta Área Metropolitana"", precisó Adonai Hernández, integrante del Observatorio Ciudadano de Movilidad.
La primera de estas reuniones se llevó a cabo la tarde del jueves con vecinos de la zona que están en contra del proyecto y este viernes la reunión contempló a las personas a favor de la movilidad activa que abordaron cuestiones técnicas y de aprovechamiento social en torno al proyecto planteado en la vialidad.
""Estamos trabajando en torno a los beneficios de las personas más vulnerables, el peatón, el transporte público, la movilidad activa y la movilidad no motorizada. Comentamos algunas inquietudes que teníamos conforme al proyecto planteado cuando ganó el concurso de las de las calles mexicanas premiadas aquí a nivel nacional"", detalló Adonai.
Agregó que de esta segunda reunión se acordó llevar a cabo una serie de talleres que reunirán a las personas inconformes y personas que forman parte de la colectividad para incentivar la realización del proyecto.
""Vamos a echar lápiz, a tallerear y tratar de, por ejemplo, las dimensiones de los carriles de circulación, el tema del parque lineal, de cuáles son las ventajas o desventajas que pudiera haber con este tema, hay muchísimas ventajas, pero discutirla socializarlas, platicarlas y comenzarlas para llegar a un acuerdo común en beneficio de todas las personas"", precisó.
El integrante del observatorio añadió que las autoridades acordaron iniciar con la primera etapa del proyecto a partir del lunes 15 de enero, y la totalidad del proyecto se realizará conforme a los resultados de los talleres.
""Lo que nos comentaron en la reunión es que la ciclovía se respeta tal cual está en el proyecto ejecutivo, se mantiene la anchura de las banquetas y lo que está en los extremos"", adelantó.
jl"
115,Mural,12/01/2024,Urgen liberación de ciclovía en Avenida Malecón,trafilatura,trafilatura,454,0.86,https://www.mural.com.mx/urgen-liberacion-de-ciclovia-en-avenida-malecon/ar2739558,,"COMUNIDAD
02 MIN 00 SEG
Martín Aquino
Guadalajara, México (12 enero 2024) .-15:37 hrs
Basura, escombros y muebles a lo largo de la ciclovía en Avenida Malecón, impiden la circulación de los ciclistas; piden liberarla. Crédito: Tomada de redes sociales.
La ciclovía ubicada en Avenida Malecón, entre Guadalajara y Tonalá, estaría enfrentando un conflicto de obstrucción que sería urgente atender, indicó la legisladora local de Morena, Ángela Gómez Ponce."
116,El Occidental,12/01/2024,"Tras modificación de rutas de transporte público, peatones invaden ciclovía de Paseo Alcalde",trafilatura,trafilatura,449,0.44,https://oem.com.mx/eloccidental/local/tras-modificacion-de-rutas-de-transporte-publico-peatones-invaden-ciclovia-de-paseo-alcalde-13160752,,"Tras modificación de rutas de transporte público, peatones invaden ciclovía de Paseo Alcalde
Ciclistas que circulan por el paseo alcalde se quejan
Localviernes, 12 de enero de 2024
LOCAL
En el Segundo Informe de la presidenta de Tlaquepaque, Laura Imelda Pérez no se habló de los homicidios cometidos en lo que va del año
Le encontraron el dispositivo oculto entre sus prendas de vestir
Estiman que al centro de Guadalajara asistirán 92 mil personas"
117,Meganoticias,12/01/2024,"Obras en Copérnico reinician el 15 de enero, tendrá cambios",trafilatura,trafilatura,1682,0.45,https://www.meganoticias.mx/guadalajara/noticia/obras-en-copernico-reinician-el-15-de-enero-tendra-cambios/489608,,"Movilidad
                                                                    
                                                Por:
                                                                    								Héctor Escamilla
                    							 
                    							
Guadalajara
Fecha: 12-01-2024
                                        Guadalajara
Fecha: 12-01-2024
Vecinos de Paseos del Sol que se oponen a la construcción de la ciclovía y parque lineal en la avenida Copérnico, se reunieron con autoridades para solicitar modificaciones al proyecto. Se acordó de manera preliminar que la obra podrá reanudarse parcialmente a partir del próximo lunes 15 de enero, aunque tendrán cambios en el proyecto y habrá nuevas mesas de diálogo.
En un comunicado emitido por los vecinos, se señala que ya se llegó a un acuerdo para que el parque lineal que va sobre el camellón no se construya desde la avenida Mariano Otero hasta la glorieta de Felipe Zetter y que la vialidad conservará los cuatro carriles para los autos. Se hará la ciclovía pese a las modificaciones.
En la reunión estuvieron presentes el alcalde Juan José Frangie, el director de Obras Públicas de Zapopan, Ismael Jáuregui y la diputada Mónica Magaña.
Se informó que entre las propuestas es colocar el parque lineal sobre las banquetas de Copérnico, aunque esto formará parte de las mesas de diálogo de los próximos días.
Apenas esta tarde las autoridades se reunirán con colectivos ciclistas y organismos de la sociedad civil para escuchar sus propuestas, a pesar de que, desde este jueves ya se habrían tomado acuerdos sobre el destino del proyecto sin considerar las voces de la movilidad sustentable."
118,Zonadocs,11/01/2024,"El Rumor de la Discordia: ""Choque en Copérnico: Yeriel Salcedo""",trafilatura,trafilatura,685,0.78,https://www.zonadocs.mx/2024/01/11/choque-en-copernico-el-rumor/,,"El Rumor de la Discordia
""El Rumor de la Discordia"" es un podcast informativo que cada martes presenta un resumen comentado de las noticias de Jalisco, y cada viernes un programa especial con un invitado/a para analizar un tema a fondo.
En este episodio Pepe Toral entrevista al académico y activista por el ciclismo, Yeriel Salcedo, sobre la polémica por la obra de remodelación de avenida Copérnico, la cual fue suspendida por el Ayuntamiento de Zapopan ante la protesta de algunos habitantes que se niegan a que uno de tres carriles de circulación sea destinado a la construcción de una ciclovía.
Por Ángel Melgoza y José Toral / @RumorDiscordia
***
El Rumor en su versión en video:"
119,Mural,11/01/2024,Ciclovía de Copérnico sigue en pausa; piden no modificarla,trafilatura,trafilatura,255,0.73,https://www.mural.com.mx/ciclovia-de-copernico-sigue-en-pausa-piden-no-modificarla/ar2738525,,"COMUNIDAD
02 MIN 00 SEG
Maggie Urzúa
Guadalajara, México (11 enero 2024) .-05:00 hrs
Hay división de opiniones entre residentes de la zona por esta obra. Crédito: Renee Pérez
En pausa sigue la ciclovía de Avenida Copérnico por la discrepancia de posturas."
121,Notisistema,10/01/2024,Presentarán propuestas de modificación para ciclovía de Paseos del Sol,trafilatura,trafilatura,1013,0.12,https://www.notisistema.com/noticias/presentaran-propuestas-de-modificacion-para-ciclovia-de-paseos-del-sol/,,"La reunión que se tenía este miércoles con vecinos de Paseos del Sol que se oponen a la ciclovía y parque lineal en Copérnico se postergó a este jueves.
El director de Obras Públicas de Zapopan, Ismael Jáuregui Castañeda, mencionó que presentarán propuestas de modificación a los vecinos para atender la inquietud de no afectar la movilidad de autos, pero se mantendrá la construcción de una ciclovía y mejoras para la movilidad peatonal:
""La vialidad está muy amplia en algunos puntos y aunque se tiene una geometría para diferentes carriles pues la ciudadanía lo utiliza de diferente forma según lo que pueda entrar en ese punto, pero si hay varias propuestas que se harán a los vecinos para tener una propuesta que se pueda complementar"".
El funcionario señaló que la obra completa es de cuatro kilómetros desde Guadalupe a Mariano Otero y son cinco etapas. En general en toda habrá ciclovía, pero en algunas zonas no se colocará parque lineal porque los espacios no lo permiten. (Por Héctor Escamilla Ramírez)"
122,Meganoticias,10/01/2024,Habría modificaciones a ciclovía en Copérnico para destrabar conflicto,trafilatura,trafilatura,2317,0.11,https://www.meganoticias.mx/guadalajara/noticia/habria-modificaciones-a-ciclovia-en-copernico-para-destrabar-conflicto/489090,,"Movilidad
                                                                    
                                                Por:
                                                                    								Héctor Escamilla
                    							 
                    							
Guadalajara
Fecha: 10-01-2024
                                        Guadalajara
Fecha: 10-01-2024
Autoridades zapopanas postergaron para este jueves la reunión que sostendrán con vecinos de la colonia Paseos del Sol que se oponen a la construcción de una ciclovía y un parque líneal sobre la avenida Copérnico. Adelantan que sí se presentarán propuestas de modificación para la obra, pero la base que es la construcción de un parque lineal y la ciclovía se mantienen dentro del proyecto y en los tramos donde el espacio lo permita.
El director de Obras Públicas de Zapopan, Ismael Jáuregui, afirmó que se trata de una obra con presupuesto, que ganó un premio nacional, pero que tiene margen para ser afinado y mejorado. Explicó que la zona en conflicto es sólo uno de los cinco tramos del proyecto, que va de la avenida Guadalupe hasta Mariano Otero; la zona de intervención actualmente es de la calle Felipe Ruvalcaba hasta el templo del Señor de la Salud.
""Es una obra que tiene diferentes rostros en cada una de sus longitudes. Hay zonas donde no vamos a tener parque lineal, hay zonas donde sí vamos a tener parque lineal. El 100% de la vialidad contempla una ciclovía. Las banquetas, si accesibles completamente, con crucero seguro, es en el 100% de la vialidad. El alumbrado público, tanto en vialidad, en espacio público, como en banquetas, es en el 100% de la vialidad. Y en algunos polígonos y en algunas zonas se reduce, como te decía, el espacio central, que es el parque lineal para poder darle el mismo calaje que tiene la vialidad actualmente"", expresó el funcionario.
El ayuntamiento reconoció que la obra se suspendió por la petición que hicieron los vecinos de diálogo y que se realizarán los ajustes necesarios para destrabar el conflicto y que todas las partes salgan ganando.
Concluyó que se está trabajando para liberar el derecho de vía de un tramo de Copérnico, entre avenida del Colli y Volcán Popocatéptl, que por años ha sido invadido por viviendas y comercios, a pesar de no tener los títulos de propiedad."
124,NTR Guadalajara,08/01/2024,Interponen queja por suspensión de ciclovía,trafilatura,trafilatura,1650,0.28,https://www.ntrguadalajara.com/post.php?id_nota=208244,,"Luego de que el sábado entre 120 y 150 ciclistas hicieran una rodada a favor de la ciclovía en avenida Copérnico, en Zapopan, los promotores de la vía ciclista dieron a conocer que interpusieron una queja ante la Comisión Estatal de Derechos Humanos de Jalisco (CEDHJ) por la suspensión de la obra.
""El jueves 4 de enero nos presentamos ante la CEDHJ, argumentamos que parar esta obra vulnera nuestro derecho a la salud, nuestro derecho a un medio ambiente sano y nuestro derecho a una movilidad segura. Nos parece vergonzoso que se pongan cosas como el estacionamiento por encima de estos derechos"", precisó Ollin Monroy, integrante del Observatorio Ciudadano de Movilidad y Transporte.
Monroy anticipó que también van por un amparo para la continuidad de la obra, la cual fue suspendida por el Municipio por inconformidades de vecinos.
""Tenemos bastante sustento legal en el hecho de que Obras Públicas e Infraestructura de Zapopan básicamente está aplicando los recursos de manera discrecional y esto vulnera también nuestros derechos"", detalló.
A partir de este lunes los ciudadanos a favor de la ciclovía buscarán un acercamiento con autoridades de Zapopan para reanudar la construcción de la obra, la cual también involucra una intervención integral en la avenida.
""He estado buscando un acercamiento tanto con la presidencia municipal como con Obras Públicas y Movilidad, desgraciadamente vemos que no existe coordinación y también vemos con preocupación cómo la diputada Mónica Magaña ha estado dando la entrada a estos discursos de parte un grupo reducido de vecinos, en vez de tener el interés general como el más importante"", detalló.
jl/I"
126,Notisistema,08/01/2024,Vecinos de avenida Copérnico piden que ciclovía se concluya en otra vía,trafilatura,trafilatura,922,0.18,https://www.notisistema.com/noticias/vecinos-de-avenida-copernico-piden-que-ciclovia-se-concluya-en-otra-via/,,"Vecinos de la colonia Paseos del Sol que se oponen al proyecto de la ciclovía en la avenida Copérnico, exigen que las autoridades municipales construyan esta obra no en la avenida, sino que sea enviada al andador peatonal del canal de Santa Catalina que al menos en Paseos del Sol es paralela a Copérnico.
Opositores al proyecto que el sábado confrontaron a ciclistas, afirman que quitar carriles a Copérnico generará contaminación por los embotellamientos. Explican que es la ciclovía la que genera contaminación y no el hecho que transitan cientos de carros por la zona cada hora:
""Aquí estamos en pro de que no se haga ese tráfico para no haya contaminación, que no haya contaminación auditiva, la gente está pitando con los coches"".
La obra fue parada por el ayuntamiento de Zapopan ante las presiones de los vecinos de la coloniacuando al contrario se debe seguir esta política pública. (Por Héctor Escamilla Ramírez)"
128,Pagína 24 Jalisco,08/01/2024,"""Aquí no Necesitamos una Ciclovía"", Insisten Vecinos de Paseos del Sol",trafilatura,trafilatura,1838,0.79,https://pagina24jalisco.com.mx/2024/01/08/local/aqui-no-necesitamos-una-ciclovia-insisten-vecinos-de-paseos-del-sol/,,"Protestan Quienes Solo Utilizan el Automóvil Para Transportarse
Rafael Hernández Guízar
Vecinos de la colonia Paseos del Sol, en el municipio de Zapopan, se dicen hartos de las presiones de grupos ciclistas que impulsan la construcción de la ciclovía sobre la avenida Copérnico.
Tras haberse reunido con personal del Ayuntamiento, los vecinos esperan que la ciclovía no se efectúe, pues aseguran que se trata de una situación que les perjudicaría de sobremanera, más allá de beneficiar ""a unos cuantos ciclistas, porque pasan muy pocos por aquí"", dijo uno de los vecinos entrevistados por Página 24.
""Lo hemos dicho hasta el cansancio, y lo vamos a seguir repitiendo, aquí no necesitamos una ciclovía, aquí necesitamos que hagan cosas que de verdad sirvan a la comunidad, como sincronizar los semáforos, como pintar en las calles. No andar poniendo una ciclovía nada más para ejercer un recurso que en definitiva no es algo que necesitemos ni queramos aquí"", agregó el vecino entrevistado.
Al momento las obras están sin avance alguno, los vecinos se encuentran a la espera de reunirse nuevamente con personal de Obras Públicas del Ayuntamiento de Zapopan, para saber la respuesta ante sus muchas quejas.
Sin embargo, el pasado sábado, integrantes de varios colectivos de ciclistas como ""bici blanca"" acudieron a la zona para realizar una protesta en contra de la postura de los vecinos.
Incluso advirtieron que no dudarían en acudir ante la justicia Federal para buscar el apoyo de un juez a través del juicio de amparo, puesto que resaltaron que debe apostarse a la movilidad no motorizada en toda la ciudad.
La ciclovía iría acompañada de un parque lineal por la avenida Nicolás Copérnico, desde la avenida Felipe Rubalcaba hasta la avenida Mariano Otero, la parte más transitada y conflictiva para el tráfico local de toda la colonia."
129,Meganoticias,06/01/2024,Se confrontan por ciclovía en avenida Copérnico,trafilatura,trafilatura,2726,0.24,https://www.meganoticias.mx/guadalajara/noticia/se-confrontan-por-ciclovia-en-avenida-copernico/488221,,"Movilidad
                                                                    
                                                Por:
                                                                    								Héctor Escamilla
                    							 
                    							
Guadalajara
Fecha: 06-01-2024
                                        Guadalajara
Fecha: 06-01-2024
Usuarios de la bicicleta e integrantes de organizaciones de la sociedad civil se manifestaron y realizaron una rodada para exigir que las autoridades municipales continúen las obras para la construcción de una ciclovía y un parque lineal en la avenida Copérnico en Paseos del Sol.
Al llegar al destino de la movilización, se toparon con vecinos que se oponen a la intervención de la vialidad y hubo confrontaciones verbales.
La protesta de los ciclistas partió de la calle Carnero y Serpentario en Arboledas y tras realizar un circuito por la zona, llegaron a la plazoleta ubicada en el canal de Santa Catalina y la calle Marina Cruz, donde organizadores anunciaron la presentación de una queja ante la Comisión Estatal de Derechos Humanos contra el ayuntamiento de Zapopan, por frenar la obra.
Una veintena de vecinos contra la ciclovía comenzaron a interrumpir a los ciclistas. Ellos dicen que no están en contra de una ciclovía, pero exigen que no se le quiten carriles a Copérnico, sino que se envíe al andador peatonal paralelo al canal de Santa Catalina.
Algunos de los ciclistas y vecinos se enfrascaron en discusiones que no pasaron a mayores, pues los opositores sostienen que no se deben quitar carriles a la vialidad para que los coches puedan seguir circulando.
""Se está obstaculizando nuestro derecho a un medio ambiente sano y se está obstaculizando nuestro derecho a una movilidad segura. Era un presupuesto que ya estaba asignado y no es posible que se ejerza de manera discrecional por parte de obras públicas de Zapopan. Además, bajo estos mismos argumentos vamos a presentar un amparo en estos siguientes días"", expresó Ollín Monroy del colectivo Bicicleta Blanca.
Por su parte los vecinos acusan que quitar carriles será motivo de contaminación y no el hecho de que son cientos de carros los que pasan por la zona:
""Aquí estamos en pro de que no se haga ese tráfico para que no haya contaminación, que no haya contaminación auditiva. La gente está pitando con los coches. Tenemos vecinos que son ciclistas y dicen, no lo planearon bien. A final de cuentas, no nos estamos negando. Ahora la pregunta es, ¿por qué los ciclistas se niegan a que esta vía (Canal de Santa Catalina) se vuelva el proyecto que quieren en Copérnico"", opinó la señora Elisa Navarro.
Al final y al cabo de unos minutos, ambas protestas se dispersaron."
130,Mural,06/01/2024,Hacen rodada a favor de la ciclovía en Avenida Copérnico,trafilatura,trafilatura,728,0.77,https://www.mural.com.mx/hacen-rodada-a-favor-de-la-ciclovia-en-avenida-copernico/ar2736512,,"Al rededor de 70 personas participaron en la rodada por la ciclovía en Avenida Copérnico. Crédito: Ismael Ramírez
La rodada inició en el Parque Dr. Blass Morgado, rumbo a la Calle Canal Santa Catalina en su cruce con la Calle Marina Cruz, pasando por Avenida Copérnico. Crédito: Ismael Ramírez
Entre los carteles que ciclistas portaron, se leían leyenda como ""Más seguridad vial, más aire limpio, más accesibilidad, Zapopan haz lo correcto"" Crédito: Ismael Ramírez
Otro de los textos que portaban los asistentes, señalaban directamente a las acciones del Alcalde de Zapopan, Juan José Frangie. Crédito: Ismael Ramírez
También había carteles en los que se aseguraba que en Avenida Copérnico cabían todos. Crédito: Ismael Ramírez."
131,Notisistema,06/01/2024,"Ciclistas realizan rodada en favor de ciclovía de Paseos del Sol, opositores los confrontan",trafilatura,trafilatura,978,0.12,https://www.notisistema.com/noticias/ciclistas-realizan-rodada-en-favor-de-ciclovia-de-paseos-del-sol-opositores-los-confrontan/,,"Ciclistas realizaron una rodada para exigir al ayuntamiento de Zapopan se siga la construcción de la ciclovía y el parque lineal que se construye en la avenida Copérnico. Fueron más de 150 participantes quienes acusaron que la suspensión de las obras se hizo por la presión de vecinos opositores y temor al coste político. Se informaron acciones legales, en la voz Ollín Monroy del colectivo Bici Blanca.
""Era un presupuesto que ya estaba asignado y no es posible que se ejerza de manera discrecional por parte de obras públicas de Zapopan. Además, bajo estos mismos argumentos vamos a presentar un amparo en estos siguientes días""
A la llegada del contingente ciclista, ya los esperaban opositores al proyecto de la ciclovía, una veintena de vecinos de Paseos del Sol, quienes se oponen a que se quiten carriles a la avenida Copérnico y acusan que los ciclistas deben ir por el canal de Santa Catalina, a pesar de tratarse de un andador peatonal. (Por Héctor Escamilla Ramírez)"
132,Notisistema,05/01/2024,Alistan recursos legales para que se retomen obras en ciclovía de Copérnico,trafilatura,trafilatura,1095,0.12,https://www.notisistema.com/noticias/alistan-recursos-legales-para-que-se-retomen-obras-en-ciclovia-de-copernico/,,"Colectivos ciclistas, peatonales, organizaciones vecinales y urbanistas, alistan acciones legales para demandar que el ayuntamiento de Zapopan retome las obras para la intervención de la avenida Enrique Ladrón de Guevara – Copérnico, en Paseos del Sol, sitio donde se desarrolla una ciclovía y un parque lineal. Acusan que las presiones vecinales causaron que el ayuntamiento suspendiera los trabajos en el sitio desde hace tres semanas.
Ollin Monroy, vocero del colectivo Sí a la Ciclovía, señala que la oposición a la obra es la misma que hubo en otros corredores como Niños Héroes, Guadalupe y Marcelino García Barragán:
""Lo paran porque les tienen miedo y al final no pasa nada porque no les asiste ningún interés legal, ya se demostró en todos esos casos que intentaron hacer diferentes cosas para parar la obra"".
Como parte de las acciones de defensa de la ciclovía se realizará mañana por la tarde una movilización que partirá de un parque en Carnero y Serpentario, recorrerá 10 kilómetros y llegará al Canal de Santa Catalina donde habrá una concentración. (Por Héctor Escamilla Ramírez)"
133,Notisistema,05/01/2024,Ubicación de ciclovía y paradas de camiones causan conflicto en Paseo Alcalde,trafilatura,trafilatura,1072,0.12,https://www.notisistema.com/noticias/ubicacion-de-ciclovia-y-paradas-de-camiones-causan-conflicto-en-paseo-alcalde/,,"Conflictos se han presentado entre peatones y ciclistas en el Paseo Alcalde, por la ubicación de la ciclovía que se instaló en el corredor entre Niños Héroes y Leandro Valle. Y es que transeúntes que aguardan al transporte público o simplemente caminan en la zona, tienden a andar sobre la ciclovía que se ubica a espaldas de los paradores.
En un recorrido por la zona, se aprecia como los peatones caminan o se paran sobre la ciclovía, incluso dando la espalda a los ciclistas que avanzan por este carril. Ya se han dado colisiones, accidentes y trifulcas entre los peatones, usuarios del transporte público y los dueños de las bicicletas.
Otro conflicto que se ha generado en la zona es que después que las rutas del transporte público fueron enviadas al Paseo Alcalde y sus alrededores, mientras se realizaban las obras en la llamada Estrella de la Muerte, las aceras de 16 de Septiembre y avenida La Paz se llenaron de los ambulantes que resultaron desplazados. Aunque trabajan a plena luz del día, no hay ni un solo inspector municipal. (Por Héctor Escamilla Ramírez)"
134,NTR Guadalajara,04/01/2024,Preparan rodada a favor de ciclovía en Copérnico,trafilatura,trafilatura,1297,0.28,https://www.ntrguadalajara.com/post.php?id_nota=208139,,"El próximo 6 de enero colectivos ciclistas de la iniciativa Red Sí A La Ciclovía se unirán en una rodada en defensa del proyecto de Calle Completa, el cual contempla la construcción de una ciclovía en avenida Copérnico, en Zapopan.
Ollin Monroy, integrante de Bicicleta Blanca, precisó que la rodada se realizará ante la oposición a la construcción de la obra y para incentivar que más habitantes estén a favor de la ciclovía.
""Nos estamos preparando muy fuerte, pues no podemos dejar y no vamos a dejar que se pare este tipo de proyectos cuando la necesidad es tan grande. Como integrante de Bicicleta Blanca, te puedo decir que en el trazo de este proyecto ya perdieron la vida dos ciclistas desde el año 2009 que llevamos nosotros el conteo"", expresó Monroy.
En la zona donde se planeó el proyecto, añadió, también se han registrado 44 personas lesionadas de gravedad por diferentes hechos de tránsito.
La rodada comenzará a las 16 horas en el Parque Dr. Blass Morgado y finalizará en la calle Canal de Santa Catalina al cruce con la calle Marina Cruz, donde se emitirá un posicionamiento respecto al proyecto, el cual fue suspendido por el gobierno de Zapopan debido a inconformidades de vecinos.
Monroy adelantó que a la par se anunciará una nueva medida para la defensa del proyecto.
EH-jl/I"
135,NTR Guadalajara,03/01/2024,Colectivos piden seguir con ciclovía de Copérnico,trafilatura,trafilatura,1610,0.21,https://www.ntrguadalajara.com/post.php?id_nota=208064,,"La red Sí A La Ciclovía y más colectivos piden a las autoridades municipales de Zapopan continuar y culminar la construcción del proyecto de Calle Completa de avenida Copérnico, el cual incluye una ciclovía en la vialidad.
Vecinos de la zona se oponen a la obra que también incluye un y parque lineal; sin embargo, los colectivos insisten en que la seguridad de las personas peatonas y ciclistas debe ser prioridad.
En dicha vía, añadió la red y los colectivos, ya perdieron la vida dos personas ciclistas y más de 40 personas usuarias del espacio público han resultado lesionadas en siniestros viales.
Las organizaciones afirman que el argumento de que la obra generará tráfico no es más que un mito, dado que otras avenidas más concurridas, como Federalismo o Niños Héroes, no tuvieron ese problema.
""Recordemos que este proyecto ganó el premio nacional de Mejores Calles para México, convocado por el Instituto de Políticas para el Transporte y el Desarrollo (ITDP) para promover el diseño e implementación de proyectos de calles completas en el país, (es decir), calles seguras, cómodas y accesibles para todas las personas sin importar su edad, género, condición de discapacidad ni modo de transporte, en beneficio de la comunidad que vive y usa la avenida en especial a quienes caminan, usan la bicicleta y el transporte público"", describieron en un comunicado.
La red y las demás agrupaciones indicaron que si bien personas vecinas de la zona están en contra, el proyecto debe concretarse dado que la avenida no es de uso exclusivo de las personas que habitan la misma, sino de beneficio colectivo.
jl/I"
136,NTR Guadalajara,03/01/2024,Muestran apoyo a ciclovía en la avenida Copérnico,trafilatura,trafilatura,2079,0.23,https://www.ntrguadalajara.com/post.php?id_nota=208113,,"Transeúntes y ciclistas de la colonia Paseos del Sol, en Zapopan, se posicionaron a favor de la construcción de la ciclovía planeada en la intervención de la avenida Copérnico hasta Enrique Ladrón de Guevara.
""Yo estoy de acuerdo, se me hace que es avanzar y aparte va a quedar súper bonito, pasa mucha gente en bici, se usa desde las 6 de la mañana y 7 de la tarde, más o menos, pasa mucha gente"", mencionó una vecina del lugar; sin embargo, por miedo a represalias de colonos prefirió permanecer en el anonimato.
En entrevista, detalló que aunque la construcción de la ciclovía en avenida Copérnico ha generado opiniones divididas –por la oposición vecinal la obra fue detenida a fines de diciembre–, de construirse agilizaría la movilidad activa y brindaría un espacio seguro para transitar en la zona.
""Por aquí pasan comúnmente mucho los del Conalep, que está aquí cerquita, pasan muchos trabajadores como albañiles, los de Comisión de Luz pasan mucho y no solamente en bici van también en el patín, entonces sí, definitivamente sería un beneficio"", precisó.
Diego Pérez, ciclista de la zona, precisó que la construcción de la obra evitaría o reduciría accidentes como el ocurrido a inicios de octubre, cuando un incidente en la avenida Copérnico cobró la vida de un ciclista.
""Me interesa (el proyecto) porque concurridamente tengo el uso de la bicicleta y por esta zona, como tal, no hay ciclovía y pues ahora sí que con mucha suerte voy entre camiones y todo, uno se las tiene que ingeniar"", expresó
Ambos agregaron que esperan que el gobierno continúe la construcción del proyecto en beneficio de la movilidad activa.
La red Sí a la Ciclovía se pronunció recientemente a favor de las obras en Copérnico y apuntó que el argumento de que la ciclovía generará tráfico no es más que un mito, ya que otras avenidas más concurridas como Federalismo no han tenido ese problema al incluir una vía ciclista.
A la par puntualizó que el proyecto debe concretarse debido a que la avenida no es de uso exclusivo de las personas que habitan la misma, sino de beneficio colectivo.
jl/I"
137,UDGTV,01/01/2024,2024 recibe a tapatíos con incremento de 28 pesos en Mi Bici; ahora cuesta 478 pesos la anualidad,trafilatura,trafilatura,1393,0.4,https://udgtv.com/noticias/2024-recibe-a-tapatios-con-incremento-de-28-pesos-en-mi-bici/208716,,"Guadalajara, Jalisco.
A partir del 1 de enero 2024, el servicio de Mi Bici presenta un incremento de 28 pesos, es decir, la anualidad es de 478 pesos, y los recargos para los que se pasen de los 30 minutos presenta también un aumento de un peso.
En enero, de lunes a domingo, los viajes serán de 45 minutos, es decir, tiene una extensión de 15 minutos. A partir de febrero el tiempo de servicio vuelve a la normalidad.
Durante el 2023, el programa de Mi Bici presentó molestias entre los usuarios debido al deficiente servicio: falta de bicicletas en las estaciones en las horas pico, ciclo puertos vacíos y bicicletas en mal estado, sin frenos y con el asiento flojo.
Motivo que ocasionó más de una manifestación para exigir mejoras en el programa.
- Fue a partir del mes de mayo que el Gobierno de Jalisco anunció la expansión de Mi Bici, 60 nuevas estaciones y 772 bicicletas que también se comprometió en mejorar las deficiencias y arreglar las más de mil bicicletas que permanecieron paradas en las bodegas por falta de mantenimiento.
- Guadalajara recauda 60 millones de pesos más en enero que el año pasado por predial - 05 febrero, 2024
- ""Vallarta: la bahía de nuevo Chiapas"", largometraje que refleja el crecimiento hotelero a costa del deterioro ambiental- 05 febrero, 2024
- Hermes y Zeus, dioses de la antigua Grecia, dan vida a la medalla del 21K en Guadalajara- 02 febrero, 2024"
